-- Generated by Craft v2.6.2785 on 23/05/2016 09.16.52.

--
-- Disable foreign key checks and autocommit.
--

SET FOREIGN_KEY_CHECKS = 0;
SET SQL_MODE = "NO_AUTO_VALUE_ON_ZERO";
SET AUTOCOMMIT = 0;
SET NAMES utf8;


DROP TABLE IF EXISTS `craft_assetfiles`;


--
-- Schema for table `craft_assetfiles`
--
CREATE TABLE `craft_assetfiles` (
  `id` int(11) NOT NULL,
  `sourceId` int(11) DEFAULT NULL,
  `folderId` int(11) NOT NULL,
  `filename` varchar(255) COLLATE utf8_unicode_ci NOT NULL,
  `kind` varchar(50) COLLATE utf8_unicode_ci NOT NULL DEFAULT 'unknown',
  `width` int(11) unsigned DEFAULT NULL,
  `height` int(11) unsigned DEFAULT NULL,
  `size` bigint(20) unsigned DEFAULT NULL,
  `dateModified` datetime DEFAULT NULL,
  `dateCreated` datetime NOT NULL,
  `dateUpdated` datetime NOT NULL,
  `uid` char(36) COLLATE utf8_unicode_ci NOT NULL DEFAULT '0',
  PRIMARY KEY (`id`),
  UNIQUE KEY `craft_assetfiles_filename_folderId_unq_idx` (`filename`,`folderId`),
  KEY `craft_assetfiles_sourceId_fk` (`sourceId`),
  KEY `craft_assetfiles_folderId_fk` (`folderId`)
) ENGINE=InnoDB DEFAULT CHARSET=utf8 COLLATE=utf8_unicode_ci;

DROP TABLE IF EXISTS `craft_assetfolders`;


--
-- Schema for table `craft_assetfolders`
--
CREATE TABLE `craft_assetfolders` (
  `id` int(11) NOT NULL AUTO_INCREMENT,
  `parentId` int(11) DEFAULT NULL,
  `sourceId` int(11) DEFAULT NULL,
  `name` varchar(255) COLLATE utf8_unicode_ci NOT NULL,
  `path` varchar(255) COLLATE utf8_unicode_ci DEFAULT NULL,
  `dateCreated` datetime NOT NULL,
  `dateUpdated` datetime NOT NULL,
  `uid` char(36) COLLATE utf8_unicode_ci NOT NULL DEFAULT '0',
  PRIMARY KEY (`id`),
  UNIQUE KEY `craft_assetfolders_name_parentId_sourceId_unq_idx` (`name`,`parentId`,`sourceId`),
  KEY `craft_assetfolders_parentId_fk` (`parentId`),
  KEY `craft_assetfolders_sourceId_fk` (`sourceId`)
) ENGINE=InnoDB DEFAULT CHARSET=utf8 COLLATE=utf8_unicode_ci;

DROP TABLE IF EXISTS `craft_assetindexdata`;


--
-- Schema for table `craft_assetindexdata`
--
CREATE TABLE `craft_assetindexdata` (
  `id` int(11) NOT NULL AUTO_INCREMENT,
  `sessionId` varchar(36) COLLATE utf8_unicode_ci NOT NULL DEFAULT '',
  `sourceId` int(10) NOT NULL,
  `offset` int(10) NOT NULL,
  `uri` varchar(255) COLLATE utf8_unicode_ci DEFAULT NULL,
  `size` varchar(255) COLLATE utf8_unicode_ci DEFAULT NULL,
  `recordId` int(10) DEFAULT NULL,
  `dateCreated` datetime NOT NULL,
  `dateUpdated` datetime NOT NULL,
  `uid` char(36) COLLATE utf8_unicode_ci NOT NULL DEFAULT '0',
  PRIMARY KEY (`id`),
  UNIQUE KEY `craft_assetindexdata_sessionId_sourceId_offset_unq_idx` (`sessionId`,`sourceId`,`offset`),
  KEY `craft_assetindexdata_sourceId_fk` (`sourceId`)
) ENGINE=InnoDB DEFAULT CHARSET=utf8 COLLATE=utf8_unicode_ci;

DROP TABLE IF EXISTS `craft_assetsources`;


--
-- Schema for table `craft_assetsources`
--
CREATE TABLE `craft_assetsources` (
  `id` int(11) NOT NULL AUTO_INCREMENT,
  `name` varchar(255) COLLATE utf8_unicode_ci NOT NULL,
  `handle` varchar(255) COLLATE utf8_unicode_ci NOT NULL,
  `type` varchar(150) COLLATE utf8_unicode_ci NOT NULL,
  `settings` text COLLATE utf8_unicode_ci,
  `sortOrder` smallint(6) unsigned DEFAULT NULL,
  `fieldLayoutId` int(10) DEFAULT NULL,
  `dateCreated` datetime NOT NULL,
  `dateUpdated` datetime NOT NULL,
  `uid` char(36) COLLATE utf8_unicode_ci NOT NULL DEFAULT '0',
  PRIMARY KEY (`id`),
  UNIQUE KEY `craft_assetsources_name_unq_idx` (`name`),
  UNIQUE KEY `craft_assetsources_handle_unq_idx` (`handle`),
  KEY `craft_assetsources_fieldLayoutId_fk` (`fieldLayoutId`)
) ENGINE=InnoDB DEFAULT CHARSET=utf8 COLLATE=utf8_unicode_ci;

DROP TABLE IF EXISTS `craft_assettransformindex`;


--
-- Schema for table `craft_assettransformindex`
--
CREATE TABLE `craft_assettransformindex` (
  `id` int(11) NOT NULL AUTO_INCREMENT,
  `fileId` int(11) NOT NULL,
  `filename` varchar(255) COLLATE utf8_unicode_ci DEFAULT NULL,
  `format` varchar(255) COLLATE utf8_unicode_ci DEFAULT NULL,
  `location` varchar(255) COLLATE utf8_unicode_ci NOT NULL,
  `sourceId` int(11) DEFAULT NULL,
  `fileExists` tinyint(1) DEFAULT NULL,
  `inProgress` tinyint(1) DEFAULT NULL,
  `dateIndexed` datetime DEFAULT NULL,
  `dateCreated` datetime NOT NULL,
  `dateUpdated` datetime NOT NULL,
  `uid` char(36) COLLATE utf8_unicode_ci NOT NULL DEFAULT '0',
  PRIMARY KEY (`id`),
  KEY `craft_assettransformindex_sourceId_fileId_location_idx` (`sourceId`,`fileId`,`location`)
) ENGINE=InnoDB DEFAULT CHARSET=utf8 COLLATE=utf8_unicode_ci;

DROP TABLE IF EXISTS `craft_assettransforms`;


--
-- Schema for table `craft_assettransforms`
--
CREATE TABLE `craft_assettransforms` (
  `id` int(11) NOT NULL AUTO_INCREMENT,
  `name` varchar(255) COLLATE utf8_unicode_ci NOT NULL,
  `handle` varchar(255) COLLATE utf8_unicode_ci NOT NULL,
  `mode` enum('stretch','fit','crop') COLLATE utf8_unicode_ci NOT NULL DEFAULT 'crop',
  `position` enum('top-left','top-center','top-right','center-left','center-center','center-right','bottom-left','bottom-center','bottom-right') COLLATE utf8_unicode_ci NOT NULL DEFAULT 'center-center',
  `height` int(10) DEFAULT NULL,
  `width` int(10) DEFAULT NULL,
  `format` varchar(255) COLLATE utf8_unicode_ci DEFAULT NULL,
  `quality` int(10) DEFAULT NULL,
  `dimensionChangeTime` datetime DEFAULT NULL,
  `dateCreated` datetime NOT NULL,
  `dateUpdated` datetime NOT NULL,
  `uid` char(36) COLLATE utf8_unicode_ci NOT NULL DEFAULT '0',
  PRIMARY KEY (`id`),
  UNIQUE KEY `craft_assettransforms_name_unq_idx` (`name`),
  UNIQUE KEY `craft_assettransforms_handle_unq_idx` (`handle`)
) ENGINE=InnoDB DEFAULT CHARSET=utf8 COLLATE=utf8_unicode_ci;

DROP TABLE IF EXISTS `craft_categories`;


--
-- Schema for table `craft_categories`
--
CREATE TABLE `craft_categories` (
  `id` int(11) NOT NULL,
  `groupId` int(11) NOT NULL,
  `dateCreated` datetime NOT NULL,
  `dateUpdated` datetime NOT NULL,
  `uid` char(36) COLLATE utf8_unicode_ci NOT NULL DEFAULT '0',
  PRIMARY KEY (`id`),
  KEY `craft_categories_groupId_fk` (`groupId`)
) ENGINE=InnoDB DEFAULT CHARSET=utf8 COLLATE=utf8_unicode_ci;

DROP TABLE IF EXISTS `craft_categorygroups`;


--
-- Schema for table `craft_categorygroups`
--
CREATE TABLE `craft_categorygroups` (
  `id` int(11) NOT NULL AUTO_INCREMENT,
  `structureId` int(11) NOT NULL,
  `fieldLayoutId` int(11) DEFAULT NULL,
  `name` varchar(255) COLLATE utf8_unicode_ci NOT NULL,
  `handle` varchar(255) COLLATE utf8_unicode_ci NOT NULL,
  `hasUrls` tinyint(1) unsigned NOT NULL DEFAULT '1',
  `template` varchar(500) COLLATE utf8_unicode_ci DEFAULT NULL,
  `dateCreated` datetime NOT NULL,
  `dateUpdated` datetime NOT NULL,
  `uid` char(36) COLLATE utf8_unicode_ci NOT NULL DEFAULT '0',
  PRIMARY KEY (`id`),
  UNIQUE KEY `craft_categorygroups_name_unq_idx` (`name`),
  UNIQUE KEY `craft_categorygroups_handle_unq_idx` (`handle`),
  KEY `craft_categorygroups_structureId_fk` (`structureId`),
  KEY `craft_categorygroups_fieldLayoutId_fk` (`fieldLayoutId`)
) ENGINE=InnoDB DEFAULT CHARSET=utf8 COLLATE=utf8_unicode_ci;

DROP TABLE IF EXISTS `craft_categorygroups_i18n`;


--
-- Schema for table `craft_categorygroups_i18n`
--
CREATE TABLE `craft_categorygroups_i18n` (
  `id` int(11) NOT NULL AUTO_INCREMENT,
  `groupId` int(11) NOT NULL,
  `locale` char(12) COLLATE utf8_unicode_ci NOT NULL,
  `urlFormat` text COLLATE utf8_unicode_ci,
  `nestedUrlFormat` text COLLATE utf8_unicode_ci,
  `dateCreated` datetime NOT NULL,
  `dateUpdated` datetime NOT NULL,
  `uid` char(36) COLLATE utf8_unicode_ci NOT NULL DEFAULT '0',
  PRIMARY KEY (`id`),
  UNIQUE KEY `craft_categorygroups_i18n_groupId_locale_unq_idx` (`groupId`,`locale`),
  KEY `craft_categorygroups_i18n_locale_fk` (`locale`)
) ENGINE=InnoDB DEFAULT CHARSET=utf8 COLLATE=utf8_unicode_ci;

DROP TABLE IF EXISTS `craft_content`;


--
-- Schema for table `craft_content`
--
CREATE TABLE `craft_content` (
  `id` int(11) NOT NULL AUTO_INCREMENT,
  `elementId` int(11) NOT NULL,
  `locale` char(12) COLLATE utf8_unicode_ci NOT NULL,
  `title` varchar(255) COLLATE utf8_unicode_ci DEFAULT NULL,
  `field_body` text COLLATE utf8_unicode_ci,
  `field_efFirstname` text COLLATE utf8_unicode_ci,
  `field_efLastname` text COLLATE utf8_unicode_ci,
  `field_adresse` text COLLATE utf8_unicode_ci,
  `field_postnr` text COLLATE utf8_unicode_ci,
  `field_by` text COLLATE utf8_unicode_ci,
  `field_eMail` text COLLATE utf8_unicode_ci,
  `field_bekraeftEmail` text COLLATE utf8_unicode_ci,
  `field_vejnr` text COLLATE utf8_unicode_ci,
  `field_telefonnr` text COLLATE utf8_unicode_ci,
  `field_newsletter` varchar(255) COLLATE utf8_unicode_ci DEFAULT NULL,
  `dateCreated` datetime NOT NULL,
  `dateUpdated` datetime NOT NULL,
  `uid` char(36) COLLATE utf8_unicode_ci NOT NULL DEFAULT '0',
  PRIMARY KEY (`id`),
  UNIQUE KEY `craft_content_elementId_locale_unq_idx` (`elementId`,`locale`),
  KEY `craft_content_title_idx` (`title`),
  KEY `craft_content_locale_fk` (`locale`)
) ENGINE=InnoDB AUTO_INCREMENT=5 DEFAULT CHARSET=utf8 COLLATE=utf8_unicode_ci;

--
-- Data for table `craft_content`
--

INSERT INTO `craft_content` (`id`, `elementId`, `locale`, `title`, `field_body`, `field_efFirstname`, `field_efLastname`, `field_adresse`, `field_postnr`, `field_by`, `field_eMail`, `field_bekraeftEmail`, `field_vejnr`, `field_telefonnr`, `field_newsletter`, `dateCreated`, `dateUpdated`, `uid`) VALUES
 ('1', '1', 'da', NULL, NULL, NULL, NULL, NULL, NULL, NULL, NULL, NULL, NULL, '0', NULL, '2016-03-30 12:09:18', '2016-03-30 12:09:18', '3da0659e-8ea0-41ad-8032-5fdcce92e974'),
 ('2', '2', 'da', 'Welcome to Elektronikforsikring.dev!', '<p>It’s true, this site doesn’t have a whole lot of content yet, but don’t worry. Our web developers have just installed the CMS, and they’re setting things up for the content editors this very moment. Soon Elektronikforsikring.dev will be an oasis of fresh perspectives, sharp analyses, and astute opinions that will keep you coming back again and again.</p>', NULL, NULL, NULL, NULL, NULL, NULL, NULL, NULL, '0', NULL, '2016-03-30 12:09:21', '2016-03-30 12:09:44', '40d1f240-2b72-4453-ab59-846293b4332c'),
 ('3', '3', 'da', 'We just installed Craft!', '<p>Craft is the CMS that’s powering Elektronikforsikring.dev. It’s beautiful, powerful, flexible, and easy-to-use, and it’s made by Pixel &amp; Tonic. We can’t wait to dive in and see what it’s capable of!</p><!--pagebreak--><p>This is even more captivating content, which you couldn’t see on the News index page because it was entered after a Page Break, and the News index template only likes to show the content on the first page.</p><p>Craft: a nice alternative to Word, if you’re making a website.</p>', NULL, NULL, NULL, NULL, NULL, NULL, NULL, NULL, '0', NULL, '2016-03-30 12:09:21', '2016-03-30 12:09:21', '9bb9100d-d9a8-4535-9d5e-9d8fdc1ea5ad'),
 ('4', '5', 'da', 'Orderconfirm', '<h1>Tak for din bestilling.</h1>\n\n<p>Vi har modtaget din ordre og er allerede i gang med at behandle den.</p><p>Vi har også sendt dig en bekræftelse på den indtastet e-mail. Din forsikring er gældende med det samme. Når ordren er færdigbehandlet, så sender vi den officielle police. <br /></p>\n\n<p>Med venlig hilsen</p>\n\n\n\n<p>Kundeservicechef<br />Karina Byrdal</p>', NULL, NULL, NULL, NULL, NULL, NULL, NULL, NULL, '0', NULL, '2016-05-13 10:59:37', '2016-05-17 07:44:30', '5772783c-23b4-4b2e-b51f-6027c42f06a6');



DROP TABLE IF EXISTS `craft_deprecationerrors`;


--
-- Schema for table `craft_deprecationerrors`
--
CREATE TABLE `craft_deprecationerrors` (
  `id` int(11) NOT NULL AUTO_INCREMENT,
  `key` varchar(255) COLLATE utf8_unicode_ci NOT NULL,
  `fingerprint` varchar(255) COLLATE utf8_unicode_ci NOT NULL,
  `lastOccurrence` datetime NOT NULL,
  `file` varchar(255) COLLATE utf8_unicode_ci NOT NULL,
  `line` smallint(6) unsigned NOT NULL,
  `class` varchar(255) COLLATE utf8_unicode_ci DEFAULT NULL,
  `method` varchar(255) COLLATE utf8_unicode_ci DEFAULT NULL,
  `template` varchar(255) COLLATE utf8_unicode_ci DEFAULT NULL,
  `templateLine` smallint(6) unsigned DEFAULT NULL,
  `message` varchar(255) COLLATE utf8_unicode_ci DEFAULT NULL,
  `traces` text COLLATE utf8_unicode_ci,
  `dateCreated` datetime NOT NULL,
  `dateUpdated` datetime NOT NULL,
  `uid` char(36) COLLATE utf8_unicode_ci NOT NULL DEFAULT '0',
  PRIMARY KEY (`id`),
  UNIQUE KEY `craft_deprecationerrors_key_fingerprint_unq_idx` (`key`,`fingerprint`)
) ENGINE=InnoDB DEFAULT CHARSET=utf8 COLLATE=utf8_unicode_ci;

DROP TABLE IF EXISTS `craft_elementindexsettings`;


--
-- Schema for table `craft_elementindexsettings`
--
CREATE TABLE `craft_elementindexsettings` (
  `id` int(11) NOT NULL AUTO_INCREMENT,
  `type` varchar(150) COLLATE utf8_unicode_ci NOT NULL,
  `settings` text COLLATE utf8_unicode_ci,
  `dateCreated` datetime NOT NULL,
  `dateUpdated` datetime NOT NULL,
  `uid` char(36) COLLATE utf8_unicode_ci NOT NULL DEFAULT '0',
  PRIMARY KEY (`id`),
  UNIQUE KEY `craft_elementindexsettings_type_unq_idx` (`type`)
) ENGINE=InnoDB AUTO_INCREMENT=2 DEFAULT CHARSET=utf8 COLLATE=utf8_unicode_ci;

--
-- Data for table `craft_elementindexsettings`
--

INSERT INTO `craft_elementindexsettings` (`id`, `type`, `settings`, `dateCreated`, `dateUpdated`, `uid`) VALUES
 ('1', 'FormBuilder2', '{\"sources\":{\"formId:1\":{\"tableAttributes\":{\"1\":\"title\",\"2\":\"dateCreated\",\"3\":\"submission\",\"4\":\"files\"}}}}', '2016-05-15 15:40:37', '2016-05-15 15:40:37', '536779ba-7db6-4e96-81a2-603b45d4f640');



DROP TABLE IF EXISTS `craft_elements`;


--
-- Schema for table `craft_elements`
--
CREATE TABLE `craft_elements` (
  `id` int(11) NOT NULL AUTO_INCREMENT,
  `type` varchar(150) COLLATE utf8_unicode_ci NOT NULL,
  `enabled` tinyint(1) unsigned NOT NULL DEFAULT '1',
  `archived` tinyint(1) unsigned NOT NULL DEFAULT '0',
  `dateCreated` datetime NOT NULL,
  `dateUpdated` datetime NOT NULL,
  `uid` char(36) COLLATE utf8_unicode_ci NOT NULL DEFAULT '0',
  PRIMARY KEY (`id`),
  KEY `craft_elements_type_idx` (`type`),
  KEY `craft_elements_enabled_idx` (`enabled`),
  KEY `craft_elements_archived_dateCreated_idx` (`archived`,`dateCreated`)
) ENGINE=InnoDB AUTO_INCREMENT=69 DEFAULT CHARSET=utf8 COLLATE=utf8_unicode_ci;

--
-- Data for table `craft_elements`
--

INSERT INTO `craft_elements` (`id`, `type`, `enabled`, `archived`, `dateCreated`, `dateUpdated`, `uid`) VALUES
 ('1', 'User', '1', '0', '2016-03-30 12:09:18', '2016-03-30 12:09:18', '1e8f7173-b716-414f-833a-31290eabe60d'),
 ('2', 'Entry', '1', '0', '2016-03-30 12:09:21', '2016-03-30 12:09:44', 'c5ae30c9-b188-4c2c-9c8c-f334aeab8efe'),
 ('3', 'Entry', '1', '0', '2016-03-30 12:09:21', '2016-03-30 12:09:21', '38bfd717-e43f-4125-879e-3e96e7dead8d'),
 ('4', 'FormBuilder2', '1', '0', '2016-05-13 10:58:25', '2016-05-13 10:58:25', 'a86744b1-4b07-4c88-a4bd-066aa21408c1'),
 ('5', 'Entry', '1', '0', '2016-05-13 10:59:37', '2016-05-17 07:44:30', '6690914f-a66c-4f77-ac29-5bdc3ef26043'),
 ('6', 'FormBuilder2', '1', '0', '2016-05-13 11:17:52', '2016-05-13 11:17:52', '02084b11-850f-4cf4-baa3-305ddcc59cc4'),
 ('7', 'FormBuilder2', '1', '0', '2016-05-15 08:48:34', '2016-05-15 08:48:34', 'bf370ed3-af6d-401e-8637-a0e9c5ce124c'),
 ('8', 'FormBuilder2', '1', '0', '2016-05-15 15:17:53', '2016-05-15 15:17:53', 'bafb6e05-f731-4cee-8c58-3993e5614597'),
 ('9', 'FormBuilder2', '1', '0', '2016-05-15 16:03:50', '2016-05-15 16:03:50', '32749271-6461-4be0-8736-129f1e20d5f8'),
 ('10', 'FormBuilder2', '1', '0', '2016-05-15 16:16:00', '2016-05-15 16:16:00', '37c10b65-8bb7-4258-83e6-58e8632e8a12'),
 ('11', 'FormBuilder2', '1', '0', '2016-05-15 16:17:21', '2016-05-15 16:17:21', '9ae6c3ed-eeb2-493c-92a6-8971e7a319c5'),
 ('12', 'FormBuilder2', '1', '0', '2016-05-15 16:19:20', '2016-05-15 16:19:20', 'fde062e1-71ec-4f31-a4ff-718048b522b0'),
 ('13', 'FormBuilder2', '1', '0', '2016-05-15 16:22:11', '2016-05-15 16:22:11', '7d28f178-fdbf-4dfb-becf-8d5c9f85f0e5'),
 ('14', 'FormBuilder2', '1', '0', '2016-05-15 16:29:53', '2016-05-15 16:29:53', 'd21bb4fd-43cd-4b61-90d7-9407eb48ac85'),
 ('15', 'FormBuilder2', '1', '0', '2016-05-16 14:59:37', '2016-05-16 14:59:37', '78c79978-e493-403a-b60f-42c79816b388'),
 ('16', 'FormBuilder2', '1', '0', '2016-05-16 15:05:33', '2016-05-16 15:05:33', '0eb0df1e-6d56-46b8-801f-689ce7a2bf21'),
 ('17', 'FormBuilder2', '1', '0', '2016-05-16 15:10:50', '2016-05-16 15:10:50', '86fed44e-f35e-4b5d-85ed-983e2defef18'),
 ('18', 'FormBuilder2', '1', '0', '2016-05-16 15:29:08', '2016-05-16 15:29:08', 'bf1cb478-87da-4d94-a1a9-4dcfa679443e'),
 ('19', 'FormBuilder2', '1', '0', '2016-05-16 15:34:10', '2016-05-16 15:34:10', '93403495-51ec-4103-ae8d-304b59199816'),
 ('20', 'FormBuilder2', '1', '0', '2016-05-16 15:48:26', '2016-05-16 15:48:26', '8e86106c-ca35-4f4f-b886-a216056ee9c8'),
 ('21', 'FormBuilder2', '1', '0', '2016-05-16 15:54:50', '2016-05-16 15:54:50', '365d00d7-bb1e-4e4b-bc1b-f34f0fc1de5e'),
 ('22', 'FormBuilder2', '1', '0', '2016-05-16 15:55:09', '2016-05-16 15:55:09', '5b79cce9-8c62-480d-b578-7b85445251db'),
 ('23', 'FormBuilder2', '1', '0', '2016-05-16 15:57:01', '2016-05-16 15:57:01', '8f91965a-82ed-4b84-98b0-58b560bd36bb'),
 ('24', 'FormBuilder2', '1', '0', '2016-05-16 15:58:52', '2016-05-16 15:58:52', '69a943bf-32e9-48de-927b-78fde692b7c5'),
 ('25', 'FormBuilder2', '1', '0', '2016-05-16 15:59:06', '2016-05-16 15:59:06', '8df8072d-b08f-4745-90a6-b481915c3daa'),
 ('26', 'FormBuilder2', '1', '0', '2016-05-16 16:13:56', '2016-05-16 16:13:56', 'b340b2b7-0750-4bd5-b3d8-169a26738f51'),
 ('27', 'FormBuilder2', '1', '0', '2016-05-16 17:22:06', '2016-05-16 17:22:06', 'afc6958e-cbe1-41ee-b3fe-5e40d3179a08'),
 ('28', 'FormBuilder2', '1', '0', '2016-05-16 17:22:39', '2016-05-16 17:22:39', '10918675-1309-4a82-8a2e-5a0340095aa9'),
 ('59', 'FormBuilder2', '1', '0', '2016-05-16 17:49:28', '2016-05-16 17:49:28', 'f0343ae1-8206-4941-a1bf-4a49bdf8e316'),
 ('60', 'FormBuilder2', '1', '0', '2016-05-16 18:36:49', '2016-05-16 18:36:49', '9611813d-4c83-4c78-83ea-575f0b2ff502'),
 ('61', 'FormBuilder2', '1', '0', '2016-05-16 18:37:28', '2016-05-16 18:37:28', '5362a34e-6d95-448b-aba0-3deb2053c888'),
 ('62', 'FormBuilder2', '1', '0', '2016-05-16 18:38:11', '2016-05-16 18:38:11', '005ff2a1-8dd4-4923-b98d-f26728d53858'),
 ('63', 'FormBuilder2', '1', '0', '2016-05-16 18:52:46', '2016-05-16 18:52:46', '6cdabf34-0d3d-4dc0-9f2f-0992fa1aec4f'),
 ('64', 'FormBuilder2', '1', '0', '2016-05-16 18:56:06', '2016-05-16 18:56:06', 'aacc5a92-1693-4913-b24b-34155c6aa375'),
 ('65', 'FormBuilder2', '1', '0', '2016-05-16 19:01:13', '2016-05-16 19:01:13', '87d6299d-c789-4a26-a790-46dbe0d0587f'),
 ('66', 'FormBuilder2', '1', '0', '2016-05-17 05:48:09', '2016-05-17 05:48:09', 'd750b04b-6aca-4826-b0a3-62aa6e6fd39f'),
 ('67', 'FormBuilder2', '1', '0', '2016-05-17 05:57:01', '2016-05-17 05:57:01', '8bf17d1f-5d30-4284-8945-bfaa05536554'),
 ('68', 'FormBuilder2', '1', '0', '2016-05-17 07:28:18', '2016-05-17 07:28:18', 'ab591e52-882d-4a20-ace8-65d757ace25c');



DROP TABLE IF EXISTS `craft_elements_i18n`;


--
-- Schema for table `craft_elements_i18n`
--
CREATE TABLE `craft_elements_i18n` (
  `id` int(11) NOT NULL AUTO_INCREMENT,
  `elementId` int(11) NOT NULL,
  `locale` char(12) COLLATE utf8_unicode_ci NOT NULL,
  `slug` varchar(255) COLLATE utf8_unicode_ci DEFAULT NULL,
  `uri` varchar(255) COLLATE utf8_unicode_ci DEFAULT NULL,
  `enabled` tinyint(1) unsigned NOT NULL DEFAULT '1',
  `dateCreated` datetime NOT NULL,
  `dateUpdated` datetime NOT NULL,
  `uid` char(36) COLLATE utf8_unicode_ci NOT NULL DEFAULT '0',
  PRIMARY KEY (`id`),
  UNIQUE KEY `craft_elements_i18n_elementId_locale_unq_idx` (`elementId`,`locale`),
  UNIQUE KEY `craft_elements_i18n_uri_locale_unq_idx` (`uri`,`locale`),
  KEY `craft_elements_i18n_slug_locale_idx` (`slug`,`locale`),
  KEY `craft_elements_i18n_enabled_idx` (`enabled`),
  KEY `craft_elements_i18n_locale_fk` (`locale`)
) ENGINE=InnoDB AUTO_INCREMENT=69 DEFAULT CHARSET=utf8 COLLATE=utf8_unicode_ci;

--
-- Data for table `craft_elements_i18n`
--

INSERT INTO `craft_elements_i18n` (`id`, `elementId`, `locale`, `slug`, `uri`, `enabled`, `dateCreated`, `dateUpdated`, `uid`) VALUES
 ('1', '1', 'da', '', NULL, '1', '2016-03-30 12:09:18', '2016-03-30 12:09:18', '52cb5e60-4c0f-49b3-afcb-ea16a1bd8891'),
 ('2', '2', 'da', 'homepage', '__home__', '1', '2016-03-30 12:09:21', '2016-03-30 12:09:44', '92cd5f06-3025-4503-bda7-1acfdc05f221'),
 ('3', '3', 'da', 'we-just-installed-craft', 'news/2016/we-just-installed-craft', '1', '2016-03-30 12:09:21', '2016-03-30 12:09:21', '159d1e96-ac83-4f05-968e-a131a73c71d8'),
 ('4', '4', 'da', 'insurrenceorder', NULL, '1', '2016-05-13 10:58:25', '2016-05-13 10:58:25', 'b495ea9d-c8ea-46bb-bd5c-787ac2b15320'),
 ('5', '5', 'da', 'orderconfirm', 'orderconfirm', '1', '2016-05-13 10:59:37', '2016-05-17 07:44:30', 'b1d74cd7-6bb6-41c4-a672-d2faa9e4aba0'),
 ('6', '6', 'da', 'insurrenceorder', NULL, '1', '2016-05-13 11:17:52', '2016-05-13 11:17:52', 'c181e0cf-1cd7-416a-ba39-557f0ae73c69'),
 ('7', '7', 'da', 'insurrenceorder', NULL, '1', '2016-05-15 08:48:34', '2016-05-15 08:48:34', '914e4a6d-81d8-4e6d-8e77-52eede125782'),
 ('8', '8', 'da', 'insurrenceorder', NULL, '1', '2016-05-15 15:17:53', '2016-05-15 15:17:53', '043e32ab-d05f-4b07-9c74-b2b86a3d6a01'),
 ('9', '9', 'da', 'insurrenceorder', NULL, '1', '2016-05-15 16:03:50', '2016-05-15 16:03:50', '4375d41d-79c0-478e-ac28-8f0361a9e1ef'),
 ('10', '10', 'da', 'insurrenceorder', NULL, '1', '2016-05-15 16:16:00', '2016-05-15 16:16:00', 'f9df183c-a704-4ee4-8ed8-1c47eabdaf48'),
 ('11', '11', 'da', 'insurrenceorder', NULL, '1', '2016-05-15 16:17:21', '2016-05-15 16:17:21', '9f9c7b97-3e3e-473f-8071-9a6de831cadb'),
 ('12', '12', 'da', 'insurrenceorder', NULL, '1', '2016-05-15 16:19:20', '2016-05-15 16:19:20', 'e4edd5c0-a974-4fd3-930b-03772b2d72e1'),
 ('13', '13', 'da', 'insurrenceorder', NULL, '1', '2016-05-15 16:22:11', '2016-05-15 16:22:11', '0e63a209-4af0-4d38-8940-5992e90a3983'),
 ('14', '14', 'da', 'insurrenceorder', NULL, '1', '2016-05-15 16:29:53', '2016-05-15 16:29:53', '1c6efa66-a0c1-4ead-8cd2-5348e0b3d804'),
 ('15', '15', 'da', 'insurrenceorder', NULL, '1', '2016-05-16 14:59:37', '2016-05-16 14:59:37', 'f7e73011-cd31-4dce-87ae-1dabe2b1cfa5'),
 ('16', '16', 'da', 'insurrenceorder', NULL, '1', '2016-05-16 15:05:33', '2016-05-16 15:05:33', '5e38cccb-141e-4a5c-aa8f-aa6bd1138af0'),
 ('17', '17', 'da', 'insurrenceorder', NULL, '1', '2016-05-16 15:10:50', '2016-05-16 15:10:50', 'e79e9ac7-448f-4e6d-aa03-3c6156a0c5a8'),
 ('18', '18', 'da', 'insurrenceorder', NULL, '1', '2016-05-16 15:29:08', '2016-05-16 15:29:08', '2489de74-41e3-4c38-b63b-fb05ef7d094e'),
 ('19', '19', 'da', 'insurrenceorder', NULL, '1', '2016-05-16 15:34:10', '2016-05-16 15:34:10', 'c0bb8d62-fd69-46e6-bf2d-087c5a43c04a'),
 ('20', '20', 'da', 'insurrenceorder', NULL, '1', '2016-05-16 15:48:26', '2016-05-16 15:48:26', '7e4bab8f-f48c-4d7a-a6d7-3eff873cfc9c'),
 ('21', '21', 'da', 'insurrenceorder', NULL, '1', '2016-05-16 15:54:50', '2016-05-16 15:54:50', 'ba7e3f50-3da9-423a-b067-6d13c09b495b'),
 ('22', '22', 'da', 'insurrenceorder', NULL, '1', '2016-05-16 15:55:09', '2016-05-16 15:55:09', 'b7b82f58-8877-4f09-b293-5a69a63b0c2e'),
 ('23', '23', 'da', 'insurrenceorder', NULL, '1', '2016-05-16 15:57:01', '2016-05-16 15:57:01', '1975f36b-052c-4713-9108-52c0cd4d8fd1'),
 ('24', '24', 'da', 'insurrenceorder', NULL, '1', '2016-05-16 15:58:52', '2016-05-16 15:58:52', '9ac4b63f-b91a-49dd-977e-7a3a64c2aced'),
 ('25', '25', 'da', 'insurrenceorder', NULL, '1', '2016-05-16 15:59:06', '2016-05-16 15:59:06', 'd2d0d7b2-9004-490f-a24c-f3a2a9fdb95c'),
 ('26', '26', 'da', 'insurrenceorder', NULL, '1', '2016-05-16 16:13:56', '2016-05-16 16:13:56', '79bc61ee-ff4d-4bbd-8450-c0b387e27a16'),
 ('27', '27', 'da', 'insurrenceorder', NULL, '1', '2016-05-16 17:22:06', '2016-05-16 17:22:06', 'c29bf1a6-16c3-4c7e-9c1e-ac389ac68c0e'),
 ('28', '28', 'da', 'insurrenceorder', NULL, '1', '2016-05-16 17:22:39', '2016-05-16 17:22:39', '3a3022c4-5c1b-4876-a845-706334aa736f'),
 ('59', '59', 'da', 'insurrenceorder', NULL, '1', '2016-05-16 17:49:28', '2016-05-16 17:49:28', '6d7bd9e7-9b0f-4965-b3e8-23e8dddebcd4'),
 ('60', '60', 'da', 'insurrenceorder', NULL, '1', '2016-05-16 18:36:49', '2016-05-16 18:36:49', 'f46a5534-78e7-419c-abdf-caa74f3bc8f3'),
 ('61', '61', 'da', 'insurrenceorder', NULL, '1', '2016-05-16 18:37:28', '2016-05-16 18:37:28', '2eb4fe81-2862-448d-bd6f-1d4c7f1bcde0'),
 ('62', '62', 'da', 'insurrenceorder', NULL, '1', '2016-05-16 18:38:11', '2016-05-16 18:38:11', 'cd51f864-5c75-455d-8e6e-8001f1c85a8f'),
 ('63', '63', 'da', 'insurrenceorder', NULL, '1', '2016-05-16 18:52:46', '2016-05-16 18:52:46', 'cd4cf49c-c73d-414b-9755-fd190014c59d'),
 ('64', '64', 'da', 'insurrenceorder', NULL, '1', '2016-05-16 18:56:06', '2016-05-16 18:56:06', '5928bafd-dd41-40f7-9ebc-3af489f27fc9'),
 ('65', '65', 'da', 'insurrenceorder', NULL, '1', '2016-05-16 19:01:13', '2016-05-16 19:01:13', '5d2dd3c3-fc85-47a7-a9b3-1266aad053f2'),
 ('66', '66', 'da', 'insurrenceorder', NULL, '1', '2016-05-17 05:48:09', '2016-05-17 05:48:09', 'ce17c564-5871-4c95-827b-0ae0447158ac'),
 ('67', '67', 'da', 'insurrenceorder', NULL, '1', '2016-05-17 05:57:01', '2016-05-17 05:57:01', '4647db9f-4ab6-4e8d-aa00-590d3bc31d2d'),
 ('68', '68', 'da', 'insurrenceorder', NULL, '1', '2016-05-17 07:28:18', '2016-05-17 07:28:18', '5ee4299f-96aa-4528-b914-0114dd4535f3');



DROP TABLE IF EXISTS `craft_emailmessages`;


--
-- Schema for table `craft_emailmessages`
--
CREATE TABLE `craft_emailmessages` (
  `id` int(11) NOT NULL AUTO_INCREMENT,
  `key` char(150) COLLATE utf8_unicode_ci NOT NULL,
  `locale` char(12) COLLATE utf8_unicode_ci NOT NULL,
  `subject` varchar(1000) COLLATE utf8_unicode_ci NOT NULL,
  `body` text COLLATE utf8_unicode_ci NOT NULL,
  `dateCreated` datetime NOT NULL,
  `dateUpdated` datetime NOT NULL,
  `uid` char(36) COLLATE utf8_unicode_ci NOT NULL DEFAULT '0',
  PRIMARY KEY (`id`),
  UNIQUE KEY `craft_emailmessages_key_locale_unq_idx` (`key`,`locale`),
  KEY `craft_emailmessages_locale_fk` (`locale`)
) ENGINE=InnoDB DEFAULT CHARSET=utf8 COLLATE=utf8_unicode_ci;

DROP TABLE IF EXISTS `craft_entries`;


--
-- Schema for table `craft_entries`
--
CREATE TABLE `craft_entries` (
  `id` int(11) NOT NULL,
  `sectionId` int(11) NOT NULL,
  `typeId` int(11) DEFAULT NULL,
  `authorId` int(11) DEFAULT NULL,
  `postDate` datetime DEFAULT NULL,
  `expiryDate` datetime DEFAULT NULL,
  `dateCreated` datetime NOT NULL,
  `dateUpdated` datetime NOT NULL,
  `uid` char(36) COLLATE utf8_unicode_ci NOT NULL DEFAULT '0',
  PRIMARY KEY (`id`),
  KEY `craft_entries_sectionId_idx` (`sectionId`),
  KEY `craft_entries_typeId_idx` (`typeId`),
  KEY `craft_entries_postDate_idx` (`postDate`),
  KEY `craft_entries_expiryDate_idx` (`expiryDate`),
  KEY `craft_entries_authorId_fk` (`authorId`)
) ENGINE=InnoDB DEFAULT CHARSET=utf8 COLLATE=utf8_unicode_ci;

--
-- Data for table `craft_entries`
--

INSERT INTO `craft_entries` (`id`, `sectionId`, `typeId`, `authorId`, `postDate`, `expiryDate`, `dateCreated`, `dateUpdated`, `uid`) VALUES
 ('2', '1', '1', NULL, '2016-03-30 12:09:44', NULL, '2016-03-30 12:09:21', '2016-03-30 12:09:44', 'b39bf3f1-d7e3-4cba-9530-5b3f445c9abb'),
 ('3', '2', '2', '1', '2016-03-30 12:09:21', NULL, '2016-03-30 12:09:21', '2016-03-30 12:09:21', '31075cde-987b-47c2-b93d-5416d8148ed1'),
 ('5', '3', '3', NULL, '2016-05-13 11:06:41', NULL, '2016-05-13 10:59:37', '2016-05-17 07:44:30', '215d66f1-d558-458c-a2db-8f4ffb75ec05');



DROP TABLE IF EXISTS `craft_entrydrafts`;


--
-- Schema for table `craft_entrydrafts`
--
CREATE TABLE `craft_entrydrafts` (
  `id` int(11) NOT NULL AUTO_INCREMENT,
  `entryId` int(11) NOT NULL,
  `sectionId` int(11) NOT NULL,
  `creatorId` int(11) NOT NULL,
  `locale` char(12) COLLATE utf8_unicode_ci NOT NULL,
  `name` varchar(255) COLLATE utf8_unicode_ci NOT NULL,
  `notes` tinytext COLLATE utf8_unicode_ci,
  `data` mediumtext COLLATE utf8_unicode_ci NOT NULL,
  `dateCreated` datetime NOT NULL,
  `dateUpdated` datetime NOT NULL,
  `uid` char(36) COLLATE utf8_unicode_ci NOT NULL DEFAULT '0',
  PRIMARY KEY (`id`),
  KEY `craft_entrydrafts_entryId_locale_idx` (`entryId`,`locale`),
  KEY `craft_entrydrafts_sectionId_fk` (`sectionId`),
  KEY `craft_entrydrafts_creatorId_fk` (`creatorId`),
  KEY `craft_entrydrafts_locale_fk` (`locale`)
) ENGINE=InnoDB DEFAULT CHARSET=utf8 COLLATE=utf8_unicode_ci;

DROP TABLE IF EXISTS `craft_entrytypes`;


--
-- Schema for table `craft_entrytypes`
--
CREATE TABLE `craft_entrytypes` (
  `id` int(11) NOT NULL AUTO_INCREMENT,
  `sectionId` int(11) NOT NULL,
  `fieldLayoutId` int(11) DEFAULT NULL,
  `name` varchar(255) COLLATE utf8_unicode_ci NOT NULL,
  `handle` varchar(255) COLLATE utf8_unicode_ci NOT NULL,
  `hasTitleField` tinyint(1) unsigned NOT NULL DEFAULT '1',
  `titleLabel` varchar(255) COLLATE utf8_unicode_ci DEFAULT 'Title',
  `titleFormat` varchar(255) COLLATE utf8_unicode_ci DEFAULT NULL,
  `sortOrder` smallint(6) unsigned DEFAULT NULL,
  `dateCreated` datetime NOT NULL,
  `dateUpdated` datetime NOT NULL,
  `uid` char(36) COLLATE utf8_unicode_ci NOT NULL DEFAULT '0',
  PRIMARY KEY (`id`),
  UNIQUE KEY `craft_entrytypes_name_sectionId_unq_idx` (`name`,`sectionId`),
  UNIQUE KEY `craft_entrytypes_handle_sectionId_unq_idx` (`handle`,`sectionId`),
  KEY `craft_entrytypes_sectionId_fk` (`sectionId`),
  KEY `craft_entrytypes_fieldLayoutId_fk` (`fieldLayoutId`)
) ENGINE=InnoDB AUTO_INCREMENT=4 DEFAULT CHARSET=utf8 COLLATE=utf8_unicode_ci;

--
-- Data for table `craft_entrytypes`
--

INSERT INTO `craft_entrytypes` (`id`, `sectionId`, `fieldLayoutId`, `name`, `handle`, `hasTitleField`, `titleLabel`, `titleFormat`, `sortOrder`, `dateCreated`, `dateUpdated`, `uid`) VALUES
 ('1', '1', '3', 'Homepage', 'homepage', '1', 'Title', NULL, NULL, '2016-03-30 12:09:20', '2016-03-30 12:09:21', '0b6cfafb-298a-4a9d-9dfe-e84c98befe82'),
 ('2', '2', '5', 'News', 'news', '1', 'Tittel', NULL, NULL, '2016-03-30 12:09:21', '2016-03-30 12:09:21', '8b19bc7f-b6f3-403c-aed3-3e1131d8caf1'),
 ('3', '3', '20', 'Orderconfirm', 'orderconfirm', '0', NULL, '{section.name|raw}', NULL, '2016-05-13 10:59:36', '2016-05-17 07:33:35', 'b0054917-a02f-4b2b-95d2-0b499241e2ca');



DROP TABLE IF EXISTS `craft_entryversions`;


--
-- Schema for table `craft_entryversions`
--
CREATE TABLE `craft_entryversions` (
  `id` int(11) NOT NULL AUTO_INCREMENT,
  `entryId` int(11) NOT NULL,
  `sectionId` int(11) NOT NULL,
  `creatorId` int(11) DEFAULT NULL,
  `locale` char(12) COLLATE utf8_unicode_ci NOT NULL,
  `num` smallint(6) unsigned NOT NULL,
  `notes` tinytext COLLATE utf8_unicode_ci,
  `data` mediumtext COLLATE utf8_unicode_ci NOT NULL,
  `dateCreated` datetime NOT NULL,
  `dateUpdated` datetime NOT NULL,
  `uid` char(36) COLLATE utf8_unicode_ci NOT NULL DEFAULT '0',
  PRIMARY KEY (`id`),
  KEY `craft_entryversions_entryId_locale_idx` (`entryId`,`locale`),
  KEY `craft_entryversions_sectionId_fk` (`sectionId`),
  KEY `craft_entryversions_creatorId_fk` (`creatorId`),
  KEY `craft_entryversions_locale_fk` (`locale`)
) ENGINE=InnoDB AUTO_INCREMENT=9 DEFAULT CHARSET=utf8 COLLATE=utf8_unicode_ci;

--
-- Data for table `craft_entryversions`
--

INSERT INTO `craft_entryversions` (`id`, `entryId`, `sectionId`, `creatorId`, `locale`, `num`, `notes`, `data`, `dateCreated`, `dateUpdated`, `uid`) VALUES
 ('1', '2', '1', '1', 'da', '1', NULL, '{\"typeId\":\"1\",\"authorId\":null,\"title\":\"Homepage\",\"slug\":\"homepage\",\"postDate\":1459339760,\"expiryDate\":null,\"enabled\":1,\"parentId\":null,\"fields\":[]}', '2016-03-30 12:09:21', '2016-03-30 12:09:21', '7d4f20b0-9e9e-4920-988f-c80222d4c0f5'),
 ('2', '2', '1', '1', 'da', '2', NULL, '{\"typeId\":null,\"authorId\":null,\"title\":\"Welcome to Elektronikforsikring.dev!\",\"slug\":\"homepage\",\"postDate\":1459339760,\"expiryDate\":null,\"enabled\":\"1\",\"parentId\":null,\"fields\":{\"1\":\"<p>It\\u2019s true, this site doesn\\u2019t have a whole lot of content yet, but don\\u2019t worry. Our web developers have just installed the CMS, and they\\u2019re setting things up for the content editors this very moment. Soon Elektronikforsikring.dev will be an oasis of fresh perspectives, sharp analyses, and astute opinions that will keep you coming back again and again.<\\/p>\"}}', '2016-03-30 12:09:21', '2016-03-30 12:09:21', '9cdcfdb2-0fda-46d7-aa81-09dc7c4a0cf0'),
 ('3', '3', '2', '1', 'da', '1', NULL, '{\"typeId\":\"2\",\"authorId\":\"1\",\"title\":\"We just installed Craft!\",\"slug\":\"we-just-installed-craft\",\"postDate\":1459339761,\"expiryDate\":null,\"enabled\":1,\"parentId\":null,\"fields\":[]}', '2016-03-30 12:09:21', '2016-03-30 12:09:21', '7ddd36f0-d5d5-4558-a324-eb357f9b6e1b'),
 ('4', '5', '3', '1', 'da', '1', NULL, '{\"typeId\":\"3\",\"authorId\":null,\"title\":\"Orderconfirm\",\"slug\":\"orderconfirm\",\"postDate\":1463137176,\"expiryDate\":null,\"enabled\":1,\"parentId\":null,\"fields\":[]}', '2016-05-13 10:59:37', '2016-05-13 10:59:37', '0ddeed76-5abe-4e44-b482-32fab699e979'),
 ('5', '5', '3', '1', 'da', '2', '', '{\"typeId\":\"3\",\"authorId\":null,\"title\":\"Orderconfirm\",\"slug\":\"orderconfirm\",\"postDate\":1463137601,\"expiryDate\":null,\"enabled\":1,\"parentId\":null,\"fields\":[]}', '2016-05-13 11:09:48', '2016-05-13 11:09:48', 'f7044ac6-7687-456d-a14e-a28a48b5babb'),
 ('6', '5', '3', '1', 'da', '3', '', '{\"typeId\":\"3\",\"authorId\":null,\"title\":\"Orderconfirm\",\"slug\":\"orderconfirm\",\"postDate\":1463137601,\"expiryDate\":null,\"enabled\":1,\"parentId\":null,\"fields\":{\"1\":\"<p>Tak for din bestilling. Vi har modtaget din ordrer og er allerede i gang med at behandle den. Vi har ogs\\u00e5 sendt dig en bekr\\u00e6ftelse p\\u00e5 den indtastet&nbsp;e-mail. Din forsikring er g\\u00e6ldende med det samme. N\\u00e5r ordren er f\\u00e6rdigbehandlet, s\\u00e5 sender vi den officielle police.&nbsp;<\\/p><p>Med venlig hilsen<\\/p><p>Kundeservicechef<br>Karina Byrdal<\\/p>\",\"2\":\"\"}}', '2016-05-17 07:37:10', '2016-05-17 07:37:10', '4d4cc8ed-fe4b-4b53-b666-6db77a227c2b'),
 ('7', '5', '3', '1', 'da', '4', '', '{\"typeId\":\"3\",\"authorId\":null,\"title\":\"Orderconfirm\",\"slug\":\"orderconfirm\",\"postDate\":1463137601,\"expiryDate\":null,\"enabled\":1,\"parentId\":null,\"fields\":{\"1\":\"<h1>Tak for din bestilling.<\\/h1><p>Vi har modtaget din ordrer og er allerede i gang med at behandle den. Vi har ogs\\u00e5 sendt dig en bekr\\u00e6ftelse p\\u00e5 den indtastet&nbsp;e-mail. Din forsikring er g\\u00e6ldende med det samme. N\\u00e5r ordren er f\\u00e6rdigbehandlet, s\\u00e5 sender vi den officielle police.&nbsp;<br><\\/p>\\r\\n\\r\\n<p>Med venlig hilsen<\\/p>\\r\\n\\r\\n<p>Kundeservicechef<br>Karina Byrdal<\\/p>\",\"2\":\"\"}}', '2016-05-17 07:37:58', '2016-05-17 07:37:58', 'cbe4774b-439f-4c9d-beeb-f3cf589f28c5'),
 ('8', '5', '3', '1', 'da', '5', '', '{\"typeId\":\"3\",\"authorId\":null,\"title\":\"Orderconfirm\",\"slug\":\"orderconfirm\",\"postDate\":1463137601,\"expiryDate\":null,\"enabled\":1,\"parentId\":null,\"fields\":{\"1\":\"<h1>Tak for din bestilling.<\\/h1>\\r\\n\\r\\n<p>Vi har modtaget din ordre og er allerede i gang med at behandle den.<\\/p><p>Vi har ogs\\u00e5 sendt dig en bekr\\u00e6ftelse p\\u00e5 den indtastet&nbsp;e-mail. Din forsikring er g\\u00e6ldende med det samme. N\\u00e5r ordren er f\\u00e6rdigbehandlet, s\\u00e5 sender vi den officielle police.&nbsp;<br><\\/p>\\r\\n\\r\\n<p>Med venlig hilsen<\\/p>\\r\\n\\r\\n\\r\\n\\r\\n<p>Kundeservicechef<br>Karina Byrdal<\\/p>\",\"2\":\"\"}}', '2016-05-17 07:44:30', '2016-05-17 07:44:30', '8910f1ba-af71-4098-8813-cee757267d8a');



DROP TABLE IF EXISTS `craft_fieldgroups`;


--
-- Schema for table `craft_fieldgroups`
--
CREATE TABLE `craft_fieldgroups` (
  `id` int(11) NOT NULL AUTO_INCREMENT,
  `name` varchar(255) COLLATE utf8_unicode_ci NOT NULL,
  `dateCreated` datetime NOT NULL,
  `dateUpdated` datetime NOT NULL,
  `uid` char(36) COLLATE utf8_unicode_ci NOT NULL DEFAULT '0',
  PRIMARY KEY (`id`),
  UNIQUE KEY `craft_fieldgroups_name_unq_idx` (`name`)
) ENGINE=InnoDB AUTO_INCREMENT=3 DEFAULT CHARSET=utf8 COLLATE=utf8_unicode_ci;

--
-- Data for table `craft_fieldgroups`
--

INSERT INTO `craft_fieldgroups` (`id`, `name`, `dateCreated`, `dateUpdated`, `uid`) VALUES
 ('1', 'Default', '2016-03-30 12:09:20', '2016-03-30 12:09:20', '3be9515e-0b4e-466c-8d68-49bc42f58972'),
 ('2', 'Bestil Elektronikforsikring', '2016-05-13 10:40:15', '2016-05-13 10:40:15', '66781a89-077b-425a-b83a-cd534b2b0b04');



DROP TABLE IF EXISTS `craft_fieldlayoutfields`;


--
-- Schema for table `craft_fieldlayoutfields`
--
CREATE TABLE `craft_fieldlayoutfields` (
  `id` int(11) NOT NULL AUTO_INCREMENT,
  `layoutId` int(11) NOT NULL,
  `tabId` int(11) NOT NULL,
  `fieldId` int(11) NOT NULL,
  `required` tinyint(1) unsigned NOT NULL DEFAULT '0',
  `sortOrder` smallint(6) unsigned DEFAULT NULL,
  `dateCreated` datetime NOT NULL,
  `dateUpdated` datetime NOT NULL,
  `uid` char(36) COLLATE utf8_unicode_ci NOT NULL DEFAULT '0',
  PRIMARY KEY (`id`),
  UNIQUE KEY `craft_fieldlayoutfields_layoutId_fieldId_unq_idx` (`layoutId`,`fieldId`),
  KEY `craft_fieldlayoutfields_sortOrder_idx` (`sortOrder`),
  KEY `craft_fieldlayoutfields_tabId_fk` (`tabId`),
  KEY `craft_fieldlayoutfields_fieldId_fk` (`fieldId`)
) ENGINE=InnoDB AUTO_INCREMENT=99 DEFAULT CHARSET=utf8 COLLATE=utf8_unicode_ci;

--
-- Data for table `craft_fieldlayoutfields`
--

INSERT INTO `craft_fieldlayoutfields` (`id`, `layoutId`, `tabId`, `fieldId`, `required`, `sortOrder`, `dateCreated`, `dateUpdated`, `uid`) VALUES
 ('1', '3', '1', '1', '1', '1', '2016-03-30 12:09:21', '2016-03-30 12:09:21', 'dac4e7e1-60c5-43e6-af77-9c219df11aea'),
 ('2', '5', '2', '1', '1', '1', '2016-03-30 12:09:21', '2016-03-30 12:09:21', '438372f1-1949-4ee9-8252-4f65291c9c34'),
 ('3', '5', '2', '2', '0', '2', '2016-03-30 12:09:21', '2016-03-30 12:09:21', '7ed6d147-6ca6-4999-97d1-2b92c7672a4f'),
 ('77', '20', '18', '1', '0', '1', '2016-05-17 07:33:35', '2016-05-17 07:33:35', '158204ca-5398-4d90-ba3f-1f789db3569b'),
 ('78', '20', '18', '2', '0', '2', '2016-05-17 07:33:35', '2016-05-17 07:33:35', 'a03d7a8a-3f55-43db-97ce-315f13cc99d7'),
 ('89', '22', '20', '4', '1', '1', '2016-05-17 09:43:53', '2016-05-17 09:43:53', '2cae9664-575a-497e-8367-56b093fa1568'),
 ('90', '22', '20', '5', '1', '2', '2016-05-17 09:43:53', '2016-05-17 09:43:53', 'c6e64e51-12d1-42fe-9912-544f7eceaf28'),
 ('91', '22', '20', '6', '1', '3', '2016-05-17 09:43:53', '2016-05-17 09:43:53', '68cbdb7e-25b1-40e6-9eb6-b4b44e384681'),
 ('92', '22', '20', '11', '1', '4', '2016-05-17 09:43:53', '2016-05-17 09:43:53', 'c5540d76-e602-4de6-85d5-1810a8c1a6d1'),
 ('93', '22', '20', '7', '1', '5', '2016-05-17 09:43:53', '2016-05-17 09:43:53', '655f388c-0617-498c-ad76-9e6769b7ec70'),
 ('94', '22', '20', '8', '1', '6', '2016-05-17 09:43:53', '2016-05-17 09:43:53', '426fe678-fc7c-442e-a1bd-a5b7786f03ad'),
 ('95', '22', '20', '12', '1', '7', '2016-05-17 09:43:53', '2016-05-17 09:43:53', '246eecf6-1255-4dba-9b11-15f151e62ab3'),
 ('96', '22', '20', '9', '1', '8', '2016-05-17 09:43:53', '2016-05-17 09:43:53', '76769a4f-7a78-449f-9940-1d503a9a8580'),
 ('97', '22', '20', '10', '1', '9', '2016-05-17 09:43:53', '2016-05-17 09:43:53', '0d173a82-41ee-4163-8f67-515fe9ee95b7'),
 ('98', '22', '20', '13', '0', '10', '2016-05-17 09:43:53', '2016-05-17 09:43:53', 'a61556a1-5935-495c-8e51-2cdbdfd791b5');



DROP TABLE IF EXISTS `craft_fieldlayouts`;


--
-- Schema for table `craft_fieldlayouts`
--
CREATE TABLE `craft_fieldlayouts` (
  `id` int(11) NOT NULL AUTO_INCREMENT,
  `type` varchar(150) COLLATE utf8_unicode_ci NOT NULL,
  `dateCreated` datetime NOT NULL,
  `dateUpdated` datetime NOT NULL,
  `uid` char(36) COLLATE utf8_unicode_ci NOT NULL DEFAULT '0',
  PRIMARY KEY (`id`),
  KEY `craft_fieldlayouts_type_idx` (`type`)
) ENGINE=InnoDB AUTO_INCREMENT=23 DEFAULT CHARSET=utf8 COLLATE=utf8_unicode_ci;

--
-- Data for table `craft_fieldlayouts`
--

INSERT INTO `craft_fieldlayouts` (`id`, `type`, `dateCreated`, `dateUpdated`, `uid`) VALUES
 ('1', 'Tag', '2016-03-30 12:09:20', '2016-03-30 12:09:20', 'f5e4dfd6-ff41-4602-9eab-8baf8ebeba9e'),
 ('3', 'Entry', '2016-03-30 12:09:21', '2016-03-30 12:09:21', '32a68e16-57d3-457b-96b4-5c055c2c19a4'),
 ('5', 'Entry', '2016-03-30 12:09:21', '2016-03-30 12:09:21', 'd31954c9-04f9-4de5-9db0-b21447efaf7f'),
 ('20', 'Entry', '2016-05-17 07:33:35', '2016-05-17 07:33:35', 'ef56a9c4-0f85-4894-ad72-3775b177653f'),
 ('22', 'Asset', '2016-05-17 09:43:53', '2016-05-17 09:43:53', '33d44981-b587-48cf-927c-da1be72359c0');



DROP TABLE IF EXISTS `craft_fieldlayouttabs`;


--
-- Schema for table `craft_fieldlayouttabs`
--
CREATE TABLE `craft_fieldlayouttabs` (
  `id` int(11) NOT NULL AUTO_INCREMENT,
  `layoutId` int(11) NOT NULL,
  `name` varchar(255) COLLATE utf8_unicode_ci NOT NULL,
  `sortOrder` smallint(6) unsigned DEFAULT NULL,
  `dateCreated` datetime NOT NULL,
  `dateUpdated` datetime NOT NULL,
  `uid` char(36) COLLATE utf8_unicode_ci NOT NULL DEFAULT '0',
  PRIMARY KEY (`id`),
  KEY `craft_fieldlayouttabs_sortOrder_idx` (`sortOrder`),
  KEY `craft_fieldlayouttabs_layoutId_fk` (`layoutId`)
) ENGINE=InnoDB AUTO_INCREMENT=21 DEFAULT CHARSET=utf8 COLLATE=utf8_unicode_ci;

--
-- Data for table `craft_fieldlayouttabs`
--

INSERT INTO `craft_fieldlayouttabs` (`id`, `layoutId`, `name`, `sortOrder`, `dateCreated`, `dateUpdated`, `uid`) VALUES
 ('1', '3', 'Content', '1', '2016-03-30 12:09:21', '2016-03-30 12:09:21', '33861d95-136c-4961-b6ad-008584692d7a'),
 ('2', '5', 'Content', '1', '2016-03-30 12:09:21', '2016-03-30 12:09:21', 'f198721c-227f-45a3-8f11-a57514c6d47d'),
 ('18', '20', 'Default', '1', '2016-05-17 07:33:35', '2016-05-17 07:33:35', '6a754037-5be0-4c92-8c7e-739766a19f34'),
 ('20', '22', 'Bestil Elektronikforsikring', '1', '2016-05-17 09:43:53', '2016-05-17 09:43:53', '9a291c0f-42bc-40be-9bc0-35e0c12dc4e9');



DROP TABLE IF EXISTS `craft_fields`;


--
-- Schema for table `craft_fields`
--
CREATE TABLE `craft_fields` (
  `id` int(11) NOT NULL AUTO_INCREMENT,
  `groupId` int(11) DEFAULT NULL,
  `name` varchar(255) COLLATE utf8_unicode_ci NOT NULL,
  `handle` varchar(58) COLLATE utf8_unicode_ci NOT NULL,
  `context` varchar(255) COLLATE utf8_unicode_ci NOT NULL DEFAULT 'global',
  `instructions` text COLLATE utf8_unicode_ci,
  `translatable` tinyint(1) unsigned NOT NULL DEFAULT '0',
  `type` varchar(150) COLLATE utf8_unicode_ci NOT NULL,
  `settings` text COLLATE utf8_unicode_ci,
  `dateCreated` datetime NOT NULL,
  `dateUpdated` datetime NOT NULL,
  `uid` char(36) COLLATE utf8_unicode_ci NOT NULL DEFAULT '0',
  PRIMARY KEY (`id`),
  UNIQUE KEY `craft_fields_handle_context_unq_idx` (`handle`,`context`),
  KEY `craft_fields_context_idx` (`context`),
  KEY `craft_fields_groupId_fk` (`groupId`)
) ENGINE=InnoDB AUTO_INCREMENT=14 DEFAULT CHARSET=utf8 COLLATE=utf8_unicode_ci;

--
-- Data for table `craft_fields`
--

INSERT INTO `craft_fields` (`id`, `groupId`, `name`, `handle`, `context`, `instructions`, `translatable`, `type`, `settings`, `dateCreated`, `dateUpdated`, `uid`) VALUES
 ('1', '1', 'Body', 'body', 'global', NULL, '1', 'RichText', '{\"configFile\":\"Standard.json\",\"columnType\":\"text\"}', '2016-03-30 12:09:20', '2016-03-30 12:09:20', 'e37b855d-82cd-45f3-9be1-ab5898017711'),
 ('2', '1', 'Tags', 'tags', 'global', NULL, '0', 'Tags', '{\"source\":\"taggroup:1\"}', '2016-03-30 12:09:20', '2016-03-30 12:09:20', '5a25bbef-24c5-40d6-928a-d051f07ec43e'),
 ('4', '2', 'Fornavn', 'efFirstname', 'global', '', '0', 'PlainText', '{\"placeholder\":\"Formavn\",\"maxLength\":\"\",\"multiline\":\"\",\"initialRows\":\"4\"}', '2016-05-13 10:42:03', '2016-05-13 16:51:21', 'e44398e5-c1f8-4b10-b0b0-b2c80599f5b8'),
 ('5', '2', 'Efternavn', 'efLastname', 'global', '', '0', 'PlainText', '{\"placeholder\":\"Efternavn\",\"maxLength\":\"\",\"multiline\":\"\",\"initialRows\":\"4\"}', '2016-05-13 10:42:09', '2016-05-13 16:51:31', '9f78d0ac-e824-4277-a34b-73081fe3b0bd'),
 ('6', '2', 'Vejnavn', 'adresse', 'global', '', '0', 'PlainText', '{\"placeholder\":\"Adresse\",\"maxLength\":\"\",\"multiline\":\"\",\"initialRows\":\"4\"}', '2016-05-13 15:33:42', '2016-05-13 15:55:33', 'e92f6282-0dba-4d0b-9ee9-6e2aa2da5265'),
 ('7', '2', 'Postnr.', 'postnr', 'global', '', '0', 'PlainText', '{\"placeholder\":\"Postnr.\",\"maxLength\":\"\",\"multiline\":\"\",\"initialRows\":\"4\"}', '2016-05-13 15:34:16', '2016-05-13 18:44:42', 'ec41e2f3-8473-4bb3-bcb0-d8341698e993'),
 ('8', '2', 'By', 'by', 'global', '', '0', 'PlainText', '{\"placeholder\":\"By\",\"maxLength\":\"\",\"multiline\":\"\",\"initialRows\":\"4\"}', '2016-05-13 15:34:30', '2016-05-13 16:50:55', '11b7344e-35c2-429b-a971-76e99e6dd2ec'),
 ('9', '2', 'E-mail', 'eMail', 'global', '', '0', 'PlainText', '{\"placeholder\":\"E-mail\",\"maxLength\":\"\",\"multiline\":\"\",\"initialRows\":\"4\"}', '2016-05-13 15:34:39', '2016-05-13 16:51:08', '8c3778c2-3b1b-4a79-a757-19eacfa5f2fd'),
 ('10', '2', 'Bekræft Email', 'bekraeftEmail', 'global', '', '0', 'PlainText', '{\"placeholder\":\"Bekr\\u00e6ft E-mail\",\"maxLength\":\"\",\"multiline\":\"\",\"initialRows\":\"4\"}', '2016-05-13 16:44:41', '2016-05-13 16:44:41', '974876b2-b827-436f-941b-7a82f8cfdb48'),
 ('11', '2', 'Nr. ', 'vejnr', 'global', '', '0', 'PlainText', '{\"placeholder\":\"Nr.\",\"maxLength\":\"\",\"multiline\":\"\",\"initialRows\":\"4\"}', '2016-05-13 16:46:07', '2016-05-13 16:51:40', '44086d00-316a-40e4-a004-73bc0b0098a8'),
 ('12', '2', 'Telefonnr.', 'telefonnr', 'global', '', '0', 'PlainText', '{\"placeholder\":\"Telefonnr.\",\"maxLength\":\"\",\"multiline\":\"\",\"initialRows\":\"4\"}', '2016-05-13 16:46:47', '2016-05-13 18:05:10', 'b4ef4de8-d1c9-4c44-86c9-9933840f0029'),
 ('13', '2', 'Newsletter', 'newsletter', 'global', '', '0', 'Checkboxes', '{\"options\":[{\"label\":\"\",\"value\":\"\",\"default\":\"1\"}]}', '2016-05-13 18:27:59', '2016-05-13 18:27:59', '87efa69e-9a0c-4267-a67a-816bbde4bdab');



DROP TABLE IF EXISTS `craft_formbuilder2_entries`;


--
-- Schema for table `craft_formbuilder2_entries`
--
CREATE TABLE `craft_formbuilder2_entries` (
  `id` int(11) NOT NULL,
  `formId` int(10) DEFAULT NULL,
  `title` varchar(255) COLLATE utf8_unicode_ci DEFAULT NULL,
  `files` text COLLATE utf8_unicode_ci,
  `submission` text COLLATE utf8_unicode_ci,
  `dateCreated` datetime NOT NULL,
  `dateUpdated` datetime NOT NULL,
  `uid` char(36) COLLATE utf8_unicode_ci NOT NULL DEFAULT '0',
  PRIMARY KEY (`id`),
  KEY `craft_formbuilder2_entries_formId_fk` (`formId`)
) ENGINE=InnoDB DEFAULT CHARSET=utf8 COLLATE=utf8_unicode_ci;

--
-- Data for table `craft_formbuilder2_entries`
--

INSERT INTO `craft_formbuilder2_entries` (`id`, `formId`, `title`, `files`, `submission`, `dateCreated`, `dateUpdated`, `uid`) VALUES
 ('4', '1', 'insurrenceOrder', NULL, '{\"efFirstname\":\"Martin\",\"efLastname\":\"Beuschau\"}', '2016-05-13 10:58:25', '2016-05-13 10:58:25', '3513226f-d518-4254-8ac2-7d3443f60b33'),
 ('6', '1', 'insurrenceOrder', NULL, '{\"efFirstname\":\"Martin\",\"efLastname\":\"Beuschau\"}', '2016-05-13 11:17:52', '2016-05-13 11:17:52', '269d2ed2-e877-427e-a020-0f6663e443cd'),
 ('7', '1', 'insurrenceOrder', NULL, '{\"efFirstname\":\"Martin\",\"efLastname\":\"Beuschau\",\"adresse\":\"Dansh\\u00f8jvej\",\"vejnr\":\"22\",\"postnr\":\"2500\",\"by\":\"Valby\",\"telefonnr\":\"31310006\",\"eMail\":\"martin@beuschau.dk\",\"bekraeftEmail\":\"martin@beuschau.dk\",\"newsletter\":[\"\"]}', '2016-05-15 08:48:34', '2016-05-15 08:48:34', '37217908-05df-4c06-abc0-5988dfadd95a'),
 ('8', '1', 'insurrenceOrder', NULL, '{\"efFirstname\":\"Frederikke\",\"efLastname\":\"Beuschau\",\"adresse\":\"Dansh\\u00f8jvej\",\"vejnr\":\"22\",\"postnr\":\"2500\",\"by\":\"Valby\",\"telefonnr\":\"31310001\",\"eMail\":\"frederikke@beuschau.dk\",\"bekraeftEmail\":\"frederikke@beuschau.dk\",\"newsletter\":[\"\"]}', '2016-05-15 15:17:53', '2016-05-15 15:17:53', '7ddf0249-2a4b-4f22-817b-937758311f6f'),
 ('9', '1', 'insurrenceOrder', NULL, '{\"efFirstname\":\"martin\",\"efLastname\":\"Beuschau\",\"adresse\":\"Dansh\\u00f8jvej\",\"vejnr\":\"22\",\"postnr\":\"2500\",\"by\":\"Valby\",\"telefonnr\":\"31310001\",\"eMail\":\"martin\",\"bekraeftEmail\":\"martin\",\"newsletter\":[\"\"]}', '2016-05-15 16:03:50', '2016-05-15 16:03:50', '494688f0-0f56-4efd-a822-7e54620e6e4b'),
 ('10', '1', 'insurrenceOrder', NULL, '{\"efFirstname\":\"1000\",\"efLastname\":\"1001\",\"adresse\":\"1002\",\"vejnr\":\"1003\",\"postnr\":\"1004\",\"by\":\"1005\",\"telefonnr\":\"1006\",\"eMail\":\"1007\",\"bekraeftEmail\":\"1008\"}', '2016-05-15 16:16:00', '2016-05-15 16:16:00', '1032464f-89ae-4bb5-907a-9a1faebf4fb9'),
 ('11', '1', 'insurrenceOrder', NULL, '{\"efFirstname\":\"1000\",\"efLastname\":\"1001\",\"adresse\":\"1002\",\"vejnr\":\"1003\",\"postnr\":\"1004\",\"by\":\"1005\",\"telefonnr\":\"1006\",\"eMail\":\"1007\",\"bekraeftEmail\":\"1008\"}', '2016-05-15 16:17:21', '2016-05-15 16:17:21', '01603f0d-5445-4a54-843f-0fa966927a82'),
 ('12', '1', 'insurrenceOrder', NULL, '{\"efFirstname\":\"1000\",\"efLastname\":\"1001\",\"adresse\":\"1002\",\"vejnr\":\"1003\",\"postnr\":\"1004\",\"by\":\"1005\",\"telefonnr\":\"1006\",\"eMail\":\"1007\",\"bekraeftEmail\":\"1008\"}', '2016-05-15 16:19:20', '2016-05-15 16:19:20', '393a6d22-d4a2-4862-8a6b-61bca4ce079c'),
 ('13', '1', 'insurrenceOrder', NULL, '{\"efFirstname\":\"1000\",\"efLastname\":\"1001\",\"adresse\":\"1002\",\"vejnr\":\"1003\",\"postnr\":\"1004\",\"by\":\"1005\",\"telefonnr\":\"1006\",\"eMail\":\"1007\",\"bekraeftEmail\":\"1008\"}', '2016-05-15 16:22:11', '2016-05-15 16:22:11', '6c2f60bb-7104-44b5-81a6-714c20de0fb6'),
 ('14', '1', 'insurrenceOrder', NULL, '{\"efFirstname\":\"1000\",\"efLastname\":\"1001\",\"adresse\":\"1002\",\"vejnr\":\"1003\",\"postnr\":\"1004\",\"by\":\"1005\",\"telefonnr\":\"1006\",\"eMail\":\"1007\",\"bekraeftEmail\":\"1008\"}', '2016-05-15 16:29:53', '2016-05-15 16:29:53', 'e2ca26be-5b08-4061-ab71-36d069ca47be'),
 ('15', '1', 'insurrenceOrder', NULL, '{\"efFirstname\":\"1000\",\"efLastname\":\"1001\",\"adresse\":\"1002\",\"vejnr\":\"1003\",\"postnr\":\"1004\",\"by\":\"1005\",\"telefonnr\":\"1006\",\"eMail\":\"1007\",\"bekraeftEmail\":\"1008\"}', '2016-05-16 14:59:37', '2016-05-16 14:59:37', '0d44563f-1b09-4aaa-a68c-d6d75678baed'),
 ('16', '1', 'insurrenceOrder', NULL, '{\"efFirstname\":\"1000\",\"efLastname\":\"1001\",\"adresse\":\"1002\",\"vejnr\":\"1003\",\"postnr\":\"1004\",\"by\":\"1005\",\"telefonnr\":\"1006\",\"eMail\":\"1007\",\"bekraeftEmail\":\"1008\"}', '2016-05-16 15:05:33', '2016-05-16 15:05:33', '0c2040be-1e1e-452b-8bb8-c25146ac6967'),
 ('17', '1', 'insurrenceOrder', NULL, '{\"efFirstname\":\"1000\",\"efLastname\":\"1001\",\"adresse\":\"1002\",\"vejnr\":\"1003\",\"postnr\":\"1004\",\"by\":\"1005\",\"telefonnr\":\"1006\",\"eMail\":\"1007\",\"bekraeftEmail\":\"1008\"}', '2016-05-16 15:10:50', '2016-05-16 15:10:50', '137405a4-be0d-4264-aeff-452982a67fcd'),
 ('18', '1', 'insurrenceOrder', NULL, '{\"efFirstname\":\"1000\",\"efLastname\":\"1001\",\"adresse\":\"1002\",\"vejnr\":\"1003\",\"postnr\":\"1004\",\"by\":\"1005\",\"telefonnr\":\"1006\",\"eMail\":\"1007\",\"bekraeftEmail\":\"1008\"}', '2016-05-16 15:29:08', '2016-05-16 15:29:08', 'a866d4ca-dd97-48ed-a260-9a1b85152a4d'),
 ('19', '1', 'insurrenceOrder', NULL, '{\"efFirstname\":\"1000\",\"efLastname\":\"1001\",\"adresse\":\"1002\",\"vejnr\":\"1003\",\"postnr\":\"1004\",\"by\":\"1005\",\"telefonnr\":\"1006\",\"eMail\":\"1007\",\"bekraeftEmail\":\"1008\"}', '2016-05-16 15:34:10', '2016-05-16 15:34:10', 'bc2605f2-817b-48ef-9769-ac28643c18fa'),
 ('20', '1', 'insurrenceOrder', NULL, '{\"efFirstname\":\"1000\",\"efLastname\":\"1001\",\"adresse\":\"1002\",\"vejnr\":\"1003\",\"postnr\":\"1004\",\"by\":\"1005\",\"telefonnr\":\"1006\",\"eMail\":\"1007\",\"bekraeftEmail\":\"1008\"}', '2016-05-16 15:48:26', '2016-05-16 15:48:26', 'c239f7e5-1abf-4ee1-95b4-b0cb05191ab3'),
 ('21', '1', 'insurrenceOrder', NULL, '{\"efFirstname\":\"1000\",\"efLastname\":\"1001\",\"adresse\":\"1002\",\"vejnr\":\"1003\",\"postnr\":\"1004\",\"by\":\"1005\",\"telefonnr\":\"1006\",\"eMail\":\"1007\",\"bekraeftEmail\":\"1008\"}', '2016-05-16 15:54:50', '2016-05-16 15:54:50', '3a223c3a-f12b-4bf6-9e94-13e8c047d393'),
 ('22', '1', 'insurrenceOrder', NULL, '{\"efFirstname\":\"1000\",\"efLastname\":\"1001\",\"adresse\":\"1002\",\"vejnr\":\"1003\",\"postnr\":\"1004\",\"by\":\"1005\",\"telefonnr\":\"1006\",\"eMail\":\"1007\",\"bekraeftEmail\":\"1008\"}', '2016-05-16 15:55:09', '2016-05-16 15:55:09', '569ad421-cef9-483b-8437-357ba78a9338'),
 ('23', '1', 'insurrenceOrder', NULL, '{\"efFirstname\":\"1000\",\"efLastname\":\"1001\",\"adresse\":\"1002\",\"vejnr\":\"1003\",\"postnr\":\"1004\",\"by\":\"1005\",\"telefonnr\":\"1006\",\"eMail\":\"1007\",\"bekraeftEmail\":\"1008\"}', '2016-05-16 15:57:01', '2016-05-16 15:57:01', '37683d65-cc85-4b57-bc16-92e522199258'),
 ('24', '1', 'insurrenceOrder', NULL, '{\"efFirstname\":\"1000\",\"efLastname\":\"1001\",\"adresse\":\"1002\",\"vejnr\":\"1003\",\"postnr\":\"1004\",\"by\":\"1005\",\"telefonnr\":\"1006\",\"eMail\":\"1007\",\"bekraeftEmail\":\"1008\"}', '2016-05-16 15:58:52', '2016-05-16 15:58:52', '21ead294-bd4f-4e27-b1b1-05839d17d6b5'),
 ('25', '1', 'insurrenceOrder', NULL, '{\"efFirstname\":\"1000\",\"efLastname\":\"1001\",\"adresse\":\"1002\",\"vejnr\":\"1003\",\"postnr\":\"1004\",\"by\":\"1005\",\"telefonnr\":\"1006\",\"eMail\":\"1007\",\"bekraeftEmail\":\"1008\"}', '2016-05-16 15:59:06', '2016-05-16 15:59:06', 'db05dfd4-53c9-4bc4-881a-fa4e173ff0c7'),
 ('26', '1', 'insurrenceOrder', NULL, '{\"efFirstname\":\"1000\",\"efLastname\":\"1001\",\"adresse\":\"1002\",\"vejnr\":\"1003\",\"postnr\":\"1004\",\"by\":\"1005\",\"telefonnr\":\"1006\",\"eMail\":\"1007\",\"bekraeftEmail\":\"1008\"}', '2016-05-16 16:13:56', '2016-05-16 16:13:56', '60d0c94f-f3e7-4c17-aa3e-b992a42e7485'),
 ('27', '1', 'insurrenceOrder', NULL, '{\"efFirstname\":\"1000\",\"efLastname\":\"1001\",\"adresse\":\"1002\",\"vejnr\":\"1003\",\"postnr\":\"1004\",\"by\":\"1005\",\"telefonnr\":\"1006\",\"eMail\":\"1007\",\"bekraeftEmail\":\"1008\"}', '2016-05-16 17:22:06', '2016-05-16 17:22:06', 'bfad27a9-657a-45d8-9051-ec6c00f67850'),
 ('28', '1', 'insurrenceOrder', NULL, '{\"efFirstname\":\"1000\",\"efLastname\":\"1001\",\"adresse\":\"1002\",\"vejnr\":\"1003\",\"postnr\":\"1004\",\"by\":\"1005\",\"telefonnr\":\"1006\",\"eMail\":\"1007\",\"bekraeftEmail\":\"1008\"}', '2016-05-16 17:22:39', '2016-05-16 17:22:39', '806611fb-660f-4ed5-b477-f11fd062306c'),
 ('59', '1', 'insurrenceOrder', NULL, '{\"efFirstname\":\"1000\",\"efLastname\":\"1001\",\"adresse\":\"1002\",\"vejnr\":\"1003\",\"postnr\":\"1004\",\"by\":\"1005\",\"telefonnr\":\"1006\",\"eMail\":\"1007\",\"bekraeftEmail\":\"1008\"}', '2016-05-16 17:49:28', '2016-05-16 17:49:28', 'e1a097c9-462a-41f8-a74c-4ff51173b760'),
 ('60', '1', 'insurrenceOrder', NULL, '{\"efFirstname\":\"1000\",\"efLastname\":\"1001\",\"adresse\":\"1002\",\"vejnr\":\"1003\",\"postnr\":\"1004\",\"by\":\"1005\",\"telefonnr\":\"1006\",\"eMail\":\"1007\",\"bekraeftEmail\":\"1008\"}', '2016-05-16 18:36:49', '2016-05-16 18:36:49', '2961de93-740e-4de5-8a01-562c8d71757c'),
 ('61', '1', 'insurrenceOrder', NULL, '{\"efFirstname\":\"1000\",\"efLastname\":\"1001\",\"adresse\":\"1002\",\"vejnr\":\"1003\",\"postnr\":\"1004\",\"by\":\"1005\",\"telefonnr\":\"1006\",\"eMail\":\"1007\",\"bekraeftEmail\":\"1008\"}', '2016-05-16 18:37:28', '2016-05-16 18:37:28', 'd3aeafc7-00b6-4504-b367-7cd8dd6d14b9'),
 ('62', '1', 'insurrenceOrder', NULL, '{\"efFirstname\":\"Martin\",\"efLastname\":\"Beuschau\",\"adresse\":\"Dansh\\u00f8jvej\",\"vejnr\":\"22\",\"postnr\":\"2500\",\"by\":\"Valby\",\"telefonnr\":\"31310001\",\"eMail\":\"martin@beuschau.dk\",\"bekraeftEmail\":\"martin@beuschau.dk\",\"newsletter\":[\"\"]}', '2016-05-16 18:38:11', '2016-05-16 18:38:11', '31cee668-5e6e-4d0f-bd60-667f0fa1a45a'),
 ('63', '1', 'insurrenceOrder', NULL, '{\"efFirstname\":\"1000\",\"efLastname\":\"1001\",\"adresse\":\"1002\",\"vejnr\":\"1003\",\"postnr\":\"1004\",\"by\":\"1005\",\"telefonnr\":\"1006\",\"eMail\":\"1007\",\"bekraeftEmail\":\"1008\"}', '2016-05-16 18:52:46', '2016-05-16 18:52:46', '71a8dfc0-f875-482f-b354-7ec279a46975'),
 ('64', '1', 'insurrenceOrder', NULL, '{\"efFirstname\":\"1000\",\"efLastname\":\"1001\",\"adresse\":\"1002\",\"vejnr\":\"1003\",\"postnr\":\"1004\",\"by\":\"1005\",\"telefonnr\":\"1006\",\"eMail\":\"1007\",\"bekraeftEmail\":\"1008\",\"newsletter\":[\"\"]}', '2016-05-16 18:56:06', '2016-05-16 18:56:06', '4dd0ceac-ed55-4f9f-808a-c94a56d9aa59'),
 ('65', '1', 'insurrenceOrder', NULL, '{\"efFirstname\":\"Peter \",\"efLastname\":\"Johnsen\",\"adresse\":\"Dansh\\u00f8jvej\",\"vejnr\":\"22\",\"postnr\":\"2500\",\"by\":\"Valby\",\"telefonnr\":\"31310006\",\"eMail\":\"martin@beuschau.dk\",\"bekraeftEmail\":\"martin@beuschau.dk\",\"newsletter\":[\"\"]}', '2016-05-16 19:01:13', '2016-05-16 19:01:13', '4a555e2a-01c1-43f1-bd8f-b1002be8d9a5'),
 ('66', '1', 'insurrenceOrder', NULL, '{\"efFirstname\":\"1000\",\"efLastname\":\"1001\",\"adresse\":\"1002\",\"vejnr\":\"1003\",\"postnr\":\"1004\",\"by\":\"1005\",\"telefonnr\":\"1006\",\"eMail\":\"1007\",\"bekraeftEmail\":\"1008\"}', '2016-05-17 05:48:09', '2016-05-17 05:48:09', 'c186ece5-eeae-429a-a498-083c7443b2ac'),
 ('67', '1', 'insurrenceOrder', NULL, '{\"efFirstname\":\"1000\",\"efLastname\":\"1001\",\"adresse\":\"1002\",\"vejnr\":\"1003\",\"postnr\":\"1004\",\"by\":\"1005\",\"telefonnr\":\"1006\",\"eMail\":\"1007\",\"bekraeftEmail\":\"1008\"}', '2016-05-17 05:57:01', '2016-05-17 05:57:01', '27b0ffd3-6678-4b8a-946a-d0c652f7f0c3'),
 ('68', '1', 'insurrenceOrder', NULL, '{\"efFirstname\":\"Formavn\",\"efLastname\":\"Efternavn\",\"adresse\":\"Adresse\",\"vejnr\":\"Nr.\",\"postnr\":\"Postnr.\",\"by\":\"By\",\"telefonnr\":\"Telefonnr.\",\"eMail\":\"E-mail\",\"bekraeftEmail\":\"Bekr\\u00e6ft E-mail\"}', '2016-05-17 07:28:18', '2016-05-17 07:28:18', '934a3fbc-6f64-46a5-8544-7fdb78b7be72');



DROP TABLE IF EXISTS `craft_formbuilder2_forms`;


--
-- Schema for table `craft_formbuilder2_forms`
--
CREATE TABLE `craft_formbuilder2_forms` (
  `id` int(11) NOT NULL AUTO_INCREMENT,
  `name` varchar(255) COLLATE utf8_unicode_ci NOT NULL,
  `handle` varchar(255) COLLATE utf8_unicode_ci NOT NULL,
  `fieldLayoutId` int(10) DEFAULT NULL,
  `formSettings` text COLLATE utf8_unicode_ci,
  `spamProtectionSettings` text COLLATE utf8_unicode_ci,
  `messageSettings` text COLLATE utf8_unicode_ci,
  `notificationSettings` text COLLATE utf8_unicode_ci,
  `dateCreated` datetime NOT NULL,
  `dateUpdated` datetime NOT NULL,
  `uid` char(36) COLLATE utf8_unicode_ci NOT NULL DEFAULT '0',
  PRIMARY KEY (`id`),
  UNIQUE KEY `craft_formbuilder2_forms_id_unq_idx` (`id`),
  UNIQUE KEY `craft_formbuilder2_forms_name_unq_idx` (`name`),
  UNIQUE KEY `craft_formbuilder2_forms_handle_unq_idx` (`handle`),
  KEY `craft_formbuilder2_forms_fieldLayoutId_fk` (`fieldLayoutId`)
) ENGINE=InnoDB AUTO_INCREMENT=2 DEFAULT CHARSET=utf8 COLLATE=utf8_unicode_ci;

--
-- Data for table `craft_formbuilder2_forms`
--

INSERT INTO `craft_formbuilder2_forms` (`id`, `name`, `handle`, `fieldLayoutId`, `formSettings`, `spamProtectionSettings`, `messageSettings`, `notificationSettings`, `dateCreated`, `dateUpdated`, `uid`) VALUES
 ('1', 'Elektronikforsikring', 'insurrenceorder', '22', '{\"formRedirect\":{\"customRedirect\":\"1\",\"customRedirectUrl\":\"orderconfirm\"},\"hasFileUploads\":\"\",\"ajaxSubmit\":\"\"}', '{\"spamTimeMethod\":\"1\",\"spamTimeMethodTime\":\"1\",\"spamHoneypotMethod\":\"1\",\"spamHoneypotMethodMessage\":\"elektronikforsikring\"}', '{\"successMessage\":\"\",\"errorMessage\":\"\"}', '{\"notifySubmission\":\"1\",\"emailSettings\":{\"notifyEmail\":\"mb@18digital.dk\",\"emailSubject\":\"Ordre \",\"sendSubmissionData\":\"1\"},\"templateSettings\":{\"emailTemplateStyle\":\"text\",\"emailCustomLogo\":\"\",\"emailBackgroundColor\":\"#f5f5f5\",\"emailContainerWidth\":\"500\",\"emailBodyCopy\":\"\",\"emailAdditionalFooterCopy\":\"\"},\"notifySubmitter\":\"\",\"submitterEmail\":\"\",\"submitterEmailSubject\":\"\",\"customSubject\":\"\",\"customSubjectLine\":\"\"}', '2016-05-13 10:19:41', '2016-05-17 09:43:53', '0e898a68-fcdc-476c-ac4e-4cbfef421357');



DROP TABLE IF EXISTS `craft_globalsets`;


--
-- Schema for table `craft_globalsets`
--
CREATE TABLE `craft_globalsets` (
  `id` int(11) NOT NULL,
  `name` varchar(255) COLLATE utf8_unicode_ci NOT NULL,
  `handle` varchar(255) COLLATE utf8_unicode_ci NOT NULL,
  `fieldLayoutId` int(10) DEFAULT NULL,
  `dateCreated` datetime NOT NULL,
  `dateUpdated` datetime NOT NULL,
  `uid` char(36) COLLATE utf8_unicode_ci NOT NULL DEFAULT '0',
  PRIMARY KEY (`id`),
  UNIQUE KEY `craft_globalsets_name_unq_idx` (`name`),
  UNIQUE KEY `craft_globalsets_handle_unq_idx` (`handle`),
  KEY `craft_globalsets_fieldLayoutId_fk` (`fieldLayoutId`)
) ENGINE=InnoDB DEFAULT CHARSET=utf8 COLLATE=utf8_unicode_ci;

DROP TABLE IF EXISTS `craft_info`;


--
-- Schema for table `craft_info`
--
CREATE TABLE `craft_info` (
  `id` int(11) NOT NULL AUTO_INCREMENT,
  `version` varchar(15) COLLATE utf8_unicode_ci NOT NULL,
  `build` int(11) unsigned NOT NULL,
  `schemaVersion` varchar(15) COLLATE utf8_unicode_ci NOT NULL,
  `releaseDate` datetime NOT NULL,
  `edition` tinyint(1) unsigned NOT NULL DEFAULT '0',
  `siteName` varchar(100) COLLATE utf8_unicode_ci NOT NULL,
  `siteUrl` varchar(255) COLLATE utf8_unicode_ci NOT NULL,
  `timezone` varchar(30) COLLATE utf8_unicode_ci DEFAULT NULL,
  `on` tinyint(1) unsigned NOT NULL DEFAULT '0',
  `maintenance` tinyint(1) unsigned NOT NULL DEFAULT '0',
  `track` varchar(40) COLLATE utf8_unicode_ci NOT NULL,
  `dateCreated` datetime NOT NULL,
  `dateUpdated` datetime NOT NULL,
  `uid` char(36) COLLATE utf8_unicode_ci NOT NULL DEFAULT '0',
  PRIMARY KEY (`id`)
) ENGINE=InnoDB AUTO_INCREMENT=2 DEFAULT CHARSET=utf8 COLLATE=utf8_unicode_ci;

--
-- Data for table `craft_info`
--

INSERT INTO `craft_info` (`id`, `version`, `build`, `schemaVersion`, `releaseDate`, `edition`, `siteName`, `siteUrl`, `timezone`, `on`, `maintenance`, `track`, `dateCreated`, `dateUpdated`, `uid`) VALUES
 ('1', '2.6', '2785', '2.6.4', '2016-05-06 16:17:39', '0', 'Elektronikforsikring', 'http://elektronikforsikring.dev', 'Europe/Copenhagen', '1', '1', 'stable', '2016-03-30 12:09:16', '2016-05-23 09:16:52', '81bf3a99-8d20-4d54-8cfa-38f415fb221b');



DROP TABLE IF EXISTS `craft_locales`;


--
-- Schema for table `craft_locales`
--
CREATE TABLE `craft_locales` (
  `locale` char(12) COLLATE utf8_unicode_ci NOT NULL,
  `sortOrder` smallint(6) unsigned DEFAULT NULL,
  `dateCreated` datetime NOT NULL,
  `dateUpdated` datetime NOT NULL,
  `uid` char(36) COLLATE utf8_unicode_ci NOT NULL DEFAULT '0',
  PRIMARY KEY (`locale`),
  KEY `craft_locales_sortOrder_idx` (`sortOrder`)
) ENGINE=InnoDB DEFAULT CHARSET=utf8 COLLATE=utf8_unicode_ci;

--
-- Data for table `craft_locales`
--

INSERT INTO `craft_locales` (`locale`, `sortOrder`, `dateCreated`, `dateUpdated`, `uid`) VALUES
 ('da', '1', '2016-03-30 12:09:16', '2016-03-30 12:09:16', 'bbc1a0a5-9dea-4f6c-8e9d-a80f8c02b7ad');



DROP TABLE IF EXISTS `craft_matrixblocks`;


--
-- Schema for table `craft_matrixblocks`
--
CREATE TABLE `craft_matrixblocks` (
  `id` int(11) NOT NULL,
  `ownerId` int(11) NOT NULL,
  `fieldId` int(11) NOT NULL,
  `typeId` int(11) DEFAULT NULL,
  `sortOrder` smallint(6) unsigned DEFAULT NULL,
  `ownerLocale` char(12) COLLATE utf8_unicode_ci DEFAULT NULL,
  `dateCreated` datetime NOT NULL,
  `dateUpdated` datetime NOT NULL,
  `uid` char(36) COLLATE utf8_unicode_ci NOT NULL DEFAULT '0',
  PRIMARY KEY (`id`),
  KEY `craft_matrixblocks_ownerId_idx` (`ownerId`),
  KEY `craft_matrixblocks_fieldId_idx` (`fieldId`),
  KEY `craft_matrixblocks_typeId_idx` (`typeId`),
  KEY `craft_matrixblocks_sortOrder_idx` (`sortOrder`),
  KEY `craft_matrixblocks_ownerLocale_fk` (`ownerLocale`)
) ENGINE=InnoDB DEFAULT CHARSET=utf8 COLLATE=utf8_unicode_ci;

DROP TABLE IF EXISTS `craft_matrixblocktypes`;


--
-- Schema for table `craft_matrixblocktypes`
--
CREATE TABLE `craft_matrixblocktypes` (
  `id` int(11) NOT NULL AUTO_INCREMENT,
  `fieldId` int(11) NOT NULL,
  `fieldLayoutId` int(11) DEFAULT NULL,
  `name` varchar(255) COLLATE utf8_unicode_ci NOT NULL,
  `handle` varchar(255) COLLATE utf8_unicode_ci NOT NULL,
  `sortOrder` smallint(6) unsigned DEFAULT NULL,
  `dateCreated` datetime NOT NULL,
  `dateUpdated` datetime NOT NULL,
  `uid` char(36) COLLATE utf8_unicode_ci NOT NULL DEFAULT '0',
  PRIMARY KEY (`id`),
  UNIQUE KEY `craft_matrixblocktypes_name_fieldId_unq_idx` (`name`,`fieldId`),
  UNIQUE KEY `craft_matrixblocktypes_handle_fieldId_unq_idx` (`handle`,`fieldId`),
  KEY `craft_matrixblocktypes_fieldId_fk` (`fieldId`),
  KEY `craft_matrixblocktypes_fieldLayoutId_fk` (`fieldLayoutId`)
) ENGINE=InnoDB DEFAULT CHARSET=utf8 COLLATE=utf8_unicode_ci;

DROP TABLE IF EXISTS `craft_migrations`;


--
-- Schema for table `craft_migrations`
--
CREATE TABLE `craft_migrations` (
  `id` int(11) NOT NULL AUTO_INCREMENT,
  `pluginId` int(11) DEFAULT NULL,
  `version` varchar(255) COLLATE utf8_unicode_ci NOT NULL,
  `applyTime` datetime NOT NULL,
  `dateCreated` datetime NOT NULL,
  `dateUpdated` datetime NOT NULL,
  `uid` char(36) COLLATE utf8_unicode_ci NOT NULL DEFAULT '0',
  PRIMARY KEY (`id`),
  UNIQUE KEY `craft_migrations_version_unq_idx` (`version`),
  KEY `craft_migrations_pluginId_fk` (`pluginId`)
) ENGINE=InnoDB AUTO_INCREMENT=33 DEFAULT CHARSET=utf8 COLLATE=utf8_unicode_ci;

--
-- Data for table `craft_migrations`
--

INSERT INTO `craft_migrations` (`id`, `pluginId`, `version`, `applyTime`, `dateCreated`, `dateUpdated`, `uid`) VALUES
 ('1', NULL, 'm000000_000000_base', '2016-03-30 12:09:16', '2016-03-30 12:09:16', '2016-03-30 12:09:16', '0228d344-d478-476e-8496-629697702f32'),
 ('2', NULL, 'm140730_000001_add_filename_and_format_to_transformindex', '2016-03-30 12:09:16', '2016-03-30 12:09:16', '2016-03-30 12:09:16', 'bcc52f68-730f-4020-b577-115eed6533a9'),
 ('3', NULL, 'm140815_000001_add_format_to_transforms', '2016-03-30 12:09:16', '2016-03-30 12:09:16', '2016-03-30 12:09:16', 'd843b2ec-86b9-4871-bb30-9d85a1b65e9b'),
 ('4', NULL, 'm140822_000001_allow_more_than_128_items_per_field', '2016-03-30 12:09:16', '2016-03-30 12:09:16', '2016-03-30 12:09:16', '8c3e62a0-adb0-4f0a-9e6c-746671ae4a96'),
 ('5', NULL, 'm140829_000001_single_title_formats', '2016-03-30 12:09:16', '2016-03-30 12:09:16', '2016-03-30 12:09:16', '652a31c8-9ec0-427e-ab3a-ab59927cb9fb'),
 ('6', NULL, 'm140831_000001_extended_cache_keys', '2016-03-30 12:09:16', '2016-03-30 12:09:16', '2016-03-30 12:09:16', 'c1b8b01b-0eda-454a-8cda-45273b486b2c'),
 ('7', NULL, 'm140922_000001_delete_orphaned_matrix_blocks', '2016-03-30 12:09:16', '2016-03-30 12:09:16', '2016-03-30 12:09:16', '4c264e5c-dc00-41d6-b596-1c774c9145b2'),
 ('8', NULL, 'm141008_000001_elements_index_tune', '2016-03-30 12:09:16', '2016-03-30 12:09:16', '2016-03-30 12:09:16', '49cabe83-53c4-40c0-be39-6e92eb53ac2f'),
 ('9', NULL, 'm141009_000001_assets_source_handle', '2016-03-30 12:09:16', '2016-03-30 12:09:16', '2016-03-30 12:09:16', '17e02227-1a56-4cc5-ab8c-86c07f5e2a45'),
 ('10', NULL, 'm141024_000001_field_layout_tabs', '2016-03-30 12:09:16', '2016-03-30 12:09:16', '2016-03-30 12:09:16', '8634f901-240d-417d-b8ce-4df56d753267'),
 ('11', NULL, 'm141030_000000_plugin_schema_versions', '2016-03-30 12:09:16', '2016-03-30 12:09:16', '2016-03-30 12:09:16', '490052dd-9a9a-48ac-9d8d-5b63e620330f'),
 ('12', NULL, 'm141030_000001_drop_structure_move_permission', '2016-03-30 12:09:16', '2016-03-30 12:09:16', '2016-03-30 12:09:16', 'aef8b875-e865-4978-abd2-e65d53049b32'),
 ('13', NULL, 'm141103_000001_tag_titles', '2016-03-30 12:09:16', '2016-03-30 12:09:16', '2016-03-30 12:09:16', '164b246b-f0a2-4e09-9e39-8fde8ecdd55a'),
 ('14', NULL, 'm141109_000001_user_status_shuffle', '2016-03-30 12:09:16', '2016-03-30 12:09:16', '2016-03-30 12:09:16', '264a1628-eb24-4b6f-93f8-78f88042bdf3'),
 ('15', NULL, 'm141126_000001_user_week_start_day', '2016-03-30 12:09:16', '2016-03-30 12:09:16', '2016-03-30 12:09:16', '7cdf2484-5d75-447e-ade9-6d0c53460c5a'),
 ('16', NULL, 'm150210_000001_adjust_user_photo_size', '2016-03-30 12:09:16', '2016-03-30 12:09:16', '2016-03-30 12:09:16', '4232d2ab-1260-4cb3-99d5-04687b2b816d'),
 ('17', NULL, 'm150724_000001_adjust_quality_settings', '2016-03-30 12:09:16', '2016-03-30 12:09:16', '2016-03-30 12:09:16', 'fef43a78-efd6-4cd0-97e9-ba26f6cc9687'),
 ('18', NULL, 'm150827_000000_element_index_settings', '2016-03-30 12:09:16', '2016-03-30 12:09:16', '2016-03-30 12:09:16', '31da243e-b2d1-4bdb-9346-b4b727005f1a'),
 ('19', NULL, 'm150918_000001_add_colspan_to_widgets', '2016-03-30 12:09:16', '2016-03-30 12:09:16', '2016-03-30 12:09:16', '5e3beee0-a369-4474-a38a-7be40976d944'),
 ('20', NULL, 'm151007_000000_clear_asset_caches', '2016-03-30 12:09:16', '2016-03-30 12:09:16', '2016-03-30 12:09:16', '3917b2dd-8012-41f7-acf2-8c63ccbb36e4'),
 ('21', NULL, 'm151109_000000_text_url_formats', '2016-03-30 12:09:16', '2016-03-30 12:09:16', '2016-03-30 12:09:16', '50830962-c4b0-4b28-86ff-82ed727643a6'),
 ('22', NULL, 'm151110_000000_move_logo', '2016-03-30 12:09:16', '2016-03-30 12:09:16', '2016-03-30 12:09:16', 'fafd1527-c16f-4eb5-9458-cc991ad52c5b'),
 ('23', NULL, 'm151117_000000_adjust_image_widthheight', '2016-03-30 12:09:16', '2016-03-30 12:09:16', '2016-03-30 12:09:16', '79348cd5-828e-4fe1-a8f8-f567d8d1cf85'),
 ('24', NULL, 'm151127_000000_clear_license_key_status', '2016-03-30 12:09:16', '2016-03-30 12:09:16', '2016-03-30 12:09:16', '48d8f812-6783-4537-bcd5-872a69a62e2f'),
 ('25', NULL, 'm151127_000000_plugin_license_keys', '2016-03-30 12:09:16', '2016-03-30 12:09:16', '2016-03-30 12:09:16', '581d47ba-eb91-47db-9582-f099f41438c7'),
 ('26', NULL, 'm151130_000000_update_pt_widget_feeds', '2016-03-30 12:09:16', '2016-03-30 12:09:16', '2016-03-30 12:09:16', 'a79e12ae-0629-4205-8799-589178459068'),
 ('27', NULL, 'm160114_000000_asset_sources_public_url_default_true', '2016-03-30 12:09:16', '2016-03-30 12:09:16', '2016-03-30 12:09:16', '934241ac-70a7-468f-8db8-3d391b164bdc'),
 ('28', NULL, 'm160223_000000_sortorder_to_smallint', '2016-03-30 12:09:16', '2016-03-30 12:09:16', '2016-03-30 12:09:16', '2d76a811-641a-423b-9828-4fe3b63eee5a'),
 ('29', NULL, 'm160229_000000_set_default_entry_statuses', '2016-03-30 12:09:16', '2016-03-30 12:09:16', '2016-03-30 12:09:16', '8559b907-c4da-4743-9b50-ce0db79ae509'),
 ('30', NULL, 'm160304_000000_client_permissions', '2016-03-30 12:09:16', '2016-03-30 12:09:16', '2016-03-30 12:09:16', '5a94379b-b83f-4413-8fc5-67290a3032c5'),
 ('31', NULL, 'm160322_000000_asset_filesize', '2016-03-30 12:09:16', '2016-03-30 12:09:16', '2016-03-30 12:09:16', 'fc619e9d-9307-45de-a329-bcb08fc65fd6'),
 ('32', NULL, 'm160503_000000_orphaned_fieldlayouts', '2016-05-13 10:14:12', '2016-05-13 10:14:12', '2016-05-13 10:14:12', '85d47eec-ef3e-46e2-9f32-18206b4114b4');



DROP TABLE IF EXISTS `craft_plugins`;


--
-- Schema for table `craft_plugins`
--
CREATE TABLE `craft_plugins` (
  `id` int(11) NOT NULL AUTO_INCREMENT,
  `class` varchar(150) COLLATE utf8_unicode_ci NOT NULL,
  `version` varchar(15) COLLATE utf8_unicode_ci NOT NULL,
  `schemaVersion` varchar(15) COLLATE utf8_unicode_ci DEFAULT NULL,
  `licenseKey` char(24) COLLATE utf8_unicode_ci DEFAULT NULL,
  `licenseKeyStatus` enum('valid','invalid','mismatched','unknown') COLLATE utf8_unicode_ci NOT NULL DEFAULT 'unknown',
  `enabled` tinyint(1) unsigned NOT NULL DEFAULT '0',
  `settings` text COLLATE utf8_unicode_ci,
  `installDate` datetime NOT NULL,
  `dateCreated` datetime NOT NULL,
  `dateUpdated` datetime NOT NULL,
  `uid` char(36) COLLATE utf8_unicode_ci NOT NULL DEFAULT '0',
  PRIMARY KEY (`id`)
) ENGINE=InnoDB AUTO_INCREMENT=2 DEFAULT CHARSET=utf8 COLLATE=utf8_unicode_ci;

--
-- Data for table `craft_plugins`
--

INSERT INTO `craft_plugins` (`id`, `class`, `version`, `schemaVersion`, `licenseKey`, `licenseKeyStatus`, `enabled`, `settings`, `installDate`, `dateCreated`, `dateUpdated`, `uid`) VALUES
 ('1', 'FormBuilder2', '0.1.0', NULL, NULL, 'unknown', '1', NULL, '2016-05-13 10:17:50', '2016-05-13 10:17:50', '2016-05-23 09:16:50', 'e5bd791b-c2af-46ad-8514-ceafa7edd0fc');



DROP TABLE IF EXISTS `craft_rackspaceaccess`;


--
-- Schema for table `craft_rackspaceaccess`
--
CREATE TABLE `craft_rackspaceaccess` (
  `id` int(11) NOT NULL AUTO_INCREMENT,
  `connectionKey` varchar(255) COLLATE utf8_unicode_ci NOT NULL,
  `token` varchar(255) COLLATE utf8_unicode_ci NOT NULL,
  `storageUrl` varchar(255) COLLATE utf8_unicode_ci NOT NULL,
  `cdnUrl` varchar(255) COLLATE utf8_unicode_ci NOT NULL,
  `dateCreated` datetime NOT NULL,
  `dateUpdated` datetime NOT NULL,
  `uid` char(36) COLLATE utf8_unicode_ci NOT NULL DEFAULT '0',
  PRIMARY KEY (`id`),
  UNIQUE KEY `craft_rackspaceaccess_connectionKey_unq_idx` (`connectionKey`)
) ENGINE=InnoDB DEFAULT CHARSET=utf8 COLLATE=utf8_unicode_ci;

DROP TABLE IF EXISTS `craft_relations`;


--
-- Schema for table `craft_relations`
--
CREATE TABLE `craft_relations` (
  `id` int(11) NOT NULL AUTO_INCREMENT,
  `fieldId` int(11) NOT NULL,
  `sourceId` int(11) NOT NULL,
  `sourceLocale` char(12) COLLATE utf8_unicode_ci DEFAULT NULL,
  `targetId` int(11) NOT NULL,
  `sortOrder` smallint(6) DEFAULT NULL,
  `dateCreated` datetime NOT NULL,
  `dateUpdated` datetime NOT NULL,
  `uid` char(36) COLLATE utf8_unicode_ci NOT NULL DEFAULT '0',
  PRIMARY KEY (`id`),
  UNIQUE KEY `craft_relations_fieldId_sourceId_sourceLocale_targetId_unq_idx` (`fieldId`,`sourceId`,`sourceLocale`,`targetId`),
  KEY `craft_relations_sourceId_fk` (`sourceId`),
  KEY `craft_relations_sourceLocale_fk` (`sourceLocale`),
  KEY `craft_relations_targetId_fk` (`targetId`)
) ENGINE=InnoDB DEFAULT CHARSET=utf8 COLLATE=utf8_unicode_ci;

DROP TABLE IF EXISTS `craft_routes`;


--
-- Schema for table `craft_routes`
--
CREATE TABLE `craft_routes` (
  `id` int(11) NOT NULL AUTO_INCREMENT,
  `locale` char(12) COLLATE utf8_unicode_ci DEFAULT NULL,
  `urlParts` varchar(255) COLLATE utf8_unicode_ci NOT NULL,
  `urlPattern` varchar(255) COLLATE utf8_unicode_ci NOT NULL,
  `template` varchar(255) COLLATE utf8_unicode_ci NOT NULL,
  `sortOrder` smallint(6) unsigned DEFAULT NULL,
  `dateCreated` datetime NOT NULL,
  `dateUpdated` datetime NOT NULL,
  `uid` char(36) COLLATE utf8_unicode_ci NOT NULL DEFAULT '0',
  PRIMARY KEY (`id`),
  UNIQUE KEY `craft_routes_urlPattern_unq_idx` (`urlPattern`),
  KEY `craft_routes_locale_idx` (`locale`)
) ENGINE=InnoDB DEFAULT CHARSET=utf8 COLLATE=utf8_unicode_ci;

DROP TABLE IF EXISTS `craft_searchindex`;


--
-- Schema for table `craft_searchindex`
--
CREATE TABLE `craft_searchindex` (
  `elementId` int(11) NOT NULL,
  `attribute` varchar(25) COLLATE utf8_unicode_ci NOT NULL,
  `fieldId` int(11) NOT NULL,
  `locale` char(12) COLLATE utf8_unicode_ci NOT NULL,
  `keywords` text COLLATE utf8_unicode_ci NOT NULL,
  PRIMARY KEY (`elementId`,`attribute`,`fieldId`,`locale`),
  FULLTEXT KEY `craft_searchindex_keywords_idx` (`keywords`)
) ENGINE=MyISAM DEFAULT CHARSET=utf8 COLLATE=utf8_unicode_ci;

--
-- Data for table `craft_searchindex`
--

INSERT INTO `craft_searchindex` (`elementId`, `attribute`, `fieldId`, `locale`, `keywords`) VALUES
 ('1', 'username', '0', 'da', ' admin '),
 ('1', 'firstname', '0', 'da', ''),
 ('1', 'lastname', '0', 'da', ''),
 ('1', 'fullname', '0', 'da', ''),
 ('1', 'email', '0', 'da', ' mb 18digital dk '),
 ('1', 'slug', '0', 'da', ''),
 ('2', 'slug', '0', 'da', ' homepage '),
 ('2', 'title', '0', 'da', ' welcome to elektronikforsikring dev '),
 ('2', 'field', '1', 'da', ' it s true this site doesn t have a whole lot of content yet but don t worry our web developers have just installed the cms and they re setting things up for the content editors this very moment soon elektronikforsikring dev will be an oasis of fresh perspectives sharp analyses and astute opinions that will keep you coming back again and again '),
 ('3', 'field', '1', 'da', ' craft is the cms that s powering elektronikforsikring dev it s beautiful powerful flexible and easy to use and it s made by pixel tonic we can t wait to dive in and see what it s capable of this is even more captivating content which you couldn t see on the news index page because it was entered after a page break and the news index template only likes to show the content on the first page craft a nice alternative to word if you re making a website '),
 ('3', 'field', '2', 'da', ''),
 ('3', 'slug', '0', 'da', ''),
 ('3', 'title', '0', 'da', ' we just installed craft '),
 ('4', 'slug', '0', 'da', ''),
 ('5', 'slug', '0', 'da', ' orderconfirm '),
 ('5', 'title', '0', 'da', ' orderconfirm '),
 ('6', 'slug', '0', 'da', ''),
 ('7', 'slug', '0', 'da', ''),
 ('8', 'slug', '0', 'da', ''),
 ('9', 'slug', '0', 'da', ''),
 ('10', 'slug', '0', 'da', ''),
 ('11', 'slug', '0', 'da', ''),
 ('12', 'slug', '0', 'da', ''),
 ('13', 'slug', '0', 'da', ''),
 ('14', 'slug', '0', 'da', ''),
 ('15', 'slug', '0', 'da', ''),
 ('16', 'slug', '0', 'da', ''),
 ('17', 'slug', '0', 'da', ''),
 ('18', 'slug', '0', 'da', ''),
 ('19', 'slug', '0', 'da', ''),
 ('20', 'slug', '0', 'da', ''),
 ('21', 'slug', '0', 'da', ''),
 ('22', 'slug', '0', 'da', ''),
 ('23', 'slug', '0', 'da', ''),
 ('24', 'slug', '0', 'da', ''),
 ('25', 'slug', '0', 'da', ''),
 ('26', 'slug', '0', 'da', ''),
 ('27', 'slug', '0', 'da', ''),
 ('28', 'slug', '0', 'da', ''),
 ('29', 'slug', '0', 'da', ''),
 ('30', 'slug', '0', 'da', ''),
 ('31', 'slug', '0', 'da', ''),
 ('32', 'slug', '0', 'da', ''),
 ('33', 'slug', '0', 'da', ''),
 ('34', 'slug', '0', 'da', ''),
 ('35', 'slug', '0', 'da', ''),
 ('36', 'slug', '0', 'da', ''),
 ('37', 'slug', '0', 'da', ''),
 ('38', 'slug', '0', 'da', ''),
 ('39', 'slug', '0', 'da', ''),
 ('40', 'slug', '0', 'da', ''),
 ('41', 'slug', '0', 'da', ''),
 ('42', 'slug', '0', 'da', ''),
 ('43', 'slug', '0', 'da', ''),
 ('44', 'slug', '0', 'da', ''),
 ('45', 'slug', '0', 'da', ''),
 ('46', 'slug', '0', 'da', ''),
 ('47', 'slug', '0', 'da', ''),
 ('48', 'slug', '0', 'da', ''),
 ('49', 'slug', '0', 'da', ''),
 ('50', 'slug', '0', 'da', ''),
 ('51', 'slug', '0', 'da', ''),
 ('52', 'slug', '0', 'da', ''),
 ('53', 'slug', '0', 'da', ''),
 ('54', 'slug', '0', 'da', ''),
 ('55', 'slug', '0', 'da', ''),
 ('56', 'slug', '0', 'da', ''),
 ('57', 'slug', '0', 'da', ''),
 ('58', 'slug', '0', 'da', ''),
 ('59', 'slug', '0', 'da', ''),
 ('60', 'slug', '0', 'da', ''),
 ('61', 'slug', '0', 'da', ''),
 ('62', 'slug', '0', 'da', ''),
 ('63', 'slug', '0', 'da', ''),
 ('64', 'slug', '0', 'da', ''),
 ('65', 'slug', '0', 'da', ''),
 ('66', 'slug', '0', 'da', ''),
 ('67', 'slug', '0', 'da', ''),
 ('68', 'slug', '0', 'da', ''),
 ('5', 'field', '1', 'da', ' tak for din bestilling vi har modtaget din ordre og er allerede i gang med at behandle den vi har ogsa sendt dig en bekraeftelse pa den indtastet e mail din forsikring er gaeldende med det samme nar ordren er faerdigbehandlet sa sender vi den officielle police med venlig hilsen kundeservicechefkarina byrdal '),
 ('5', 'field', '2', 'da', '');



DROP TABLE IF EXISTS `craft_sections`;


--
-- Schema for table `craft_sections`
--
CREATE TABLE `craft_sections` (
  `id` int(11) NOT NULL AUTO_INCREMENT,
  `structureId` int(11) DEFAULT NULL,
  `name` varchar(255) COLLATE utf8_unicode_ci NOT NULL,
  `handle` varchar(255) COLLATE utf8_unicode_ci NOT NULL,
  `type` enum('single','channel','structure') COLLATE utf8_unicode_ci NOT NULL DEFAULT 'channel',
  `hasUrls` tinyint(1) unsigned NOT NULL DEFAULT '1',
  `template` varchar(500) COLLATE utf8_unicode_ci DEFAULT NULL,
  `enableVersioning` tinyint(1) unsigned NOT NULL DEFAULT '0',
  `dateCreated` datetime NOT NULL,
  `dateUpdated` datetime NOT NULL,
  `uid` char(36) COLLATE utf8_unicode_ci NOT NULL DEFAULT '0',
  PRIMARY KEY (`id`),
  UNIQUE KEY `craft_sections_name_unq_idx` (`name`),
  UNIQUE KEY `craft_sections_handle_unq_idx` (`handle`),
  KEY `craft_sections_structureId_fk` (`structureId`)
) ENGINE=InnoDB AUTO_INCREMENT=4 DEFAULT CHARSET=utf8 COLLATE=utf8_unicode_ci;

--
-- Data for table `craft_sections`
--

INSERT INTO `craft_sections` (`id`, `structureId`, `name`, `handle`, `type`, `hasUrls`, `template`, `enableVersioning`, `dateCreated`, `dateUpdated`, `uid`) VALUES
 ('1', NULL, 'Homepage', 'homepage', 'single', '1', 'home', '1', '2016-03-30 12:09:20', '2016-03-30 12:09:44', '5247b1e2-ed75-44e0-8933-3fc0fbfc4a6c'),
 ('2', NULL, 'News', 'news', 'channel', '1', 'news/_entry', '1', '2016-03-30 12:09:21', '2016-03-30 12:09:21', '3bea8851-3477-4c62-bad6-80fe1f5f19b6'),
 ('3', NULL, 'Orderconfirm', 'orderconfirm', 'single', '1', 'orderconfirm', '1', '2016-05-13 10:59:36', '2016-05-13 11:06:41', '91d2db13-daf7-4d72-9f56-4a5378754a67');



DROP TABLE IF EXISTS `craft_sections_i18n`;


--
-- Schema for table `craft_sections_i18n`
--
CREATE TABLE `craft_sections_i18n` (
  `id` int(11) NOT NULL AUTO_INCREMENT,
  `sectionId` int(11) NOT NULL,
  `locale` char(12) COLLATE utf8_unicode_ci NOT NULL,
  `enabledByDefault` tinyint(1) unsigned NOT NULL DEFAULT '1',
  `urlFormat` text COLLATE utf8_unicode_ci,
  `nestedUrlFormat` text COLLATE utf8_unicode_ci,
  `dateCreated` datetime NOT NULL,
  `dateUpdated` datetime NOT NULL,
  `uid` char(36) COLLATE utf8_unicode_ci NOT NULL DEFAULT '0',
  PRIMARY KEY (`id`),
  UNIQUE KEY `craft_sections_i18n_sectionId_locale_unq_idx` (`sectionId`,`locale`),
  KEY `craft_sections_i18n_locale_fk` (`locale`)
) ENGINE=InnoDB AUTO_INCREMENT=4 DEFAULT CHARSET=utf8 COLLATE=utf8_unicode_ci;

--
-- Data for table `craft_sections_i18n`
--

INSERT INTO `craft_sections_i18n` (`id`, `sectionId`, `locale`, `enabledByDefault`, `urlFormat`, `nestedUrlFormat`, `dateCreated`, `dateUpdated`, `uid`) VALUES
 ('1', '1', 'da', '1', '__home__', NULL, '2016-03-30 12:09:20', '2016-03-30 12:09:20', '959f6de6-8274-4e77-b08b-1960de85164e'),
 ('2', '2', 'da', '1', 'news/{postDate.year}/{slug}', NULL, '2016-03-30 12:09:21', '2016-03-30 12:09:21', '45a41e1d-1ede-4d88-90e8-ccb2b587816c'),
 ('3', '3', 'da', '1', 'orderconfirm', NULL, '2016-05-13 10:59:36', '2016-05-13 10:59:36', 'fa402f16-9efb-4929-9442-9c990a8b7117');



DROP TABLE IF EXISTS `craft_sessions`;


--
-- Schema for table `craft_sessions`
--
CREATE TABLE `craft_sessions` (
  `id` int(11) NOT NULL AUTO_INCREMENT,
  `userId` int(11) NOT NULL,
  `token` char(100) COLLATE utf8_unicode_ci NOT NULL,
  `dateCreated` datetime NOT NULL,
  `dateUpdated` datetime NOT NULL,
  `uid` char(36) COLLATE utf8_unicode_ci NOT NULL DEFAULT '0',
  PRIMARY KEY (`id`),
  KEY `craft_sessions_uid_idx` (`uid`),
  KEY `craft_sessions_token_idx` (`token`),
  KEY `craft_sessions_dateUpdated_idx` (`dateUpdated`),
  KEY `craft_sessions_userId_fk` (`userId`)
) ENGINE=InnoDB AUTO_INCREMENT=14 DEFAULT CHARSET=utf8 COLLATE=utf8_unicode_ci;

DROP TABLE IF EXISTS `craft_shunnedmessages`;


--
-- Schema for table `craft_shunnedmessages`
--
CREATE TABLE `craft_shunnedmessages` (
  `id` int(11) NOT NULL AUTO_INCREMENT,
  `userId` int(11) NOT NULL,
  `message` varchar(255) COLLATE utf8_unicode_ci NOT NULL,
  `expiryDate` datetime DEFAULT NULL,
  `dateCreated` datetime NOT NULL,
  `dateUpdated` datetime NOT NULL,
  `uid` char(36) COLLATE utf8_unicode_ci NOT NULL DEFAULT '0',
  PRIMARY KEY (`id`),
  UNIQUE KEY `craft_shunnedmessages_userId_message_unq_idx` (`userId`,`message`)
) ENGINE=InnoDB DEFAULT CHARSET=utf8 COLLATE=utf8_unicode_ci;

DROP TABLE IF EXISTS `craft_structureelements`;


--
-- Schema for table `craft_structureelements`
--
CREATE TABLE `craft_structureelements` (
  `id` int(11) NOT NULL AUTO_INCREMENT,
  `structureId` int(11) NOT NULL,
  `elementId` int(11) DEFAULT NULL,
  `root` int(11) unsigned DEFAULT NULL,
  `lft` int(11) unsigned NOT NULL,
  `rgt` int(11) unsigned NOT NULL,
  `level` smallint(6) unsigned NOT NULL,
  `dateCreated` datetime NOT NULL,
  `dateUpdated` datetime NOT NULL,
  `uid` char(36) COLLATE utf8_unicode_ci NOT NULL DEFAULT '0',
  PRIMARY KEY (`id`),
  UNIQUE KEY `craft_structureelements_structureId_elementId_unq_idx` (`structureId`,`elementId`),
  KEY `craft_structureelements_root_idx` (`root`),
  KEY `craft_structureelements_lft_idx` (`lft`),
  KEY `craft_structureelements_rgt_idx` (`rgt`),
  KEY `craft_structureelements_level_idx` (`level`),
  KEY `craft_structureelements_elementId_fk` (`elementId`)
) ENGINE=InnoDB DEFAULT CHARSET=utf8 COLLATE=utf8_unicode_ci;

DROP TABLE IF EXISTS `craft_structures`;


--
-- Schema for table `craft_structures`
--
CREATE TABLE `craft_structures` (
  `id` int(11) NOT NULL AUTO_INCREMENT,
  `maxLevels` smallint(6) unsigned DEFAULT NULL,
  `dateCreated` datetime NOT NULL,
  `dateUpdated` datetime NOT NULL,
  `uid` char(36) COLLATE utf8_unicode_ci NOT NULL DEFAULT '0',
  PRIMARY KEY (`id`)
) ENGINE=InnoDB DEFAULT CHARSET=utf8 COLLATE=utf8_unicode_ci;

DROP TABLE IF EXISTS `craft_systemsettings`;


--
-- Schema for table `craft_systemsettings`
--
CREATE TABLE `craft_systemsettings` (
  `id` int(11) NOT NULL AUTO_INCREMENT,
  `category` varchar(15) COLLATE utf8_unicode_ci NOT NULL,
  `settings` text COLLATE utf8_unicode_ci,
  `dateCreated` datetime NOT NULL,
  `dateUpdated` datetime NOT NULL,
  `uid` char(36) COLLATE utf8_unicode_ci NOT NULL DEFAULT '0',
  PRIMARY KEY (`id`),
  UNIQUE KEY `craft_systemsettings_category_unq_idx` (`category`)
) ENGINE=InnoDB AUTO_INCREMENT=2 DEFAULT CHARSET=utf8 COLLATE=utf8_unicode_ci;

--
-- Data for table `craft_systemsettings`
--

INSERT INTO `craft_systemsettings` (`id`, `category`, `settings`, `dateCreated`, `dateUpdated`, `uid`) VALUES
 ('1', 'email', '{\"protocol\":\"php\",\"emailAddress\":\"mb@18digital.dk\",\"senderName\":\"Elektronikforsikring\"}', '2016-03-30 12:09:20', '2016-03-30 12:09:20', 'c4501d47-9c7e-4d31-af37-b2d3a8a9e783');



DROP TABLE IF EXISTS `craft_taggroups`;


--
-- Schema for table `craft_taggroups`
--
CREATE TABLE `craft_taggroups` (
  `id` int(11) NOT NULL AUTO_INCREMENT,
  `name` varchar(255) COLLATE utf8_unicode_ci NOT NULL,
  `handle` varchar(255) COLLATE utf8_unicode_ci NOT NULL,
  `fieldLayoutId` int(10) DEFAULT NULL,
  `dateCreated` datetime NOT NULL,
  `dateUpdated` datetime NOT NULL,
  `uid` char(36) COLLATE utf8_unicode_ci NOT NULL DEFAULT '0',
  PRIMARY KEY (`id`),
  UNIQUE KEY `craft_taggroups_name_unq_idx` (`name`),
  UNIQUE KEY `craft_taggroups_handle_unq_idx` (`handle`),
  KEY `craft_taggroups_fieldLayoutId_fk` (`fieldLayoutId`)
) ENGINE=InnoDB AUTO_INCREMENT=2 DEFAULT CHARSET=utf8 COLLATE=utf8_unicode_ci;

--
-- Data for table `craft_taggroups`
--

INSERT INTO `craft_taggroups` (`id`, `name`, `handle`, `fieldLayoutId`, `dateCreated`, `dateUpdated`, `uid`) VALUES
 ('1', 'Default', 'default', '1', '2016-03-30 12:09:20', '2016-03-30 12:09:20', '6fc039ae-2b7e-46ec-8c12-0722097dbbfa');



DROP TABLE IF EXISTS `craft_tags`;


--
-- Schema for table `craft_tags`
--
CREATE TABLE `craft_tags` (
  `id` int(11) NOT NULL,
  `groupId` int(11) NOT NULL,
  `dateCreated` datetime NOT NULL,
  `dateUpdated` datetime NOT NULL,
  `uid` char(36) COLLATE utf8_unicode_ci NOT NULL DEFAULT '0',
  PRIMARY KEY (`id`),
  KEY `craft_tags_groupId_fk` (`groupId`)
) ENGINE=InnoDB DEFAULT CHARSET=utf8 COLLATE=utf8_unicode_ci;

DROP TABLE IF EXISTS `craft_tasks`;


--
-- Schema for table `craft_tasks`
--
CREATE TABLE `craft_tasks` (
  `id` int(11) NOT NULL AUTO_INCREMENT,
  `root` int(11) unsigned DEFAULT NULL,
  `lft` int(11) unsigned NOT NULL,
  `rgt` int(11) unsigned NOT NULL,
  `level` smallint(6) unsigned NOT NULL,
  `currentStep` int(11) unsigned DEFAULT NULL,
  `totalSteps` int(11) unsigned DEFAULT NULL,
  `status` enum('pending','error','running') COLLATE utf8_unicode_ci DEFAULT NULL,
  `type` varchar(150) COLLATE utf8_unicode_ci NOT NULL,
  `description` varchar(255) COLLATE utf8_unicode_ci DEFAULT NULL,
  `settings` text COLLATE utf8_unicode_ci,
  `dateCreated` datetime NOT NULL,
  `dateUpdated` datetime NOT NULL,
  `uid` char(36) COLLATE utf8_unicode_ci NOT NULL DEFAULT '0',
  PRIMARY KEY (`id`),
  KEY `craft_tasks_root_idx` (`root`),
  KEY `craft_tasks_lft_idx` (`lft`),
  KEY `craft_tasks_rgt_idx` (`rgt`),
  KEY `craft_tasks_level_idx` (`level`)
) ENGINE=InnoDB DEFAULT CHARSET=utf8 COLLATE=utf8_unicode_ci;

DROP TABLE IF EXISTS `craft_templatecachecriteria`;


--
-- Schema for table `craft_templatecachecriteria`
--
CREATE TABLE `craft_templatecachecriteria` (
  `id` int(11) NOT NULL AUTO_INCREMENT,
  `cacheId` int(11) NOT NULL,
  `type` varchar(150) COLLATE utf8_unicode_ci NOT NULL,
  `criteria` text COLLATE utf8_unicode_ci NOT NULL,
  PRIMARY KEY (`id`),
  KEY `craft_templatecachecriteria_cacheId_fk` (`cacheId`),
  KEY `craft_templatecachecriteria_type_idx` (`type`)
) ENGINE=InnoDB DEFAULT CHARSET=utf8 COLLATE=utf8_unicode_ci;

DROP TABLE IF EXISTS `craft_templatecacheelements`;


--
-- Schema for table `craft_templatecacheelements`
--
CREATE TABLE `craft_templatecacheelements` (
  `cacheId` int(11) NOT NULL,
  `elementId` int(11) NOT NULL,
  KEY `craft_templatecacheelements_cacheId_fk` (`cacheId`),
  KEY `craft_templatecacheelements_elementId_fk` (`elementId`)
) ENGINE=InnoDB DEFAULT CHARSET=utf8 COLLATE=utf8_unicode_ci;

DROP TABLE IF EXISTS `craft_templatecaches`;


--
-- Schema for table `craft_templatecaches`
--
CREATE TABLE `craft_templatecaches` (
  `id` int(11) NOT NULL AUTO_INCREMENT,
  `cacheKey` varchar(255) COLLATE utf8_unicode_ci NOT NULL,
  `locale` char(12) COLLATE utf8_unicode_ci NOT NULL,
  `path` varchar(255) COLLATE utf8_unicode_ci DEFAULT NULL,
  `expiryDate` datetime NOT NULL,
  `body` mediumtext COLLATE utf8_unicode_ci NOT NULL,
  PRIMARY KEY (`id`),
  KEY `craft_templatecaches_expiryDate_cacheKey_locale_path_idx` (`expiryDate`,`cacheKey`,`locale`,`path`),
  KEY `craft_templatecaches_locale_fk` (`locale`)
) ENGINE=InnoDB DEFAULT CHARSET=utf8 COLLATE=utf8_unicode_ci;

DROP TABLE IF EXISTS `craft_tokens`;


--
-- Schema for table `craft_tokens`
--
CREATE TABLE `craft_tokens` (
  `id` int(11) NOT NULL AUTO_INCREMENT,
  `token` char(32) COLLATE utf8_unicode_ci NOT NULL,
  `route` text COLLATE utf8_unicode_ci,
  `usageLimit` tinyint(3) unsigned DEFAULT NULL,
  `usageCount` tinyint(3) unsigned DEFAULT NULL,
  `expiryDate` datetime NOT NULL,
  `dateCreated` datetime NOT NULL,
  `dateUpdated` datetime NOT NULL,
  `uid` char(36) COLLATE utf8_unicode_ci NOT NULL DEFAULT '0',
  PRIMARY KEY (`id`),
  UNIQUE KEY `craft_tokens_token_unq_idx` (`token`),
  KEY `craft_tokens_expiryDate_idx` (`expiryDate`)
) ENGINE=InnoDB DEFAULT CHARSET=utf8 COLLATE=utf8_unicode_ci;

DROP TABLE IF EXISTS `craft_usergroups`;


--
-- Schema for table `craft_usergroups`
--
CREATE TABLE `craft_usergroups` (
  `id` int(11) NOT NULL AUTO_INCREMENT,
  `name` varchar(255) COLLATE utf8_unicode_ci NOT NULL,
  `handle` varchar(255) COLLATE utf8_unicode_ci NOT NULL,
  `dateCreated` datetime NOT NULL,
  `dateUpdated` datetime NOT NULL,
  `uid` char(36) COLLATE utf8_unicode_ci NOT NULL DEFAULT '0',
  PRIMARY KEY (`id`)
) ENGINE=InnoDB DEFAULT CHARSET=utf8 COLLATE=utf8_unicode_ci;

DROP TABLE IF EXISTS `craft_usergroups_users`;


--
-- Schema for table `craft_usergroups_users`
--
CREATE TABLE `craft_usergroups_users` (
  `id` int(11) NOT NULL AUTO_INCREMENT,
  `groupId` int(11) NOT NULL,
  `userId` int(11) NOT NULL,
  `dateCreated` datetime NOT NULL,
  `dateUpdated` datetime NOT NULL,
  `uid` char(36) COLLATE utf8_unicode_ci NOT NULL DEFAULT '0',
  PRIMARY KEY (`id`),
  UNIQUE KEY `craft_usergroups_users_groupId_userId_unq_idx` (`groupId`,`userId`),
  KEY `craft_usergroups_users_userId_fk` (`userId`)
) ENGINE=InnoDB DEFAULT CHARSET=utf8 COLLATE=utf8_unicode_ci;

DROP TABLE IF EXISTS `craft_userpermissions`;


--
-- Schema for table `craft_userpermissions`
--
CREATE TABLE `craft_userpermissions` (
  `id` int(11) NOT NULL AUTO_INCREMENT,
  `name` varchar(255) COLLATE utf8_unicode_ci NOT NULL,
  `dateCreated` datetime NOT NULL,
  `dateUpdated` datetime NOT NULL,
  `uid` char(36) COLLATE utf8_unicode_ci NOT NULL DEFAULT '0',
  PRIMARY KEY (`id`),
  UNIQUE KEY `craft_userpermissions_name_unq_idx` (`name`)
) ENGINE=InnoDB DEFAULT CHARSET=utf8 COLLATE=utf8_unicode_ci;

DROP TABLE IF EXISTS `craft_userpermissions_usergroups`;


--
-- Schema for table `craft_userpermissions_usergroups`
--
CREATE TABLE `craft_userpermissions_usergroups` (
  `id` int(11) NOT NULL AUTO_INCREMENT,
  `permissionId` int(11) NOT NULL,
  `groupId` int(11) NOT NULL,
  `dateCreated` datetime NOT NULL,
  `dateUpdated` datetime NOT NULL,
  `uid` char(36) COLLATE utf8_unicode_ci NOT NULL DEFAULT '0',
  PRIMARY KEY (`id`),
  UNIQUE KEY `craft_userpermissions_usergroups_permissionId_groupId_unq_idx` (`permissionId`,`groupId`),
  KEY `craft_userpermissions_usergroups_groupId_fk` (`groupId`)
) ENGINE=InnoDB DEFAULT CHARSET=utf8 COLLATE=utf8_unicode_ci;

DROP TABLE IF EXISTS `craft_userpermissions_users`;


--
-- Schema for table `craft_userpermissions_users`
--
CREATE TABLE `craft_userpermissions_users` (
  `id` int(11) NOT NULL AUTO_INCREMENT,
  `permissionId` int(11) NOT NULL,
  `userId` int(11) NOT NULL,
  `dateCreated` datetime NOT NULL,
  `dateUpdated` datetime NOT NULL,
  `uid` char(36) COLLATE utf8_unicode_ci NOT NULL DEFAULT '0',
  PRIMARY KEY (`id`),
  UNIQUE KEY `craft_userpermissions_users_permissionId_userId_unq_idx` (`permissionId`,`userId`),
  KEY `craft_userpermissions_users_userId_fk` (`userId`)
) ENGINE=InnoDB DEFAULT CHARSET=utf8 COLLATE=utf8_unicode_ci;

DROP TABLE IF EXISTS `craft_users`;


--
-- Schema for table `craft_users`
--
CREATE TABLE `craft_users` (
  `id` int(11) NOT NULL,
  `username` varchar(100) COLLATE utf8_unicode_ci NOT NULL,
  `photo` varchar(100) COLLATE utf8_unicode_ci DEFAULT NULL,
  `firstName` varchar(100) COLLATE utf8_unicode_ci DEFAULT NULL,
  `lastName` varchar(100) COLLATE utf8_unicode_ci DEFAULT NULL,
  `email` varchar(255) COLLATE utf8_unicode_ci NOT NULL,
  `password` char(255) COLLATE utf8_unicode_ci DEFAULT NULL,
  `preferredLocale` char(12) COLLATE utf8_unicode_ci DEFAULT NULL,
  `weekStartDay` tinyint(1) unsigned NOT NULL DEFAULT '0',
  `admin` tinyint(1) unsigned NOT NULL DEFAULT '0',
  `client` tinyint(1) unsigned NOT NULL DEFAULT '0',
  `locked` tinyint(1) unsigned NOT NULL DEFAULT '0',
  `suspended` tinyint(1) unsigned NOT NULL DEFAULT '0',
  `pending` tinyint(1) unsigned NOT NULL DEFAULT '0',
  `archived` tinyint(1) unsigned NOT NULL DEFAULT '0',
  `lastLoginDate` datetime DEFAULT NULL,
  `lastLoginAttemptIPAddress` varchar(45) COLLATE utf8_unicode_ci DEFAULT NULL,
  `invalidLoginWindowStart` datetime DEFAULT NULL,
  `invalidLoginCount` tinyint(4) unsigned DEFAULT NULL,
  `lastInvalidLoginDate` datetime DEFAULT NULL,
  `lockoutDate` datetime DEFAULT NULL,
  `verificationCode` char(100) COLLATE utf8_unicode_ci DEFAULT NULL,
  `verificationCodeIssuedDate` datetime DEFAULT NULL,
  `unverifiedEmail` varchar(255) COLLATE utf8_unicode_ci DEFAULT NULL,
  `passwordResetRequired` tinyint(1) unsigned NOT NULL DEFAULT '0',
  `lastPasswordChangeDate` datetime DEFAULT NULL,
  `dateCreated` datetime NOT NULL,
  `dateUpdated` datetime NOT NULL,
  `uid` char(36) COLLATE utf8_unicode_ci NOT NULL DEFAULT '0',
  PRIMARY KEY (`id`),
  UNIQUE KEY `craft_users_username_unq_idx` (`username`),
  UNIQUE KEY `craft_users_email_unq_idx` (`email`),
  KEY `craft_users_verificationCode_idx` (`verificationCode`),
  KEY `craft_users_uid_idx` (`uid`),
  KEY `craft_users_preferredLocale_fk` (`preferredLocale`)
) ENGINE=InnoDB DEFAULT CHARSET=utf8 COLLATE=utf8_unicode_ci;

--
-- Data for table `craft_users`
--

INSERT INTO `craft_users` (`id`, `username`, `photo`, `firstName`, `lastName`, `email`, `password`, `preferredLocale`, `weekStartDay`, `admin`, `client`, `locked`, `suspended`, `pending`, `archived`, `lastLoginDate`, `lastLoginAttemptIPAddress`, `invalidLoginWindowStart`, `invalidLoginCount`, `lastInvalidLoginDate`, `lockoutDate`, `verificationCode`, `verificationCodeIssuedDate`, `unverifiedEmail`, `passwordResetRequired`, `lastPasswordChangeDate`, `dateCreated`, `dateUpdated`, `uid`) VALUES
 ('1', 'admin', NULL, NULL, NULL, 'mb@18digital.dk', '$2y$13$ggWJ4k0EXE/fDl9AoQnd1.oXMpdZchIoWbsK/vf4N.3lkBHpf31xG', NULL, '0', '1', '0', '0', '0', '0', '0', '2016-05-23 09:16:11', '127.0.0.1', NULL, NULL, NULL, NULL, NULL, NULL, NULL, '0', '2016-03-30 12:09:18', '2016-03-30 12:09:18', '2016-05-23 09:16:11', '102edccd-8918-49f6-8382-907dc3c5725a');



DROP TABLE IF EXISTS `craft_widgets`;


--
-- Schema for table `craft_widgets`
--
CREATE TABLE `craft_widgets` (
  `id` int(11) NOT NULL AUTO_INCREMENT,
  `userId` int(11) NOT NULL,
  `type` varchar(150) COLLATE utf8_unicode_ci NOT NULL,
  `sortOrder` smallint(6) unsigned DEFAULT NULL,
  `colspan` tinyint(4) unsigned DEFAULT NULL,
  `settings` text COLLATE utf8_unicode_ci,
  `enabled` tinyint(1) unsigned NOT NULL DEFAULT '1',
  `dateCreated` datetime NOT NULL,
  `dateUpdated` datetime NOT NULL,
  `uid` char(36) COLLATE utf8_unicode_ci NOT NULL DEFAULT '0',
  PRIMARY KEY (`id`),
  KEY `craft_widgets_userId_fk` (`userId`)
) ENGINE=InnoDB AUTO_INCREMENT=5 DEFAULT CHARSET=utf8 COLLATE=utf8_unicode_ci;

--
-- Data for table `craft_widgets`
--

INSERT INTO `craft_widgets` (`id`, `userId`, `type`, `sortOrder`, `colspan`, `settings`, `enabled`, `dateCreated`, `dateUpdated`, `uid`) VALUES
 ('1', '1', 'RecentEntries', '1', NULL, NULL, '1', '2016-03-30 12:09:23', '2016-03-30 12:09:23', '26132cb2-11f7-4eb8-a63c-5c326f843e51'),
 ('2', '1', 'GetHelp', '2', NULL, NULL, '1', '2016-03-30 12:09:23', '2016-03-30 12:09:23', '63b4016f-e47f-4d5d-8fbf-865634097b7b'),
 ('3', '1', 'Updates', '3', NULL, NULL, '1', '2016-03-30 12:09:23', '2016-03-30 12:09:23', 'a6d5044c-6d22-4938-b4b6-9c476e7ca987'),
 ('4', '1', 'Feed', '4', NULL, '{\"url\":\"https:\\/\\/craftcms.com\\/news.rss\",\"title\":\"Craft News\"}', '1', '2016-03-30 12:09:23', '2016-03-30 12:09:23', '7415fb61-0c4e-44c0-a5c9-fee4d9310bd7');


--
-- Constraints for tables
--


--
-- Constraints for table `craft_assetfiles`
--
ALTER TABLE `craft_assetfiles`
	ADD CONSTRAINT `craft_assetfiles_folderId_fk` FOREIGN KEY (`folderId`) REFERENCES `craft_assetfolders` (`id`) ON DELETE CASCADE,
	ADD CONSTRAINT `craft_assetfiles_id_fk` FOREIGN KEY (`id`) REFERENCES `craft_elements` (`id`) ON DELETE CASCADE,
	ADD CONSTRAINT `craft_assetfiles_sourceId_fk` FOREIGN KEY (`sourceId`) REFERENCES `craft_assetsources` (`id`) ON DELETE CASCADE;

--
-- Constraints for table `craft_assetfolders`
--
ALTER TABLE `craft_assetfolders`
	ADD CONSTRAINT `craft_assetfolders_parentId_fk` FOREIGN KEY (`parentId`) REFERENCES `craft_assetfolders` (`id`) ON DELETE CASCADE,
	ADD CONSTRAINT `craft_assetfolders_sourceId_fk` FOREIGN KEY (`sourceId`) REFERENCES `craft_assetsources` (`id`) ON DELETE CASCADE;

--
-- Constraints for table `craft_assetindexdata`
--
ALTER TABLE `craft_assetindexdata`
	ADD CONSTRAINT `craft_assetindexdata_sourceId_fk` FOREIGN KEY (`sourceId`) REFERENCES `craft_assetsources` (`id`) ON DELETE CASCADE;

--
-- Constraints for table `craft_assetsources`
--
ALTER TABLE `craft_assetsources`
	ADD CONSTRAINT `craft_assetsources_fieldLayoutId_fk` FOREIGN KEY (`fieldLayoutId`) REFERENCES `craft_fieldlayouts` (`id`) ON DELETE SET NULL;

--
-- Constraints for table `craft_categories`
--
ALTER TABLE `craft_categories`
	ADD CONSTRAINT `craft_categories_groupId_fk` FOREIGN KEY (`groupId`) REFERENCES `craft_categorygroups` (`id`) ON DELETE CASCADE,
	ADD CONSTRAINT `craft_categories_id_fk` FOREIGN KEY (`id`) REFERENCES `craft_elements` (`id`) ON DELETE CASCADE;

--
-- Constraints for table `craft_categorygroups`
--
ALTER TABLE `craft_categorygroups`
	ADD CONSTRAINT `craft_categorygroups_fieldLayoutId_fk` FOREIGN KEY (`fieldLayoutId`) REFERENCES `craft_fieldlayouts` (`id`) ON DELETE SET NULL,
	ADD CONSTRAINT `craft_categorygroups_structureId_fk` FOREIGN KEY (`structureId`) REFERENCES `craft_structures` (`id`) ON DELETE CASCADE;

--
-- Constraints for table `craft_categorygroups_i18n`
--
ALTER TABLE `craft_categorygroups_i18n`
	ADD CONSTRAINT `craft_categorygroups_i18n_groupId_fk` FOREIGN KEY (`groupId`) REFERENCES `craft_categorygroups` (`id`) ON DELETE CASCADE,
	ADD CONSTRAINT `craft_categorygroups_i18n_locale_fk` FOREIGN KEY (`locale`) REFERENCES `craft_locales` (`locale`) ON DELETE CASCADE ON UPDATE CASCADE;

--
-- Constraints for table `craft_content`
--
ALTER TABLE `craft_content`
	ADD CONSTRAINT `craft_content_elementId_fk` FOREIGN KEY (`elementId`) REFERENCES `craft_elements` (`id`) ON DELETE CASCADE,
	ADD CONSTRAINT `craft_content_locale_fk` FOREIGN KEY (`locale`) REFERENCES `craft_locales` (`locale`) ON DELETE CASCADE ON UPDATE CASCADE;

--
-- Constraints for table `craft_elements_i18n`
--
ALTER TABLE `craft_elements_i18n`
	ADD CONSTRAINT `craft_elements_i18n_elementId_fk` FOREIGN KEY (`elementId`) REFERENCES `craft_elements` (`id`) ON DELETE CASCADE,
	ADD CONSTRAINT `craft_elements_i18n_locale_fk` FOREIGN KEY (`locale`) REFERENCES `craft_locales` (`locale`) ON DELETE CASCADE ON UPDATE CASCADE;

--
-- Constraints for table `craft_emailmessages`
--
ALTER TABLE `craft_emailmessages`
	ADD CONSTRAINT `craft_emailmessages_locale_fk` FOREIGN KEY (`locale`) REFERENCES `craft_locales` (`locale`) ON DELETE CASCADE ON UPDATE CASCADE;

--
-- Constraints for table `craft_entries`
--
ALTER TABLE `craft_entries`
	ADD CONSTRAINT `craft_entries_authorId_fk` FOREIGN KEY (`authorId`) REFERENCES `craft_users` (`id`) ON DELETE CASCADE,
	ADD CONSTRAINT `craft_entries_id_fk` FOREIGN KEY (`id`) REFERENCES `craft_elements` (`id`) ON DELETE CASCADE,
	ADD CONSTRAINT `craft_entries_sectionId_fk` FOREIGN KEY (`sectionId`) REFERENCES `craft_sections` (`id`) ON DELETE CASCADE,
	ADD CONSTRAINT `craft_entries_typeId_fk` FOREIGN KEY (`typeId`) REFERENCES `craft_entrytypes` (`id`) ON DELETE CASCADE;

--
-- Constraints for table `craft_entrydrafts`
--
ALTER TABLE `craft_entrydrafts`
	ADD CONSTRAINT `craft_entrydrafts_creatorId_fk` FOREIGN KEY (`creatorId`) REFERENCES `craft_users` (`id`) ON DELETE CASCADE,
	ADD CONSTRAINT `craft_entrydrafts_entryId_fk` FOREIGN KEY (`entryId`) REFERENCES `craft_entries` (`id`) ON DELETE CASCADE,
	ADD CONSTRAINT `craft_entrydrafts_locale_fk` FOREIGN KEY (`locale`) REFERENCES `craft_locales` (`locale`) ON DELETE CASCADE ON UPDATE CASCADE,
	ADD CONSTRAINT `craft_entrydrafts_sectionId_fk` FOREIGN KEY (`sectionId`) REFERENCES `craft_sections` (`id`) ON DELETE CASCADE;

--
-- Constraints for table `craft_entrytypes`
--
ALTER TABLE `craft_entrytypes`
	ADD CONSTRAINT `craft_entrytypes_fieldLayoutId_fk` FOREIGN KEY (`fieldLayoutId`) REFERENCES `craft_fieldlayouts` (`id`) ON DELETE SET NULL,
	ADD CONSTRAINT `craft_entrytypes_sectionId_fk` FOREIGN KEY (`sectionId`) REFERENCES `craft_sections` (`id`) ON DELETE CASCADE;

--
-- Constraints for table `craft_entryversions`
--
ALTER TABLE `craft_entryversions`
	ADD CONSTRAINT `craft_entryversions_creatorId_fk` FOREIGN KEY (`creatorId`) REFERENCES `craft_users` (`id`) ON DELETE SET NULL,
	ADD CONSTRAINT `craft_entryversions_entryId_fk` FOREIGN KEY (`entryId`) REFERENCES `craft_entries` (`id`) ON DELETE CASCADE,
	ADD CONSTRAINT `craft_entryversions_locale_fk` FOREIGN KEY (`locale`) REFERENCES `craft_locales` (`locale`) ON DELETE CASCADE ON UPDATE CASCADE,
	ADD CONSTRAINT `craft_entryversions_sectionId_fk` FOREIGN KEY (`sectionId`) REFERENCES `craft_sections` (`id`) ON DELETE CASCADE;

--
-- Constraints for table `craft_fieldlayoutfields`
--
ALTER TABLE `craft_fieldlayoutfields`
	ADD CONSTRAINT `craft_fieldlayoutfields_fieldId_fk` FOREIGN KEY (`fieldId`) REFERENCES `craft_fields` (`id`) ON DELETE CASCADE,
	ADD CONSTRAINT `craft_fieldlayoutfields_layoutId_fk` FOREIGN KEY (`layoutId`) REFERENCES `craft_fieldlayouts` (`id`) ON DELETE CASCADE,
	ADD CONSTRAINT `craft_fieldlayoutfields_tabId_fk` FOREIGN KEY (`tabId`) REFERENCES `craft_fieldlayouttabs` (`id`) ON DELETE CASCADE;

--
-- Constraints for table `craft_fieldlayouttabs`
--
ALTER TABLE `craft_fieldlayouttabs`
	ADD CONSTRAINT `craft_fieldlayouttabs_layoutId_fk` FOREIGN KEY (`layoutId`) REFERENCES `craft_fieldlayouts` (`id`) ON DELETE CASCADE;

--
-- Constraints for table `craft_fields`
--
ALTER TABLE `craft_fields`
	ADD CONSTRAINT `craft_fields_groupId_fk` FOREIGN KEY (`groupId`) REFERENCES `craft_fieldgroups` (`id`) ON DELETE CASCADE;

--
-- Constraints for table `craft_formbuilder2_entries`
--
ALTER TABLE `craft_formbuilder2_entries`
	ADD CONSTRAINT `craft_formbuilder2_entries_formId_fk` FOREIGN KEY (`formId`) REFERENCES `craft_formbuilder2_forms` (`id`) ON DELETE CASCADE,
	ADD CONSTRAINT `craft_formbuilder2_entries_id_fk` FOREIGN KEY (`id`) REFERENCES `craft_elements` (`id`) ON DELETE CASCADE;

--
-- Constraints for table `craft_formbuilder2_forms`
--
ALTER TABLE `craft_formbuilder2_forms`
	ADD CONSTRAINT `craft_formbuilder2_forms_fieldLayoutId_fk` FOREIGN KEY (`fieldLayoutId`) REFERENCES `craft_fieldlayouts` (`id`) ON DELETE SET NULL;

--
-- Constraints for table `craft_globalsets`
--
ALTER TABLE `craft_globalsets`
	ADD CONSTRAINT `craft_globalsets_fieldLayoutId_fk` FOREIGN KEY (`fieldLayoutId`) REFERENCES `craft_fieldlayouts` (`id`) ON DELETE SET NULL,
	ADD CONSTRAINT `craft_globalsets_id_fk` FOREIGN KEY (`id`) REFERENCES `craft_elements` (`id`) ON DELETE CASCADE;

--
-- Constraints for table `craft_matrixblocks`
--
ALTER TABLE `craft_matrixblocks`
	ADD CONSTRAINT `craft_matrixblocks_fieldId_fk` FOREIGN KEY (`fieldId`) REFERENCES `craft_fields` (`id`) ON DELETE CASCADE,
	ADD CONSTRAINT `craft_matrixblocks_id_fk` FOREIGN KEY (`id`) REFERENCES `craft_elements` (`id`) ON DELETE CASCADE,
	ADD CONSTRAINT `craft_matrixblocks_ownerId_fk` FOREIGN KEY (`ownerId`) REFERENCES `craft_elements` (`id`) ON DELETE CASCADE,
	ADD CONSTRAINT `craft_matrixblocks_ownerLocale_fk` FOREIGN KEY (`ownerLocale`) REFERENCES `craft_locales` (`locale`) ON DELETE CASCADE ON UPDATE CASCADE,
	ADD CONSTRAINT `craft_matrixblocks_typeId_fk` FOREIGN KEY (`typeId`) REFERENCES `craft_matrixblocktypes` (`id`) ON DELETE CASCADE;

--
-- Constraints for table `craft_matrixblocktypes`
--
ALTER TABLE `craft_matrixblocktypes`
	ADD CONSTRAINT `craft_matrixblocktypes_fieldId_fk` FOREIGN KEY (`fieldId`) REFERENCES `craft_fields` (`id`) ON DELETE CASCADE,
	ADD CONSTRAINT `craft_matrixblocktypes_fieldLayoutId_fk` FOREIGN KEY (`fieldLayoutId`) REFERENCES `craft_fieldlayouts` (`id`) ON DELETE SET NULL;

--
-- Constraints for table `craft_migrations`
--
ALTER TABLE `craft_migrations`
	ADD CONSTRAINT `craft_migrations_pluginId_fk` FOREIGN KEY (`pluginId`) REFERENCES `craft_plugins` (`id`) ON DELETE CASCADE;

--
-- Constraints for table `craft_relations`
--
ALTER TABLE `craft_relations`
	ADD CONSTRAINT `craft_relations_fieldId_fk` FOREIGN KEY (`fieldId`) REFERENCES `craft_fields` (`id`) ON DELETE CASCADE,
	ADD CONSTRAINT `craft_relations_sourceId_fk` FOREIGN KEY (`sourceId`) REFERENCES `craft_elements` (`id`) ON DELETE CASCADE,
	ADD CONSTRAINT `craft_relations_sourceLocale_fk` FOREIGN KEY (`sourceLocale`) REFERENCES `craft_locales` (`locale`) ON DELETE CASCADE ON UPDATE CASCADE,
	ADD CONSTRAINT `craft_relations_targetId_fk` FOREIGN KEY (`targetId`) REFERENCES `craft_elements` (`id`) ON DELETE CASCADE;

--
-- Constraints for table `craft_routes`
--
ALTER TABLE `craft_routes`
	ADD CONSTRAINT `craft_routes_locale_fk` FOREIGN KEY (`locale`) REFERENCES `craft_locales` (`locale`) ON DELETE CASCADE ON UPDATE CASCADE;

--
-- Constraints for table `craft_sections`
--
ALTER TABLE `craft_sections`
	ADD CONSTRAINT `craft_sections_structureId_fk` FOREIGN KEY (`structureId`) REFERENCES `craft_structures` (`id`) ON DELETE SET NULL;

--
-- Constraints for table `craft_sections_i18n`
--
ALTER TABLE `craft_sections_i18n`
	ADD CONSTRAINT `craft_sections_i18n_locale_fk` FOREIGN KEY (`locale`) REFERENCES `craft_locales` (`locale`) ON DELETE CASCADE ON UPDATE CASCADE,
	ADD CONSTRAINT `craft_sections_i18n_sectionId_fk` FOREIGN KEY (`sectionId`) REFERENCES `craft_sections` (`id`) ON DELETE CASCADE;

--
-- Constraints for table `craft_sessions`
--
ALTER TABLE `craft_sessions`
	ADD CONSTRAINT `craft_sessions_userId_fk` FOREIGN KEY (`userId`) REFERENCES `craft_users` (`id`) ON DELETE CASCADE;

--
-- Constraints for table `craft_shunnedmessages`
--
ALTER TABLE `craft_shunnedmessages`
	ADD CONSTRAINT `craft_shunnedmessages_userId_fk` FOREIGN KEY (`userId`) REFERENCES `craft_users` (`id`) ON DELETE CASCADE;

--
-- Constraints for table `craft_structureelements`
--
ALTER TABLE `craft_structureelements`
	ADD CONSTRAINT `craft_structureelements_elementId_fk` FOREIGN KEY (`elementId`) REFERENCES `craft_elements` (`id`) ON DELETE CASCADE,
	ADD CONSTRAINT `craft_structureelements_structureId_fk` FOREIGN KEY (`structureId`) REFERENCES `craft_structures` (`id`) ON DELETE CASCADE;

--
-- Constraints for table `craft_taggroups`
--
ALTER TABLE `craft_taggroups`
	ADD CONSTRAINT `craft_taggroups_fieldLayoutId_fk` FOREIGN KEY (`fieldLayoutId`) REFERENCES `craft_fieldlayouts` (`id`) ON DELETE SET NULL;

--
-- Constraints for table `craft_tags`
--
ALTER TABLE `craft_tags`
	ADD CONSTRAINT `craft_tags_groupId_fk` FOREIGN KEY (`groupId`) REFERENCES `craft_taggroups` (`id`) ON DELETE CASCADE,
	ADD CONSTRAINT `craft_tags_id_fk` FOREIGN KEY (`id`) REFERENCES `craft_elements` (`id`) ON DELETE CASCADE;

--
-- Constraints for table `craft_templatecachecriteria`
--
ALTER TABLE `craft_templatecachecriteria`
	ADD CONSTRAINT `craft_templatecachecriteria_cacheId_fk` FOREIGN KEY (`cacheId`) REFERENCES `craft_templatecaches` (`id`) ON DELETE CASCADE;

--
-- Constraints for table `craft_templatecacheelements`
--
ALTER TABLE `craft_templatecacheelements`
	ADD CONSTRAINT `craft_templatecacheelements_cacheId_fk` FOREIGN KEY (`cacheId`) REFERENCES `craft_templatecaches` (`id`) ON DELETE CASCADE,
	ADD CONSTRAINT `craft_templatecacheelements_elementId_fk` FOREIGN KEY (`elementId`) REFERENCES `craft_elements` (`id`) ON DELETE CASCADE;

--
-- Constraints for table `craft_templatecaches`
--
ALTER TABLE `craft_templatecaches`
	ADD CONSTRAINT `craft_templatecaches_locale_fk` FOREIGN KEY (`locale`) REFERENCES `craft_locales` (`locale`) ON DELETE CASCADE ON UPDATE CASCADE;

--
-- Constraints for table `craft_usergroups_users`
--
ALTER TABLE `craft_usergroups_users`
	ADD CONSTRAINT `craft_usergroups_users_groupId_fk` FOREIGN KEY (`groupId`) REFERENCES `craft_usergroups` (`id`) ON DELETE CASCADE,
	ADD CONSTRAINT `craft_usergroups_users_userId_fk` FOREIGN KEY (`userId`) REFERENCES `craft_users` (`id`) ON DELETE CASCADE;

--
-- Constraints for table `craft_userpermissions_usergroups`
--
ALTER TABLE `craft_userpermissions_usergroups`
	ADD CONSTRAINT `craft_userpermissions_usergroups_groupId_fk` FOREIGN KEY (`groupId`) REFERENCES `craft_usergroups` (`id`) ON DELETE CASCADE,
	ADD CONSTRAINT `craft_userpermissions_usergroups_permissionId_fk` FOREIGN KEY (`permissionId`) REFERENCES `craft_userpermissions` (`id`) ON DELETE CASCADE;

--
-- Constraints for table `craft_userpermissions_users`
--
ALTER TABLE `craft_userpermissions_users`
	ADD CONSTRAINT `craft_userpermissions_users_permissionId_fk` FOREIGN KEY (`permissionId`) REFERENCES `craft_userpermissions` (`id`) ON DELETE CASCADE,
	ADD CONSTRAINT `craft_userpermissions_users_userId_fk` FOREIGN KEY (`userId`) REFERENCES `craft_users` (`id`) ON DELETE CASCADE;

--
-- Constraints for table `craft_users`
--
ALTER TABLE `craft_users`
	ADD CONSTRAINT `craft_users_id_fk` FOREIGN KEY (`id`) REFERENCES `craft_elements` (`id`) ON DELETE CASCADE,
	ADD CONSTRAINT `craft_users_preferredLocale_fk` FOREIGN KEY (`preferredLocale`) REFERENCES `craft_locales` (`locale`) ON DELETE SET NULL ON UPDATE CASCADE;

--
-- Constraints for table `craft_widgets`
--
ALTER TABLE `craft_widgets`
	ADD CONSTRAINT `craft_widgets_userId_fk` FOREIGN KEY (`userId`) REFERENCES `craft_users` (`id`) ON DELETE CASCADE;

SET FOREIGN_KEY_CHECKS = 1;
