-- Generated by Craft v2.6.2791 on 29/06/2016 10.36.04.

--
-- Disable foreign key checks and autocommit.
--

SET FOREIGN_KEY_CHECKS = 0;
SET SQL_MODE = "NO_AUTO_VALUE_ON_ZERO";
SET AUTOCOMMIT = 0;
SET NAMES utf8;


DROP TABLE IF EXISTS `craft_assetfiles`;


--
-- Schema for table `craft_assetfiles`
--
CREATE TABLE `craft_assetfiles` (
  `id` int(11) NOT NULL,
  `sourceId` int(11) DEFAULT NULL,
  `folderId` int(11) NOT NULL,
  `filename` varchar(255) COLLATE utf8_unicode_ci NOT NULL,
  `kind` varchar(50) COLLATE utf8_unicode_ci NOT NULL DEFAULT 'unknown',
  `width` int(11) unsigned DEFAULT NULL,
  `height` int(11) unsigned DEFAULT NULL,
  `size` bigint(20) unsigned DEFAULT NULL,
  `dateModified` datetime DEFAULT NULL,
  `dateCreated` datetime NOT NULL,
  `dateUpdated` datetime NOT NULL,
  `uid` char(36) COLLATE utf8_unicode_ci NOT NULL DEFAULT '0',
  PRIMARY KEY (`id`),
  UNIQUE KEY `craft_assetfiles_filename_folderId_unq_idx` (`filename`,`folderId`),
  KEY `craft_assetfiles_sourceId_fk` (`sourceId`),
  KEY `craft_assetfiles_folderId_fk` (`folderId`)
) ENGINE=InnoDB DEFAULT CHARSET=utf8 COLLATE=utf8_unicode_ci;

--
-- Data for table `craft_assetfiles`
--

INSERT INTO `craft_assetfiles` (`id`, `sourceId`, `folderId`, `filename`, `kind`, `width`, `height`, `size`, `dateModified`, `dateCreated`, `dateUpdated`, `uid`) VALUES
 ('95', NULL, '6', 'folder.svg', 'image', '100', '100', '1136', '2016-05-24 10:34:44', '2016-05-24 10:34:44', '2016-05-24 10:34:51', '2522f7d2-6acd-4210-83ad-de988832dc0c'),
 ('123', '1', '7', 'folder.svg', 'image', '100', '100', '1136', '2016-05-30 07:23:35', '2016-05-26 11:57:20', '2016-06-29 09:54:24', '94ed550d-3def-455e-a0c4-c433331c9264'),
 ('133', '1', '7', 'bilka.svg', 'image', '116', '40', '51330', '2016-05-30 07:23:35', '2016-06-02 07:50:37', '2016-06-29 09:54:24', 'd95ae5d1-251a-40a1-a2e6-77c7ec80e197'),
 ('188', '1', '7', 'faq.jpg', 'image', '1920', '1279', '166481', '2016-06-23 14:18:03', '2016-06-27 11:21:50', '2016-06-29 09:54:24', '2039ed24-3e08-4b94-96d2-ce61b05060a7'),
 ('189', '1', '7', 'danrisk-logo.svg', 'image', '595', '164', '974646', '2016-05-27 12:17:15', '2016-06-27 11:21:50', '2016-06-29 09:54:24', '39a50907-1090-45f1-8409-140fb4329324'),
 ('190', '1', '7', 'elektronikforsikring-logo.svg', 'image', '241', '59', '9942', '2016-06-21 08:01:52', '2016-06-27 11:21:50', '2016-06-29 09:54:24', '69582671-32f4-4602-a364-874bb61b3331'),
 ('191', '1', '7', 'foto.jpg', 'image', '1920', '1080', '228564', '2016-06-21 09:33:37', '2016-06-27 11:21:50', '2016-06-29 09:54:25', '6561a134-44d6-43c0-b01d-091cd0afae46'),
 ('192', '1', '7', 'girls.jpg', 'image', '1920', '1206', '113791', '2016-06-21 08:32:48', '2016-06-27 11:21:51', '2016-06-29 09:54:25', 'b54143c6-8a33-494d-b3ea-aa5c25a25aa6'),
 ('203', '1', '7', 'pencil.jpg', 'image', '1920', '670', '183778', '2016-06-29 09:38:00', '2016-06-29 09:38:00', '2016-06-29 09:54:25', '015585b6-6c76-42bd-9f84-1e011e3a9bb0'),
 ('204', '1', '7', 'paper.jpeg', 'image', '4023', '2681', '1371538', '2016-06-29 10:28:31', '2016-06-29 10:28:31', '2016-06-29 10:28:31', '1b5fcd6d-4728-4a38-b5c5-90478a1788a9');



DROP TABLE IF EXISTS `craft_assetfolders`;


--
-- Schema for table `craft_assetfolders`
--
CREATE TABLE `craft_assetfolders` (
  `id` int(11) NOT NULL AUTO_INCREMENT,
  `parentId` int(11) DEFAULT NULL,
  `sourceId` int(11) DEFAULT NULL,
  `name` varchar(255) COLLATE utf8_unicode_ci NOT NULL,
  `path` varchar(255) COLLATE utf8_unicode_ci DEFAULT NULL,
  `dateCreated` datetime NOT NULL,
  `dateUpdated` datetime NOT NULL,
  `uid` char(36) COLLATE utf8_unicode_ci NOT NULL DEFAULT '0',
  PRIMARY KEY (`id`),
  UNIQUE KEY `craft_assetfolders_name_parentId_sourceId_unq_idx` (`name`,`parentId`,`sourceId`),
  KEY `craft_assetfolders_parentId_fk` (`parentId`),
  KEY `craft_assetfolders_sourceId_fk` (`sourceId`)
) ENGINE=InnoDB AUTO_INCREMENT=10 DEFAULT CHARSET=utf8 COLLATE=utf8_unicode_ci;

--
-- Data for table `craft_assetfolders`
--

INSERT INTO `craft_assetfolders` (`id`, `parentId`, `sourceId`, `name`, `path`, `dateCreated`, `dateUpdated`, `uid`) VALUES
 ('1', NULL, NULL, 'Temporary source', NULL, '2016-05-24 10:20:44', '2016-05-24 10:20:44', '7c57e43a-3080-4b5d-9c92-d11765fa9190'),
 ('2', '1', NULL, 'user_1', NULL, '2016-05-24 10:20:44', '2016-05-24 10:20:44', '0db7ca4c-4f93-4384-afbb-81b779c5bc24'),
 ('3', '2', NULL, 'field_14', 'field_14/', '2016-05-24 10:20:44', '2016-05-24 10:20:44', '780da027-ffdb-4f71-a58c-bd4353c6022d'),
 ('4', '1', NULL, 'images', 'images/', '2016-05-24 10:34:51', '2016-05-24 10:34:51', '1d6d45ba-ebbc-4274-b7fa-68a89e07619e'),
 ('5', '4', NULL, 'commerce', 'images/commerce/', '2016-05-24 10:34:51', '2016-05-24 10:34:51', '6bcae836-9776-46b2-8bdc-f8f2fdc0d70c'),
 ('6', '5', NULL, 'products', 'images/commerce/products/', '2016-05-24 10:34:51', '2016-05-24 10:34:51', '2cb92977-9839-447f-8874-83bdab626e83'),
 ('7', NULL, '1', 'images', '', '2016-05-26 11:56:01', '2016-05-26 11:56:01', '3ecbe075-31f7-407a-a4f0-c9562620f400'),
 ('8', '7', '1', 'commerce', 'commerce/', '2016-06-02 07:50:37', '2016-06-02 07:50:37', '82ad0320-97c8-45e1-8634-e8326fa5e2b8'),
 ('9', '8', '1', 'products', 'commerce/products/', '2016-06-02 07:50:37', '2016-06-02 07:50:37', 'c886cc43-7b93-42b1-b973-28bbe7be4c08');



DROP TABLE IF EXISTS `craft_assetindexdata`;


--
-- Schema for table `craft_assetindexdata`
--
CREATE TABLE `craft_assetindexdata` (
  `id` int(11) NOT NULL AUTO_INCREMENT,
  `sessionId` varchar(36) COLLATE utf8_unicode_ci NOT NULL DEFAULT '',
  `sourceId` int(10) NOT NULL,
  `offset` int(10) NOT NULL,
  `uri` varchar(255) COLLATE utf8_unicode_ci DEFAULT NULL,
  `size` varchar(255) COLLATE utf8_unicode_ci DEFAULT NULL,
  `recordId` int(10) DEFAULT NULL,
  `dateCreated` datetime NOT NULL,
  `dateUpdated` datetime NOT NULL,
  `uid` char(36) COLLATE utf8_unicode_ci NOT NULL DEFAULT '0',
  PRIMARY KEY (`id`),
  UNIQUE KEY `craft_assetindexdata_sessionId_sourceId_offset_unq_idx` (`sessionId`,`sourceId`,`offset`),
  KEY `craft_assetindexdata_sourceId_fk` (`sourceId`)
) ENGINE=InnoDB DEFAULT CHARSET=utf8 COLLATE=utf8_unicode_ci;

DROP TABLE IF EXISTS `craft_assetsources`;


--
-- Schema for table `craft_assetsources`
--
CREATE TABLE `craft_assetsources` (
  `id` int(11) NOT NULL AUTO_INCREMENT,
  `name` varchar(255) COLLATE utf8_unicode_ci NOT NULL,
  `handle` varchar(255) COLLATE utf8_unicode_ci NOT NULL,
  `type` varchar(150) COLLATE utf8_unicode_ci NOT NULL,
  `settings` text COLLATE utf8_unicode_ci,
  `sortOrder` smallint(6) unsigned DEFAULT NULL,
  `fieldLayoutId` int(10) DEFAULT NULL,
  `dateCreated` datetime NOT NULL,
  `dateUpdated` datetime NOT NULL,
  `uid` char(36) COLLATE utf8_unicode_ci NOT NULL DEFAULT '0',
  PRIMARY KEY (`id`),
  UNIQUE KEY `craft_assetsources_name_unq_idx` (`name`),
  UNIQUE KEY `craft_assetsources_handle_unq_idx` (`handle`),
  KEY `craft_assetsources_fieldLayoutId_fk` (`fieldLayoutId`)
) ENGINE=InnoDB AUTO_INCREMENT=2 DEFAULT CHARSET=utf8 COLLATE=utf8_unicode_ci;

--
-- Data for table `craft_assetsources`
--

INSERT INTO `craft_assetsources` (`id`, `name`, `handle`, `type`, `settings`, `sortOrder`, `fieldLayoutId`, `dateCreated`, `dateUpdated`, `uid`) VALUES
 ('1', 'images', 'images', 'Local', '{\"path\":\"assets\\/images\\/\",\"publicURLs\":\"1\",\"url\":\"http:\\/\\/ef.18digital.dev\\/assets\\/images\\/\"}', '1', '87', '2016-05-26 11:56:01', '2016-06-29 09:54:17', '75799f85-b359-4b0d-ab68-f01b613bcb33');



DROP TABLE IF EXISTS `craft_assettransformindex`;


--
-- Schema for table `craft_assettransformindex`
--
CREATE TABLE `craft_assettransformindex` (
  `id` int(11) NOT NULL AUTO_INCREMENT,
  `fileId` int(11) NOT NULL,
  `filename` varchar(255) COLLATE utf8_unicode_ci DEFAULT NULL,
  `format` varchar(255) COLLATE utf8_unicode_ci DEFAULT NULL,
  `location` varchar(255) COLLATE utf8_unicode_ci NOT NULL,
  `sourceId` int(11) DEFAULT NULL,
  `fileExists` tinyint(1) DEFAULT NULL,
  `inProgress` tinyint(1) DEFAULT NULL,
  `dateIndexed` datetime DEFAULT NULL,
  `dateCreated` datetime NOT NULL,
  `dateUpdated` datetime NOT NULL,
  `uid` char(36) COLLATE utf8_unicode_ci NOT NULL DEFAULT '0',
  PRIMARY KEY (`id`),
  KEY `craft_assettransformindex_sourceId_fileId_location_idx` (`sourceId`,`fileId`,`location`)
) ENGINE=InnoDB DEFAULT CHARSET=utf8 COLLATE=utf8_unicode_ci;

DROP TABLE IF EXISTS `craft_assettransforms`;


--
-- Schema for table `craft_assettransforms`
--
CREATE TABLE `craft_assettransforms` (
  `id` int(11) NOT NULL AUTO_INCREMENT,
  `name` varchar(255) COLLATE utf8_unicode_ci NOT NULL,
  `handle` varchar(255) COLLATE utf8_unicode_ci NOT NULL,
  `mode` enum('stretch','fit','crop') COLLATE utf8_unicode_ci NOT NULL DEFAULT 'crop',
  `position` enum('top-left','top-center','top-right','center-left','center-center','center-right','bottom-left','bottom-center','bottom-right') COLLATE utf8_unicode_ci NOT NULL DEFAULT 'center-center',
  `height` int(10) DEFAULT NULL,
  `width` int(10) DEFAULT NULL,
  `format` varchar(255) COLLATE utf8_unicode_ci DEFAULT NULL,
  `quality` int(10) DEFAULT NULL,
  `dimensionChangeTime` datetime DEFAULT NULL,
  `dateCreated` datetime NOT NULL,
  `dateUpdated` datetime NOT NULL,
  `uid` char(36) COLLATE utf8_unicode_ci NOT NULL DEFAULT '0',
  PRIMARY KEY (`id`),
  UNIQUE KEY `craft_assettransforms_name_unq_idx` (`name`),
  UNIQUE KEY `craft_assettransforms_handle_unq_idx` (`handle`)
) ENGINE=InnoDB DEFAULT CHARSET=utf8 COLLATE=utf8_unicode_ci;

DROP TABLE IF EXISTS `craft_categories`;


--
-- Schema for table `craft_categories`
--
CREATE TABLE `craft_categories` (
  `id` int(11) NOT NULL,
  `groupId` int(11) NOT NULL,
  `dateCreated` datetime NOT NULL,
  `dateUpdated` datetime NOT NULL,
  `uid` char(36) COLLATE utf8_unicode_ci NOT NULL DEFAULT '0',
  PRIMARY KEY (`id`),
  KEY `craft_categories_groupId_fk` (`groupId`)
) ENGINE=InnoDB DEFAULT CHARSET=utf8 COLLATE=utf8_unicode_ci;

DROP TABLE IF EXISTS `craft_categorygroups`;


--
-- Schema for table `craft_categorygroups`
--
CREATE TABLE `craft_categorygroups` (
  `id` int(11) NOT NULL AUTO_INCREMENT,
  `structureId` int(11) NOT NULL,
  `fieldLayoutId` int(11) DEFAULT NULL,
  `name` varchar(255) COLLATE utf8_unicode_ci NOT NULL,
  `handle` varchar(255) COLLATE utf8_unicode_ci NOT NULL,
  `hasUrls` tinyint(1) unsigned NOT NULL DEFAULT '1',
  `template` varchar(500) COLLATE utf8_unicode_ci DEFAULT NULL,
  `dateCreated` datetime NOT NULL,
  `dateUpdated` datetime NOT NULL,
  `uid` char(36) COLLATE utf8_unicode_ci NOT NULL DEFAULT '0',
  PRIMARY KEY (`id`),
  UNIQUE KEY `craft_categorygroups_name_unq_idx` (`name`),
  UNIQUE KEY `craft_categorygroups_handle_unq_idx` (`handle`),
  KEY `craft_categorygroups_structureId_fk` (`structureId`),
  KEY `craft_categorygroups_fieldLayoutId_fk` (`fieldLayoutId`)
) ENGINE=InnoDB DEFAULT CHARSET=utf8 COLLATE=utf8_unicode_ci;

DROP TABLE IF EXISTS `craft_categorygroups_i18n`;


--
-- Schema for table `craft_categorygroups_i18n`
--
CREATE TABLE `craft_categorygroups_i18n` (
  `id` int(11) NOT NULL AUTO_INCREMENT,
  `groupId` int(11) NOT NULL,
  `locale` char(12) COLLATE utf8_unicode_ci NOT NULL,
  `urlFormat` text COLLATE utf8_unicode_ci,
  `nestedUrlFormat` text COLLATE utf8_unicode_ci,
  `dateCreated` datetime NOT NULL,
  `dateUpdated` datetime NOT NULL,
  `uid` char(36) COLLATE utf8_unicode_ci NOT NULL DEFAULT '0',
  PRIMARY KEY (`id`),
  UNIQUE KEY `craft_categorygroups_i18n_groupId_locale_unq_idx` (`groupId`,`locale`),
  KEY `craft_categorygroups_i18n_locale_fk` (`locale`)
) ENGINE=InnoDB DEFAULT CHARSET=utf8 COLLATE=utf8_unicode_ci;

DROP TABLE IF EXISTS `craft_commerce_addresses`;


--
-- Schema for table `craft_commerce_addresses`
--
CREATE TABLE `craft_commerce_addresses` (
  `id` int(11) NOT NULL AUTO_INCREMENT,
  `firstName` varchar(255) COLLATE utf8_unicode_ci NOT NULL,
  `lastName` varchar(255) COLLATE utf8_unicode_ci NOT NULL,
  `countryId` int(10) DEFAULT NULL,
  `stateId` int(10) DEFAULT NULL,
  `address1` varchar(255) COLLATE utf8_unicode_ci DEFAULT NULL,
  `address2` varchar(255) COLLATE utf8_unicode_ci DEFAULT NULL,
  `city` varchar(255) COLLATE utf8_unicode_ci DEFAULT NULL,
  `zipCode` varchar(255) COLLATE utf8_unicode_ci DEFAULT NULL,
  `phone` varchar(255) COLLATE utf8_unicode_ci DEFAULT NULL,
  `alternativePhone` varchar(255) COLLATE utf8_unicode_ci DEFAULT NULL,
  `businessName` varchar(255) COLLATE utf8_unicode_ci DEFAULT NULL,
  `businessTaxId` varchar(255) COLLATE utf8_unicode_ci DEFAULT NULL,
  `stateName` varchar(255) COLLATE utf8_unicode_ci DEFAULT NULL,
  `dateCreated` datetime NOT NULL,
  `dateUpdated` datetime NOT NULL,
  `uid` char(36) COLLATE utf8_unicode_ci NOT NULL DEFAULT '0',
  PRIMARY KEY (`id`),
  KEY `craft_commerce_addresses_countryId_fk` (`countryId`),
  KEY `craft_commerce_addresses_stateId_fk` (`stateId`)
) ENGINE=InnoDB AUTO_INCREMENT=197 DEFAULT CHARSET=utf8 COLLATE=utf8_unicode_ci;

--
-- Data for table `craft_commerce_addresses`
--

INSERT INTO `craft_commerce_addresses` (`id`, `firstName`, `lastName`, `countryId`, `stateId`, `address1`, `address2`, `city`, `zipCode`, `phone`, `alternativePhone`, `businessName`, `businessTaxId`, `stateName`, `dateCreated`, `dateUpdated`, `uid`) VALUES
 ('2', 'Martin', 'Beuschau', NULL, NULL, 'Danshøjvej 22', NULL, 'Valby', '2500', '31310006', NULL, NULL, NULL, NULL, '2016-05-24 10:01:19', '2016-05-24 10:01:19', '3734a4b7-054a-49cb-82e2-c1ed9a5a142e'),
 ('3', 'Martin', 'Beuschau', NULL, NULL, 'Danshøjvej 22', NULL, 'Valby', '2500', '31310006', NULL, NULL, NULL, NULL, '2016-05-24 10:01:19', '2016-05-24 10:01:19', '84ecc53f-b33d-48f9-83b3-0bfc99953b71'),
 ('9', 'Martin', 'Beuschau', NULL, NULL, 'Danshøjvej 22', NULL, 'Valby', '2500', '31310006', NULL, NULL, NULL, NULL, '2016-05-24 12:10:27', '2016-06-28 15:27:03', 'b06784f3-aef2-45bb-b162-8d33553305c6'),
 ('12', 'John', 'Nielsen', NULL, NULL, 'Roskildevej', NULL, 'Roskilde', '220', '31310006', NULL, NULL, NULL, NULL, '2016-05-24 12:14:09', '2016-06-01 20:13:39', '2ad426b7-943c-439d-8c59-496e60b1fc02'),
 ('13', 'Martin', 'Beuschau', NULL, NULL, 'Danshøjvej 22', NULL, 'Valby', '2500', '31310006', NULL, NULL, NULL, NULL, '2016-05-24 12:40:59', '2016-05-24 12:40:59', '7806dd36-dd0b-46f8-9606-3aadeeba5831'),
 ('14', 'Martin', 'Beuschau', NULL, NULL, 'Danshøjvej 22', NULL, 'Valby', '2500', '31310006', NULL, NULL, NULL, NULL, '2016-05-24 12:40:59', '2016-05-24 12:40:59', 'f6d25066-73fc-41df-bfbe-ff157c4c8cc3'),
 ('15', 'Martin', 'Beuschau', NULL, NULL, 'Danshøjvej 22', NULL, 'Valby', '2500', '31310006', NULL, NULL, NULL, NULL, '2016-05-24 13:07:55', '2016-05-24 13:07:55', 'd483c1d8-de1a-4aeb-b2ae-7ef473388351'),
 ('16', 'Martin', 'Beuschau', NULL, NULL, 'Danshøjvej 22', NULL, 'Valby', '2500', '31310006', NULL, NULL, NULL, NULL, '2016-05-24 13:09:27', '2016-05-24 13:09:27', 'e0febd0f-3f23-4ba1-85a1-8531ac033e92'),
 ('17', 'Martin', 'Beuschau', NULL, NULL, 'Danshøjvej 22', NULL, 'Valby', '2500', '31310006', NULL, NULL, NULL, NULL, '2016-05-24 13:09:59', '2016-05-24 13:09:59', 'c8a8e2f0-9b17-4978-bf73-daafa2295744'),
 ('18', 'Martin', 'Beuschau', NULL, NULL, 'Danshøjvej 22', NULL, 'Valby', '2500', '31310006', NULL, NULL, NULL, NULL, '2016-05-24 13:13:13', '2016-05-24 13:13:13', '79f1d704-c8c6-4206-a383-b30646a18771'),
 ('19', 'Martin', 'Beuschau', NULL, NULL, 'Danshøjvej 22', NULL, 'Valby', '2500', '31310006', NULL, NULL, NULL, NULL, '2016-05-24 13:46:47', '2016-05-24 13:46:47', '449267b5-1eee-4bb4-8397-a85b67d89d8b'),
 ('20', 'Louise', 'Beuschau', NULL, NULL, 'Danshøjvej 22', NULL, 'Valby', '2500', '31310006', NULL, NULL, NULL, NULL, '2016-05-24 14:10:02', '2016-05-24 14:10:02', '021c7e08-2290-4a34-847e-c1ff19f615ac'),
 ('21', 'Martin', 'Beuschau', NULL, NULL, 'Danshøjvej 22', NULL, 'Valby', '2500', '31310006', NULL, NULL, NULL, NULL, '2016-05-24 20:28:14', '2016-05-24 20:28:14', 'd06d8ff3-f310-4ff8-a6bc-fc28e744457d'),
 ('22', 'Martin', 'Beuschau', NULL, NULL, 'Danshøjvej 22', NULL, 'Valby', '2500', '31310006', NULL, NULL, NULL, NULL, '2016-05-24 20:29:52', '2016-05-24 20:29:52', 'e9fb7fe6-7cfa-44e0-b1ff-8285a6b5f330'),
 ('23', 'Martin', 'Beuschau', NULL, NULL, 'Danshøjvej 22', NULL, 'Valby', '2500', '31310006', NULL, NULL, NULL, NULL, '2016-05-24 20:29:52', '2016-05-24 20:29:52', '2e54fc18-6c2a-49b9-8e55-deb321caeff9'),
 ('24', 'Martin', 'Beuschau', NULL, NULL, 'Danshøjvej 22', NULL, 'Valby', '2500', '31310006', NULL, NULL, NULL, NULL, '2016-05-24 20:33:05', '2016-05-24 20:33:05', '4791caf9-ae31-4396-a019-43ed0fdb3bc1'),
 ('25', 'Martin', 'Beuschau', NULL, NULL, 'Danshøjvej 22', NULL, 'Valby', '2500', '31310006', NULL, NULL, NULL, NULL, '2016-05-24 20:33:05', '2016-05-24 20:33:05', '5afa0a92-8d33-4611-bd0b-0e081fc4d277'),
 ('26', 'Martin', 'Beuschau', NULL, NULL, 'Danshøjvej 22', NULL, 'Valby', '2500', '31310006', NULL, NULL, NULL, NULL, '2016-05-24 20:49:43', '2016-05-24 20:49:43', '4a227b67-2308-403d-a4a6-7439fb802302'),
 ('27', 'Martin', 'Beuschau', NULL, NULL, 'Danshøjvej 22', NULL, 'Valby', '2500', '31310006', NULL, NULL, NULL, NULL, '2016-05-24 20:49:43', '2016-05-24 20:49:43', 'e2550a8e-d448-486b-8000-3645b26d3ad6'),
 ('28', 'Martin', 'Beuschau', NULL, NULL, 'Danshøjvej 22', NULL, 'Valby', '2500', '31310006', NULL, NULL, NULL, NULL, '2016-05-24 20:59:18', '2016-05-24 20:59:18', 'ad417b2d-934d-468a-8352-6567e8d9d1e1'),
 ('29', 'Martin', 'Beuschau', NULL, NULL, 'Danshøjvej 22', NULL, 'Valby', '2500', '31310006', NULL, NULL, NULL, NULL, '2016-05-24 20:59:18', '2016-05-24 20:59:18', 'e66144e6-df26-4bb4-bf8e-cbcb77f4833e'),
 ('30', 'Martin', 'Beuschau', NULL, NULL, 'Danshøjvej 22', NULL, 'Valby', '2500', '31310006', NULL, NULL, NULL, NULL, '2016-05-25 13:58:53', '2016-05-25 13:58:53', '87c24629-660e-4580-b0f3-a6314d28280a'),
 ('31', 'Martin', 'Beuschau', NULL, NULL, 'Danshøjvej 22', NULL, 'Valby', '2500', '31310006', NULL, NULL, NULL, NULL, '2016-05-25 13:59:06', '2016-05-25 13:59:06', '1b1f9757-7963-475c-b895-17ae2852a6ab'),
 ('32', 'Martin', 'Beuschau', NULL, NULL, 'Danshøjvej 22', NULL, 'Valby', '2500', '31310006', NULL, NULL, NULL, NULL, '2016-05-25 13:59:06', '2016-05-25 13:59:06', '30e4f301-e25f-4f7e-94df-64560cac27da'),
 ('33', 'Martin', 'Beuschau', NULL, NULL, 'Danshøjvej 22', NULL, 'Valby', '2500', '31310006', NULL, NULL, NULL, NULL, '2016-05-25 14:04:07', '2016-05-25 14:04:07', '3f9accab-4329-4fed-bca1-3500de6f9408'),
 ('34', 'Martin', 'Beuschau', NULL, NULL, 'Danshøjvej 22', NULL, 'Valby', '2500', '31310006', NULL, NULL, NULL, NULL, '2016-05-25 14:04:07', '2016-05-25 14:04:07', '75ea10d1-8ceb-44b0-bc5f-3b5745e4304c'),
 ('35', 'Martin', 'Beuschau', NULL, NULL, 'Danshøjvej 22', NULL, 'Valby', '2500', '31310006', NULL, NULL, NULL, NULL, '2016-05-25 14:08:24', '2016-05-25 14:08:24', '0b34a5c1-555e-48ef-a258-beca801d4bf1'),
 ('36', 'Martin', 'Beuschau', NULL, NULL, 'Danshøjvej 22', NULL, 'Valby', '2500', '31310006', NULL, NULL, NULL, NULL, '2016-05-25 14:08:24', '2016-05-25 14:08:24', '5a3ea3c1-561e-43b6-825e-d884bf3a1c53'),
 ('37', 'Martin', 'Beuschau', NULL, NULL, 'Danshøjvej 22', NULL, 'Valby', '2500', '31310006', NULL, NULL, NULL, NULL, '2016-05-25 15:00:24', '2016-05-25 15:00:24', '4ca19ef0-e4b0-4642-8de8-17a0aee39077'),
 ('38', 'Martin', 'Beuschau', NULL, NULL, 'Danshøjvej 22', NULL, 'Valby', '2500', '31310006', NULL, NULL, NULL, NULL, '2016-05-25 15:00:24', '2016-05-25 15:00:24', 'e298911c-3a51-4957-87b9-6669a79a0bb0'),
 ('39', 'Martin', 'Beuschau', NULL, NULL, 'Danshøjvej 22', NULL, 'Valby', '2500', '31310006', NULL, NULL, NULL, NULL, '2016-05-25 15:02:26', '2016-05-25 15:02:26', '043e8794-92f9-45bf-aeee-a8b7057681c1'),
 ('40', 'Martin', 'Beuschau', NULL, NULL, 'Danshøjvej 22', NULL, 'Valby', '2500', '31310006', NULL, NULL, NULL, NULL, '2016-05-25 15:02:26', '2016-05-25 15:02:26', '4be06c9b-6928-402a-bee4-b849d66210a5'),
 ('41', 'Martin', 'Beuschau', NULL, NULL, 'Danshøjvej 22', NULL, 'Valby', '2500', '31310006', NULL, NULL, NULL, NULL, '2016-05-25 15:52:42', '2016-05-25 15:52:42', 'eacff017-e67c-4ce6-b184-265c81ecb89b'),
 ('42', 'Martin', 'Beuschau', NULL, NULL, 'Danshøjvej 22', NULL, 'Valby', '2500', '31310006', NULL, NULL, NULL, NULL, '2016-05-25 15:52:42', '2016-05-25 15:52:42', 'c2d9efa7-9d8b-47bb-a36d-8ed8d3248811'),
 ('43', 'Martin', 'Beuschau', NULL, NULL, 'Danshøjvej 22', NULL, 'Valby', '2500', '31310006', NULL, NULL, NULL, NULL, '2016-05-25 15:58:29', '2016-05-25 15:58:29', '38b2da38-bdaf-4652-8b09-95185f1c7fd7'),
 ('44', 'Martin', 'Beuschau', NULL, NULL, 'Danshøjvej 22', NULL, 'Valby', '2500', '31310006', NULL, NULL, NULL, NULL, '2016-05-25 15:58:29', '2016-05-25 15:58:29', 'a436a5cb-4f5a-4ed5-aa3b-f4a263adbeb5'),
 ('45', 'Martin', 'Beuschau', NULL, NULL, 'Danshøjvej 22', NULL, 'Valby', '2500', '31310006', NULL, NULL, NULL, NULL, '2016-05-25 16:09:26', '2016-05-25 16:09:26', '3381a180-0d03-46d7-9e34-89ad62a8da9e'),
 ('46', 'Martin', 'Beuschau', NULL, NULL, 'Danshøjvej 22', NULL, 'Valby', '2500', '31310006', NULL, NULL, NULL, NULL, '2016-05-25 16:09:26', '2016-05-25 16:09:26', '2c282588-93c0-422c-8797-bc1e7825840d'),
 ('47', 'Martin', 'Beuschau', NULL, NULL, 'Danshøjvej 22', NULL, 'Valby', '2500', '31310006', NULL, NULL, NULL, NULL, '2016-05-25 16:23:03', '2016-05-25 16:23:03', '4158c533-cf20-465a-b581-73ec675efc6c'),
 ('48', 'Martin', 'Beuschau', NULL, NULL, 'Danshøjvej 22', NULL, 'Valby', '2500', '31310006', NULL, NULL, NULL, NULL, '2016-05-25 16:23:03', '2016-05-25 16:23:03', '94a56d48-cffa-4c65-9fe9-bee30039972d'),
 ('49', 'Martin', 'Beuschau', NULL, NULL, 'Danshøjvej 22', NULL, 'Valby', '2500', '31310006', NULL, NULL, NULL, NULL, '2016-05-25 17:33:14', '2016-05-25 17:33:14', '043ba289-2de5-4225-b361-1414a46032ae'),
 ('50', 'Martin', 'Beuschau', NULL, NULL, 'Danshøjvej 22', NULL, 'Valby', '2500', '31310006', NULL, NULL, NULL, NULL, '2016-05-25 17:35:05', '2016-05-25 17:35:05', '8ee69d87-3524-4e75-b350-02a96d65e18d'),
 ('51', 'Martin', 'Beuschau', '59', NULL, 'Danshøjvej 22', '', 'Valby', '2500', '31310006', '', '', '', NULL, '2016-05-25 17:58:14', '2016-05-25 17:58:14', '51227348-8db1-4010-948d-b7c6c8fffcb9'),
 ('52', 'Martin', 'Beuschau', '59', NULL, 'Danshøjvej 22', '', 'Valby', '2500', '31310006', '', '', '', NULL, '2016-05-25 17:58:14', '2016-05-25 17:58:14', '7ca112af-0721-4f87-8400-61c918d4d59e'),
 ('53', 'Martin', 'Beuschau', '59', NULL, 'Danshøjvej 22', '', 'Valby', '2500', '31310006', '', '', '', NULL, '2016-05-25 18:13:10', '2016-05-25 18:13:10', 'a698e047-9602-4456-8ef4-b3c333827afc'),
 ('54', 'Martin', 'Beuschau', '59', NULL, 'Danshøjvej 22', '', 'Valby', '2500', '31310006', '', '', '', NULL, '2016-05-25 18:13:10', '2016-05-25 18:13:10', '60351469-462a-4f2b-a484-8b0d08d8083e'),
 ('55', 'Martin', 'Beuschau', '59', NULL, 'Danshøjvej 22', '', 'Valby', '2500', '31310006', '', '', '', NULL, '2016-05-25 18:28:42', '2016-05-25 18:28:42', '0ab74fb3-c683-4b2e-9bc6-c721039db77b'),
 ('56', 'Martin', 'Beuschau', '59', NULL, 'Danshøjvej 22', '', 'Valby', '2500', '31310006', '', '', '', NULL, '2016-05-25 18:28:42', '2016-05-25 18:28:42', '3bf6a712-0e2b-4275-8826-421df20441c9'),
 ('57', 'Martin', 'Beuschau', '59', NULL, 'Danshøjvej 22', '', 'Valby', '2500', '31310006', '', '', '', NULL, '2016-05-25 18:32:56', '2016-05-25 18:32:56', '73b769ad-cf2c-4741-bb23-341e70e80997'),
 ('58', 'Martin', 'Beuschau', '59', NULL, 'Danshøjvej 22', '', 'Valby', '2500', '31310006', '', '', '', NULL, '2016-05-25 18:32:56', '2016-05-25 18:32:56', 'bc57c1df-9cf7-4aaf-93ae-fa49b3a767d2'),
 ('59', 'Martin', 'Beuschau', '59', NULL, 'Danshøjvej 22', '', 'Valby', '2500', '31310006', '', '', '', NULL, '2016-05-25 18:49:44', '2016-05-25 18:49:44', 'efc31a01-f40d-4691-9803-5c582b6a9172'),
 ('60', 'Martin', 'Beuschau', '59', NULL, 'Danshøjvej 22', '', 'Valby', '2500', '31310006', '', '', '', NULL, '2016-05-25 18:49:44', '2016-05-25 18:49:44', '82305e4d-f51b-4d36-a5c6-fe8cae9d89f4'),
 ('61', 'Louise', 'Beuschau', NULL, NULL, 'Danshøjvej 22', NULL, 'Valby', '2500', '27113408', NULL, NULL, NULL, NULL, '2016-05-25 18:53:56', '2016-05-25 18:53:56', '74e31878-1ee2-4346-a06c-74726faa984d'),
 ('62', 'Louise', 'Beuschau', NULL, NULL, 'Danshøjvej 22', NULL, 'Valby', '2500', '27113408', NULL, NULL, NULL, NULL, '2016-05-25 18:54:32', '2016-05-25 18:54:32', '5249e866-5040-42b2-ba74-4496411bec37'),
 ('63', 'Louise', 'Beuschau', NULL, NULL, 'Danshøjvej 22', NULL, 'Valby', '2500', '27113408', NULL, NULL, NULL, NULL, '2016-05-25 18:54:32', '2016-05-25 18:54:32', 'e05d9287-448c-4fd6-85b7-06d519e55ef1'),
 ('64', 'Martin', 'Beuschau', '59', NULL, 'Danshøjvej 22', '', 'Valby', '2500', '31310006', '', '', '', NULL, '2016-05-25 19:59:51', '2016-05-25 19:59:51', '56ce7eb3-1448-4126-81f2-aa3d5edc47a7'),
 ('65', 'Martin', 'Beuschau', '59', NULL, 'Danshøjvej 22', '', 'Valby', '2500', '31310006', '', '', '', NULL, '2016-05-25 19:59:51', '2016-05-25 19:59:51', '26537a08-d914-4541-a4d2-54b7d4615710'),
 ('66', 'Martin', 'Beuschau', NULL, NULL, 'Danshøjvej 22', NULL, 'Valby', '2500', '31310006', NULL, NULL, NULL, NULL, '2016-05-30 06:51:47', '2016-05-30 06:51:47', 'f58261e1-f835-45e6-8fb9-32f2797b9655'),
 ('67', 'Martin', 'Beuschau', NULL, NULL, 'Danshøjvej 22', NULL, 'Valby', '2500', '31310006', NULL, NULL, NULL, NULL, '2016-05-30 08:18:21', '2016-05-30 08:18:21', 'f8bc8cfb-499a-4b0e-94dc-88a509d275b5'),
 ('68', 'Martin', 'Beuschau', '59', NULL, 'Danshøjvej 22', '', 'Valby', '2500', '31310006', '', '', '', NULL, '2016-05-30 09:38:16', '2016-05-30 09:38:16', '55bac641-3c0c-4f0d-9b72-9ee08c6051bc'),
 ('69', 'Martin', 'Beuschau', '59', NULL, 'Danshøjvej 22', '', 'Valby', '2500', '31310006', '', '', '', NULL, '2016-05-30 09:38:16', '2016-05-30 09:38:16', '8bd42e70-f436-4650-bbd6-762cb93efe50'),
 ('70', 'Martin', 'Beuschau', NULL, NULL, 'Danshøjvej 22', NULL, 'Valby', '2500', '31310006', NULL, NULL, NULL, NULL, '2016-05-30 12:06:41', '2016-05-30 12:06:41', '5c5f92c1-5ccb-4302-ab64-2e98042112de'),
 ('71', 'Martin', 'Beuschau', NULL, NULL, 'Danshøjvej 22', NULL, 'Valby', '2500', '31310006', NULL, NULL, NULL, NULL, '2016-05-30 13:55:53', '2016-05-30 13:55:53', 'a3fb9604-4609-473b-8c99-539406c25c68'),
 ('72', 'Martin', 'Beuschau', '59', NULL, 'Danshøjvej 22', '', 'Valby', '2500', '31310006', '', '', '', NULL, '2016-05-31 07:39:28', '2016-05-31 07:39:28', '5f22f59e-2dec-451b-b308-5b93f9db5fbf'),
 ('73', 'Martin', 'Beuschau', '59', NULL, 'Danshøjvej 22', '', 'Valby', '2500', '31310006', '', '', '', NULL, '2016-05-31 07:39:28', '2016-05-31 07:39:28', 'd3d5e585-d211-4ff9-a20a-a58012db1ea5'),
 ('74', 'Martin', 'Beuschau', NULL, NULL, 'Danshøjvej 22', NULL, 'Valby', '2500', '31310006', NULL, NULL, NULL, NULL, '2016-05-31 07:52:22', '2016-05-31 07:52:22', '85bc3e8b-7305-4e14-beb6-d068089ec1f7'),
 ('75', 'Martin', 'Beuschau', NULL, NULL, 'Danshøjvej 22', NULL, 'Valby', '2500', '31310006', NULL, NULL, NULL, NULL, '2016-05-31 07:52:40', '2016-05-31 07:52:40', 'adc7f5ab-f1ca-4552-9f70-4a00ca2dd926'),
 ('76', 'Martin', 'Beuschau', NULL, NULL, 'Danshøjvej 22', NULL, 'Valby', '2500', '31310006', NULL, NULL, NULL, NULL, '2016-05-31 07:52:40', '2016-05-31 07:52:40', 'a8fafbd3-4fb8-4d95-82ca-306c5ba0389c'),
 ('77', 'Martin', 'Leiberg Beuschau', NULL, NULL, 'Visbygade 16', NULL, 'København Ø', '2100', '31310006', NULL, NULL, NULL, NULL, '2016-05-31 08:04:50', '2016-05-31 08:04:50', '1b2fd00a-0514-4d5c-83e8-205af478653e'),
 ('78', 'Martin', 'Leiberg Beuschau', NULL, NULL, 'Visbygade 16', NULL, 'København Ø', '2100', '31310006', NULL, NULL, NULL, NULL, '2016-05-31 08:05:07', '2016-05-31 08:05:07', 'd5e46dfb-b2e0-4a1a-a8ca-6114e376e349'),
 ('79', 'Martin', 'Leiberg Beuschau', NULL, NULL, 'Visbygade 16', NULL, 'København Ø', '2100', '31310006', NULL, NULL, NULL, NULL, '2016-05-31 08:05:07', '2016-05-31 08:05:07', '7449123d-60b2-4531-9376-260c800a48a7'),
 ('80', 'Martin', 'Leiberg Beuschau', NULL, NULL, 'Visbygade 16', NULL, 'København Ø', '2100', '31310006', NULL, NULL, NULL, NULL, '2016-05-31 08:06:54', '2016-05-31 08:06:54', '8a6285c7-e38a-4350-b6b7-17f63dcdb23a'),
 ('81', 'Martin', 'Beuschau', NULL, NULL, 'Danshøjvej 22', NULL, 'Valby', '2500', '31310006', NULL, NULL, NULL, NULL, '2016-06-01 13:36:22', '2016-06-01 13:36:22', '1cdcb633-33fa-47ae-9f96-1580ab5abd70'),
 ('82', 'Martin', 'Beuschau', NULL, NULL, 'Danshøjvej 22', NULL, 'Valby', '2500', '31310006', NULL, NULL, NULL, NULL, '2016-06-02 07:04:37', '2016-06-02 07:04:37', '97e48fea-07fa-4d9c-b6ce-56ee1570d423'),
 ('83', 'Martin', 'Beuschau', NULL, NULL, 'Danshøjvej 22', NULL, 'Valby', '2500', '31310006', NULL, NULL, NULL, NULL, '2016-06-02 09:07:44', '2016-06-02 09:07:44', '197b86b9-8040-455c-96fb-9c8229d59792'),
 ('84', 'Martin', 'Beuschau', '59', NULL, 'Danshøjvej 22', '', 'Valby', '2500', '31310006', '', '', '', NULL, '2016-06-02 09:37:48', '2016-06-02 09:37:48', '42442a5a-20d3-49c4-83e3-8e8fd643b74c'),
 ('85', 'Martin', 'Beuschau', '59', NULL, 'Danshøjvej 22', '', 'Valby', '2500', '31310006', '', '', '', NULL, '2016-06-02 09:37:48', '2016-06-02 09:37:48', '425097fe-777c-44eb-bb07-5a4d1c1b2221'),
 ('86', 'Martin', 'Beuschau', NULL, NULL, 'Danshøjvej 22', NULL, 'Valby', '2500', '31310006', NULL, NULL, NULL, NULL, '2016-06-03 08:19:05', '2016-06-03 08:19:05', '7dc3ebe7-4717-4548-8abb-729004ef5525'),
 ('87', 'Martin', 'Beuschau', NULL, NULL, 'Danshøjvej 22', NULL, 'Valby', '2500', '31310006', NULL, NULL, NULL, NULL, '2016-06-03 08:38:15', '2016-06-03 08:38:15', '1b942047-619f-4cab-88e8-f95d565521a3'),
 ('88', 'Martin', 'Beuschau', NULL, NULL, 'Danshøjvej 22', NULL, 'Valby', '2500', '31310006', NULL, NULL, NULL, NULL, '2016-06-03 08:38:15', '2016-06-03 08:38:15', '784f5818-5fb7-4ae8-ba0a-79b4af73197c'),
 ('89', 'Martin', 'Beuschau', NULL, NULL, 'Danshøjvej 22', NULL, 'Valby', '2500', '31310006', NULL, NULL, NULL, NULL, '2016-06-03 08:41:15', '2016-06-03 08:41:15', 'dd725560-d785-4a36-b367-c1ddebe18974'),
 ('90', 'Martin', 'Beuschau', NULL, NULL, 'Danshøjvej 22', NULL, 'Valby', '2500', '31310006', NULL, NULL, NULL, NULL, '2016-06-03 08:43:50', '2016-06-03 08:43:50', 'eebfe7af-e1d6-4a5e-9657-4651d50e342a'),
 ('91', 'Martin', 'Beuschau', NULL, NULL, 'Danshøjvej 22', NULL, 'Valby', '2500', '31310006', NULL, NULL, NULL, NULL, '2016-06-03 08:43:50', '2016-06-03 08:43:50', '2338da2c-5590-4427-aa92-b031413b8e1e'),
 ('92', 'Martin', 'Beuschau', NULL, NULL, 'Danshøjvej 22', NULL, 'Valby', '2500', '31310006', NULL, NULL, NULL, NULL, '2016-06-03 08:46:08', '2016-06-03 08:46:08', 'b7e700c2-d1f8-4aea-9e2d-c5266c7ec514'),
 ('93', 'Martin', 'Beuschau', NULL, NULL, 'Danshøjvej 22', NULL, 'Valby', '2500', '31310006', NULL, NULL, NULL, NULL, '2016-06-03 08:46:26', '2016-06-03 08:46:26', '6e8b1a7b-8b6d-46e7-90bc-153e6db38a44'),
 ('94', 'Martin', 'Beuschau', NULL, NULL, 'Danshøjvej 22', NULL, 'Valby', '2500', '31310006', NULL, NULL, NULL, NULL, '2016-06-03 08:46:26', '2016-06-03 08:46:26', '250ed94f-5cb1-4d95-84d7-fa6367ae6a36'),
 ('95', 'Martin', 'Beuschau', NULL, NULL, 'Danshøjvej 22', NULL, 'Valby', '2500', '31310006', NULL, NULL, NULL, NULL, '2016-06-03 08:54:30', '2016-06-03 08:54:30', '38ab4187-b45b-4b97-b2e0-d69c7baee219'),
 ('96', 'Martin', 'Beuschau', '59', NULL, 'Danshøjvej 22', '', 'Valby', '2500', '31310006', '', '', '', NULL, '2016-06-03 09:44:48', '2016-06-03 09:44:48', '10ccddcf-e73a-4c1b-a3dc-1efd9ea81505'),
 ('97', 'Martin', 'Beuschau', '59', NULL, 'Danshøjvej 22', '', 'Valby', '2500', '31310006', '', '', '', NULL, '2016-06-03 09:44:48', '2016-06-03 09:44:48', 'fa6936ad-c360-4088-835d-4d3a1cf485aa'),
 ('98', 'Martin', 'Beuschau', '59', NULL, 'Danshøjvej 22', '', 'Valby', '2500', '31310006', '', '', '', NULL, '2016-06-03 10:26:19', '2016-06-03 10:26:19', '5c7df8e7-f0ab-465d-9492-10a7bff929d6'),
 ('99', 'Martin', 'Beuschau', '59', NULL, 'Danshøjvej 22', '', 'Valby', '2500', '31310006', '', '', '', NULL, '2016-06-03 10:26:19', '2016-06-03 10:26:19', 'fdf7dc5b-2a91-41d1-88fe-6d167c21abca'),
 ('100', 'Martin', 'Beuschau', NULL, NULL, 'Danshøjvej 22', NULL, 'Valby', '2500', '31310006', NULL, NULL, NULL, NULL, '2016-06-03 14:19:00', '2016-06-03 14:19:00', '19730faa-479b-4fb8-9e59-f68c45bcc4d4'),
 ('101', 'Martin', 'Beuschau', NULL, NULL, 'Danshøjvej 22', NULL, 'Valby', '2500', '31310006', NULL, NULL, NULL, NULL, '2016-06-06 12:11:35', '2016-06-06 12:11:35', '9b2e7d00-b6db-442d-b2e2-de2bfeac4e56'),
 ('102', 'Martin', 'Beuschau', NULL, NULL, 'Danshøjvej 22', NULL, 'Valby', '2500', '31310006', NULL, NULL, NULL, NULL, '2016-06-06 13:00:25', '2016-06-06 13:00:25', 'e934df0d-ec73-4626-acc9-e2196aab1a38'),
 ('103', 'Martin', 'Beuschau', '59', NULL, 'Danshøjvej 22', '', 'Valby', '2500', '31310006', '', '', '', NULL, '2016-06-06 13:41:34', '2016-06-06 13:41:34', '69e53e0d-770f-408f-8278-d304fb17eb77'),
 ('104', 'Martin', 'Beuschau', '59', NULL, 'Danshøjvej 22', '', 'Valby', '2500', '31310006', '', '', '', NULL, '2016-06-06 13:41:34', '2016-06-06 13:41:34', '4f824c21-28ef-4ce8-8b90-a1e3f5364956'),
 ('105', 'Martin', 'Beuschau', '59', NULL, 'Danshøjvej 22', '', 'Valby', '2500', '31310006', '', '', '', NULL, '2016-06-06 13:46:20', '2016-06-06 13:46:20', 'be607239-2b0b-4d7a-872b-289210c2cad7'),
 ('106', 'Martin', 'Beuschau', '59', NULL, 'Danshøjvej 22', '', 'Valby', '2500', '31310006', '', '', '', NULL, '2016-06-06 13:46:20', '2016-06-06 13:46:20', 'def1a214-256f-4d48-8019-a2535f3d45fb'),
 ('107', 'Martin', 'Beuschau', '59', NULL, 'Danshøjvej 22', '', 'Valby', '2500', '31310006', '', '', '', NULL, '2016-06-06 13:54:19', '2016-06-06 13:54:19', 'e024fb0e-c58c-4f28-9672-bb09eefac642'),
 ('108', 'Martin', 'Beuschau', '59', NULL, 'Danshøjvej 22', '', 'Valby', '2500', '31310006', '', '', '', NULL, '2016-06-06 13:54:19', '2016-06-06 13:54:19', '79dcf35a-f91a-408b-8172-d8805af4eb25');
INSERT INTO `craft_commerce_addresses` (`id`, `firstName`, `lastName`, `countryId`, `stateId`, `address1`, `address2`, `city`, `zipCode`, `phone`, `alternativePhone`, `businessName`, `businessTaxId`, `stateName`, `dateCreated`, `dateUpdated`, `uid`) VALUES
 ('109', 'Martin', 'Beuschau', NULL, NULL, 'Danshøjvej 22', NULL, 'Valby', '2500', '31310006', NULL, NULL, NULL, NULL, '2016-06-06 14:43:26', '2016-06-06 14:43:26', '4d26687c-2c87-41d9-a9ee-47894eba652e'),
 ('110', 'Martin', 'Beuschau', NULL, NULL, 'Danshøjvej 22', NULL, 'Valby', '2500', '31310006', NULL, NULL, NULL, NULL, '2016-06-06 14:49:15', '2016-06-06 14:49:15', '691294a3-f8d8-4c2b-982a-68ff02930a42'),
 ('111', 'Martin', 'Beuschau', NULL, NULL, 'Danshøjvej 22', NULL, 'Valby', '2500', '31310006', NULL, NULL, NULL, NULL, '2016-06-06 14:49:15', '2016-06-06 14:49:15', 'ff31e510-05da-4d3f-adff-a985fe7e9307'),
 ('112', 'Martin', 'Beuschau', NULL, NULL, 'Danshøjvej 22', NULL, 'Valby', '2500', '31310006', NULL, NULL, NULL, NULL, '2016-06-06 14:51:01', '2016-06-06 14:51:01', '5eb3ce21-61a6-4e6f-a5bf-fcb902a7cf39'),
 ('113', 'Martin', 'Beuschau', NULL, NULL, 'Danshøjvej 22', NULL, 'Valby', '2500', '31310006', NULL, NULL, NULL, NULL, '2016-06-08 20:43:32', '2016-06-08 20:43:32', '954a7c41-f1aa-463d-8ff0-da951bd18f81'),
 ('114', 'Martin', 'Beuschau', '59', NULL, 'Danshøjvej 22', '', 'Valby', '2500', '31310006', '', '', '', NULL, '2016-06-08 21:03:38', '2016-06-08 21:03:38', '0d7137f8-b67b-4eb5-9f79-dca69a13ce2b'),
 ('115', 'Martin', 'Beuschau', '59', NULL, 'Danshøjvej 22', '', 'Valby', '2500', '31310006', '', '', '', NULL, '2016-06-08 21:03:38', '2016-06-08 21:03:38', 'd3c21000-6728-4bdc-a223-9a59e8e3e3da'),
 ('116', 'Martin', 'Beuschau', '59', NULL, 'Danshøjvej 22', '', 'Valby', '2500', '31310006', '', '', '', NULL, '2016-06-08 21:10:54', '2016-06-08 21:10:54', 'dc332008-bd58-4ca1-9359-c18aea9cc014'),
 ('117', 'Martin', 'Beuschau', '59', NULL, 'Danshøjvej 22', '', 'Valby', '2500', '31310006', '', '', '', NULL, '2016-06-08 21:10:54', '2016-06-08 21:10:54', '93e097b8-5d48-4f21-8e42-3447c1110836'),
 ('118', 'Martin', 'Beuschau', NULL, NULL, 'Danshøjvej 22', NULL, 'Valby', '2500', '31310006', NULL, NULL, NULL, NULL, '2016-06-10 07:05:35', '2016-06-10 07:05:35', 'dd924795-f09b-4ea3-816d-64d71fc293cf'),
 ('119', 'Martin', 'Beuschau', NULL, NULL, 'Danshøjvej 22', NULL, 'Valby', '2500', '31310006', NULL, NULL, NULL, NULL, '2016-06-10 07:06:04', '2016-06-10 07:06:04', '3a3a000b-e717-481f-a5e5-9faa1b91585e'),
 ('120', 'Martin', 'Beuschau', NULL, NULL, 'Danshøjvej 22', NULL, 'Valby', '2500', '31310006', NULL, NULL, NULL, NULL, '2016-06-10 07:06:04', '2016-06-10 07:06:04', '43658d5f-c77a-4ef9-959b-495e43234026'),
 ('121', 'Martin', 'Beuschau', NULL, NULL, 'Danshøjvej 22', NULL, 'Valby', '2500', '31310006', NULL, NULL, NULL, NULL, '2016-06-10 07:17:34', '2016-06-10 07:17:34', '4bd7b944-8d7f-485c-b5b9-8f0d31259ebb'),
 ('122', 'Martin', 'Beuschau', NULL, NULL, 'Danshøjvej 22', NULL, 'Valby', '2500', '31310006', NULL, NULL, NULL, NULL, '2016-06-10 08:08:49', '2016-06-10 08:08:49', '7be28785-f381-4122-8c88-d67c469155c7'),
 ('123', 'Martin', 'Beuschau', '59', NULL, 'Danshøjvej 22', '', 'Valby', '2500', '31310006', '', '', '', NULL, '2016-06-10 08:15:43', '2016-06-10 08:15:43', '12a2d2db-f43c-4943-98e2-15298e6a20a2'),
 ('124', 'Martin', 'Beuschau', '59', NULL, 'Danshøjvej 22', '', 'Valby', '2500', '31310006', '', '', '', NULL, '2016-06-10 08:15:43', '2016-06-10 08:15:43', '54a05c04-dd27-4879-8cec-cf7743c7436f'),
 ('125', 'Martin', 'Beuschau', '59', NULL, 'Danshøjvej 22', '', 'Valby', '2500', '31310006', '', '', '', NULL, '2016-06-10 12:00:39', '2016-06-10 12:00:39', '475db47b-6b7c-4a75-8558-747d7bff80c6'),
 ('126', 'Martin', 'Beuschau', '59', NULL, 'Danshøjvej 22', '', 'Valby', '2500', '31310006', '', '', '', NULL, '2016-06-10 12:00:39', '2016-06-10 12:00:39', '3484e954-17b8-453a-a6bf-83bfd108a009'),
 ('127', 'Martin', 'Beuschau', '59', NULL, 'Danshøjvej 22', '', 'Valby', '2500', '31310006', '', '', '', NULL, '2016-06-10 12:08:01', '2016-06-10 12:08:01', '77bf9e92-8132-4584-999c-942361e9c0af'),
 ('128', 'Martin', 'Beuschau', '59', NULL, 'Danshøjvej 22', '', 'Valby', '2500', '31310006', '', '', '', NULL, '2016-06-10 12:08:01', '2016-06-10 12:08:01', 'adeb20f5-4602-4cd5-b3b6-267b1c93ae24'),
 ('129', 'Martin', 'Beuschau', '59', NULL, 'Danshøjvej 22', '', 'Valby', '2500', '31310006', '', '', '', NULL, '2016-06-10 12:16:42', '2016-06-10 12:16:42', '5a9742bd-6be2-4aec-9d84-0b6a87c98136'),
 ('130', 'Martin', 'Beuschau', '59', NULL, 'Danshøjvej 22', '', 'Valby', '2500', '31310006', '', '', '', NULL, '2016-06-10 12:16:42', '2016-06-10 12:16:42', 'd936c9b4-757c-4839-92f4-e5bf4ac5c218'),
 ('131', 'Martin', 'Beuschau', NULL, NULL, 'Danshøjvej 22', NULL, 'Valby', '2500', '31310006', NULL, NULL, NULL, NULL, '2016-06-10 13:57:05', '2016-06-10 13:57:05', '5a4e97a8-10b8-4879-adce-0037602dabcb'),
 ('132', 'Martin', 'Beuschau', NULL, NULL, 'Danshøjvej 22', NULL, 'Valby', '2500', '31310006', NULL, NULL, NULL, NULL, '2016-06-14 07:20:57', '2016-06-14 07:20:57', '847d6066-3829-48cc-8df1-9b664a761404'),
 ('133', 'Martin', 'Beuschau', NULL, NULL, 'Danshøjvej 22', NULL, 'Valby', '2500', '31310006', NULL, NULL, NULL, NULL, '2016-06-14 07:43:21', '2016-06-14 07:43:21', 'ed02e0a2-91f3-49c9-b1cc-e07dad98e62c'),
 ('134', 'Martin', 'Beuschau', NULL, NULL, 'Danshøjvej 22', NULL, 'Valby', '2500', '31310006', NULL, NULL, NULL, NULL, '2016-06-14 07:43:21', '2016-06-14 07:43:21', '84943cef-d809-46bb-bce2-11eae1aa5451'),
 ('135', 'Martin', 'Beuschau', NULL, NULL, 'Danshøjvej 22', NULL, 'Valby', '2500', '31310006', NULL, NULL, NULL, NULL, '2016-06-14 07:48:51', '2016-06-14 07:48:51', 'c3cda7ee-8478-41c1-a8a6-cfaa96e9137e'),
 ('136', 'Martin', 'Beuschau', NULL, NULL, 'Danshøjvej 22', NULL, 'Valby', '2500', '31310006', NULL, NULL, NULL, NULL, '2016-06-14 07:49:12', '2016-06-14 07:49:12', '1a5dcf07-cda4-462d-8732-49c3c556af6a'),
 ('137', 'Martin', 'Beuschau', NULL, NULL, 'Danshøjvej 22', NULL, 'Valby', '2500', '31310006', NULL, NULL, NULL, NULL, '2016-06-14 07:49:12', '2016-06-14 07:49:12', '6fa10bb4-b409-44ef-a470-9a82d20eec14'),
 ('138', 'Martin', 'Beuschau', NULL, NULL, 'Danshøjvej 22', NULL, 'Valby', '2500', '31310006', NULL, NULL, NULL, NULL, '2016-06-14 07:54:33', '2016-06-14 07:54:33', 'fd4a9fe5-f2eb-40e7-8abc-7c04b557125c'),
 ('139', 'Martin', 'Beuschau', NULL, NULL, 'Danshøjvej 22', NULL, 'Valby', '2500', '31310006', NULL, NULL, NULL, NULL, '2016-06-14 07:54:51', '2016-06-14 07:54:51', 'c066b441-9a5d-4bce-ba97-18797c086022'),
 ('140', 'Martin', 'Beuschau', NULL, NULL, 'Danshøjvej 22', NULL, 'Valby', '2500', '31310006', NULL, NULL, NULL, NULL, '2016-06-14 07:54:51', '2016-06-14 07:54:51', 'c79074cd-c0cf-4c42-84d3-7868ecb3521f'),
 ('141', 'Martin', 'Beuschau', NULL, NULL, 'Danshøjvej 22', NULL, 'Valby', '2500', '31310006', NULL, NULL, NULL, NULL, '2016-06-14 08:04:09', '2016-06-14 08:04:09', '46ead02d-1cf8-48cc-966d-81c29c730a3b'),
 ('142', 'Martin', 'Beuschau', NULL, NULL, 'Danshøjvej 22', NULL, 'Valby', '2500', '31310006', NULL, NULL, NULL, NULL, '2016-06-14 08:04:39', '2016-06-14 08:04:39', '15f82453-a88c-4976-b72a-263216b39a15'),
 ('143', 'Martin', 'Beuschau', NULL, NULL, 'Danshøjvej 22', NULL, 'Valby', '2500', '31310006', NULL, NULL, NULL, NULL, '2016-06-14 08:04:39', '2016-06-14 08:04:39', '82bedaa9-77d9-4412-9f35-b6d5db7d18da'),
 ('144', 'Martin', 'Beuschau', NULL, NULL, 'Danshøjvej 22', NULL, 'Valby', '2500', '31310006', NULL, NULL, NULL, NULL, '2016-06-14 08:31:16', '2016-06-14 08:31:16', '8d6c71c4-2492-45b9-bbb1-249d919627bf'),
 ('145', 'Martin', 'Beuschau', NULL, NULL, 'Danshøjvej 22', NULL, 'Valby', '2500', '31310006', NULL, NULL, NULL, NULL, '2016-06-14 08:31:35', '2016-06-14 08:31:35', '5a560673-4215-4e50-847d-f6c95ea57d18'),
 ('146', 'Martin', 'Beuschau', NULL, NULL, 'Danshøjvej 22', NULL, 'Valby', '2500', '31310006', NULL, NULL, NULL, NULL, '2016-06-14 08:31:35', '2016-06-14 08:31:35', 'd4334730-293d-4883-885d-e9fb1cd39e52'),
 ('147', 'Martin', 'Beuschau', NULL, NULL, 'Danshøjvej 22', NULL, 'Valby', '2500', '31310006', NULL, NULL, NULL, NULL, '2016-06-14 08:34:02', '2016-06-14 08:34:02', 'efd204fb-06b2-493f-9f3e-51f0f832a7be'),
 ('148', 'Martin', 'Beuschau', NULL, NULL, 'Danshøjvej 22', NULL, 'Valby', '2500', '31310006', NULL, NULL, NULL, NULL, '2016-06-14 08:34:19', '2016-06-14 08:34:19', '158c4007-ae1a-49c3-bc2f-c20d65d2c8b7'),
 ('149', 'Martin', 'Beuschau', NULL, NULL, 'Danshøjvej 22', NULL, 'Valby', '2500', '31310006', NULL, NULL, NULL, NULL, '2016-06-14 08:34:19', '2016-06-14 08:34:19', '39817ee7-92e1-4778-8976-c5e431a5e1b9'),
 ('150', 'Martin', 'Beuschau', NULL, NULL, 'Danshøjvej 22', NULL, 'Valby', '2500', '31310006', NULL, NULL, NULL, NULL, '2016-06-14 08:38:24', '2016-06-14 08:38:24', '1dc764c3-fc53-4ded-b39b-ca59b2dc0cd0'),
 ('151', 'Martin', 'Beuschau', NULL, NULL, 'Danshøjvej 22', NULL, 'Valby', '2500', '31310006', NULL, NULL, NULL, NULL, '2016-06-14 08:39:43', '2016-06-14 08:39:43', 'c6e0f9c6-73f5-47d5-82df-bb627c9b1ad5'),
 ('152', 'Martin', 'Beuschau', NULL, NULL, 'Danshøjvej 22', NULL, 'Valby', '2500', '31310006', NULL, NULL, NULL, NULL, '2016-06-14 08:39:43', '2016-06-14 08:39:43', '6c0508ba-a08e-4e57-93f2-e530494fc974'),
 ('153', 'Martin', 'Beuschau', NULL, NULL, 'Danshøjvej 22', NULL, 'Valby', '2500', '31310006', NULL, NULL, NULL, NULL, '2016-06-14 08:44:30', '2016-06-14 08:44:30', 'bffccede-3830-495b-b056-a9715ca556ec'),
 ('154', 'Martin', 'Beuschau', NULL, NULL, 'Danshøjvej 22', NULL, 'Valby', '2500', '31310006', NULL, NULL, NULL, NULL, '2016-06-14 08:45:03', '2016-06-14 08:45:03', 'e0fc4bd7-2cc5-4792-bc3a-eeea3357a771'),
 ('155', 'Martin', 'Beuschau', NULL, NULL, 'Danshøjvej 22', NULL, 'Valby', '2500', '31310006', NULL, NULL, NULL, NULL, '2016-06-14 08:45:03', '2016-06-14 08:45:03', '2446c9d7-cb25-4050-929e-41ac2a57766d'),
 ('156', 'Martin', 'Beuschau', NULL, NULL, 'Danshøjvej 22', NULL, 'Valby', '2500', '31310006', NULL, NULL, NULL, NULL, '2016-06-14 08:54:43', '2016-06-14 08:54:43', '14b2ed49-7e6b-4cc9-ab7b-13618fbf2a83'),
 ('157', 'Martin', 'Beuschau', NULL, NULL, 'Danshøjvej 22', NULL, 'Valby', '2500', '31310006', NULL, NULL, NULL, NULL, '2016-06-14 08:55:14', '2016-06-14 08:55:14', '9e3f99ab-170f-4086-9b82-eabc88bce4d4'),
 ('158', 'Martin', 'Beuschau', NULL, NULL, 'Danshøjvej 22', NULL, 'Valby', '2500', '31310006', NULL, NULL, NULL, NULL, '2016-06-14 08:55:14', '2016-06-14 08:55:14', '06159ed9-5e75-444c-9df6-633ea21f812a'),
 ('159', 'Martin', 'Beuschau', NULL, NULL, 'Danshøjvej 22', NULL, 'Valby', '2500', '31310006', NULL, NULL, NULL, NULL, '2016-06-14 08:57:16', '2016-06-14 08:57:16', '4b94be9a-d859-4ca1-b5d1-55b4d05d5c30'),
 ('160', 'Martin', 'Beuschau', NULL, NULL, 'Danshøjvej 22', NULL, 'Valby', '2500', '31310006', NULL, NULL, NULL, NULL, '2016-06-14 08:57:40', '2016-06-14 08:57:40', '902dab67-f351-480d-985b-6e7df8c83c19'),
 ('161', 'Martin', 'Beuschau', NULL, NULL, 'Danshøjvej 22', NULL, 'Valby', '2500', '31310006', NULL, NULL, NULL, NULL, '2016-06-14 08:57:40', '2016-06-14 08:57:40', '97194e45-d8f9-4f91-9784-dae054233e01'),
 ('162', 'Martin', 'Beuschau', NULL, NULL, 'Danshøjvej 22', NULL, 'Valby', '2500', '31310006', NULL, NULL, NULL, NULL, '2016-06-14 08:58:42', '2016-06-14 08:58:42', 'b2955db4-1ef0-41c8-b24e-74d386e74300'),
 ('163', 'Martin', 'Beuschau', NULL, NULL, 'Danshøjvej 22', NULL, 'Valby', '2500', '31310006', NULL, NULL, NULL, NULL, '2016-06-14 08:59:11', '2016-06-14 08:59:11', 'efc94ca2-bba8-48c4-8c94-cf14c1af98ed'),
 ('164', 'Martin', 'Beuschau', NULL, NULL, 'Danshøjvej 22', NULL, 'Valby', '2500', '31310006', NULL, NULL, NULL, NULL, '2016-06-14 08:59:11', '2016-06-14 08:59:11', '966a564a-c3bd-42db-b811-37b34580bc74'),
 ('165', 'Martin', 'Beuschau', NULL, NULL, 'Danshøjvej 22', NULL, 'Valby', '2500', '31310006', NULL, NULL, NULL, NULL, '2016-06-14 09:09:13', '2016-06-14 09:09:13', '530cf541-3a57-4a45-a2c1-b99379082ae3'),
 ('166', 'Martin', 'Beuschau', '59', NULL, 'Danshøjvej 22', '', 'Valby', '2500', '31310006', '', '', '', NULL, '2016-06-14 11:11:20', '2016-06-14 11:11:20', '8bdd95f3-727e-45a6-95df-3dccda6cd7d4'),
 ('167', 'Martin', 'Beuschau', '59', NULL, 'Danshøjvej 22', '', 'Valby', '2500', '31310006', '', '', '', NULL, '2016-06-14 11:11:20', '2016-06-14 11:11:20', '68295a1b-b224-4866-8679-861074f9ba6d'),
 ('168', 'Martin', 'Beuschau', '59', NULL, 'Danshøjvej 22', '', 'Valby', '2500', '31310006', '', '', '', NULL, '2016-06-14 11:16:27', '2016-06-14 11:16:27', 'a6f48f65-e531-4fe7-96a8-9b82c88094e7'),
 ('169', 'Martin', 'Beuschau', '59', NULL, 'Danshøjvej 22', '', 'Valby', '2500', '31310006', '', '', '', NULL, '2016-06-14 11:16:27', '2016-06-14 11:16:27', '18b63a44-b588-4c7d-b6ec-42f27cac39fb'),
 ('170', 'Martin', 'Beuschau', '59', NULL, 'Danshøjvej 22', '', 'Valby', '2500', '31310006', '', '', '', NULL, '2016-06-14 11:22:16', '2016-06-14 11:22:16', '338a36ba-5d10-42fa-804b-946e65f86626'),
 ('171', 'Martin', 'Beuschau', '59', NULL, 'Danshøjvej 22', '', 'Valby', '2500', '31310006', '', '', '', NULL, '2016-06-14 11:22:16', '2016-06-14 11:22:16', 'af7fc649-ab19-43c1-89a7-15912f31507b'),
 ('172', 'Martin', 'Beuschau', '59', NULL, 'Danshøjvej 22', '', 'Valby', '2500', '31310006', '', '', '', NULL, '2016-06-14 11:31:10', '2016-06-14 11:31:10', '240c4401-4371-4e46-b756-73b5cb55095f'),
 ('173', 'Martin', 'Beuschau', '59', NULL, 'Danshøjvej 22', '', 'Valby', '2500', '31310006', '', '', '', NULL, '2016-06-14 11:31:10', '2016-06-14 11:31:10', 'c243a457-5c1c-4f09-a7ce-f906f3126298'),
 ('174', 'Martin', 'Beuschau', '59', NULL, 'Danshøjvej 22', '', 'Valby', '2500', '31310006', '', '', '', NULL, '2016-06-14 11:33:38', '2016-06-14 11:33:38', '1638bb08-bb72-4ab0-ac64-cfd14e831690'),
 ('175', 'Martin', 'Beuschau', '59', NULL, 'Danshøjvej 22', '', 'Valby', '2500', '31310006', '', '', '', NULL, '2016-06-14 11:33:38', '2016-06-14 11:33:38', '4d53054d-abc6-4608-8a2b-6aef32ee6e7f'),
 ('176', 'Martin', 'Beuschau', '59', NULL, 'Danshøjvej 22', '', 'Valby', '2500', '31310006', '', '', '', NULL, '2016-06-14 11:43:27', '2016-06-14 11:43:27', 'bbc6a82e-4bbe-49d2-9d23-36db4fd8d781'),
 ('177', 'Martin', 'Beuschau', '59', NULL, 'Danshøjvej 22', '', 'Valby', '2500', '31310006', '', '', '', NULL, '2016-06-14 11:43:27', '2016-06-14 11:43:27', '3fc11960-fbaf-4f82-934b-79b47ef199b0'),
 ('178', 'Martin', 'Beuschau', '59', NULL, 'Danshøjvej 22', '', 'Valby', '2500', '31310006', '', '', '', NULL, '2016-06-14 12:06:31', '2016-06-14 12:06:31', '40ed628a-798d-493f-9e40-a7f4d918358e'),
 ('179', 'Martin', 'Beuschau', '59', NULL, 'Danshøjvej 22', '', 'Valby', '2500', '31310006', '', '', '', NULL, '2016-06-14 12:06:31', '2016-06-14 12:06:31', '9e7eef36-a7cb-4071-9163-069424308f55'),
 ('180', 'Martin', 'Beuschau', NULL, NULL, 'Danshøjvej 22', NULL, 'Valby', '2500', '31310006', NULL, NULL, NULL, NULL, '2016-06-14 12:08:23', '2016-06-14 12:08:23', 'f0a887eb-b280-4904-98e9-6e5fdfc35d9b'),
 ('181', 'Martin', 'Beuschau', NULL, NULL, 'Danshøjvej 22', NULL, 'Valby', '2500', '31310006', NULL, NULL, NULL, NULL, '2016-06-14 12:08:23', '2016-06-14 12:08:23', 'd1d60ddf-17b0-47bd-9b76-006206a5ff91'),
 ('182', 'Martin', 'Beuschau', NULL, NULL, 'Danshøjvej 22', NULL, 'Valby', '2500', '31310006', NULL, NULL, NULL, NULL, '2016-06-14 12:16:25', '2016-06-14 12:16:25', '033094cd-674b-462d-946e-bf320b0762ae'),
 ('183', 'Martin', 'Beuschau', NULL, NULL, 'Danshøjvej 22', NULL, 'Valby', '2500', '31310006', NULL, NULL, NULL, NULL, '2016-06-14 12:16:25', '2016-06-14 12:16:25', '06b375ff-d555-4aa7-8491-7c1b71c9768a'),
 ('184', 'Martin', 'Beuschau', NULL, NULL, 'Danshøjvej 22', NULL, 'Valby', '2500', '31310006', NULL, NULL, NULL, NULL, '2016-06-14 12:17:28', '2016-06-14 12:17:28', 'a5908074-e693-45db-8042-2087500a1295'),
 ('185', 'Martin', 'Beuschau', NULL, NULL, 'Danshøjvej 22', NULL, 'Valby', '2500', '31310006', NULL, NULL, NULL, NULL, '2016-06-14 12:17:28', '2016-06-14 12:17:28', '8f836c77-65c5-4926-9185-dd1a3e2bbc92'),
 ('186', 'Martin', 'Beuschau', NULL, NULL, 'Danshøjvej 22', NULL, 'Valby', '2500', '31310006', NULL, NULL, NULL, NULL, '2016-06-14 12:45:48', '2016-06-14 12:45:48', '9589b06d-06b2-4d81-bf11-78db94be3002'),
 ('187', 'Martin', 'Beuschau', NULL, NULL, 'Danshøjvej 22', NULL, 'Valby', '2500', '31310006', NULL, NULL, NULL, NULL, '2016-06-14 12:45:48', '2016-06-14 12:45:48', '55cd40bc-d174-4698-94ff-1fe0eefbf558'),
 ('188', 'Martin', 'Beuschau', NULL, NULL, 'Danshøjvej 22', NULL, 'Valby', '2500', '31310006', NULL, NULL, NULL, NULL, '2016-06-14 14:13:45', '2016-06-14 14:13:45', '70f27524-8e7f-469a-945a-4317f5a462ee'),
 ('189', 'Martin', 'Beuschau', NULL, NULL, 'Danshøjvej 22', NULL, 'Valby', '2500', '31310006', NULL, NULL, NULL, NULL, '2016-06-14 14:14:11', '2016-06-14 14:14:11', '03561be4-234e-468c-bcee-b61009b43dd7'),
 ('190', 'Martin', 'Beuschau', NULL, NULL, 'Danshøjvej 22', NULL, 'Valby', '2500', '31310006', NULL, NULL, NULL, NULL, '2016-06-14 14:14:11', '2016-06-14 14:14:11', 'ce0bdfd9-05e0-4dd5-b86a-8c1a151a57fe'),
 ('191', 'Martin', 'Beuschau', NULL, NULL, 'Danshøjvej 22', NULL, 'Valby', '2500', '31310006', NULL, NULL, NULL, NULL, '2016-06-14 14:15:07', '2016-06-14 14:15:07', '01f67601-e6dc-4148-98c1-e59db2573aed'),
 ('192', 'Martin', 'Beuschau', NULL, NULL, 'Danshøjvej 22', NULL, 'Valby', '2500', '31310006', NULL, NULL, NULL, NULL, '2016-06-14 14:15:36', '2016-06-14 14:15:36', '7e468ee9-1d42-43ac-b0d8-4a332d87f388'),
 ('193', 'Martin', 'Beuschau', NULL, NULL, 'Danshøjvej 22', NULL, 'Valby', '2500', '31310006', NULL, NULL, NULL, NULL, '2016-06-14 14:15:36', '2016-06-14 14:15:36', '0a59d0ed-c428-4391-a414-cec3f82f064f'),
 ('194', 'Martin', 'Beuschau', NULL, NULL, 'Danshøjvej 22', NULL, 'Valby', '2500', '31310006', NULL, NULL, NULL, NULL, '2016-06-27 06:08:38', '2016-06-27 06:08:38', 'bcd2c020-05f5-4f3d-92d3-9125f3c0a440'),
 ('195', 'Martin', 'Beuschau', NULL, NULL, 'Danshøjvej 22', NULL, 'Valby', '2500', '31310006', NULL, NULL, NULL, NULL, '2016-06-27 12:38:33', '2016-06-27 12:38:33', '48c4aa15-2d8e-4a0a-91a8-98743b82cace'),
 ('196', 'Martin', 'Beuschau', NULL, NULL, 'Finsensvej 22', NULL, 'Valby', '2500', '31310006', NULL, NULL, NULL, NULL, '2016-06-28 15:55:50', '2016-06-29 07:43:23', '5f79c8bd-c53e-4e15-9f89-eece741613e8');



DROP TABLE IF EXISTS `craft_commerce_countries`;


--
-- Schema for table `craft_commerce_countries`
--
CREATE TABLE `craft_commerce_countries` (
  `id` int(11) NOT NULL AUTO_INCREMENT,
  `name` varchar(255) COLLATE utf8_unicode_ci NOT NULL,
  `iso` varchar(2) COLLATE utf8_unicode_ci NOT NULL,
  `stateRequired` tinyint(1) unsigned NOT NULL DEFAULT '0',
  `dateCreated` datetime NOT NULL,
  `dateUpdated` datetime NOT NULL,
  `uid` char(36) COLLATE utf8_unicode_ci NOT NULL DEFAULT '0',
  PRIMARY KEY (`id`),
  UNIQUE KEY `craft_commerce_countries_name_unq_idx` (`name`),
  UNIQUE KEY `craft_commerce_countries_iso_unq_idx` (`iso`)
) ENGINE=InnoDB AUTO_INCREMENT=250 DEFAULT CHARSET=utf8 COLLATE=utf8_unicode_ci;

--
-- Data for table `craft_commerce_countries`
--

INSERT INTO `craft_commerce_countries` (`id`, `name`, `iso`, `stateRequired`, `dateCreated`, `dateUpdated`, `uid`) VALUES
 ('1', 'Andorra', 'AD', '0', '2016-05-24 09:30:02', '2016-05-24 09:30:02', 'a092f314-6853-4d43-bd90-5223b1358771'),
 ('2', 'United Arab Emirates', 'AE', '0', '2016-05-24 09:30:02', '2016-05-24 09:30:02', '49879b55-99b5-4361-a6ce-ed4308f95ce8'),
 ('3', 'Afghanistan', 'AF', '0', '2016-05-24 09:30:02', '2016-05-24 09:30:02', '743bbffe-1012-405c-91d7-5f9e301f688c'),
 ('4', 'Antigua and Barbuda', 'AG', '0', '2016-05-24 09:30:02', '2016-05-24 09:30:02', 'ff3d9514-d9a7-47bf-a6a4-aafb0abe1b15'),
 ('5', 'Anguilla', 'AI', '0', '2016-05-24 09:30:02', '2016-05-24 09:30:02', 'f08a0987-bd77-473c-97f9-f52202712554'),
 ('6', 'Albania', 'AL', '0', '2016-05-24 09:30:02', '2016-05-24 09:30:02', '10a3d4e6-8704-4ca1-a567-df2e75fe9bc3'),
 ('7', 'Armenia', 'AM', '0', '2016-05-24 09:30:02', '2016-05-24 09:30:02', 'cb5bb5f3-53dc-44a1-b303-7a864c769496'),
 ('8', 'Angola', 'AO', '0', '2016-05-24 09:30:02', '2016-05-24 09:30:02', 'b2e236dc-89cd-4c41-a594-252b229841b0'),
 ('9', 'Antarctica', 'AQ', '0', '2016-05-24 09:30:02', '2016-05-24 09:30:02', '398d363a-6dc9-4627-8b48-5a554f5a2d63'),
 ('10', 'Argentina', 'AR', '0', '2016-05-24 09:30:02', '2016-05-24 09:30:02', 'c2322833-8d76-4924-9873-3190c5c2ce67'),
 ('11', 'American Samoa', 'AS', '0', '2016-05-24 09:30:02', '2016-05-24 09:30:02', 'fd8376ec-9d26-4075-a14d-83ec3900576d'),
 ('12', 'Austria', 'AT', '0', '2016-05-24 09:30:02', '2016-05-24 09:30:02', '046fb47b-755b-4df5-b96f-2112c9917e7f'),
 ('13', 'Australia', 'AU', '0', '2016-05-24 09:30:02', '2016-05-24 09:30:02', 'b14b5441-658a-44c8-9bdd-36185341ce66'),
 ('14', 'Aruba', 'AW', '0', '2016-05-24 09:30:02', '2016-05-24 09:30:02', 'd236dfb7-1868-48e7-b192-3e81535ff173'),
 ('15', 'Aland Islands', 'AX', '0', '2016-05-24 09:30:02', '2016-05-24 09:30:02', 'e652f9b7-284e-49b4-8f70-87b40790ff8e'),
 ('16', 'Azerbaijan', 'AZ', '0', '2016-05-24 09:30:02', '2016-05-24 09:30:02', '20ac2cdc-01c3-490d-a89f-d763cdbbb701'),
 ('17', 'Bosnia and Herzegovina', 'BA', '0', '2016-05-24 09:30:02', '2016-05-24 09:30:02', 'b2c0586e-cac7-4355-9a7a-83c0e33e9d90'),
 ('18', 'Barbados', 'BB', '0', '2016-05-24 09:30:02', '2016-05-24 09:30:02', 'ae388e32-bd38-43ba-bc94-d14c881972fd'),
 ('19', 'Bangladesh', 'BD', '0', '2016-05-24 09:30:02', '2016-05-24 09:30:02', '9fe4b908-cd9e-4c45-a0a1-281bbb6ba7c0'),
 ('20', 'Belgium', 'BE', '0', '2016-05-24 09:30:02', '2016-05-24 09:30:02', '817d1832-3109-4a91-a3bf-b426843cb59d'),
 ('21', 'Burkina Faso', 'BF', '0', '2016-05-24 09:30:02', '2016-05-24 09:30:02', '7757b9cc-3266-4169-ab3b-77d35b63188a'),
 ('22', 'Bulgaria', 'BG', '0', '2016-05-24 09:30:02', '2016-05-24 09:30:02', '6dfdd9ec-0b2b-4a8f-b136-d63f7331a3e8'),
 ('23', 'Bahrain', 'BH', '0', '2016-05-24 09:30:02', '2016-05-24 09:30:02', '326c94c4-4c9e-495b-9ff1-5750003a02ae'),
 ('24', 'Burundi', 'BI', '0', '2016-05-24 09:30:02', '2016-05-24 09:30:02', '2fd6fa7b-d957-4f91-9c5b-8bc4e85f0d0f'),
 ('25', 'Benin', 'BJ', '0', '2016-05-24 09:30:02', '2016-05-24 09:30:02', '17fdc593-5ef9-4981-8e7c-c969b60e9669'),
 ('26', 'Saint Barthelemy', 'BL', '0', '2016-05-24 09:30:02', '2016-05-24 09:30:02', '5befaff3-296e-4110-b40e-1524dd50fbad'),
 ('27', 'Bermuda', 'BM', '0', '2016-05-24 09:30:02', '2016-05-24 09:30:02', 'd9089451-e7e8-4821-b9e3-d0602260ae58'),
 ('28', 'Brunei Darussalam', 'BN', '0', '2016-05-24 09:30:02', '2016-05-24 09:30:02', 'e5627adb-d62e-44ab-b3a4-a9b24bc1cdaa'),
 ('29', 'Bolivia', 'BO', '0', '2016-05-24 09:30:02', '2016-05-24 09:30:02', 'b04a4051-5490-45f5-bb37-a346115ee5d1'),
 ('30', 'Bonaire, Sint Eustatius and Saba', 'BQ', '0', '2016-05-24 09:30:02', '2016-05-24 09:30:02', '6ad9608c-c10a-4790-8e16-362f0899e7d3'),
 ('31', 'Brazil', 'BR', '0', '2016-05-24 09:30:02', '2016-05-24 09:30:02', 'f40381dc-375b-4beb-b76e-7450cac23af0'),
 ('32', 'Bahamas', 'BS', '0', '2016-05-24 09:30:02', '2016-05-24 09:30:02', 'e6c67324-b010-495e-8f8a-95fce6a8b0aa'),
 ('33', 'Bhutan', 'BT', '0', '2016-05-24 09:30:02', '2016-05-24 09:30:02', '09a4ca27-3693-4745-baac-b9be4cb1546b'),
 ('34', 'Bouvet Island', 'BV', '0', '2016-05-24 09:30:02', '2016-05-24 09:30:02', 'b18a2d90-eca5-4ac9-9739-c563796eac9d'),
 ('35', 'Botswana', 'BW', '0', '2016-05-24 09:30:02', '2016-05-24 09:30:02', 'dbacc88e-0adf-458c-86d5-77ccff5df7c0'),
 ('36', 'Belarus', 'BY', '0', '2016-05-24 09:30:02', '2016-05-24 09:30:02', '263d4b17-9022-4c7e-be9e-a401eb35fd57'),
 ('37', 'Belize', 'BZ', '0', '2016-05-24 09:30:02', '2016-05-24 09:30:02', '675757c4-3af3-4def-aa7e-6c0371f918aa'),
 ('38', 'Canada', 'CA', '0', '2016-05-24 09:30:02', '2016-05-24 09:30:02', 'a41a1af4-8a25-456b-b5a2-b0b228255389'),
 ('39', 'Cocos (Keeling) Islands', 'CC', '0', '2016-05-24 09:30:02', '2016-05-24 09:30:02', 'ad2bd758-50b0-4467-baa5-ddfc0b3ec7eb'),
 ('40', 'Democratic Republic of Congo', 'CD', '0', '2016-05-24 09:30:02', '2016-05-24 09:30:02', '04bddc06-68b4-4676-bc21-b8877ed8752f'),
 ('41', 'Central African Republic', 'CF', '0', '2016-05-24 09:30:02', '2016-05-24 09:30:02', '0a413077-895c-498e-983c-91583624259a'),
 ('42', 'Congo', 'CG', '0', '2016-05-24 09:30:02', '2016-05-24 09:30:02', '7c490def-f043-42e4-96fe-9dd88e6ed9b3'),
 ('43', 'Switzerland', 'CH', '0', '2016-05-24 09:30:02', '2016-05-24 09:30:02', '9da76d70-afb9-40cd-a3b5-cc62c5495ab0'),
 ('44', 'Ivory Coast', 'CI', '0', '2016-05-24 09:30:02', '2016-05-24 09:30:02', '892358d2-df12-4495-aacd-ac3aaf1c52ed'),
 ('45', 'Cook Islands', 'CK', '0', '2016-05-24 09:30:02', '2016-05-24 09:30:02', '40e891b7-5ea8-4f7f-8df0-6f0ff8b6b6b0'),
 ('46', 'Chile', 'CL', '0', '2016-05-24 09:30:02', '2016-05-24 09:30:02', 'e6e386e7-d620-45c4-9660-11d7e247afeb'),
 ('47', 'Cameroon', 'CM', '0', '2016-05-24 09:30:02', '2016-05-24 09:30:02', '16e02bf8-3108-43f6-a240-bf23bc91ba06'),
 ('48', 'China', 'CN', '0', '2016-05-24 09:30:02', '2016-05-24 09:30:02', 'b82486b6-47b3-49c9-ad11-06658b44f09f'),
 ('49', 'Colombia', 'CO', '0', '2016-05-24 09:30:02', '2016-05-24 09:30:02', '17e49143-ee47-485e-a56c-af26a1edb832'),
 ('50', 'Costa Rica', 'CR', '0', '2016-05-24 09:30:02', '2016-05-24 09:30:02', 'cc00309b-4843-42bf-ae7d-7e8e2383b690'),
 ('51', 'Cuba', 'CU', '0', '2016-05-24 09:30:02', '2016-05-24 09:30:02', '4b4baca2-9a54-47d3-abd4-9300919faae9'),
 ('52', 'Cape Verde', 'CV', '0', '2016-05-24 09:30:02', '2016-05-24 09:30:02', '8a06fe60-475c-4d69-819a-b26925c21fe1'),
 ('53', 'Curacao', 'CW', '0', '2016-05-24 09:30:02', '2016-05-24 09:30:02', '297c2549-c6ea-42c4-a779-7b1c98e75e7b'),
 ('54', 'Christmas Island', 'CX', '0', '2016-05-24 09:30:02', '2016-05-24 09:30:02', 'f78bf8f6-e4f0-47dc-a09e-6e613f2645a1'),
 ('55', 'Cyprus', 'CY', '0', '2016-05-24 09:30:02', '2016-05-24 09:30:02', '669b00ca-3b36-47cc-94d2-d7fbeb4d7e8a'),
 ('56', 'Czech Republic', 'CZ', '0', '2016-05-24 09:30:02', '2016-05-24 09:30:02', '4b8bc18c-2e89-4aa5-b8a3-98a71f96a33f'),
 ('57', 'Germany', 'DE', '0', '2016-05-24 09:30:02', '2016-05-24 09:30:02', 'd9d408ea-d3a4-4dd6-b44c-c613e1d04d24'),
 ('58', 'Djibouti', 'DJ', '0', '2016-05-24 09:30:02', '2016-05-24 09:30:02', 'f3a6a773-8822-4e53-be19-55e96f275c0e'),
 ('59', 'Denmark', 'DK', '0', '2016-05-24 09:30:02', '2016-05-24 09:30:02', 'bdfd7259-fa7f-4da6-abd1-0fdb4510d4d9'),
 ('60', 'Dominica', 'DM', '0', '2016-05-24 09:30:02', '2016-05-24 09:30:02', 'e9806ca5-acd3-459a-9ed8-8cc100236836'),
 ('61', 'Dominican Republic', 'DO', '0', '2016-05-24 09:30:02', '2016-05-24 09:30:02', 'a4c0db1c-d441-437f-a9b6-38335f665cb4'),
 ('62', 'Algeria', 'DZ', '0', '2016-05-24 09:30:02', '2016-05-24 09:30:02', 'ad9d8e85-9aff-4900-856a-1fb878d8bafc'),
 ('63', 'Ecuador', 'EC', '0', '2016-05-24 09:30:02', '2016-05-24 09:30:02', 'ed22d736-376e-417a-baab-b0cd51fe9a73'),
 ('64', 'Estonia', 'EE', '0', '2016-05-24 09:30:02', '2016-05-24 09:30:02', '1e3c24f9-97a7-495c-bd64-081a13a3c12e'),
 ('65', 'Egypt', 'EG', '0', '2016-05-24 09:30:02', '2016-05-24 09:30:02', 'dc51713a-e936-43e4-9ce6-ca8db9eb9e4b'),
 ('66', 'Western Sahara', 'EH', '0', '2016-05-24 09:30:02', '2016-05-24 09:30:02', '47fdb3c7-cf70-44b8-8aa8-213a0baf4bb8'),
 ('67', 'Eritrea', 'ER', '0', '2016-05-24 09:30:02', '2016-05-24 09:30:02', '48e19526-faf3-4621-944c-75024410aae6'),
 ('68', 'Spain', 'ES', '0', '2016-05-24 09:30:02', '2016-05-24 09:30:02', 'be9a45b2-2fac-442d-9dfe-85fa05d64cea'),
 ('69', 'Ethiopia', 'ET', '0', '2016-05-24 09:30:02', '2016-05-24 09:30:02', '7fe32d03-4633-489a-8a7d-e27d18a8212f'),
 ('70', 'Finland', 'FI', '0', '2016-05-24 09:30:02', '2016-05-24 09:30:02', 'b984fb8e-146b-44ad-b362-7c26c3cc9b30'),
 ('71', 'Fiji', 'FJ', '0', '2016-05-24 09:30:02', '2016-05-24 09:30:02', '0349a057-50f9-4b33-9f71-d59b26d1e364'),
 ('72', 'Falkland Islands (Malvinas)', 'FK', '0', '2016-05-24 09:30:02', '2016-05-24 09:30:02', '6f134d39-912f-4dee-9b6e-a87cfeb6b675'),
 ('73', 'Micronesia', 'FM', '0', '2016-05-24 09:30:02', '2016-05-24 09:30:02', 'b93266b0-0f44-419a-a65d-599bea36fc4e'),
 ('74', 'Faroe Islands', 'FO', '0', '2016-05-24 09:30:02', '2016-05-24 09:30:02', '15a8c7b7-6972-4b9e-9b99-1d2688ffc9ef'),
 ('75', 'France', 'FR', '0', '2016-05-24 09:30:02', '2016-05-24 09:30:02', 'f5d5e264-6f4b-4b4f-9aec-0995533320c0'),
 ('76', 'Gabon', 'GA', '0', '2016-05-24 09:30:02', '2016-05-24 09:30:02', 'de37f133-2823-4da1-8e56-7d177f28ab9a'),
 ('77', 'United Kingdom', 'GB', '0', '2016-05-24 09:30:02', '2016-05-24 09:30:02', '87d0cd89-cadd-481a-b6d0-bf706a79b318'),
 ('78', 'Grenada', 'GD', '0', '2016-05-24 09:30:02', '2016-05-24 09:30:02', 'd0ae111f-6c48-4812-8f2a-526ed3608739'),
 ('79', 'Georgia', 'GE', '0', '2016-05-24 09:30:02', '2016-05-24 09:30:02', '38a9b2ae-8298-41a2-90c0-e3ca2021fcea'),
 ('80', 'French Guiana', 'GF', '0', '2016-05-24 09:30:02', '2016-05-24 09:30:02', '54c2c8e8-4be2-4e8f-9021-6d7f06fa2219'),
 ('81', 'Guernsey', 'GG', '0', '2016-05-24 09:30:02', '2016-05-24 09:30:02', '36e66e86-7444-4583-ba90-c072eead53b9'),
 ('82', 'Ghana', 'GH', '0', '2016-05-24 09:30:02', '2016-05-24 09:30:02', '9c2cc00e-912f-4fef-8f0b-51f92a2b0259'),
 ('83', 'Gibraltar', 'GI', '0', '2016-05-24 09:30:02', '2016-05-24 09:30:02', '63a910fb-0f00-471b-b3e1-b51c66043870'),
 ('84', 'Greenland', 'GL', '0', '2016-05-24 09:30:02', '2016-05-24 09:30:02', '40873abf-3ba2-40ad-81bb-c7f24a02ff23'),
 ('85', 'Gambia', 'GM', '0', '2016-05-24 09:30:02', '2016-05-24 09:30:02', '6c9d7669-4c44-4ae5-b636-c06333c710ba'),
 ('86', 'Guinea', 'GN', '0', '2016-05-24 09:30:02', '2016-05-24 09:30:02', '0c002492-d331-4e4c-b107-bd1766613915'),
 ('87', 'Guadeloupe', 'GP', '0', '2016-05-24 09:30:02', '2016-05-24 09:30:02', 'dac92207-f79a-4940-baeb-d0bdc0506e46'),
 ('88', 'Equatorial Guinea', 'GQ', '0', '2016-05-24 09:30:02', '2016-05-24 09:30:02', '05585bcb-a0f0-4ed7-b5ee-dc8676b62596'),
 ('89', 'Greece', 'GR', '0', '2016-05-24 09:30:02', '2016-05-24 09:30:02', '8ad3bb02-465b-472d-ac24-b798dfe3011c'),
 ('90', 'S. Georgia and S. Sandwich Isls.', 'GS', '0', '2016-05-24 09:30:02', '2016-05-24 09:30:02', '77d1ce43-719a-41df-bd63-9793f9f91ed7'),
 ('91', 'Guatemala', 'GT', '0', '2016-05-24 09:30:02', '2016-05-24 09:30:02', '94158089-ea62-4703-856c-57860c3dbad7'),
 ('92', 'Guam', 'GU', '0', '2016-05-24 09:30:02', '2016-05-24 09:30:02', '469cf6ee-622a-4d76-94c2-6f1e5f7f8671'),
 ('93', 'Guinea-Bissau', 'GW', '0', '2016-05-24 09:30:02', '2016-05-24 09:30:02', '13111437-b0be-42c1-9aef-3832058a2dfe'),
 ('94', 'Guyana', 'GY', '0', '2016-05-24 09:30:02', '2016-05-24 09:30:02', 'ca2a500a-ae63-49a2-bbb7-fd68a1c3f5bd'),
 ('95', 'Hong Kong', 'HK', '0', '2016-05-24 09:30:02', '2016-05-24 09:30:02', '014271fa-d076-4371-89d4-75232b2d1b19'),
 ('96', 'Heard and McDonald Islands', 'HM', '0', '2016-05-24 09:30:02', '2016-05-24 09:30:02', 'c4b600b9-3c43-4b2f-b9e6-c57141593f9a'),
 ('97', 'Honduras', 'HN', '0', '2016-05-24 09:30:02', '2016-05-24 09:30:02', '53423f28-bbee-4c11-8b63-38dfda254f36'),
 ('98', 'Croatia (Hrvatska)', 'HR', '0', '2016-05-24 09:30:02', '2016-05-24 09:30:02', '1b3e0364-40ae-4d9c-a9c2-327f80bd8bd2'),
 ('99', 'Haiti', 'HT', '0', '2016-05-24 09:30:02', '2016-05-24 09:30:02', 'e6a78a28-fe84-49ca-bfa9-45fb4196bdc9'),
 ('100', 'Hungary', 'HU', '0', '2016-05-24 09:30:02', '2016-05-24 09:30:02', 'e7f66aac-6131-4794-b808-4c59e90e3e9d');
INSERT INTO `craft_commerce_countries` (`id`, `name`, `iso`, `stateRequired`, `dateCreated`, `dateUpdated`, `uid`) VALUES
 ('101', 'Indonesia', 'ID', '0', '2016-05-24 09:30:02', '2016-05-24 09:30:02', '79b7a3c5-383f-42cd-8320-fbc7443de57b'),
 ('102', 'Ireland', 'IE', '0', '2016-05-24 09:30:02', '2016-05-24 09:30:02', '21aa8e91-cbe7-47e3-a642-b45925e9e9b5'),
 ('103', 'Israel', 'IL', '0', '2016-05-24 09:30:02', '2016-05-24 09:30:02', '678d7114-07fb-4049-a526-55b0d27883fc'),
 ('104', 'Isle Of Man', 'IM', '0', '2016-05-24 09:30:02', '2016-05-24 09:30:02', '24a788d1-1756-450b-a876-cbde09dfb9f9'),
 ('105', 'India', 'IN', '0', '2016-05-24 09:30:02', '2016-05-24 09:30:02', 'e038fc5f-458f-4459-96f2-4b1cba3e8888'),
 ('106', 'British Indian Ocean Territory', 'IO', '0', '2016-05-24 09:30:02', '2016-05-24 09:30:02', 'b79063cc-d4b0-4fb1-afa8-d3610c225b33'),
 ('107', 'Iraq', 'IQ', '0', '2016-05-24 09:30:02', '2016-05-24 09:30:02', '79765da3-90b2-4b60-a3eb-64c8077c4d99'),
 ('108', 'Iran', 'IR', '0', '2016-05-24 09:30:02', '2016-05-24 09:30:02', 'bbd30d04-0309-4312-92e6-e841af4f2d92'),
 ('109', 'Iceland', 'IS', '0', '2016-05-24 09:30:02', '2016-05-24 09:30:02', 'f246e82d-b452-4b37-a77b-3124bcda815a'),
 ('110', 'Italy', 'IT', '0', '2016-05-24 09:30:02', '2016-05-24 09:30:02', '7084c07e-e77b-4472-aee9-559ff1f31900'),
 ('111', 'Jersey', 'JE', '0', '2016-05-24 09:30:02', '2016-05-24 09:30:02', 'b2393fa1-d37d-4363-b6fc-1f6c63ff6529'),
 ('112', 'Jamaica', 'JM', '0', '2016-05-24 09:30:02', '2016-05-24 09:30:02', 'abd698f3-1132-4931-b4a0-427ca25ab6a1'),
 ('113', 'Jordan', 'JO', '0', '2016-05-24 09:30:02', '2016-05-24 09:30:02', '014c6c0b-de9e-4bef-ba64-246279d9ba33'),
 ('114', 'Japan', 'JP', '0', '2016-05-24 09:30:02', '2016-05-24 09:30:02', '315345c4-2f84-4c22-be60-3d359b145e38'),
 ('115', 'Kenya', 'KE', '0', '2016-05-24 09:30:02', '2016-05-24 09:30:02', 'ec9a84fb-18fd-4e51-8280-cf1abd4a6191'),
 ('116', 'Kyrgyzstan', 'KG', '0', '2016-05-24 09:30:02', '2016-05-24 09:30:02', 'c801922a-49fa-4cea-8228-0e5eb0c5053b'),
 ('117', 'Cambodia', 'KH', '0', '2016-05-24 09:30:02', '2016-05-24 09:30:02', '8cae003b-093c-4bb3-8c64-af27dfa8c456'),
 ('118', 'Kiribati', 'KI', '0', '2016-05-24 09:30:02', '2016-05-24 09:30:02', '3f4e5df9-4843-4ccf-b516-5ef065927af9'),
 ('119', 'Comoros', 'KM', '0', '2016-05-24 09:30:02', '2016-05-24 09:30:02', 'a8e42f54-1e16-48c0-ae86-276cad0c4e55'),
 ('120', 'Saint Kitts and Nevis', 'KN', '0', '2016-05-24 09:30:02', '2016-05-24 09:30:02', '619137e2-a2eb-456c-8474-b9a6ac7f9fee'),
 ('121', 'Korea (North)', 'KP', '0', '2016-05-24 09:30:02', '2016-05-24 09:30:02', '672fc302-f5e6-4c03-b2c3-0b2a2ef4535c'),
 ('122', 'Korea (South)', 'KR', '0', '2016-05-24 09:30:02', '2016-05-24 09:30:02', '4db288e5-34ef-47ac-93b6-c3c2528c6c15'),
 ('123', 'Kuwait', 'KW', '0', '2016-05-24 09:30:02', '2016-05-24 09:30:02', '2d67487c-19e9-4999-98dc-8f5c65341cee'),
 ('124', 'Cayman Islands', 'KY', '0', '2016-05-24 09:30:02', '2016-05-24 09:30:02', 'bbdf0535-8880-4601-be96-a212a513ed5b'),
 ('125', 'Kazakhstan', 'KZ', '0', '2016-05-24 09:30:02', '2016-05-24 09:30:02', '544a454f-7d97-4135-9d37-26cdd7f7ac84'),
 ('126', 'Laos', 'LA', '0', '2016-05-24 09:30:02', '2016-05-24 09:30:02', 'f94c50c4-f0b5-4fda-bf14-8f90c965986c'),
 ('127', 'Lebanon', 'LB', '0', '2016-05-24 09:30:02', '2016-05-24 09:30:02', '6cf30747-62c0-4dab-92b3-2137690dbf9c'),
 ('128', 'Saint Lucia', 'LC', '0', '2016-05-24 09:30:02', '2016-05-24 09:30:02', 'a3698cde-cce5-4ff8-8a0b-88cb6bbb2587'),
 ('129', 'Liechtenstein', 'LI', '0', '2016-05-24 09:30:02', '2016-05-24 09:30:02', 'f2ee2efb-0c6d-4a8b-b647-2b66d6546bcd'),
 ('130', 'Sri Lanka', 'LK', '0', '2016-05-24 09:30:02', '2016-05-24 09:30:02', '1098b2cd-c720-4f6d-99d4-a5ee1b37526d'),
 ('131', 'Liberia', 'LR', '0', '2016-05-24 09:30:02', '2016-05-24 09:30:02', '249283e4-ed01-459e-bf57-c2736e9f5f78'),
 ('132', 'Lesotho', 'LS', '0', '2016-05-24 09:30:02', '2016-05-24 09:30:02', '167aa072-1d6b-4de0-8ef4-a85d09da9516'),
 ('133', 'Lithuania', 'LT', '0', '2016-05-24 09:30:02', '2016-05-24 09:30:02', '7c0c16bf-d802-42cc-aeee-c23223a1eb62'),
 ('134', 'Luxembourg', 'LU', '0', '2016-05-24 09:30:02', '2016-05-24 09:30:02', 'c5daf0df-dc66-45d8-a3ac-8cbae74ed1d0'),
 ('135', 'Latvia', 'LV', '0', '2016-05-24 09:30:02', '2016-05-24 09:30:02', '7ace9b35-738a-40ab-a7d2-90cc02732f89'),
 ('136', 'Libya', 'LY', '0', '2016-05-24 09:30:02', '2016-05-24 09:30:02', 'fb1b08f6-5960-4536-bdf6-9a52994a5311'),
 ('137', 'Morocco', 'MA', '0', '2016-05-24 09:30:02', '2016-05-24 09:30:02', '7bb6c9db-e194-4b05-aac5-1d220ea31591'),
 ('138', 'Monaco', 'MC', '0', '2016-05-24 09:30:02', '2016-05-24 09:30:02', '7ff7d613-c0c5-45ca-b9a5-5475dcf13383'),
 ('139', 'Moldova', 'MD', '0', '2016-05-24 09:30:02', '2016-05-24 09:30:02', '1994591e-b588-407b-8139-8e4ca792e8d2'),
 ('140', 'Montenegro', 'ME', '0', '2016-05-24 09:30:02', '2016-05-24 09:30:02', '73c8bdf0-9f3e-4137-aa8c-398f6a5ca2fc'),
 ('141', 'Saint Martin (French part)', 'MF', '0', '2016-05-24 09:30:02', '2016-05-24 09:30:02', 'a0f5b6d8-f37f-45b5-9281-522fb32bca46'),
 ('142', 'Madagascar', 'MG', '0', '2016-05-24 09:30:02', '2016-05-24 09:30:02', '3302804d-f19f-443b-8469-85071ad2fb44'),
 ('143', 'Marshall Islands', 'MH', '0', '2016-05-24 09:30:02', '2016-05-24 09:30:02', 'f6dd920c-b72f-4b79-a8de-0462922c1088'),
 ('144', 'Macedonia', 'MK', '0', '2016-05-24 09:30:02', '2016-05-24 09:30:02', '68701651-f5b0-4fed-91e5-a4a5fc3b6038'),
 ('145', 'Mali', 'ML', '0', '2016-05-24 09:30:02', '2016-05-24 09:30:02', '832f21da-4eae-423d-8238-e8b504ecdff6'),
 ('146', 'Burma (Myanmar)', 'MM', '0', '2016-05-24 09:30:02', '2016-05-24 09:30:02', '75309bad-e8d2-4f46-af7e-278f34ab9761'),
 ('147', 'Mongolia', 'MN', '0', '2016-05-24 09:30:02', '2016-05-24 09:30:02', '3124ff5a-a847-45b8-bd9b-423de0317007'),
 ('148', 'Macau', 'MO', '0', '2016-05-24 09:30:02', '2016-05-24 09:30:02', 'a65cbbac-b60b-415a-9ad6-53d857778935'),
 ('149', 'Northern Mariana Islands', 'MP', '0', '2016-05-24 09:30:02', '2016-05-24 09:30:02', '1bcdc08c-0b52-401a-94e3-6c53c8c01396'),
 ('150', 'Martinique', 'MQ', '0', '2016-05-24 09:30:02', '2016-05-24 09:30:02', '9e050e85-e6dd-41ff-957e-4e9637eaed83'),
 ('151', 'Mauritania', 'MR', '0', '2016-05-24 09:30:02', '2016-05-24 09:30:02', 'fb92654f-08e7-495a-a874-976f504b6fbe'),
 ('152', 'Montserrat', 'MS', '0', '2016-05-24 09:30:02', '2016-05-24 09:30:02', '36d1a2bb-0bd0-43ac-8f16-5c824103667a'),
 ('153', 'Malta', 'MT', '0', '2016-05-24 09:30:02', '2016-05-24 09:30:02', 'e18c3643-4371-47ce-892e-a92d78433454'),
 ('154', 'Mauritius', 'MU', '0', '2016-05-24 09:30:02', '2016-05-24 09:30:02', '17c21c33-03e2-4018-a047-4481f9e261f9'),
 ('155', 'Maldives', 'MV', '0', '2016-05-24 09:30:02', '2016-05-24 09:30:02', 'bb72d609-154f-4d7f-9ebf-ecbb999ab21f'),
 ('156', 'Malawi', 'MW', '0', '2016-05-24 09:30:02', '2016-05-24 09:30:02', '6ed8ec79-bc0b-46b7-9118-093bf0acb91e'),
 ('157', 'Mexico', 'MX', '0', '2016-05-24 09:30:02', '2016-05-24 09:30:02', 'b26a8a47-4ec6-4f4a-8d30-2d72318a43ab'),
 ('158', 'Malaysia', 'MY', '0', '2016-05-24 09:30:02', '2016-05-24 09:30:02', '552386ba-d1d5-4c3e-b372-8235e7d51b27'),
 ('159', 'Mozambique', 'MZ', '0', '2016-05-24 09:30:02', '2016-05-24 09:30:02', '186d210c-4354-4a45-9416-70f5241e7c6f'),
 ('160', 'Namibia', 'NA', '0', '2016-05-24 09:30:02', '2016-05-24 09:30:02', '735d4c52-5490-48e3-9e48-f4d53b612c9e'),
 ('161', 'New Caledonia', 'NC', '0', '2016-05-24 09:30:02', '2016-05-24 09:30:02', 'c1410608-6b60-4273-967d-d13e5802a8db'),
 ('162', 'Niger', 'NE', '0', '2016-05-24 09:30:02', '2016-05-24 09:30:02', 'f642790d-b2d7-49bf-b005-6f2de946bc2a'),
 ('163', 'Norfolk Island', 'NF', '0', '2016-05-24 09:30:02', '2016-05-24 09:30:02', 'a2949f53-edc1-40be-9bb1-f760a11a8742'),
 ('164', 'Nigeria', 'NG', '0', '2016-05-24 09:30:02', '2016-05-24 09:30:02', '93f657c8-786d-4d7d-a0ca-ae1380db9d12'),
 ('165', 'Nicaragua', 'NI', '0', '2016-05-24 09:30:02', '2016-05-24 09:30:02', '65f7f797-0903-4511-8240-35f17e383e5c'),
 ('166', 'Netherlands', 'NL', '0', '2016-05-24 09:30:02', '2016-05-24 09:30:02', 'a35c549b-c68e-4cae-b098-5c60b67de66c'),
 ('167', 'Norway', 'NO', '0', '2016-05-24 09:30:02', '2016-05-24 09:30:02', 'c2557bb3-53db-46b4-9b75-deeda378ff1f'),
 ('168', 'Nepal', 'NP', '0', '2016-05-24 09:30:02', '2016-05-24 09:30:02', 'f66960f2-b036-4830-9a83-4e08917282a0'),
 ('169', 'Nauru', 'NR', '0', '2016-05-24 09:30:02', '2016-05-24 09:30:02', '8508188d-613c-4c1e-a82c-934ae1e3c90a'),
 ('170', 'Niue', 'NU', '0', '2016-05-24 09:30:02', '2016-05-24 09:30:02', '8bb6eb9b-66e1-42f0-babc-89205c1cfb6c'),
 ('171', 'New Zealand', 'NZ', '0', '2016-05-24 09:30:02', '2016-05-24 09:30:02', 'a10370ca-4db5-4b3c-bfdc-a0d5067b278f'),
 ('172', 'Oman', 'OM', '0', '2016-05-24 09:30:02', '2016-05-24 09:30:02', '84411b02-ced4-4164-a740-2891adbba127'),
 ('173', 'Panama', 'PA', '0', '2016-05-24 09:30:02', '2016-05-24 09:30:02', '9c33ff73-ea9a-4b14-9bc8-4a02ea7cb881'),
 ('174', 'Peru', 'PE', '0', '2016-05-24 09:30:02', '2016-05-24 09:30:02', '33b59a84-ca18-4c0f-ae59-9361482802b7'),
 ('175', 'French Polynesia', 'PF', '0', '2016-05-24 09:30:02', '2016-05-24 09:30:02', '17313240-db45-4ee4-ae57-8691c13d95af'),
 ('176', 'Papua New Guinea', 'PG', '0', '2016-05-24 09:30:02', '2016-05-24 09:30:02', '4eed3b37-fcd9-4b1b-af89-34d08c9fccc0'),
 ('177', 'Philippines', 'PH', '0', '2016-05-24 09:30:02', '2016-05-24 09:30:02', '45f0d97b-89bd-498d-9b8f-caeb56d007a6'),
 ('178', 'Pakistan', 'PK', '0', '2016-05-24 09:30:02', '2016-05-24 09:30:02', 'bd509973-1a0c-417d-a6c9-cd99357c6987'),
 ('179', 'Poland', 'PL', '0', '2016-05-24 09:30:02', '2016-05-24 09:30:02', '20a5faaf-b372-4ee9-9e5e-babe03e7f793'),
 ('180', 'St. Pierre and Miquelon', 'PM', '0', '2016-05-24 09:30:02', '2016-05-24 09:30:02', 'ac444aae-68fb-42ab-8b1d-a01777049823'),
 ('181', 'Pitcairn', 'PN', '0', '2016-05-24 09:30:02', '2016-05-24 09:30:02', 'b4d38534-f3b5-4dae-add9-754790c8dc21'),
 ('182', 'Puerto Rico', 'PR', '0', '2016-05-24 09:30:02', '2016-05-24 09:30:02', 'eecd5e2d-4985-4170-8ddc-2efe0a6c5830'),
 ('183', 'Palestinian Territory, Occupied', 'PS', '0', '2016-05-24 09:30:02', '2016-05-24 09:30:02', 'a9b80c4b-1696-4d32-9dcb-7782f1d74e6e'),
 ('184', 'Portugal', 'PT', '0', '2016-05-24 09:30:02', '2016-05-24 09:30:02', '8b3e1480-7c0a-492a-8b40-520c9c0d8669'),
 ('185', 'Palau', 'PW', '0', '2016-05-24 09:30:02', '2016-05-24 09:30:02', '4da7ef8c-3301-488f-8893-50f67dc713b3'),
 ('186', 'Paraguay', 'PY', '0', '2016-05-24 09:30:02', '2016-05-24 09:30:02', '0a6f9037-5c61-4838-856f-cc70e6e5a563'),
 ('187', 'Qatar', 'QA', '0', '2016-05-24 09:30:02', '2016-05-24 09:30:02', '923b0182-b0d0-4e86-bbcd-037d9bbcd631'),
 ('188', 'Reunion', 'RE', '0', '2016-05-24 09:30:02', '2016-05-24 09:30:02', 'a3e65bab-5112-4307-a505-0a4eafa9d2d0'),
 ('189', 'Romania', 'RO', '0', '2016-05-24 09:30:02', '2016-05-24 09:30:02', 'ba791e37-090b-4afa-92dc-dd4f6c93b1c0'),
 ('190', 'Republic of Serbia', 'RS', '0', '2016-05-24 09:30:02', '2016-05-24 09:30:02', '685cf5e4-2b9f-4fec-ac7f-3249b5f91655'),
 ('191', 'Russia', 'RU', '0', '2016-05-24 09:30:02', '2016-05-24 09:30:02', '7797c379-dc3b-4007-99af-9488fa155bd9'),
 ('192', 'Rwanda', 'RW', '0', '2016-05-24 09:30:02', '2016-05-24 09:30:02', '3761fad9-7467-4c1f-ba66-1eb1c7554464'),
 ('193', 'Saudi Arabia', 'SA', '0', '2016-05-24 09:30:02', '2016-05-24 09:30:02', '3748dff3-6f93-4103-9b86-e4196c6fc26c'),
 ('194', 'Solomon Islands', 'SB', '0', '2016-05-24 09:30:02', '2016-05-24 09:30:02', '49a48aec-d46a-47d9-934c-6f2ee11a9479'),
 ('195', 'Seychelles', 'SC', '0', '2016-05-24 09:30:02', '2016-05-24 09:30:02', 'efb6bb0a-a506-438e-aea7-604e542c83a0'),
 ('196', 'Sudan', 'SD', '0', '2016-05-24 09:30:02', '2016-05-24 09:30:02', '2d026384-113f-440c-a64e-7e6b5c7e9c29'),
 ('197', 'Sweden', 'SE', '0', '2016-05-24 09:30:02', '2016-05-24 09:30:02', '8b30751a-5ae4-4ac6-b895-695fef35cfef'),
 ('198', 'Singapore', 'SG', '0', '2016-05-24 09:30:02', '2016-05-24 09:30:02', 'b20887fb-aa2e-4d16-b52b-2d8e054d73fd'),
 ('199', 'St. Helena', 'SH', '0', '2016-05-24 09:30:02', '2016-05-24 09:30:02', '6c9d907e-783d-4fab-ac6b-b559421f52a1'),
 ('200', 'Slovenia', 'SI', '0', '2016-05-24 09:30:02', '2016-05-24 09:30:02', 'c309421d-e56d-4686-8e02-842415674352');
INSERT INTO `craft_commerce_countries` (`id`, `name`, `iso`, `stateRequired`, `dateCreated`, `dateUpdated`, `uid`) VALUES
 ('201', 'Svalbard and Jan Mayen Islands', 'SJ', '0', '2016-05-24 09:30:02', '2016-05-24 09:30:02', 'c8489094-1c73-4a2f-9faa-8f997b67db44'),
 ('202', 'Slovak Republic', 'SK', '0', '2016-05-24 09:30:02', '2016-05-24 09:30:02', '7fa75829-f806-4968-9f88-22707454581f'),
 ('203', 'Sierra Leone', 'SL', '0', '2016-05-24 09:30:02', '2016-05-24 09:30:02', '080badc2-a421-4f7f-897d-777567f99424'),
 ('204', 'San Marino', 'SM', '0', '2016-05-24 09:30:02', '2016-05-24 09:30:02', '25f846fd-759c-47c6-b6d9-3f2f24d22844'),
 ('205', 'Senegal', 'SN', '0', '2016-05-24 09:30:02', '2016-05-24 09:30:02', '4903b9fb-35ae-4474-863c-225fd03a4f2e'),
 ('206', 'Somalia', 'SO', '0', '2016-05-24 09:30:02', '2016-05-24 09:30:02', 'a5c2745f-4f2d-4280-a889-693ebc8c9045'),
 ('207', 'Suriname', 'SR', '0', '2016-05-24 09:30:02', '2016-05-24 09:30:02', '231ea905-fadf-4a06-afbe-b3ed3a7ac31f'),
 ('208', 'South Sudan', 'SS', '0', '2016-05-24 09:30:02', '2016-05-24 09:30:02', '12b618f6-4e06-47aa-b054-03c284006c92'),
 ('209', 'Sao Tome and Principe', 'ST', '0', '2016-05-24 09:30:02', '2016-05-24 09:30:02', '62a80749-e3c5-4d9b-8ce0-dbc667f67650'),
 ('210', 'El Salvador', 'SV', '0', '2016-05-24 09:30:02', '2016-05-24 09:30:02', '964a976d-f398-4528-a1da-7ea9041dc3a3'),
 ('211', 'Sint Maarten (Dutch part)', 'SX', '0', '2016-05-24 09:30:02', '2016-05-24 09:30:02', 'fdafcbe0-fde0-4cd7-887b-750eb87e3ed3'),
 ('212', 'Syria', 'SY', '0', '2016-05-24 09:30:02', '2016-05-24 09:30:02', 'd71f60cc-f2b1-4b7c-abbd-9a35ee3efa3c'),
 ('213', 'Swaziland', 'SZ', '0', '2016-05-24 09:30:02', '2016-05-24 09:30:02', 'dd048af8-f5c9-498f-badb-0ddab59c13e9'),
 ('214', 'Turks and Caicos Islands', 'TC', '0', '2016-05-24 09:30:02', '2016-05-24 09:30:02', '72566c06-e4db-4e87-99a4-57eb2965326a'),
 ('215', 'Chad', 'TD', '0', '2016-05-24 09:30:02', '2016-05-24 09:30:02', '0df64d5d-fa76-4bee-9b01-c9298360747a'),
 ('216', 'French Southern Territories', 'TF', '0', '2016-05-24 09:30:02', '2016-05-24 09:30:02', 'd62c425d-534c-4ad8-9147-f34f5bff19f2'),
 ('217', 'Togo', 'TG', '0', '2016-05-24 09:30:02', '2016-05-24 09:30:02', '067c96db-8e18-487c-aa30-01006d6d06a1'),
 ('218', 'Thailand', 'TH', '0', '2016-05-24 09:30:02', '2016-05-24 09:30:02', 'b13116f5-d26a-4f3b-8519-7a08dacb4496'),
 ('219', 'Tajikistan', 'TJ', '0', '2016-05-24 09:30:02', '2016-05-24 09:30:02', 'ce110407-2870-4bdd-9732-5bc97bedb351'),
 ('220', 'Tokelau', 'TK', '0', '2016-05-24 09:30:02', '2016-05-24 09:30:02', '03bd259d-6abf-44a7-b3ca-e623ffef7aad'),
 ('221', 'Timor-Leste', 'TL', '0', '2016-05-24 09:30:02', '2016-05-24 09:30:02', 'f20b5f36-6396-4bb5-bd32-e9d87595a972'),
 ('222', 'Turkmenistan', 'TM', '0', '2016-05-24 09:30:02', '2016-05-24 09:30:02', '8a8d5615-7529-45df-a0a2-5830d115651c'),
 ('223', 'Tunisia', 'TN', '0', '2016-05-24 09:30:02', '2016-05-24 09:30:02', '8be3ec15-53a6-4430-b5cc-0e29c9122bb0'),
 ('224', 'Tonga', 'TO', '0', '2016-05-24 09:30:02', '2016-05-24 09:30:02', '1cf19153-dc4c-49c6-ac6f-b66bfb0a0cb1'),
 ('225', 'Turkey', 'TR', '0', '2016-05-24 09:30:02', '2016-05-24 09:30:02', '31b4addf-8edc-477c-8407-52bc96ff4f55'),
 ('226', 'Trinidad and Tobago', 'TT', '0', '2016-05-24 09:30:02', '2016-05-24 09:30:02', '8f83cc58-7eef-42e6-8831-a45e2184155c'),
 ('227', 'Tuvalu', 'TV', '0', '2016-05-24 09:30:02', '2016-05-24 09:30:02', 'a3a3afdd-f677-4945-8815-c74d441171cc'),
 ('228', 'Taiwan', 'TW', '0', '2016-05-24 09:30:02', '2016-05-24 09:30:02', '92227937-4da2-4289-8d60-fe6e1e6d6abe'),
 ('229', 'Tanzania', 'TZ', '0', '2016-05-24 09:30:02', '2016-05-24 09:30:02', '01e009b1-e1f3-4940-afa2-b15753ce6b7f'),
 ('230', 'Ukraine', 'UA', '0', '2016-05-24 09:30:02', '2016-05-24 09:30:02', 'f7b8109a-cd75-4163-9bfc-a614ced1dfb3'),
 ('231', 'Uganda', 'UG', '0', '2016-05-24 09:30:02', '2016-05-24 09:30:02', '5e475a7f-c62a-4a44-aa18-4dffc8a9e969'),
 ('232', 'United States Minor Outlying Islands', 'UM', '0', '2016-05-24 09:30:02', '2016-05-24 09:30:02', 'aa79a9e5-6238-49b5-be3e-3596690bd762'),
 ('233', 'United States', 'US', '0', '2016-05-24 09:30:02', '2016-05-24 09:30:02', 'f87bddad-cdca-4616-bc55-c5447ac75dde'),
 ('234', 'Uruguay', 'UY', '0', '2016-05-24 09:30:02', '2016-05-24 09:30:02', '949565e6-6510-4661-9aeb-9f989291dc28'),
 ('235', 'Uzbekistan', 'UZ', '0', '2016-05-24 09:30:02', '2016-05-24 09:30:02', '1c89fba7-01b2-4629-bc08-d60d1abe3cc1'),
 ('236', 'Vatican City State (Holy See)', 'VA', '0', '2016-05-24 09:30:02', '2016-05-24 09:30:02', 'fe2d4c2d-1301-4055-afa7-002fc08e65c4'),
 ('237', 'Saint Vincent and the Grenadines', 'VC', '0', '2016-05-24 09:30:02', '2016-05-24 09:30:02', '63bc724c-611a-4f13-8c8f-77f7405fd3b7'),
 ('238', 'Venezuela', 'VE', '0', '2016-05-24 09:30:02', '2016-05-24 09:30:02', '29219e5a-4c66-4d02-9eb2-423558718889'),
 ('239', 'Virgin Islands (British)', 'VG', '0', '2016-05-24 09:30:02', '2016-05-24 09:30:02', '0ac9737a-16f5-4d6b-ab15-2b8e3b1107e8'),
 ('240', 'Virgin Islands (U.S.)', 'VI', '0', '2016-05-24 09:30:02', '2016-05-24 09:30:02', 'edf4ceda-d9d0-4006-bde7-65c82b67d921'),
 ('241', 'Viet Nam', 'VN', '0', '2016-05-24 09:30:02', '2016-05-24 09:30:02', 'e8cb5fe8-74bd-4cef-b893-4fbd6ea18e3f'),
 ('242', 'Vanuatu', 'VU', '0', '2016-05-24 09:30:02', '2016-05-24 09:30:02', 'a101ffc1-8e9b-42c5-9c28-f147bb2a3df9'),
 ('243', 'Wallis and Futuna Islands', 'WF', '0', '2016-05-24 09:30:02', '2016-05-24 09:30:02', 'e1c6630b-ba53-4891-9a67-09804232d74d'),
 ('244', 'Samoa', 'WS', '0', '2016-05-24 09:30:02', '2016-05-24 09:30:02', 'fc7942c2-05ae-40ae-b4df-92e7fd3c836f'),
 ('245', 'Yemen', 'YE', '0', '2016-05-24 09:30:02', '2016-05-24 09:30:02', '09a488d1-040b-4bad-89ec-a4745faeaad2'),
 ('246', 'Mayotte', 'YT', '0', '2016-05-24 09:30:02', '2016-05-24 09:30:02', 'c6c4e571-ddae-4335-853d-148817c37d19'),
 ('247', 'South Africa', 'ZA', '0', '2016-05-24 09:30:02', '2016-05-24 09:30:02', '35d8c046-65f8-4099-9328-48f558079bb7'),
 ('248', 'Zambia', 'ZM', '0', '2016-05-24 09:30:02', '2016-05-24 09:30:02', 'e5120652-a69d-431d-ac48-fc3c5d3e2645'),
 ('249', 'Zimbabwe', 'ZW', '0', '2016-05-24 09:30:02', '2016-05-24 09:30:02', '49e3718f-8417-4a59-9c6f-4fa59d3d7895');



DROP TABLE IF EXISTS `craft_commerce_customer_discountuses`;


--
-- Schema for table `craft_commerce_customer_discountuses`
--
CREATE TABLE `craft_commerce_customer_discountuses` (
  `id` int(11) NOT NULL AUTO_INCREMENT,
  `discountId` int(10) NOT NULL,
  `customerId` int(10) NOT NULL,
  `uses` int(10) unsigned NOT NULL,
  `dateCreated` datetime NOT NULL,
  `dateUpdated` datetime NOT NULL,
  `uid` char(36) COLLATE utf8_unicode_ci NOT NULL DEFAULT '0',
  PRIMARY KEY (`id`),
  UNIQUE KEY `craft_commerce_customer_discountuses_customerId_discountId_unq_i` (`customerId`,`discountId`),
  KEY `craft_commerce_customer_discountuses_discountId_fk` (`discountId`)
) ENGINE=InnoDB DEFAULT CHARSET=utf8 COLLATE=utf8_unicode_ci;

DROP TABLE IF EXISTS `craft_commerce_customers`;


--
-- Schema for table `craft_commerce_customers`
--
CREATE TABLE `craft_commerce_customers` (
  `id` int(11) NOT NULL AUTO_INCREMENT,
  `userId` int(11) DEFAULT NULL,
  `email` varchar(255) COLLATE utf8_unicode_ci DEFAULT NULL,
  `lastUsedBillingAddressId` int(10) DEFAULT NULL,
  `lastUsedShippingAddressId` int(10) DEFAULT NULL,
  `dateCreated` datetime NOT NULL,
  `dateUpdated` datetime NOT NULL,
  `uid` char(36) COLLATE utf8_unicode_ci NOT NULL DEFAULT '0',
  PRIMARY KEY (`id`),
  KEY `craft_commerce_customers_userId_fk` (`userId`)
) ENGINE=InnoDB AUTO_INCREMENT=67 DEFAULT CHARSET=utf8 COLLATE=utf8_unicode_ci;

--
-- Data for table `craft_commerce_customers`
--

INSERT INTO `craft_commerce_customers` (`id`, `userId`, `email`, `lastUsedBillingAddressId`, `lastUsedShippingAddressId`, `dateCreated`, `dateUpdated`, `uid`) VALUES
 ('1', '1', 'mb@18digital.dk', '9', '9', '2016-05-24 09:39:26', '2016-06-14 12:45:48', 'e35ae8d3-be0a-4265-8642-42bded15b10a'),
 ('2', NULL, NULL, NULL, NULL, '2016-05-24 10:46:21', '2016-05-24 10:46:21', 'dcf87ad0-55ba-405f-a290-8e9f41ace8f7'),
 ('3', NULL, 'martin@beuschau.dk', NULL, NULL, '2016-05-24 12:57:57', '2016-05-24 13:46:41', '87984a92-ebce-4a56-a6fc-ee961354f846'),
 ('4', NULL, NULL, NULL, NULL, '2016-05-24 14:00:56', '2016-05-24 14:00:56', '87cfd2ff-d31c-410a-9ecf-a429be110944'),
 ('5', NULL, 'mb@18digital.dk', NULL, NULL, '2016-05-24 14:09:38', '2016-05-24 14:09:50', 'b02fedd7-f794-4aeb-bd16-e13cd5467ec9'),
 ('6', NULL, 'mb@18digital.dk', '21', '21', '2016-05-24 20:27:57', '2016-05-24 20:29:52', '65e62da6-2b92-4e0f-a358-116829ebbf12'),
 ('7', NULL, 'martin@beuschau.dk', '30', '30', '2016-05-25 12:36:48', '2016-05-25 13:59:06', '726eda72-5c10-4ac9-b6d0-f124c4f42234'),
 ('8', NULL, 'mb@18digital.dk', NULL, NULL, '2016-05-25 17:32:59', '2016-05-25 17:33:09', '25f97d4e-f008-43ec-bd91-64c30f96180f'),
 ('9', NULL, 'mb@18digital.dk', NULL, NULL, '2016-05-25 17:34:54', '2016-05-25 17:35:00', '4cc743cf-bc81-4513-9ba3-5781aadcf923'),
 ('10', NULL, NULL, NULL, NULL, '2016-05-25 17:38:13', '2016-05-25 17:38:13', '3635e3ff-6da2-4170-87fe-31d324d2ef08'),
 ('11', NULL, 'louise@beuschau.dk', '61', '61', '2016-05-25 18:53:22', '2016-05-25 18:54:32', 'c603404f-e05d-4927-9a09-c3ebe9499374'),
 ('12', NULL, NULL, NULL, NULL, '2016-05-27 10:54:22', '2016-05-27 10:54:22', '8b59a4c8-104b-4e96-9320-c2a28f27cae1'),
 ('13', NULL, NULL, NULL, NULL, '2016-05-27 13:50:58', '2016-05-27 13:50:58', '0569804a-53bb-441f-966e-ec3aecdcddc3'),
 ('14', NULL, 'martin@beuschau.dk', NULL, NULL, '2016-05-30 06:51:05', '2016-05-30 06:51:34', '634318a7-a940-4b67-9394-736aab47e6c4'),
 ('15', NULL, 'mb@18digital.dk', NULL, NULL, '2016-05-30 08:18:08', '2016-05-30 08:18:14', '994b21c1-a66d-4cb3-87d4-3d90c8f3844d'),
 ('16', NULL, 'mb@18digital.dk', NULL, NULL, '2016-05-30 12:06:14', '2016-05-30 13:55:49', '0a6b6d31-e3b5-4a18-9eef-b84163aea630'),
 ('17', NULL, NULL, NULL, NULL, '2016-05-30 14:19:56', '2016-05-30 14:19:56', 'efc449f6-6909-43c4-a80e-005e3b398e00'),
 ('18', NULL, 'mb@18digital.dk', '74', '74', '2016-05-31 07:52:11', '2016-05-31 07:52:40', '751a31e0-e1e5-4b77-85cf-0b3a0dbf9635'),
 ('19', NULL, 'mb@18digital.dk', '77', '77', '2016-05-31 08:04:33', '2016-05-31 08:05:07', '8359f435-72aa-4d6c-8a57-570f62167ae8'),
 ('20', NULL, 'mb@18digital.dk', NULL, NULL, '2016-05-31 08:06:42', '2016-05-31 08:06:49', '34898a97-73f0-425b-a407-cc98a0ea2d5f'),
 ('21', NULL, NULL, NULL, NULL, '2016-05-31 08:34:45', '2016-05-31 08:34:45', '4c25e238-d0ca-4853-95a0-a78556e05e41'),
 ('22', NULL, NULL, NULL, NULL, '2016-05-31 10:21:01', '2016-05-31 10:21:01', 'b28b67a0-b6ae-4653-bc23-1fd8726bebe3'),
 ('23', NULL, NULL, NULL, NULL, '2016-06-01 09:21:11', '2016-06-01 09:21:11', 'e2467387-7ecc-417b-a5d0-cd8473c5c3aa'),
 ('24', NULL, 'martin@beuschau.dk', NULL, NULL, '2016-06-01 13:34:12', '2016-06-01 13:36:10', 'eb5ac5ac-fb0b-4153-8d71-bbec3f6465bd'),
 ('25', NULL, NULL, NULL, NULL, '2016-06-01 18:38:02', '2016-06-01 18:38:02', '910619f4-1e92-4ac3-aa5e-b62722fb77c4'),
 ('26', NULL, NULL, NULL, NULL, '2016-06-01 19:56:39', '2016-06-01 19:56:39', 'd2b9e4ee-8531-4c71-93bb-9f18ab616172'),
 ('27', NULL, NULL, NULL, NULL, '2016-06-01 19:58:44', '2016-06-01 19:58:44', '70e6691d-4589-4c4e-bd6e-078b24c2de42'),
 ('28', NULL, 'mb@18digital.dk', NULL, NULL, '2016-06-02 06:57:54', '2016-06-02 07:04:31', 'af1931d3-9aeb-4eff-a200-ba4b10a322b9'),
 ('29', NULL, 'mb@18digital.dk', NULL, NULL, '2016-06-02 08:55:16', '2016-06-02 09:07:39', '085a3eb4-d5e3-43ba-8e20-3b2c9cad1492'),
 ('30', NULL, 'mb@18digital.dk', '86', '86', '2016-06-03 06:20:56', '2016-06-03 08:38:15', 'a5cb57d0-71f9-4046-97d6-54658e1a8397'),
 ('31', NULL, 'mb@18digital.dk', '89', '89', '2016-06-03 08:41:10', '2016-06-03 08:43:50', 'e3abc00b-2706-42be-b1f9-d3fa1c3b421c'),
 ('32', NULL, 'mb@18digital.dk', '92', '92', '2016-06-03 08:45:57', '2016-06-03 08:46:26', '492aef3a-1c9b-4815-a329-c319503e2b81'),
 ('33', NULL, 'mb@18digital.dk', NULL, NULL, '2016-06-03 08:54:19', '2016-06-03 08:54:25', '8d566264-e775-4dd9-b6f2-f257770a9474'),
 ('34', NULL, 'mb@18digital.dk', NULL, NULL, '2016-06-03 14:18:48', '2016-06-03 14:18:55', '5afbf6b7-8a36-4589-b462-dfb020fed9d7'),
 ('35', NULL, 'mb@18digital.dk', NULL, NULL, '2016-06-06 12:11:23', '2016-06-06 13:00:22', '20c5204d-7990-4901-b267-082397bae5ea'),
 ('36', NULL, 'mb@18digital.dk', '109', '109', '2016-06-06 14:43:15', '2016-06-06 14:49:15', '11b75542-cda9-42d4-9df2-e7a71c7426be'),
 ('37', NULL, 'mb@18digital.dk', NULL, NULL, '2016-06-06 14:50:49', '2016-06-06 14:50:57', 'e9da0bea-50bc-4abd-82db-c0f1d7d784ca'),
 ('38', NULL, NULL, NULL, NULL, '2016-06-07 18:34:55', '2016-06-07 18:34:55', '854c86e9-5412-4dbb-a033-5bf29de6fefd'),
 ('39', NULL, 'mb@18digital.dk', NULL, NULL, '2016-06-08 20:43:20', '2016-06-08 20:43:28', '7e29a352-fe39-4b0a-948a-0f7ad2e2a7d3'),
 ('40', NULL, NULL, NULL, NULL, '2016-06-09 07:33:15', '2016-06-09 07:33:15', 'c8ef5d9d-73ed-4b93-8956-c335c7448e0e'),
 ('41', NULL, NULL, NULL, NULL, '2016-06-09 14:50:29', '2016-06-09 14:50:29', '5ac3ca34-53b9-40ef-b707-93059d304bc8'),
 ('42', NULL, 'mb@18digital.dk', '118', '118', '2016-06-10 07:05:18', '2016-06-10 07:06:04', '9972b4ed-840c-4373-a7dd-f3d0eff51278'),
 ('43', NULL, 'mb@18digital.dk', NULL, NULL, '2016-06-10 07:17:22', '2016-06-10 08:07:16', '45de561b-4f09-4b92-8a2f-b483524b5750'),
 ('44', NULL, NULL, NULL, NULL, '2016-06-10 11:46:19', '2016-06-10 11:46:19', '65deb30a-07b0-40e5-9caf-34f43f5ef7ae'),
 ('45', NULL, 'mb@18digital.dk', NULL, NULL, '2016-06-10 13:56:41', '2016-06-10 13:56:59', '0ff2ed37-26d3-4fa0-b7fb-b4250ba50453'),
 ('46', NULL, NULL, NULL, NULL, '2016-06-10 14:03:50', '2016-06-10 14:03:50', '70617960-c06e-48d6-8056-4a598aeace62'),
 ('47', NULL, NULL, NULL, NULL, '2016-06-12 18:57:27', '2016-06-12 18:57:27', 'c32b5c74-134a-4925-b63f-662dfbad4618'),
 ('48', NULL, 'mb@18digital.dk', '132', '132', '2016-06-14 07:20:41', '2016-06-14 07:43:21', '9c4aa060-6d6f-42bc-95ad-214d3ae7eff6'),
 ('49', NULL, 'mb@18digital.dk', '135', '135', '2016-06-14 07:48:41', '2016-06-14 07:49:12', '01609120-d5fc-4d39-8f63-6dda7936d2df'),
 ('50', NULL, 'mb@18digital.dk', '138', '138', '2016-06-14 07:54:23', '2016-06-14 07:54:51', '018290da-8621-4f5c-a766-5aaf7086db04'),
 ('51', NULL, 'mb@18digital.dk', '141', '141', '2016-06-14 08:03:50', '2016-06-14 08:04:39', '716eaa6e-38ae-421e-8611-4a912b744b23'),
 ('52', NULL, 'martin@beuschau.dk', '144', '144', '2016-06-14 08:31:03', '2016-06-14 08:31:35', '7a1480c8-53f0-442e-8fb4-33b88d43dee8'),
 ('53', NULL, 'martin@beuschau.dk', '147', '147', '2016-06-14 08:33:50', '2016-06-14 08:34:19', 'd79200a4-1404-43c3-8716-f93770454c81'),
 ('54', NULL, 'martin@beuschau.dk', '150', '150', '2016-06-14 08:38:12', '2016-06-14 08:39:43', '4b50badf-6c35-4920-ae60-997fb6fa0fef'),
 ('55', NULL, 'mb@18digital.dk', '153', '153', '2016-06-14 08:44:20', '2016-06-14 08:45:03', '5cd81bdb-59eb-4fb9-8ac9-ead21a7e0b13'),
 ('56', NULL, 'mb@18digital.dk', '156', '156', '2016-06-14 08:54:33', '2016-06-14 08:55:14', 'bded3e53-c899-4aa3-beb6-e6979057018d'),
 ('57', NULL, 'mb@18digital.dk', '159', '159', '2016-06-14 08:57:06', '2016-06-14 08:57:40', '5c2a2fe5-458d-4dfe-bd00-4fbdac434f07'),
 ('58', NULL, 'mb@18digital.dk', '162', '162', '2016-06-14 08:58:32', '2016-06-14 08:59:11', '269d0ad8-1788-45cc-ab5d-e5b4112a7cf9'),
 ('59', NULL, 'mb@18digital.dk', NULL, NULL, '2016-06-14 09:06:28', '2016-06-14 09:06:46', '42831447-10e2-4edf-9457-ec4844f23a52'),
 ('60', NULL, 'mb@18digital.dk', '188', '188', '2016-06-14 14:13:30', '2016-06-14 14:14:11', 'c1c192ae-84d5-4847-882f-ae63b65a174e'),
 ('61', NULL, 'mb@18digital.dk', '191', '191', '2016-06-14 14:14:57', '2016-06-14 14:15:36', 'eec9d72a-f897-48f3-b0d2-58c42a3ef925'),
 ('62', NULL, NULL, NULL, NULL, '2016-06-23 07:07:35', '2016-06-23 07:07:35', 'a86bcfbe-2597-4b2a-88cc-c4b2b385af61'),
 ('63', NULL, NULL, NULL, NULL, '2016-06-24 13:17:59', '2016-06-24 13:17:59', '97dbf13c-8293-47c0-9edc-deeb8d2fc1b0'),
 ('64', NULL, 'mb@18digital.dk', NULL, NULL, '2016-06-27 06:08:15', '2016-06-27 06:08:32', '0e7f289b-d4d1-4d72-a3f8-d46563cc8ec6'),
 ('65', NULL, NULL, NULL, NULL, '2016-06-27 08:02:54', '2016-06-27 08:02:54', 'af52356c-3ed6-4739-87c8-3af64d2d999f'),
 ('66', NULL, 'mb@18digital.dk', NULL, NULL, '2016-06-27 12:38:18', '2016-06-27 12:38:28', '57bcd4fa-85ca-4b75-8ffd-db90d97fdc50');



DROP TABLE IF EXISTS `craft_commerce_customers_addresses`;


--
-- Schema for table `craft_commerce_customers_addresses`
--
CREATE TABLE `craft_commerce_customers_addresses` (
  `id` int(11) NOT NULL AUTO_INCREMENT,
  `customerId` int(11) NOT NULL,
  `addressId` int(11) NOT NULL,
  `dateCreated` datetime NOT NULL,
  `dateUpdated` datetime NOT NULL,
  `uid` char(36) COLLATE utf8_unicode_ci NOT NULL DEFAULT '0',
  PRIMARY KEY (`id`),
  UNIQUE KEY `craft_commerce_customers_addresses_customerId_addressId_unq_idx` (`customerId`,`addressId`),
  KEY `craft_commerce_customers_addresses_customerId_idx` (`customerId`),
  KEY `craft_commerce_customers_addresses_addressId_idx` (`addressId`)
) ENGINE=InnoDB AUTO_INCREMENT=63 DEFAULT CHARSET=utf8 COLLATE=utf8_unicode_ci;

--
-- Data for table `craft_commerce_customers_addresses`
--

INSERT INTO `craft_commerce_customers_addresses` (`id`, `customerId`, `addressId`, `dateCreated`, `dateUpdated`, `uid`) VALUES
 ('7', '1', '9', '2016-05-24 12:10:27', '2016-06-28 15:27:03', '4e2de216-25a9-4012-bc02-3a371b456686'),
 ('10', '1', '12', '2016-05-24 12:14:09', '2016-06-01 20:13:39', '3a817d65-b8a2-4ca2-becc-d50f66e82607'),
 ('11', '3', '15', '2016-05-24 13:07:55', '2016-05-24 13:07:55', '0866c3c3-dbd6-4414-919a-0a87cd2ab725'),
 ('12', '3', '16', '2016-05-24 13:09:27', '2016-05-24 13:09:27', '29a43dc4-97cc-4bf7-a992-d7fac93b53ae'),
 ('13', '3', '17', '2016-05-24 13:09:59', '2016-05-24 13:09:59', '394c9241-3412-4ec8-87d2-fc752de4ab1d'),
 ('14', '3', '18', '2016-05-24 13:13:13', '2016-05-24 13:13:13', '049421e8-ebf9-4cb9-849f-8d0b367c061f'),
 ('15', '3', '19', '2016-05-24 13:46:47', '2016-05-24 13:46:47', '4d3a3914-a446-48f3-b5dc-61c21d345a92'),
 ('16', '5', '20', '2016-05-24 14:10:02', '2016-05-24 14:10:02', 'e2801ce9-48ba-42d0-bfe7-8c0c20c5c7b5'),
 ('17', '6', '21', '2016-05-24 20:28:14', '2016-05-24 20:28:14', '3fd1f176-c75e-4bb7-8ae7-5785c3f0e2e5'),
 ('18', '7', '30', '2016-05-25 13:58:53', '2016-05-25 13:58:53', '4df2db51-d41e-41aa-937a-300d62e2dbca'),
 ('19', '8', '49', '2016-05-25 17:33:14', '2016-05-25 17:33:14', '2498a86b-c0ce-4b60-b6dc-e7a4bea5b9b2'),
 ('20', '9', '50', '2016-05-25 17:35:05', '2016-05-25 17:35:05', '11b80035-bf0a-4f51-b707-896c79acd636'),
 ('21', '11', '61', '2016-05-25 18:53:56', '2016-05-25 18:53:56', 'adc2b4e5-65b0-48e2-b781-a78bf776a87c'),
 ('22', '14', '66', '2016-05-30 06:51:47', '2016-05-30 06:51:47', '3d5c3beb-d0f2-4928-a456-13956efa2cf9'),
 ('23', '15', '67', '2016-05-30 08:18:21', '2016-05-30 08:18:21', 'eb944456-48c7-4ff2-8a2e-4866fe041a9b'),
 ('24', '16', '70', '2016-05-30 12:06:41', '2016-05-30 12:06:41', 'c3733876-c659-414f-83e2-180ede974c61'),
 ('25', '16', '71', '2016-05-30 13:55:53', '2016-05-30 13:55:53', '9ade4e3e-99ed-4b7a-a00b-42cec7fdfac5'),
 ('26', '18', '74', '2016-05-31 07:52:22', '2016-05-31 07:52:22', 'bef448fa-3646-41ab-af88-110a77c13933'),
 ('27', '19', '77', '2016-05-31 08:04:50', '2016-05-31 08:04:50', '297a7e5c-239b-48e2-b24d-c43ac7b70209'),
 ('28', '20', '80', '2016-05-31 08:06:54', '2016-05-31 08:06:54', 'd68479b5-a1de-498f-93da-8defe31392bd'),
 ('29', '24', '81', '2016-06-01 13:36:22', '2016-06-01 13:36:22', '2accc76e-80c7-4b7d-bb36-56957b232b95'),
 ('30', '28', '82', '2016-06-02 07:04:37', '2016-06-02 07:04:37', '95424491-75bd-417e-809e-42c328f1e0c8'),
 ('31', '29', '83', '2016-06-02 09:07:44', '2016-06-02 09:07:44', '3d4e234f-31f4-429b-823f-8002ff68fa62'),
 ('32', '30', '86', '2016-06-03 08:19:05', '2016-06-03 08:19:05', '6b59818c-d1b9-49d1-8bdc-66a3f5249765'),
 ('33', '31', '89', '2016-06-03 08:41:15', '2016-06-03 08:41:15', 'e817fb6f-0f05-4aa1-b850-b5e409b89a3d'),
 ('34', '32', '92', '2016-06-03 08:46:08', '2016-06-03 08:46:08', 'b28a8ceb-59ec-4a09-b541-7d7997dc0336'),
 ('35', '33', '95', '2016-06-03 08:54:30', '2016-06-03 08:54:30', '3d25a7f7-04ad-4078-a8b0-c34f85aa561b'),
 ('36', '34', '100', '2016-06-03 14:19:00', '2016-06-03 14:19:00', '37d3b787-eadf-4f2a-9312-de8c7252a93d'),
 ('37', '35', '101', '2016-06-06 12:11:35', '2016-06-06 12:11:35', 'ad12d79c-3ba2-4177-b8de-23eeeb231eac'),
 ('38', '35', '102', '2016-06-06 13:00:25', '2016-06-06 13:00:25', '8e71c25d-7be6-418a-a1d8-a4ece15d4439'),
 ('39', '36', '109', '2016-06-06 14:43:26', '2016-06-06 14:43:26', '7a1997c7-823e-455c-a8c8-c489fbc5e242'),
 ('40', '37', '112', '2016-06-06 14:51:01', '2016-06-06 14:51:01', 'cea16338-535d-4ceb-a6f6-2865a2ee91d5'),
 ('41', '39', '113', '2016-06-08 20:43:32', '2016-06-08 20:43:32', '1e503677-0d82-43a7-a755-60b4085809a3'),
 ('42', '42', '118', '2016-06-10 07:05:35', '2016-06-10 07:05:35', 'ee982355-dc5b-485a-99e0-3e9d3a876a68'),
 ('43', '43', '121', '2016-06-10 07:17:34', '2016-06-10 07:17:34', 'bc49c298-6d2d-44f4-b815-c14f279be243'),
 ('44', '43', '122', '2016-06-10 08:08:49', '2016-06-10 08:08:49', '71cc07f3-c57b-407f-89fb-85e712709f3f'),
 ('45', '45', '131', '2016-06-10 13:57:05', '2016-06-10 13:57:05', '0c8fd6f4-13eb-4ff4-aff4-b8398e116182'),
 ('46', '48', '132', '2016-06-14 07:20:57', '2016-06-14 07:20:57', '71cb53f5-243b-4cd2-9fc9-ab297048bd05'),
 ('47', '49', '135', '2016-06-14 07:48:51', '2016-06-14 07:48:51', '80f63fe7-ca2c-460b-b3fc-2535cfe8cf40'),
 ('48', '50', '138', '2016-06-14 07:54:33', '2016-06-14 07:54:33', '40995d78-ac59-48bb-ab62-0374effb7d57'),
 ('49', '51', '141', '2016-06-14 08:04:09', '2016-06-14 08:04:09', 'd95d7fe2-408e-4c26-9c43-dabf160b3b9a'),
 ('50', '52', '144', '2016-06-14 08:31:16', '2016-06-14 08:31:16', '4a76d8b2-aeda-47e7-9fef-e6e4d8e7b102'),
 ('51', '53', '147', '2016-06-14 08:34:02', '2016-06-14 08:34:02', '3eb595cf-c630-46a0-adc0-8fa837256b61'),
 ('52', '54', '150', '2016-06-14 08:38:24', '2016-06-14 08:38:24', '7033f0f2-5f0a-495e-8559-adc031ad1a9b'),
 ('53', '55', '153', '2016-06-14 08:44:30', '2016-06-14 08:44:30', '2e38cd86-d62d-453d-8838-a2f799832653'),
 ('54', '56', '156', '2016-06-14 08:54:43', '2016-06-14 08:54:43', '32fe0657-7eb9-4a4f-a3a3-dbd46ea456cc'),
 ('55', '57', '159', '2016-06-14 08:57:16', '2016-06-14 08:57:16', '21c27788-839b-4456-b7d0-cf845a5fa737'),
 ('56', '58', '162', '2016-06-14 08:58:42', '2016-06-14 08:58:42', '72c97f69-a9aa-4d1a-a1e7-2113aae3c652'),
 ('57', '59', '165', '2016-06-14 09:09:13', '2016-06-14 09:09:13', 'a7e7d100-360b-4343-bc2b-21d527fe19a9'),
 ('58', '60', '188', '2016-06-14 14:13:45', '2016-06-14 14:13:45', 'f1c4289a-227f-496d-9e0a-f48b0c6f6ade'),
 ('59', '61', '191', '2016-06-14 14:15:07', '2016-06-14 14:15:07', '6fb0f9a2-b521-4ee4-a67a-3e436f55f397'),
 ('60', '64', '194', '2016-06-27 06:08:38', '2016-06-27 06:08:38', '925c03b3-89ed-4f60-a1e6-3ce6c4443fa6'),
 ('61', '66', '195', '2016-06-27 12:38:33', '2016-06-27 12:38:33', '5d1455a1-8524-4eb1-932d-aa5faa01ec46'),
 ('62', '1', '196', '2016-06-28 15:55:50', '2016-06-29 07:43:23', 'e05f0646-afb6-4263-a2e2-6114fc92e3b7');



DROP TABLE IF EXISTS `craft_commerce_discount_products`;


--
-- Schema for table `craft_commerce_discount_products`
--
CREATE TABLE `craft_commerce_discount_products` (
  `id` int(11) NOT NULL AUTO_INCREMENT,
  `discountId` int(10) NOT NULL,
  `productId` int(10) NOT NULL,
  `dateCreated` datetime NOT NULL,
  `dateUpdated` datetime NOT NULL,
  `uid` char(36) COLLATE utf8_unicode_ci NOT NULL DEFAULT '0',
  PRIMARY KEY (`id`),
  UNIQUE KEY `craft_commerce_discount_products_discountId_productId_unq_idx` (`discountId`,`productId`),
  KEY `craft_commerce_discount_products_productId_fk` (`productId`)
) ENGINE=InnoDB AUTO_INCREMENT=2 DEFAULT CHARSET=utf8 COLLATE=utf8_unicode_ci;

DROP TABLE IF EXISTS `craft_commerce_discount_producttypes`;


--
-- Schema for table `craft_commerce_discount_producttypes`
--
CREATE TABLE `craft_commerce_discount_producttypes` (
  `id` int(11) NOT NULL AUTO_INCREMENT,
  `discountId` int(10) NOT NULL,
  `productTypeId` int(10) NOT NULL,
  `dateCreated` datetime NOT NULL,
  `dateUpdated` datetime NOT NULL,
  `uid` char(36) COLLATE utf8_unicode_ci NOT NULL DEFAULT '0',
  PRIMARY KEY (`id`),
  UNIQUE KEY `craft_commerc_discoun_producttype_discountI_productTypeI_unq_idx` (`discountId`,`productTypeId`),
  KEY `craft_commerce_discount_producttypes_productTypeId_fk` (`productTypeId`)
) ENGINE=InnoDB AUTO_INCREMENT=2 DEFAULT CHARSET=utf8 COLLATE=utf8_unicode_ci;

DROP TABLE IF EXISTS `craft_commerce_discount_usergroups`;


--
-- Schema for table `craft_commerce_discount_usergroups`
--
CREATE TABLE `craft_commerce_discount_usergroups` (
  `id` int(11) NOT NULL AUTO_INCREMENT,
  `discountId` int(10) NOT NULL,
  `userGroupId` int(10) NOT NULL,
  `dateCreated` datetime NOT NULL,
  `dateUpdated` datetime NOT NULL,
  `uid` char(36) COLLATE utf8_unicode_ci NOT NULL DEFAULT '0',
  PRIMARY KEY (`id`),
  UNIQUE KEY `craft_commerce_discount_usergroups_discountId_userGroupId_unq_id` (`discountId`,`userGroupId`),
  KEY `craft_commerce_discount_usergroups_userGroupId_fk` (`userGroupId`)
) ENGINE=InnoDB DEFAULT CHARSET=utf8 COLLATE=utf8_unicode_ci;

DROP TABLE IF EXISTS `craft_commerce_discounts`;


--
-- Schema for table `craft_commerce_discounts`
--
CREATE TABLE `craft_commerce_discounts` (
  `id` int(11) NOT NULL AUTO_INCREMENT,
  `name` varchar(255) COLLATE utf8_unicode_ci NOT NULL,
  `description` text COLLATE utf8_unicode_ci,
  `code` varchar(255) COLLATE utf8_unicode_ci DEFAULT NULL,
  `perUserLimit` int(10) unsigned NOT NULL DEFAULT '0',
  `perEmailLimit` int(11) DEFAULT '0',
  `totalUseLimit` int(10) unsigned NOT NULL DEFAULT '0',
  `totalUses` int(10) unsigned NOT NULL DEFAULT '0',
  `dateFrom` datetime DEFAULT NULL,
  `dateTo` datetime DEFAULT NULL,
  `purchaseTotal` int(10) NOT NULL DEFAULT '0',
  `purchaseQty` int(10) NOT NULL DEFAULT '0',
  `baseDiscount` decimal(14,4) NOT NULL DEFAULT '0.0000',
  `perItemDiscount` decimal(14,4) NOT NULL DEFAULT '0.0000',
  `percentDiscount` decimal(14,4) NOT NULL DEFAULT '0.0000',
  `excludeOnSale` tinyint(1) unsigned NOT NULL DEFAULT '0',
  `freeShipping` tinyint(1) unsigned NOT NULL DEFAULT '0',
  `allGroups` tinyint(1) unsigned NOT NULL DEFAULT '0',
  `allProducts` tinyint(1) unsigned NOT NULL DEFAULT '0',
  `allProductTypes` tinyint(1) unsigned NOT NULL DEFAULT '0',
  `enabled` tinyint(1) unsigned NOT NULL DEFAULT '1',
  `dateCreated` datetime NOT NULL,
  `dateUpdated` datetime NOT NULL,
  `uid` char(36) COLLATE utf8_unicode_ci NOT NULL DEFAULT '0',
  PRIMARY KEY (`id`),
  UNIQUE KEY `craft_commerce_discounts_code_unq_idx` (`code`),
  KEY `craft_commerce_discounts_dateFrom_idx` (`dateFrom`),
  KEY `craft_commerce_discounts_dateTo_idx` (`dateTo`)
) ENGINE=InnoDB AUTO_INCREMENT=2 DEFAULT CHARSET=utf8 COLLATE=utf8_unicode_ci;

DROP TABLE IF EXISTS `craft_commerce_emails`;


--
-- Schema for table `craft_commerce_emails`
--
CREATE TABLE `craft_commerce_emails` (
  `id` int(11) NOT NULL AUTO_INCREMENT,
  `name` varchar(255) COLLATE utf8_unicode_ci NOT NULL,
  `subject` varchar(255) COLLATE utf8_unicode_ci NOT NULL,
  `to` varchar(255) COLLATE utf8_unicode_ci NOT NULL,
  `bcc` varchar(255) COLLATE utf8_unicode_ci DEFAULT NULL,
  `enabled` tinyint(1) unsigned NOT NULL DEFAULT '0',
  `templatePath` varchar(255) COLLATE utf8_unicode_ci NOT NULL,
  `dateCreated` datetime NOT NULL,
  `dateUpdated` datetime NOT NULL,
  `uid` char(36) COLLATE utf8_unicode_ci NOT NULL DEFAULT '0',
  PRIMARY KEY (`id`)
) ENGINE=InnoDB AUTO_INCREMENT=4 DEFAULT CHARSET=utf8 COLLATE=utf8_unicode_ci;

--
-- Data for table `craft_commerce_emails`
--

INSERT INTO `craft_commerce_emails` (`id`, `name`, `subject`, `to`, `bcc`, `enabled`, `templatePath`, `dateCreated`, `dateUpdated`, `uid`) VALUES
 ('1', 'Order Recieved Notification', 'Order fra Elektronikforsikring.dk #{{order.id}}', '{{order.email}}', 'acl@netcompany.com', '1', 'commerce/_emails/orderRecieved', '2016-05-24 20:32:34', '2016-06-27 14:46:00', 'c9e82a17-296f-4dd5-8220-2f6a08505661'),
 ('2', 'Navision Order', 'Navision Order #{{order.id}}', 'acl@netcompany.com', '', '1', 'commerce/_emails/navisionOrder	', '2016-05-25 18:18:19', '2016-06-14 11:30:28', 'ec589c14-290c-47c2-a425-dc619298064a'),
 ('3', 'navtest', 'Hej', 'mb@18digital.dk', '', '1', 'index', '2016-06-27 14:45:32', '2016-06-27 14:45:32', 'fd906cf2-4b7f-4fa6-a0bf-a93deb8bf247');



DROP TABLE IF EXISTS `craft_commerce_lineitems`;


--
-- Schema for table `craft_commerce_lineitems`
--
CREATE TABLE `craft_commerce_lineitems` (
  `id` int(11) NOT NULL AUTO_INCREMENT,
  `orderId` int(11) NOT NULL,
  `purchasableId` int(11) DEFAULT NULL,
  `options` text COLLATE utf8_unicode_ci,
  `optionsSignature` varchar(255) COLLATE utf8_unicode_ci NOT NULL,
  `price` decimal(14,4) unsigned NOT NULL,
  `saleAmount` decimal(14,4) NOT NULL DEFAULT '0.0000',
  `salePrice` decimal(14,4) NOT NULL DEFAULT '0.0000',
  `tax` decimal(14,4) NOT NULL DEFAULT '0.0000',
  `taxIncluded` decimal(14,4) NOT NULL DEFAULT '0.0000',
  `shippingCost` decimal(14,4) unsigned NOT NULL DEFAULT '0.0000',
  `discount` decimal(14,4) NOT NULL DEFAULT '0.0000',
  `weight` decimal(14,4) unsigned NOT NULL DEFAULT '0.0000',
  `height` decimal(14,4) unsigned NOT NULL DEFAULT '0.0000',
  `length` decimal(14,4) unsigned NOT NULL DEFAULT '0.0000',
  `width` decimal(14,4) unsigned NOT NULL DEFAULT '0.0000',
  `total` decimal(14,4) unsigned NOT NULL DEFAULT '0.0000',
  `qty` int(10) unsigned NOT NULL,
  `note` text COLLATE utf8_unicode_ci,
  `snapshot` text COLLATE utf8_unicode_ci NOT NULL,
  `taxCategoryId` int(10) NOT NULL,
  `dateCreated` datetime NOT NULL,
  `dateUpdated` datetime NOT NULL,
  `uid` char(36) COLLATE utf8_unicode_ci NOT NULL DEFAULT '0',
  PRIMARY KEY (`id`),
  UNIQUE KEY `craf_commerc_lineitem_orderI_purchasableI_optionsSignatu_unq_idx` (`orderId`,`purchasableId`,`optionsSignature`),
  KEY `craft_commerce_lineitems_purchasableId_fk` (`purchasableId`),
  KEY `craft_commerce_lineitems_taxCategoryId_fk` (`taxCategoryId`)
) ENGINE=InnoDB AUTO_INCREMENT=133 DEFAULT CHARSET=utf8 COLLATE=utf8_unicode_ci;

--
-- Data for table `craft_commerce_lineitems`
--

INSERT INTO `craft_commerce_lineitems` (`id`, `orderId`, `purchasableId`, `options`, `optionsSignature`, `price`, `saleAmount`, `salePrice`, `tax`, `taxIncluded`, `shippingCost`, `discount`, `weight`, `height`, `length`, `width`, `total`, `qty`, `note`, `snapshot`, `taxCategoryId`, `dateCreated`, `dateUpdated`, `uid`) VALUES
 ('98', '178', '86', '[]', 'd751713988987e9331980363e24189ce', '99.0000', '0.0000', '99.0000', '0.0000', '0.0000', '0.0000', '0.0000', '0.0000', '0.0000', '0.0000', '0.0000', '99.0000', '1', NULL, '{\"id\":\"86\",\"enabled\":\"1\",\"archived\":\"0\",\"locale\":\"da\",\"localeEnabled\":\"1\",\"slug\":\"a-new-toga\",\"uri\":null,\"dateCreated\":\"2016-05-24 09:30:02\",\"dateUpdated\":\"2016-05-26 19:41:35\",\"root\":null,\"lft\":null,\"rgt\":null,\"level\":null,\"searchScore\":null,\"productId\":\"85\",\"isDefault\":\"1\",\"sku\":\"Elektronikforsikring\",\"price\":\"99.0000\",\"sortOrder\":\"1\",\"width\":\"0.0000\",\"height\":\"0.0000\",\"length\":\"0.0000\",\"weight\":\"0.0000\",\"stock\":\"0\",\"unlimitedStock\":\"1\",\"minQty\":\"1\",\"maxQty\":\"1\",\"onSale\":0,\"cpEditUrl\":\"#\",\"product\":{\"id\":\"85\",\"enabled\":\"1\",\"archived\":\"0\",\"locale\":\"da\",\"localeEnabled\":\"1\",\"slug\":\"elektronikforsikring\",\"uri\":\"commerce\\/products\\/elektronikforsikring\",\"dateCreated\":\"2016-05-24 09:30:02\",\"dateUpdated\":\"2016-05-26 19:41:35\",\"root\":null,\"lft\":null,\"rgt\":null,\"level\":null,\"searchScore\":null,\"typeId\":\"1\",\"taxCategoryId\":\"1\",\"promotable\":\"0\",\"freeShipping\":\"1\",\"postDate\":\"2016-05-24 09:30:00\",\"expiryDate\":null,\"defaultVariantId\":\"86\",\"defaultSku\":\"Elektronikforsikring\",\"defaultPrice\":\"99.0000\",\"defaultHeight\":\"0.0000\",\"defaultLength\":\"0.0000\",\"defaultWidth\":\"0.0000\",\"defaultWeight\":\"0.0000\",\"title\":\"Elektronikforsikring\"},\"description\":\"Elektronikforsikring\",\"purchasableId\":\"86\",\"options\":[]}', '1', '2016-06-27 11:00:06', '2016-06-27 11:00:06', '2adc8f10-258d-466f-b3a4-17b9e8fb257f'),
 ('99', '193', '86', '[]', 'd751713988987e9331980363e24189ce', '99.0000', '0.0000', '99.0000', '0.0000', '0.0000', '0.0000', '0.0000', '0.0000', '0.0000', '0.0000', '0.0000', '99.0000', '1', NULL, '{\"id\":\"86\",\"enabled\":\"1\",\"archived\":\"0\",\"locale\":\"da\",\"localeEnabled\":\"1\",\"slug\":\"a-new-toga\",\"uri\":null,\"dateCreated\":\"2016-05-24 09:30:02\",\"dateUpdated\":\"2016-05-26 19:41:35\",\"root\":null,\"lft\":null,\"rgt\":null,\"level\":null,\"searchScore\":null,\"productId\":\"85\",\"isDefault\":\"1\",\"sku\":\"Elektronikforsikring\",\"price\":\"99.0000\",\"sortOrder\":\"1\",\"width\":\"0.0000\",\"height\":\"0.0000\",\"length\":\"0.0000\",\"weight\":\"0.0000\",\"stock\":\"0\",\"unlimitedStock\":\"1\",\"minQty\":\"1\",\"maxQty\":\"1\",\"onSale\":0,\"cpEditUrl\":\"#\",\"product\":{\"id\":\"85\",\"enabled\":\"1\",\"archived\":\"0\",\"locale\":\"da\",\"localeEnabled\":\"1\",\"slug\":\"elektronikforsikring\",\"uri\":\"commerce\\/products\\/elektronikforsikring\",\"dateCreated\":\"2016-05-24 09:30:02\",\"dateUpdated\":\"2016-05-26 19:41:35\",\"root\":null,\"lft\":null,\"rgt\":null,\"level\":null,\"searchScore\":null,\"typeId\":\"1\",\"taxCategoryId\":\"1\",\"promotable\":\"0\",\"freeShipping\":\"1\",\"postDate\":\"2016-05-24 09:30:00\",\"expiryDate\":null,\"defaultVariantId\":\"86\",\"defaultSku\":\"Elektronikforsikring\",\"defaultPrice\":\"99.0000\",\"defaultHeight\":\"0.0000\",\"defaultLength\":\"0.0000\",\"defaultWidth\":\"0.0000\",\"defaultWeight\":\"0.0000\",\"title\":\"Elektronikforsikring\"},\"description\":\"Elektronikforsikring\",\"purchasableId\":\"86\",\"options\":[]}', '1', '2016-06-27 11:23:04', '2016-06-27 12:37:05', '1fb01e23-c3a7-4761-b609-e895fab8ce22'),
 ('100', '194', '86', '[]', 'd751713988987e9331980363e24189ce', '99.0000', '0.0000', '99.0000', '0.0000', '0.0000', '0.0000', '0.0000', '0.0000', '0.0000', '0.0000', '0.0000', '99.0000', '1', NULL, '{\"id\":\"86\",\"enabled\":\"1\",\"archived\":\"0\",\"locale\":\"da\",\"localeEnabled\":\"1\",\"slug\":\"a-new-toga\",\"uri\":null,\"dateCreated\":\"2016-05-24 09:30:02\",\"dateUpdated\":\"2016-05-26 19:41:35\",\"root\":null,\"lft\":null,\"rgt\":null,\"level\":null,\"searchScore\":null,\"productId\":\"85\",\"isDefault\":\"1\",\"sku\":\"Elektronikforsikring\",\"price\":\"99.0000\",\"sortOrder\":\"1\",\"width\":\"0.0000\",\"height\":\"0.0000\",\"length\":\"0.0000\",\"weight\":\"0.0000\",\"stock\":\"0\",\"unlimitedStock\":\"1\",\"minQty\":\"1\",\"maxQty\":\"1\",\"onSale\":0,\"cpEditUrl\":\"#\",\"product\":{\"id\":\"85\",\"enabled\":\"1\",\"archived\":\"0\",\"locale\":\"da\",\"localeEnabled\":\"1\",\"slug\":\"elektronikforsikring\",\"uri\":\"commerce\\/products\\/elektronikforsikring\",\"dateCreated\":\"2016-05-24 09:30:02\",\"dateUpdated\":\"2016-05-26 19:41:35\",\"root\":null,\"lft\":null,\"rgt\":null,\"level\":null,\"searchScore\":null,\"typeId\":\"1\",\"taxCategoryId\":\"1\",\"promotable\":\"0\",\"freeShipping\":\"1\",\"postDate\":\"2016-05-24 09:30:00\",\"expiryDate\":null,\"defaultVariantId\":\"86\",\"defaultSku\":\"Elektronikforsikring\",\"defaultPrice\":\"99.0000\",\"defaultHeight\":\"0.0000\",\"defaultLength\":\"0.0000\",\"defaultWidth\":\"0.0000\",\"defaultWeight\":\"0.0000\",\"title\":\"Elektronikforsikring\"},\"description\":\"Elektronikforsikring\",\"purchasableId\":\"86\",\"options\":[]}', '1', '2016-06-27 12:38:18', '2016-06-27 12:38:49', '65e1ad05-e774-43f6-acda-a659c83a0065'),
 ('132', '195', '86', '[]', 'd751713988987e9331980363e24189ce', '100.0000', '0.0000', '100.0000', '0.0000', '0.0000', '0.0000', '0.0000', '0.0000', '0.0000', '0.0000', '0.0000', '100.0000', '1', NULL, '{\"id\":\"86\",\"enabled\":\"1\",\"archived\":\"0\",\"locale\":\"da\",\"localeEnabled\":\"1\",\"slug\":\"a-new-toga\",\"uri\":null,\"dateCreated\":\"2016-05-24 09:30:02\",\"dateUpdated\":\"2016-06-28 18:31:46\",\"root\":null,\"lft\":null,\"rgt\":null,\"level\":null,\"searchScore\":null,\"productId\":\"85\",\"isDefault\":\"1\",\"sku\":\"Elektronikforsikring\",\"price\":\"100.0000\",\"sortOrder\":\"1\",\"width\":\"0.0000\",\"height\":\"0.0000\",\"length\":\"0.0000\",\"weight\":\"0.0000\",\"stock\":\"0\",\"unlimitedStock\":\"1\",\"minQty\":\"1\",\"maxQty\":\"1\",\"onSale\":0,\"cpEditUrl\":\"#\",\"product\":{\"id\":\"85\",\"enabled\":\"1\",\"archived\":\"0\",\"locale\":\"da\",\"localeEnabled\":\"1\",\"slug\":\"elektronikforsikring\",\"uri\":\"commerce\\/products\\/elektronikforsikring\",\"dateCreated\":\"2016-05-24 09:30:02\",\"dateUpdated\":\"2016-06-28 18:31:46\",\"root\":null,\"lft\":null,\"rgt\":null,\"level\":null,\"searchScore\":null,\"typeId\":\"1\",\"taxCategoryId\":\"1\",\"promotable\":\"0\",\"freeShipping\":\"0\",\"postDate\":\"2016-05-24 09:30:00\",\"expiryDate\":null,\"defaultVariantId\":\"86\",\"defaultSku\":\"Elektronikforsikring\",\"defaultPrice\":\"100.0000\",\"defaultHeight\":\"0.0000\",\"defaultLength\":\"0.0000\",\"defaultWidth\":\"0.0000\",\"defaultWeight\":\"0.0000\",\"title\":\"Elektronikforsikring\"},\"description\":\"Elektronikforsikring\",\"purchasableId\":\"86\",\"options\":[]}', '1', '2016-06-29 07:57:47', '2016-06-29 07:57:47', '99793d0e-e361-4d84-bf5d-d3649e53f847');



DROP TABLE IF EXISTS `craft_commerce_orderadjustments`;


--
-- Schema for table `craft_commerce_orderadjustments`
--
CREATE TABLE `craft_commerce_orderadjustments` (
  `id` int(11) NOT NULL AUTO_INCREMENT,
  `type` varchar(255) COLLATE utf8_unicode_ci NOT NULL,
  `name` varchar(255) COLLATE utf8_unicode_ci DEFAULT NULL,
  `description` varchar(255) COLLATE utf8_unicode_ci DEFAULT NULL,
  `amount` decimal(14,4) NOT NULL,
  `included` tinyint(1) unsigned NOT NULL DEFAULT '0',
  `optionsJson` text COLLATE utf8_unicode_ci NOT NULL,
  `orderId` int(10) NOT NULL,
  `dateCreated` datetime NOT NULL,
  `dateUpdated` datetime NOT NULL,
  `uid` char(36) COLLATE utf8_unicode_ci NOT NULL DEFAULT '0',
  PRIMARY KEY (`id`),
  KEY `craft_commerce_orderadjustments_orderId_idx` (`orderId`)
) ENGINE=InnoDB AUTO_INCREMENT=150 DEFAULT CHARSET=utf8 COLLATE=utf8_unicode_ci;

DROP TABLE IF EXISTS `craft_commerce_orderhistories`;


--
-- Schema for table `craft_commerce_orderhistories`
--
CREATE TABLE `craft_commerce_orderhistories` (
  `id` int(11) NOT NULL AUTO_INCREMENT,
  `prevStatusId` int(11) DEFAULT NULL,
  `newStatusId` int(11) DEFAULT NULL,
  `orderId` int(10) NOT NULL,
  `customerId` int(10) NOT NULL,
  `message` text COLLATE utf8_unicode_ci,
  `dateCreated` datetime NOT NULL,
  `dateUpdated` datetime NOT NULL,
  `uid` char(36) COLLATE utf8_unicode_ci NOT NULL DEFAULT '0',
  PRIMARY KEY (`id`),
  KEY `craft_commerce_orderhistories_orderId_fk` (`orderId`),
  KEY `craft_commerce_orderhistories_prevStatusId_fk` (`prevStatusId`),
  KEY `craft_commerce_orderhistories_newStatusId_fk` (`newStatusId`),
  KEY `craft_commerce_orderhistories_customerId_fk` (`customerId`)
) ENGINE=InnoDB AUTO_INCREMENT=83 DEFAULT CHARSET=utf8 COLLATE=utf8_unicode_ci;

--
-- Data for table `craft_commerce_orderhistories`
--

INSERT INTO `craft_commerce_orderhistories` (`id`, `prevStatusId`, `newStatusId`, `orderId`, `customerId`, `message`, `dateCreated`, `dateUpdated`, `uid`) VALUES
 ('79', NULL, '2', '194', '66', NULL, '2016-06-27 12:38:49', '2016-06-27 12:38:49', 'e4c6711f-1cfb-446a-a14f-ba90890247cd'),
 ('80', '2', '3', '194', '1', '', '2016-06-27 15:09:38', '2016-06-27 15:09:38', '6379865b-fe22-481a-bee9-84e7e0b6fea6'),
 ('81', '3', '2', '194', '1', '', '2016-06-27 17:09:37', '2016-06-27 17:09:37', 'c9dc3908-3d66-40db-ad99-64211beb37d7'),
 ('82', '2', '3', '194', '1', '', '2016-06-27 19:43:38', '2016-06-27 19:43:38', '1f1b5067-8ba2-4e4a-a79b-995d89ba737b');



DROP TABLE IF EXISTS `craft_commerce_orders`;


--
-- Schema for table `craft_commerce_orders`
--
CREATE TABLE `craft_commerce_orders` (
  `billingAddressId` int(11) DEFAULT NULL,
  `shippingAddressId` int(11) DEFAULT NULL,
  `paymentMethodId` int(11) DEFAULT NULL,
  `customerId` int(11) DEFAULT NULL,
  `id` int(11) NOT NULL,
  `orderStatusId` int(11) DEFAULT NULL,
  `number` varchar(32) COLLATE utf8_unicode_ci DEFAULT NULL,
  `couponCode` varchar(255) COLLATE utf8_unicode_ci DEFAULT NULL,
  `itemTotal` decimal(14,4) DEFAULT '0.0000',
  `baseDiscount` decimal(14,4) DEFAULT '0.0000',
  `baseShippingCost` decimal(14,4) DEFAULT '0.0000',
  `totalPrice` decimal(14,4) DEFAULT '0.0000',
  `totalPaid` decimal(14,4) DEFAULT '0.0000',
  `email` varchar(255) COLLATE utf8_unicode_ci DEFAULT NULL,
  `isCompleted` tinyint(1) unsigned NOT NULL DEFAULT '0',
  `dateOrdered` datetime DEFAULT NULL,
  `datePaid` datetime DEFAULT NULL,
  `currency` varchar(255) COLLATE utf8_unicode_ci DEFAULT NULL,
  `lastIp` varchar(255) COLLATE utf8_unicode_ci DEFAULT NULL,
  `message` varchar(255) COLLATE utf8_unicode_ci DEFAULT NULL,
  `returnUrl` varchar(255) COLLATE utf8_unicode_ci DEFAULT NULL,
  `cancelUrl` varchar(255) COLLATE utf8_unicode_ci DEFAULT NULL,
  `shippingMethod` varchar(255) COLLATE utf8_unicode_ci DEFAULT NULL,
  `dateCreated` datetime NOT NULL,
  `dateUpdated` datetime NOT NULL,
  `uid` char(36) COLLATE utf8_unicode_ci NOT NULL DEFAULT '0',
  PRIMARY KEY (`id`),
  KEY `craft_commerce_orders_number_idx` (`number`),
  KEY `craft_commerce_orders_billingAddressId_fk` (`billingAddressId`),
  KEY `craft_commerce_orders_shippingAddressId_fk` (`shippingAddressId`),
  KEY `craft_commerce_orders_paymentMethodId_fk` (`paymentMethodId`),
  KEY `craft_commerce_orders_customerId_fk` (`customerId`),
  KEY `craft_commerce_orders_orderStatusId_fk` (`orderStatusId`)
) ENGINE=InnoDB DEFAULT CHARSET=utf8 COLLATE=utf8_unicode_ci;

--
-- Data for table `craft_commerce_orders`
--

INSERT INTO `craft_commerce_orders` (`billingAddressId`, `shippingAddressId`, `paymentMethodId`, `customerId`, `id`, `orderStatusId`, `number`, `couponCode`, `itemTotal`, `baseDiscount`, `baseShippingCost`, `totalPrice`, `totalPaid`, `email`, `isCompleted`, `dateOrdered`, `datePaid`, `currency`, `lastIp`, `message`, `returnUrl`, `cancelUrl`, `shippingMethod`, `dateCreated`, `dateUpdated`, `uid`) VALUES
 (NULL, NULL, '15', '65', '178', NULL, '31699e6092b74c77680ea1b3f70a940d', NULL, '99.0000', '0.0000', '0.0000', '99.0000', '0.0000', NULL, '0', NULL, NULL, 'DKK', NULL, NULL, '/commerce/customer/order?number=31699e6092b74c77680ea1b3f70a940d', '/commerce/checkout/payment', NULL, '2016-06-21 06:07:07', '2016-06-27 11:00:06', '6c4a83b1-d4d0-4aa3-8da2-74dd5c286ad3'),
 ('9', '9', '15', '1', '193', NULL, 'a1f5b4270906d11e264bd4bbaa33c368', NULL, '99.0000', '0.0000', '0.0000', '99.0000', '0.0000', 'mb@18digital.dk', '0', NULL, NULL, 'DKK', NULL, NULL, '/commerce/customer/order?number=a1f5b4270906d11e264bd4bbaa33c368', '/commerce/checkout/payment', NULL, '2016-06-27 11:23:04', '2016-06-27 12:37:05', '6ff5205e-f109-49dd-99c6-9ea62e52dab7'),
 ('195', '195', '15', '1', '194', '2', '746752c6152e02106a0f2074cfcb1403', NULL, '99.0000', '0.0000', '0.0000', '99.0000', '99.0000', 'mb@18digital.dk', '1', '2016-06-27 12:38:49', '2016-06-27 12:38:49', 'DKK', NULL, '', '/commerce/customer/order?number=746752c6152e02106a0f2074cfcb1403', '/commerce/checkout/payment', NULL, '2016-06-27 12:38:18', '2016-06-28 10:37:43', '2de73475-246a-4fe2-bad8-ba154c5b2a67'),
 ('196', '196', '15', '1', '195', NULL, '4e54e9367b4182d4202f03e7250693cc', NULL, '100.0000', '0.0000', '0.0000', '100.0000', '0.0000', 'mb@18digital.dk', '0', NULL, NULL, 'DKK', NULL, NULL, '/commerce/customer/order?number=4e54e9367b4182d4202f03e7250693cc', '/commerce/checkout/payment', NULL, '2016-06-27 12:45:27', '2016-06-29 07:57:47', 'b083c051-73a5-4b7e-93a1-603c658970b6');



DROP TABLE IF EXISTS `craft_commerce_ordersettings`;


--
-- Schema for table `craft_commerce_ordersettings`
--
CREATE TABLE `craft_commerce_ordersettings` (
  `id` int(11) NOT NULL AUTO_INCREMENT,
  `fieldLayoutId` int(11) DEFAULT NULL,
  `name` varchar(255) COLLATE utf8_unicode_ci NOT NULL,
  `handle` varchar(255) COLLATE utf8_unicode_ci NOT NULL,
  `dateCreated` datetime NOT NULL,
  `dateUpdated` datetime NOT NULL,
  `uid` char(36) COLLATE utf8_unicode_ci NOT NULL DEFAULT '0',
  PRIMARY KEY (`id`),
  UNIQUE KEY `craft_commerce_ordersettings_handle_unq_idx` (`handle`),
  KEY `craft_commerce_ordersettings_fieldLayoutId_fk` (`fieldLayoutId`)
) ENGINE=InnoDB AUTO_INCREMENT=2 DEFAULT CHARSET=utf8 COLLATE=utf8_unicode_ci;

--
-- Data for table `craft_commerce_ordersettings`
--

INSERT INTO `craft_commerce_ordersettings` (`id`, `fieldLayoutId`, `name`, `handle`, `dateCreated`, `dateUpdated`, `uid`) VALUES
 ('1', '72', 'Order', 'order', '2016-05-24 09:30:02', '2016-06-27 12:34:37', '1a4ad849-ea64-4765-86c4-932ee1e8d9e8');



DROP TABLE IF EXISTS `craft_commerce_orderstatus_emails`;


--
-- Schema for table `craft_commerce_orderstatus_emails`
--
CREATE TABLE `craft_commerce_orderstatus_emails` (
  `id` int(11) NOT NULL AUTO_INCREMENT,
  `orderStatusId` int(11) NOT NULL,
  `emailId` int(11) NOT NULL,
  `dateCreated` datetime NOT NULL,
  `dateUpdated` datetime NOT NULL,
  `uid` char(36) COLLATE utf8_unicode_ci NOT NULL DEFAULT '0',
  PRIMARY KEY (`id`),
  KEY `craft_commerce_orderstatus_emails_orderStatusId_fk` (`orderStatusId`),
  KEY `craft_commerce_orderstatus_emails_emailId_fk` (`emailId`)
) ENGINE=InnoDB AUTO_INCREMENT=6 DEFAULT CHARSET=utf8 COLLATE=utf8_unicode_ci;

--
-- Data for table `craft_commerce_orderstatus_emails`
--

INSERT INTO `craft_commerce_orderstatus_emails` (`id`, `orderStatusId`, `emailId`, `dateCreated`, `dateUpdated`, `uid`) VALUES
 ('4', '3', '3', '2016-06-27 14:47:11', '2016-06-27 14:47:11', 'db8c661c-f07d-4259-a560-b99c0ca88ff8'),
 ('5', '2', '3', '2016-06-27 14:47:27', '2016-06-27 14:47:27', 'c0b604d9-0cde-46fc-9630-9f01cf308f04');



DROP TABLE IF EXISTS `craft_commerce_orderstatuses`;


--
-- Schema for table `craft_commerce_orderstatuses`
--
CREATE TABLE `craft_commerce_orderstatuses` (
  `id` int(11) NOT NULL AUTO_INCREMENT,
  `name` varchar(255) COLLATE utf8_unicode_ci NOT NULL,
  `handle` varchar(255) COLLATE utf8_unicode_ci NOT NULL,
  `color` enum('green','orange','red','blue','yellow','pink','purple','turquoise','light','grey','black') COLLATE utf8_unicode_ci NOT NULL DEFAULT 'green',
  `sortOrder` int(10) DEFAULT NULL,
  `default` tinyint(1) unsigned NOT NULL DEFAULT '0',
  `dateCreated` datetime NOT NULL,
  `dateUpdated` datetime NOT NULL,
  `uid` char(36) COLLATE utf8_unicode_ci NOT NULL DEFAULT '0',
  PRIMARY KEY (`id`)
) ENGINE=InnoDB AUTO_INCREMENT=4 DEFAULT CHARSET=utf8 COLLATE=utf8_unicode_ci;

--
-- Data for table `craft_commerce_orderstatuses`
--

INSERT INTO `craft_commerce_orderstatuses` (`id`, `name`, `handle`, `color`, `sortOrder`, `default`, `dateCreated`, `dateUpdated`, `uid`) VALUES
 ('1', 'Processing', 'processing', 'green', '2', '0', '2016-05-24 09:30:02', '2016-05-24 20:57:40', '1075b6f1-33db-4295-a70d-ef8042ddb808'),
 ('2', 'Shipped', 'shipped', 'blue', '1', '1', '2016-05-24 09:30:02', '2016-06-27 14:47:27', 'c13ade3d-2f6b-4fab-8979-15563ecffaf0'),
 ('3', 'Navision', 'navision', 'turquoise', '999', '0', '2016-06-27 14:46:38', '2016-06-27 14:47:11', '687f5bfa-cced-4e2b-a605-7bae176b7fc4');



DROP TABLE IF EXISTS `craft_commerce_paymentmethods`;


--
-- Schema for table `craft_commerce_paymentmethods`
--
CREATE TABLE `craft_commerce_paymentmethods` (
  `id` int(11) NOT NULL AUTO_INCREMENT,
  `class` varchar(255) COLLATE utf8_unicode_ci NOT NULL,
  `name` varchar(255) COLLATE utf8_unicode_ci NOT NULL,
  `settings` text COLLATE utf8_unicode_ci,
  `paymentType` enum('authorize','purchase') COLLATE utf8_unicode_ci NOT NULL DEFAULT 'purchase',
  `frontendEnabled` tinyint(1) unsigned NOT NULL DEFAULT '0',
  `isArchived` tinyint(1) unsigned NOT NULL DEFAULT '0',
  `dateArchived` datetime DEFAULT NULL,
  `sortOrder` int(10) DEFAULT NULL,
  `dateCreated` datetime NOT NULL,
  `dateUpdated` datetime NOT NULL,
  `uid` char(36) COLLATE utf8_unicode_ci NOT NULL DEFAULT '0',
  PRIMARY KEY (`id`),
  UNIQUE KEY `craft_commerce_paymentmethods_name_unq_idx` (`name`)
) ENGINE=InnoDB AUTO_INCREMENT=16 DEFAULT CHARSET=utf8 COLLATE=utf8_unicode_ci;

--
-- Data for table `craft_commerce_paymentmethods`
--

INSERT INTO `craft_commerce_paymentmethods` (`id`, `class`, `name`, `settings`, `paymentType`, `frontendEnabled`, `isArchived`, `dateArchived`, `sortOrder`, `dateCreated`, `dateUpdated`, `uid`) VALUES
 ('1', 'Dummy', 'Dummy', '[]', 'purchase', '1', '1', '2016-06-01 19:30:28', NULL, '2016-05-24 09:30:02', '2016-06-01 19:30:28', '0d5aa795-b3fb-4d20-a9cd-c4f44a2de6d6'),
 ('2', 'Dummy', 'epay', '[]', 'purchase', '1', '1', '2016-06-01 19:40:14', NULL, '2016-05-26 19:42:18', '2016-06-01 19:40:14', 'b21c736d-fdde-4176-8121-4fc0b9d62e82'),
 ('3', 'Manual', 'digital18', '[]', 'purchase', '1', '1', '2016-06-02 09:49:40', NULL, '2016-06-02 09:25:38', '2016-06-02 09:49:40', 'c5e96011-fb81-4e95-9b14-73daaee94802'),
 ('4', 'Dummy', '18digital', '[]', 'purchase', '1', '1', '2016-06-02 09:51:54', NULL, '2016-06-02 09:50:25', '2016-06-02 09:51:54', '89ff2e7d-1e3b-485c-8dee-d70796d14c3f'),
 ('5', 'Ogone_Ecommerce', 'Ogone', '{\"pspId\":null,\"shaIn\":null,\"shaOut\":null,\"shaAlgo\":null,\"language\":null,\"testMode\":\"\"}', 'purchase', '0', '1', '2016-06-02 12:20:47', NULL, '2016-06-02 10:03:38', '2016-06-02 12:20:47', 'fe033450-f5c8-41a2-be49-d3937f79be9e'),
 ('6', 'Dummy', 'test', '[]', 'purchase', '1', '1', '2016-06-02 10:35:23', NULL, '2016-06-02 10:19:22', '2016-06-02 10:35:23', 'e5437e5e-0c98-49f8-a261-804e7e3580cb'),
 ('7', 'Stripe', 'test1', '{\"apiKey\":\"\",\"publishableKey\":\"\"}', 'purchase', '1', '1', '2016-06-02 11:29:06', NULL, '2016-06-02 11:28:50', '2016-06-02 11:29:06', '265e8827-dbcc-46f4-b434-d1417e38fdf9'),
 ('8', 'Ogone_Ecommerce', 'EpayCard', '[]', 'purchase', '1', '1', '2016-06-06 08:54:19', NULL, '2016-06-02 13:55:09', '2016-06-06 08:54:20', '2b7493d9-da0f-49ab-a4b3-4e1433769ffe'),
 ('9', 'Dummy', 'Dummy2', '[]', 'purchase', '1', '1', '2016-06-06 08:54:21', NULL, '2016-06-02 14:44:33', '2016-06-06 08:54:21', '77a77517-d465-4fb8-a09f-5ff166b20507'),
 ('10', 'Stripe', 'Str', '[]', 'purchase', '1', '1', '2016-06-06 08:54:24', NULL, '2016-06-02 14:48:14', '2016-06-06 08:54:24', '8188db28-05bd-4aa7-a711-2dd23d99f66e'),
 ('11', 'Epay', 'Epay - commerce', '{\"merchantnumber\":\"8024625\",\"secret\":\"\",\"language\":\"\",\"ownreceipt\":\"\",\"paymentcollection\":\"0\",\"lockpaymentcollection\":\"0\",\"windowstate\":\"\",\"mobile\":null,\"ordertext\":null,\"group\":null,\"description\":null,\"googletracker\":null,\"timeout\":\"15\"}', 'purchase', '1', '1', '2016-06-21 05:57:59', NULL, '2016-06-06 08:57:50', '2016-06-21 05:57:59', 'e3858a2c-c00f-479f-9f55-1b31e6dce6f8'),
 ('12', 'Coinbase', 'ogone-', '{\"apiKey\":\"\",\"secret\":\"\",\"accountId\":\"\"}', 'purchase', '1', '1', '2016-06-08 20:58:45', NULL, '2016-06-06 09:02:55', '2016-06-08 20:58:45', 'bc28b96f-7ac6-4162-a0b3-fe499efb020c'),
 ('13', 'Dummy', 'testDum', '[]', 'purchase', '1', '1', '2016-06-21 05:58:01', NULL, '2016-06-08 21:09:46', '2016-06-21 05:58:01', '317c1b6a-49bd-4882-aaf8-216f8ad80a7b'),
 ('14', 'Stripe', 'Stripe - test', '{\"apiKey\":\"sk_test_hO5lv01pkSlv9G3eCSz2f8FW\",\"publishableKey\":\"pk_test_ioYzvYaUH90eAXCS4644mntT\"}', 'purchase', '1', '1', '2016-06-21 05:58:04', NULL, '2016-06-08 21:54:06', '2016-06-21 05:58:04', 'cca7b399-750e-474f-b82b-5da2f7a28575'),
 ('15', 'Epay', 'Epay.dk', '{\"merchantnumber\":\"8024625\",\"secret\":\"\",\"language\":\"1\",\"ownreceipt\":\"1\",\"paymentcollection\":\"\",\"lockpaymentcollection\":\"\",\"windowstate\":\"3\",\"mobile\":\"\",\"ordertext\":\"ELEKTRONIKFORSIKRING\",\"group\":\"\",\"description\":\"\",\"googletracker\":\"\",\"timeout\":\"\"}', 'purchase', '1', '0', NULL, NULL, '2016-06-21 06:01:32', '2016-06-28 15:57:30', 'ce84c422-5273-439c-a006-0c9b8b3f7ee6');



DROP TABLE IF EXISTS `craft_commerce_products`;


--
-- Schema for table `craft_commerce_products`
--
CREATE TABLE `craft_commerce_products` (
  `id` int(11) NOT NULL,
  `typeId` int(11) DEFAULT NULL,
  `taxCategoryId` int(11) NOT NULL,
  `postDate` datetime DEFAULT NULL,
  `expiryDate` datetime DEFAULT NULL,
  `promotable` tinyint(1) unsigned NOT NULL DEFAULT '0',
  `freeShipping` tinyint(1) unsigned NOT NULL DEFAULT '0',
  `defaultVariantId` int(10) DEFAULT NULL,
  `defaultSku` varchar(255) COLLATE utf8_unicode_ci DEFAULT NULL,
  `defaultPrice` decimal(14,4) DEFAULT NULL,
  `defaultHeight` decimal(14,4) DEFAULT NULL,
  `defaultLength` decimal(14,4) DEFAULT NULL,
  `defaultWidth` decimal(14,4) DEFAULT NULL,
  `defaultWeight` decimal(14,4) DEFAULT NULL,
  `dateCreated` datetime NOT NULL,
  `dateUpdated` datetime NOT NULL,
  `uid` char(36) COLLATE utf8_unicode_ci NOT NULL DEFAULT '0',
  PRIMARY KEY (`id`),
  KEY `craft_commerce_products_typeId_idx` (`typeId`),
  KEY `craft_commerce_products_postDate_idx` (`postDate`),
  KEY `craft_commerce_products_expiryDate_idx` (`expiryDate`),
  KEY `craft_commerce_products_taxCategoryId_fk` (`taxCategoryId`)
) ENGINE=InnoDB DEFAULT CHARSET=utf8 COLLATE=utf8_unicode_ci;

--
-- Data for table `craft_commerce_products`
--

INSERT INTO `craft_commerce_products` (`id`, `typeId`, `taxCategoryId`, `postDate`, `expiryDate`, `promotable`, `freeShipping`, `defaultVariantId`, `defaultSku`, `defaultPrice`, `defaultHeight`, `defaultLength`, `defaultWidth`, `defaultWeight`, `dateCreated`, `dateUpdated`, `uid`) VALUES
 ('85', '1', '1', '2016-05-24 09:30:00', NULL, '0', '0', '86', 'Elektronikforsikring', '100.0000', '0.0000', '0.0000', '0.0000', '0.0000', '2016-05-24 09:30:02', '2016-06-28 18:31:46', '4086a036-ff0f-4987-b8d9-436494706768');



DROP TABLE IF EXISTS `craft_commerce_producttypes`;


--
-- Schema for table `craft_commerce_producttypes`
--
CREATE TABLE `craft_commerce_producttypes` (
  `id` int(11) NOT NULL AUTO_INCREMENT,
  `fieldLayoutId` int(11) DEFAULT NULL,
  `variantFieldLayoutId` int(11) DEFAULT NULL,
  `name` varchar(255) COLLATE utf8_unicode_ci NOT NULL,
  `handle` varchar(255) COLLATE utf8_unicode_ci NOT NULL,
  `hasUrls` tinyint(1) unsigned NOT NULL DEFAULT '0',
  `hasDimensions` tinyint(1) unsigned NOT NULL DEFAULT '0',
  `hasVariants` tinyint(1) unsigned NOT NULL DEFAULT '0',
  `hasVariantTitleField` tinyint(1) unsigned NOT NULL DEFAULT '1',
  `titleFormat` varchar(255) COLLATE utf8_unicode_ci NOT NULL,
  `skuFormat` varchar(255) COLLATE utf8_unicode_ci DEFAULT NULL,
  `template` varchar(500) COLLATE utf8_unicode_ci DEFAULT NULL,
  `dateCreated` datetime NOT NULL,
  `dateUpdated` datetime NOT NULL,
  `uid` char(36) COLLATE utf8_unicode_ci NOT NULL DEFAULT '0',
  PRIMARY KEY (`id`),
  UNIQUE KEY `craft_commerce_producttypes_handle_unq_idx` (`handle`),
  KEY `craft_commerce_producttypes_fieldLayoutId_fk` (`fieldLayoutId`),
  KEY `craft_commerce_producttypes_variantFieldLayoutId_fk` (`variantFieldLayoutId`)
) ENGINE=InnoDB AUTO_INCREMENT=2 DEFAULT CHARSET=utf8 COLLATE=utf8_unicode_ci;

--
-- Data for table `craft_commerce_producttypes`
--

INSERT INTO `craft_commerce_producttypes` (`id`, `fieldLayoutId`, `variantFieldLayoutId`, `name`, `handle`, `hasUrls`, `hasDimensions`, `hasVariants`, `hasVariantTitleField`, `titleFormat`, `skuFormat`, `template`, `dateCreated`, `dateUpdated`, `uid`) VALUES
 ('1', '47', '48', 'Forsikring', 'insurrence', '1', '0', '0', '0', '{product.title}', '', 'commerce/products/_product', '2016-05-24 09:30:02', '2016-05-26 12:03:51', 'fb78fba2-78c4-47a0-94b6-8699ca5ebf42');



DROP TABLE IF EXISTS `craft_commerce_producttypes_i18n`;


--
-- Schema for table `craft_commerce_producttypes_i18n`
--
CREATE TABLE `craft_commerce_producttypes_i18n` (
  `id` int(11) NOT NULL AUTO_INCREMENT,
  `productTypeId` int(11) NOT NULL,
  `locale` char(12) COLLATE utf8_unicode_ci NOT NULL,
  `urlFormat` text COLLATE utf8_unicode_ci,
  `dateCreated` datetime NOT NULL,
  `dateUpdated` datetime NOT NULL,
  `uid` char(36) COLLATE utf8_unicode_ci NOT NULL DEFAULT '0',
  PRIMARY KEY (`id`),
  UNIQUE KEY `craft_commerce_producttypes_i18n_productTypeId_locale_unq_idx` (`productTypeId`,`locale`),
  KEY `craft_commerce_producttypes_i18n_locale_fk` (`locale`)
) ENGINE=InnoDB AUTO_INCREMENT=2 DEFAULT CHARSET=utf8 COLLATE=utf8_unicode_ci;

--
-- Data for table `craft_commerce_producttypes_i18n`
--

INSERT INTO `craft_commerce_producttypes_i18n` (`id`, `productTypeId`, `locale`, `urlFormat`, `dateCreated`, `dateUpdated`, `uid`) VALUES
 ('1', '1', 'da', 'commerce/products/{slug}', '2016-05-24 09:30:02', '2016-05-24 09:30:02', '0fe2febe-5a93-4bdc-b764-36d7cc647a97');



DROP TABLE IF EXISTS `craft_commerce_purchasables`;


--
-- Schema for table `craft_commerce_purchasables`
--
CREATE TABLE `craft_commerce_purchasables` (
  `id` int(11) NOT NULL,
  `sku` varchar(255) COLLATE utf8_unicode_ci NOT NULL,
  `price` decimal(14,4) NOT NULL,
  `dateCreated` datetime NOT NULL,
  `dateUpdated` datetime NOT NULL,
  `uid` char(36) COLLATE utf8_unicode_ci NOT NULL DEFAULT '0',
  PRIMARY KEY (`id`),
  UNIQUE KEY `craft_commerce_purchasables_sku_unq_idx` (`sku`)
) ENGINE=InnoDB DEFAULT CHARSET=utf8 COLLATE=utf8_unicode_ci;

--
-- Data for table `craft_commerce_purchasables`
--

INSERT INTO `craft_commerce_purchasables` (`id`, `sku`, `price`, `dateCreated`, `dateUpdated`, `uid`) VALUES
 ('86', 'Elektronikforsikring', '100.0000', '2016-05-24 09:30:02', '2016-06-28 18:31:46', 'fbc20184-a23c-4176-aec0-8c5351092237');



DROP TABLE IF EXISTS `craft_commerce_sale_products`;


--
-- Schema for table `craft_commerce_sale_products`
--
CREATE TABLE `craft_commerce_sale_products` (
  `id` int(11) NOT NULL AUTO_INCREMENT,
  `saleId` int(10) NOT NULL,
  `productId` int(10) NOT NULL,
  `dateCreated` datetime NOT NULL,
  `dateUpdated` datetime NOT NULL,
  `uid` char(36) COLLATE utf8_unicode_ci NOT NULL DEFAULT '0',
  PRIMARY KEY (`id`),
  UNIQUE KEY `craft_commerce_sale_products_saleId_productId_unq_idx` (`saleId`,`productId`),
  KEY `craft_commerce_sale_products_productId_fk` (`productId`)
) ENGINE=InnoDB DEFAULT CHARSET=utf8 COLLATE=utf8_unicode_ci;

DROP TABLE IF EXISTS `craft_commerce_sale_producttypes`;


--
-- Schema for table `craft_commerce_sale_producttypes`
--
CREATE TABLE `craft_commerce_sale_producttypes` (
  `id` int(11) NOT NULL AUTO_INCREMENT,
  `saleId` int(10) NOT NULL,
  `productTypeId` int(10) NOT NULL,
  `dateCreated` datetime NOT NULL,
  `dateUpdated` datetime NOT NULL,
  `uid` char(36) COLLATE utf8_unicode_ci NOT NULL DEFAULT '0',
  PRIMARY KEY (`id`),
  UNIQUE KEY `craft_commerce_sale_producttypes_saleId_productTypeId_unq_idx` (`saleId`,`productTypeId`),
  KEY `craft_commerce_sale_producttypes_productTypeId_fk` (`productTypeId`)
) ENGINE=InnoDB DEFAULT CHARSET=utf8 COLLATE=utf8_unicode_ci;

DROP TABLE IF EXISTS `craft_commerce_sale_usergroups`;


--
-- Schema for table `craft_commerce_sale_usergroups`
--
CREATE TABLE `craft_commerce_sale_usergroups` (
  `id` int(11) NOT NULL AUTO_INCREMENT,
  `saleId` int(10) NOT NULL,
  `userGroupId` int(10) NOT NULL,
  `dateCreated` datetime NOT NULL,
  `dateUpdated` datetime NOT NULL,
  `uid` char(36) COLLATE utf8_unicode_ci NOT NULL DEFAULT '0',
  PRIMARY KEY (`id`),
  UNIQUE KEY `craft_commerce_sale_usergroups_saleId_userGroupId_unq_idx` (`saleId`,`userGroupId`),
  KEY `craft_commerce_sale_usergroups_userGroupId_fk` (`userGroupId`)
) ENGINE=InnoDB DEFAULT CHARSET=utf8 COLLATE=utf8_unicode_ci;

DROP TABLE IF EXISTS `craft_commerce_sales`;


--
-- Schema for table `craft_commerce_sales`
--
CREATE TABLE `craft_commerce_sales` (
  `id` int(11) NOT NULL AUTO_INCREMENT,
  `name` varchar(255) COLLATE utf8_unicode_ci NOT NULL,
  `description` text COLLATE utf8_unicode_ci,
  `dateFrom` datetime DEFAULT NULL,
  `dateTo` datetime DEFAULT NULL,
  `discountType` enum('percent','flat') COLLATE utf8_unicode_ci NOT NULL,
  `discountAmount` decimal(14,4) NOT NULL,
  `allGroups` tinyint(1) unsigned NOT NULL DEFAULT '0',
  `allProducts` tinyint(1) unsigned NOT NULL DEFAULT '0',
  `allProductTypes` tinyint(1) unsigned NOT NULL DEFAULT '0',
  `enabled` tinyint(1) unsigned NOT NULL DEFAULT '1',
  `dateCreated` datetime NOT NULL,
  `dateUpdated` datetime NOT NULL,
  `uid` char(36) COLLATE utf8_unicode_ci NOT NULL DEFAULT '0',
  PRIMARY KEY (`id`)
) ENGINE=InnoDB DEFAULT CHARSET=utf8 COLLATE=utf8_unicode_ci;

DROP TABLE IF EXISTS `craft_commerce_shippingmethods`;


--
-- Schema for table `craft_commerce_shippingmethods`
--
CREATE TABLE `craft_commerce_shippingmethods` (
  `id` int(11) NOT NULL AUTO_INCREMENT,
  `name` varchar(255) COLLATE utf8_unicode_ci NOT NULL,
  `handle` varchar(255) COLLATE utf8_unicode_ci NOT NULL,
  `enabled` tinyint(1) unsigned NOT NULL DEFAULT '1',
  `dateCreated` datetime NOT NULL,
  `dateUpdated` datetime NOT NULL,
  `uid` char(36) COLLATE utf8_unicode_ci NOT NULL DEFAULT '0',
  PRIMARY KEY (`id`),
  UNIQUE KEY `craft_commerce_shippingmethods_name_unq_idx` (`name`)
) ENGINE=InnoDB DEFAULT CHARSET=utf8 COLLATE=utf8_unicode_ci;

DROP TABLE IF EXISTS `craft_commerce_shippingrules`;


--
-- Schema for table `craft_commerce_shippingrules`
--
CREATE TABLE `craft_commerce_shippingrules` (
  `id` int(11) NOT NULL AUTO_INCREMENT,
  `shippingZoneId` int(11) DEFAULT NULL,
  `name` varchar(255) COLLATE utf8_unicode_ci NOT NULL,
  `description` varchar(255) COLLATE utf8_unicode_ci DEFAULT NULL,
  `methodId` int(10) NOT NULL,
  `priority` int(10) NOT NULL DEFAULT '0',
  `enabled` tinyint(1) unsigned NOT NULL DEFAULT '1',
  `minQty` int(10) NOT NULL DEFAULT '0',
  `maxQty` int(10) NOT NULL DEFAULT '0',
  `minTotal` decimal(14,4) NOT NULL DEFAULT '0.0000',
  `maxTotal` decimal(14,4) NOT NULL DEFAULT '0.0000',
  `minWeight` decimal(14,4) NOT NULL DEFAULT '0.0000',
  `maxWeight` decimal(14,4) NOT NULL DEFAULT '0.0000',
  `baseRate` decimal(14,4) NOT NULL DEFAULT '0.0000',
  `perItemRate` decimal(14,4) NOT NULL DEFAULT '0.0000',
  `weightRate` decimal(14,4) NOT NULL DEFAULT '0.0000',
  `percentageRate` decimal(14,4) NOT NULL DEFAULT '0.0000',
  `minRate` decimal(14,4) NOT NULL DEFAULT '0.0000',
  `maxRate` decimal(14,4) NOT NULL DEFAULT '0.0000',
  `dateCreated` datetime NOT NULL,
  `dateUpdated` datetime NOT NULL,
  `uid` char(36) COLLATE utf8_unicode_ci NOT NULL DEFAULT '0',
  PRIMARY KEY (`id`),
  UNIQUE KEY `craft_commerce_shippingrules_name_unq_idx` (`name`),
  KEY `craft_commerce_shippingrules_methodId_idx` (`methodId`),
  KEY `craft_commerce_shippingrules_shippingZoneId_fk` (`shippingZoneId`)
) ENGINE=InnoDB DEFAULT CHARSET=utf8 COLLATE=utf8_unicode_ci;

DROP TABLE IF EXISTS `craft_commerce_shippingzone_countries`;


--
-- Schema for table `craft_commerce_shippingzone_countries`
--
CREATE TABLE `craft_commerce_shippingzone_countries` (
  `id` int(11) NOT NULL AUTO_INCREMENT,
  `shippingZoneId` int(11) NOT NULL,
  `countryId` int(11) NOT NULL,
  `dateCreated` datetime NOT NULL,
  `dateUpdated` datetime NOT NULL,
  `uid` char(36) COLLATE utf8_unicode_ci NOT NULL DEFAULT '0',
  PRIMARY KEY (`id`),
  UNIQUE KEY `craft_commerc_shippingzon_countrie_shippingZoneI_countryI_unq_id` (`shippingZoneId`,`countryId`),
  KEY `craft_commerce_shippingzone_countries_shippingZoneId_idx` (`shippingZoneId`),
  KEY `craft_commerce_shippingzone_countries_countryId_idx` (`countryId`)
) ENGINE=InnoDB DEFAULT CHARSET=utf8 COLLATE=utf8_unicode_ci;

DROP TABLE IF EXISTS `craft_commerce_shippingzone_states`;


--
-- Schema for table `craft_commerce_shippingzone_states`
--
CREATE TABLE `craft_commerce_shippingzone_states` (
  `id` int(11) NOT NULL AUTO_INCREMENT,
  `shippingZoneId` int(11) NOT NULL,
  `stateId` int(11) NOT NULL,
  `dateCreated` datetime NOT NULL,
  `dateUpdated` datetime NOT NULL,
  `uid` char(36) COLLATE utf8_unicode_ci NOT NULL DEFAULT '0',
  PRIMARY KEY (`id`),
  UNIQUE KEY `craft_commerce_shippingzone_states_shippingZoneId_stateId_unq_id` (`shippingZoneId`,`stateId`),
  KEY `craft_commerce_shippingzone_states_shippingZoneId_idx` (`shippingZoneId`),
  KEY `craft_commerce_shippingzone_states_stateId_idx` (`stateId`)
) ENGINE=InnoDB DEFAULT CHARSET=utf8 COLLATE=utf8_unicode_ci;

DROP TABLE IF EXISTS `craft_commerce_shippingzones`;


--
-- Schema for table `craft_commerce_shippingzones`
--
CREATE TABLE `craft_commerce_shippingzones` (
  `id` int(11) NOT NULL AUTO_INCREMENT,
  `name` varchar(255) COLLATE utf8_unicode_ci NOT NULL,
  `description` varchar(255) COLLATE utf8_unicode_ci DEFAULT NULL,
  `countryBased` tinyint(1) unsigned NOT NULL DEFAULT '1',
  `dateCreated` datetime NOT NULL,
  `dateUpdated` datetime NOT NULL,
  `uid` char(36) COLLATE utf8_unicode_ci NOT NULL DEFAULT '0',
  PRIMARY KEY (`id`),
  UNIQUE KEY `craft_commerce_shippingzones_name_unq_idx` (`name`)
) ENGINE=InnoDB DEFAULT CHARSET=utf8 COLLATE=utf8_unicode_ci;

DROP TABLE IF EXISTS `craft_commerce_states`;


--
-- Schema for table `craft_commerce_states`
--
CREATE TABLE `craft_commerce_states` (
  `id` int(11) NOT NULL AUTO_INCREMENT,
  `name` varchar(255) COLLATE utf8_unicode_ci NOT NULL,
  `abbreviation` varchar(255) COLLATE utf8_unicode_ci DEFAULT NULL,
  `countryId` int(10) NOT NULL,
  `dateCreated` datetime NOT NULL,
  `dateUpdated` datetime NOT NULL,
  `uid` char(36) COLLATE utf8_unicode_ci NOT NULL DEFAULT '0',
  PRIMARY KEY (`id`),
  UNIQUE KEY `craft_commerce_states_name_countryId_unq_idx` (`name`,`countryId`),
  KEY `craft_commerce_states_countryId_fk` (`countryId`)
) ENGINE=InnoDB AUTO_INCREMENT=73 DEFAULT CHARSET=utf8 COLLATE=utf8_unicode_ci;

--
-- Data for table `craft_commerce_states`
--

INSERT INTO `craft_commerce_states` (`id`, `name`, `abbreviation`, `countryId`, `dateCreated`, `dateUpdated`, `uid`) VALUES
 ('1', 'Australian Capital Territory', 'ACT', '13', '2016-05-24 09:30:02', '2016-05-24 09:30:02', 'db23463f-4984-460a-b939-f880b9cb5409'),
 ('2', 'New South Wales', 'NSW', '13', '2016-05-24 09:30:02', '2016-05-24 09:30:02', 'e04ff0d0-0a68-4a26-a9da-661eb20a7099'),
 ('3', 'Northern Territory', 'NT', '13', '2016-05-24 09:30:02', '2016-05-24 09:30:02', 'cca43d5f-80b5-4d36-b366-3130821792fc'),
 ('4', 'Queensland', 'QLD', '13', '2016-05-24 09:30:02', '2016-05-24 09:30:02', '0c121b9a-7ee5-46e3-a6f7-c39ea854f7d8'),
 ('5', 'South Australia', 'SA', '13', '2016-05-24 09:30:02', '2016-05-24 09:30:02', 'b869b909-cd70-43ee-a53b-8e83651330f4'),
 ('6', 'Tasmania', 'TAS', '13', '2016-05-24 09:30:02', '2016-05-24 09:30:02', '52a8f24b-ec88-4eb0-8df0-d3227dc97726'),
 ('7', 'Victoria', 'VIC', '13', '2016-05-24 09:30:02', '2016-05-24 09:30:02', 'c4b79271-1f42-4711-a930-9596da0d12af'),
 ('8', 'Western Australia', 'WA', '13', '2016-05-24 09:30:02', '2016-05-24 09:30:02', 'c199f12b-7ce4-4af8-b1c2-0b1951a6dde0'),
 ('9', 'Alberta', 'AB', '38', '2016-05-24 09:30:02', '2016-05-24 09:30:02', '91cea220-9611-4d47-bc90-b83aedb6f624'),
 ('10', 'British Columbia', 'BC', '38', '2016-05-24 09:30:02', '2016-05-24 09:30:02', '1d064cd0-0beb-452b-9b11-5e571df9bd40'),
 ('11', 'Manitoba', 'MB', '38', '2016-05-24 09:30:02', '2016-05-24 09:30:02', '66c8679a-646f-4484-9fc3-996f9f559a1f'),
 ('12', 'New Brunswick', 'NB', '38', '2016-05-24 09:30:02', '2016-05-24 09:30:02', '2f813dcd-a43f-4ede-9f8c-1b46fe50ed49'),
 ('13', 'Newfoundland and Labrador', 'NL', '38', '2016-05-24 09:30:02', '2016-05-24 09:30:02', '26a18653-1ce7-41e8-9bb3-b7d8b1b8f634'),
 ('14', 'Northwest Territories', 'NT', '38', '2016-05-24 09:30:02', '2016-05-24 09:30:02', 'c31c7662-7a94-467d-9611-d8bff9b32922'),
 ('15', 'Nova Scotia', 'NS', '38', '2016-05-24 09:30:02', '2016-05-24 09:30:02', 'c2432c09-278d-4e4b-8dd6-b7c0fc34127a'),
 ('16', 'Nunavut', 'NU', '38', '2016-05-24 09:30:02', '2016-05-24 09:30:02', 'b8f32f33-1658-4d15-b1bf-19bf88650ab4'),
 ('17', 'Ontario', 'ON', '38', '2016-05-24 09:30:02', '2016-05-24 09:30:02', '64702b9a-ea02-430b-bd03-dd6d35559faf'),
 ('18', 'Prince Edward Island', 'PE', '38', '2016-05-24 09:30:02', '2016-05-24 09:30:02', '0f66f47b-75a3-4b8a-8fa6-da6aa42eefcc'),
 ('19', 'Quebec', 'QC', '38', '2016-05-24 09:30:02', '2016-05-24 09:30:02', '3290e91e-66c8-4ae3-b4bd-4de9bccf0256'),
 ('20', 'Saskatchewan', 'SK', '38', '2016-05-24 09:30:02', '2016-05-24 09:30:02', 'b7557c03-b634-4765-adef-b4fbbe9157eb'),
 ('21', 'Yukon', 'YT', '38', '2016-05-24 09:30:02', '2016-05-24 09:30:02', '76f1b6a5-6166-4dc0-bf38-7e17018914d3'),
 ('22', 'Alabama', 'AL', '233', '2016-05-24 09:30:02', '2016-05-24 09:30:02', '9948f8c8-8cac-4264-8562-447a18fa9125'),
 ('23', 'Alaska', 'AK', '233', '2016-05-24 09:30:02', '2016-05-24 09:30:02', '4c94f570-f45b-4657-9250-d9294e1ea84e'),
 ('24', 'Arizona', 'AZ', '233', '2016-05-24 09:30:02', '2016-05-24 09:30:02', 'b740d8f8-a762-495f-ae15-e875cf569d45'),
 ('25', 'Arkansas', 'AR', '233', '2016-05-24 09:30:02', '2016-05-24 09:30:02', '1d1ce977-0676-4ac7-95d8-d01cb6af41a1'),
 ('26', 'California', 'CA', '233', '2016-05-24 09:30:02', '2016-05-24 09:30:02', '79d36b29-46f0-4783-8b17-7cead51b0fc6'),
 ('27', 'Colorado', 'CO', '233', '2016-05-24 09:30:02', '2016-05-24 09:30:02', '77dd6c58-b8a8-4040-ba04-7590b2670a8b'),
 ('28', 'Connecticut', 'CT', '233', '2016-05-24 09:30:02', '2016-05-24 09:30:02', 'e5fe4b39-927f-40c7-94f9-cda5d9322c90'),
 ('29', 'Delaware', 'DE', '233', '2016-05-24 09:30:02', '2016-05-24 09:30:02', '0205227a-33a0-4d1e-a884-76b86762e9cf'),
 ('30', 'District of Columbia', 'DC', '233', '2016-05-24 09:30:02', '2016-05-24 09:30:02', 'b58e042f-d6d2-45cb-8f87-49aa6f1ac819'),
 ('31', 'Florida', 'FL', '233', '2016-05-24 09:30:02', '2016-05-24 09:30:02', 'ea7311fc-9a74-47d5-b895-28808cbf590e'),
 ('32', 'Georgia', 'GA', '233', '2016-05-24 09:30:02', '2016-05-24 09:30:02', '491e7f8d-0914-4cfe-9ab2-95d0f42fdfb7'),
 ('33', 'Hawaii', 'HI', '233', '2016-05-24 09:30:02', '2016-05-24 09:30:02', '2476b2d6-836f-4c3b-a9cf-381ce83ded57'),
 ('34', 'Idaho', 'ID', '233', '2016-05-24 09:30:02', '2016-05-24 09:30:02', '45c49a67-ceb0-4042-b5be-79ff6a2e5582'),
 ('35', 'Illinois', 'IL', '233', '2016-05-24 09:30:02', '2016-05-24 09:30:02', '2235f560-c7ac-42f3-a850-9a2eeb690a45'),
 ('36', 'Indiana', 'IN', '233', '2016-05-24 09:30:02', '2016-05-24 09:30:02', '1bcca03a-b00c-4356-9526-229089b1a094'),
 ('37', 'Iowa', 'IA', '233', '2016-05-24 09:30:02', '2016-05-24 09:30:02', 'f2dd7055-dc76-4966-94d3-c3419d122ba2'),
 ('38', 'Kansas', 'KS', '233', '2016-05-24 09:30:02', '2016-05-24 09:30:02', '275696d3-88cc-43f2-a185-da346190cd8d'),
 ('39', 'Kentucky', 'KY', '233', '2016-05-24 09:30:02', '2016-05-24 09:30:02', '070d6128-1007-4bdc-b61b-a9ab3ead1730'),
 ('40', 'Louisiana', 'LA', '233', '2016-05-24 09:30:02', '2016-05-24 09:30:02', 'ff0231d4-52d2-4549-81d9-d4bc893a4ff1'),
 ('41', 'Maine', 'ME', '233', '2016-05-24 09:30:02', '2016-05-24 09:30:02', 'f823c7e0-5fac-4d8d-ad72-8529f646ef96'),
 ('42', 'Maryland', 'MD', '233', '2016-05-24 09:30:02', '2016-05-24 09:30:02', '9b9d3fad-15f2-4f2e-bfb0-d58ca0a06d26'),
 ('43', 'Massachusetts', 'MA', '233', '2016-05-24 09:30:02', '2016-05-24 09:30:02', 'c31b4b62-ef2d-42d7-b3df-a5bd4185eec6'),
 ('44', 'Michigan', 'MI', '233', '2016-05-24 09:30:02', '2016-05-24 09:30:02', 'd5feac3c-1a4e-4468-8a7f-b4a39d1bdf18'),
 ('45', 'Minnesota', 'MN', '233', '2016-05-24 09:30:02', '2016-05-24 09:30:02', 'ab6176dc-6449-4f7b-9807-aa142a4f2bbe'),
 ('46', 'Mississippi', 'MS', '233', '2016-05-24 09:30:02', '2016-05-24 09:30:02', '3eb7d4e5-c23e-4779-af53-6b180b995bb5'),
 ('47', 'Missouri', 'MO', '233', '2016-05-24 09:30:02', '2016-05-24 09:30:02', '6b001a65-d5d3-4b62-b17f-b53d3399dccd'),
 ('48', 'Montana', 'MT', '233', '2016-05-24 09:30:02', '2016-05-24 09:30:02', '3d2a385f-386a-4e81-ae86-6b6be3cdf317'),
 ('49', 'Nebraska', 'NE', '233', '2016-05-24 09:30:02', '2016-05-24 09:30:02', '674f2dbc-138e-49ef-9d47-bee2cceaea61'),
 ('50', 'Nevada', 'NV', '233', '2016-05-24 09:30:02', '2016-05-24 09:30:02', '50bf1232-bf2e-4787-b81f-006943f61f9c'),
 ('51', 'New Hampshire', 'NH', '233', '2016-05-24 09:30:02', '2016-05-24 09:30:02', 'cda64f48-3b72-4dd5-a10a-665fa0283cc3'),
 ('52', 'New Jersey', 'NJ', '233', '2016-05-24 09:30:02', '2016-05-24 09:30:02', 'd87af648-3252-4f67-ac18-43442145e0e3'),
 ('53', 'New Mexico', 'NM', '233', '2016-05-24 09:30:02', '2016-05-24 09:30:02', 'f94f94dd-e5a2-44eb-9180-fdd5f61d8040'),
 ('54', 'New York', 'NY', '233', '2016-05-24 09:30:02', '2016-05-24 09:30:02', '2df4b2da-c108-4806-b6d2-217b112d761d'),
 ('55', 'North Carolina', 'NC', '233', '2016-05-24 09:30:02', '2016-05-24 09:30:02', 'a42922e2-640f-40cd-aad1-07eb0216b883'),
 ('56', 'North Dakota', 'ND', '233', '2016-05-24 09:30:02', '2016-05-24 09:30:02', '5c68e8ac-2c1d-4a31-bc41-008306d8befb'),
 ('57', 'Ohio', 'OH', '233', '2016-05-24 09:30:02', '2016-05-24 09:30:02', '1a97ecaa-0212-429c-a9e4-1711a2a1c166'),
 ('58', 'Oklahoma', 'OK', '233', '2016-05-24 09:30:02', '2016-05-24 09:30:02', 'be042d9a-5470-4179-8a5b-8ba80e880523'),
 ('59', 'Oregon', 'OR', '233', '2016-05-24 09:30:02', '2016-05-24 09:30:02', 'e571f418-901e-4ff2-9316-1767bdd9fd89'),
 ('60', 'Pennsylvania', 'PA', '233', '2016-05-24 09:30:02', '2016-05-24 09:30:02', 'c8841aad-ee87-4928-8e4d-0d5d68307328'),
 ('61', 'Rhode Island', 'RI', '233', '2016-05-24 09:30:02', '2016-05-24 09:30:02', 'b796d766-9bfd-4655-b407-ebf333affa0a'),
 ('62', 'South Carolina', 'SC', '233', '2016-05-24 09:30:02', '2016-05-24 09:30:02', 'd6e488a4-809e-4036-a095-eff8d9ed8071'),
 ('63', 'South Dakota', 'SD', '233', '2016-05-24 09:30:02', '2016-05-24 09:30:02', 'e994f7ed-db55-42c9-be66-ba4d0811ebae'),
 ('64', 'Tennessee', 'TN', '233', '2016-05-24 09:30:02', '2016-05-24 09:30:02', 'cc073aff-cda2-42bd-bef6-e7e9cc0d9912'),
 ('65', 'Texas', 'TX', '233', '2016-05-24 09:30:02', '2016-05-24 09:30:02', '3777acee-1067-44bd-9d05-40303184dac9'),
 ('66', 'Utah', 'UT', '233', '2016-05-24 09:30:02', '2016-05-24 09:30:02', '17d86955-03ab-43fe-90cd-b27481a5368f'),
 ('67', 'Vermont', 'VT', '233', '2016-05-24 09:30:02', '2016-05-24 09:30:02', '315d031d-32a2-44a0-a59f-a874f68fbd2e'),
 ('68', 'Virginia', 'VA', '233', '2016-05-24 09:30:02', '2016-05-24 09:30:02', '61f7d9b5-a5d0-48d6-973e-d2b027490086'),
 ('69', 'Washington', 'WA', '233', '2016-05-24 09:30:02', '2016-05-24 09:30:02', 'bf186b44-9561-4a18-973b-0cd465f6ee8f'),
 ('70', 'West Virginia', 'WV', '233', '2016-05-24 09:30:02', '2016-05-24 09:30:02', '2c3f3a2b-0a95-4bd9-88f3-5a4523d38ed1'),
 ('71', 'Wisconsin', 'WI', '233', '2016-05-24 09:30:02', '2016-05-24 09:30:02', '28cec49d-a2bb-484d-9cc8-d274cb6d6e1c'),
 ('72', 'Wyoming', 'WY', '233', '2016-05-24 09:30:02', '2016-05-24 09:30:02', '6afc411c-9b81-4463-80ee-3a90351b9b3a');



DROP TABLE IF EXISTS `craft_commerce_taxcategories`;


--
-- Schema for table `craft_commerce_taxcategories`
--
CREATE TABLE `craft_commerce_taxcategories` (
  `id` int(11) NOT NULL AUTO_INCREMENT,
  `name` varchar(255) COLLATE utf8_unicode_ci NOT NULL,
  `handle` varchar(255) COLLATE utf8_unicode_ci NOT NULL,
  `description` varchar(255) COLLATE utf8_unicode_ci DEFAULT NULL,
  `default` tinyint(1) unsigned NOT NULL DEFAULT '0',
  `dateCreated` datetime NOT NULL,
  `dateUpdated` datetime NOT NULL,
  `uid` char(36) COLLATE utf8_unicode_ci NOT NULL DEFAULT '0',
  PRIMARY KEY (`id`),
  UNIQUE KEY `craft_commerce_taxcategories_handle_unq_idx` (`handle`)
) ENGINE=InnoDB AUTO_INCREMENT=2 DEFAULT CHARSET=utf8 COLLATE=utf8_unicode_ci;

--
-- Data for table `craft_commerce_taxcategories`
--

INSERT INTO `craft_commerce_taxcategories` (`id`, `name`, `handle`, `description`, `default`, `dateCreated`, `dateUpdated`, `uid`) VALUES
 ('1', 'General', 'general', '', '1', '2016-05-24 09:30:02', '2016-06-28 18:05:21', 'a2f515c3-fd5f-46d4-8430-06e4fc207404');



DROP TABLE IF EXISTS `craft_commerce_taxrates`;


--
-- Schema for table `craft_commerce_taxrates`
--
CREATE TABLE `craft_commerce_taxrates` (
  `id` int(11) NOT NULL AUTO_INCREMENT,
  `taxZoneId` int(11) NOT NULL,
  `taxCategoryId` int(11) NOT NULL,
  `name` varchar(255) COLLATE utf8_unicode_ci NOT NULL,
  `rate` decimal(14,4) NOT NULL,
  `include` tinyint(1) unsigned NOT NULL DEFAULT '0',
  `showInLabel` tinyint(1) unsigned NOT NULL DEFAULT '0',
  `taxable` enum('price','shipping','price_shipping') COLLATE utf8_unicode_ci NOT NULL,
  `dateCreated` datetime NOT NULL,
  `dateUpdated` datetime NOT NULL,
  `uid` char(36) COLLATE utf8_unicode_ci NOT NULL DEFAULT '0',
  PRIMARY KEY (`id`),
  KEY `craft_commerce_taxrates_taxZoneId_idx` (`taxZoneId`),
  KEY `craft_commerce_taxrates_taxCategoryId_idx` (`taxCategoryId`)
) ENGINE=InnoDB AUTO_INCREMENT=2 DEFAULT CHARSET=utf8 COLLATE=utf8_unicode_ci;

--
-- Data for table `craft_commerce_taxrates`
--

INSERT INTO `craft_commerce_taxrates` (`id`, `taxZoneId`, `taxCategoryId`, `name`, `rate`, `include`, `showInLabel`, `taxable`, `dateCreated`, `dateUpdated`, `uid`) VALUES
 ('1', '2', '1', 'Moms', '0.2500', '0', '1', 'price_shipping', '2016-06-28 12:21:35', '2016-06-28 18:30:42', '5458fd29-bd77-466c-8640-c1e66440a991');



DROP TABLE IF EXISTS `craft_commerce_taxzone_countries`;


--
-- Schema for table `craft_commerce_taxzone_countries`
--
CREATE TABLE `craft_commerce_taxzone_countries` (
  `id` int(11) NOT NULL AUTO_INCREMENT,
  `taxZoneId` int(11) NOT NULL,
  `countryId` int(11) NOT NULL,
  `dateCreated` datetime NOT NULL,
  `dateUpdated` datetime NOT NULL,
  `uid` char(36) COLLATE utf8_unicode_ci NOT NULL DEFAULT '0',
  PRIMARY KEY (`id`),
  UNIQUE KEY `craft_commerce_taxzone_countries_taxZoneId_countryId_unq_idx` (`taxZoneId`,`countryId`),
  KEY `craft_commerce_taxzone_countries_taxZoneId_idx` (`taxZoneId`),
  KEY `craft_commerce_taxzone_countries_countryId_idx` (`countryId`)
) ENGINE=InnoDB AUTO_INCREMENT=5 DEFAULT CHARSET=utf8 COLLATE=utf8_unicode_ci;

--
-- Data for table `craft_commerce_taxzone_countries`
--

INSERT INTO `craft_commerce_taxzone_countries` (`id`, `taxZoneId`, `countryId`, `dateCreated`, `dateUpdated`, `uid`) VALUES
 ('4', '2', '59', '2016-06-28 18:25:58', '2016-06-28 18:25:58', 'ef71b94f-0426-4aa9-84b3-1409ab14100f');



DROP TABLE IF EXISTS `craft_commerce_taxzone_states`;


--
-- Schema for table `craft_commerce_taxzone_states`
--
CREATE TABLE `craft_commerce_taxzone_states` (
  `id` int(11) NOT NULL AUTO_INCREMENT,
  `taxZoneId` int(11) NOT NULL,
  `stateId` int(11) NOT NULL,
  `dateCreated` datetime NOT NULL,
  `dateUpdated` datetime NOT NULL,
  `uid` char(36) COLLATE utf8_unicode_ci NOT NULL DEFAULT '0',
  PRIMARY KEY (`id`),
  UNIQUE KEY `craft_commerce_taxzone_states_taxZoneId_stateId_unq_idx` (`taxZoneId`,`stateId`),
  KEY `craft_commerce_taxzone_states_taxZoneId_idx` (`taxZoneId`),
  KEY `craft_commerce_taxzone_states_stateId_idx` (`stateId`)
) ENGINE=InnoDB DEFAULT CHARSET=utf8 COLLATE=utf8_unicode_ci;

DROP TABLE IF EXISTS `craft_commerce_taxzones`;


--
-- Schema for table `craft_commerce_taxzones`
--
CREATE TABLE `craft_commerce_taxzones` (
  `id` int(11) NOT NULL AUTO_INCREMENT,
  `name` varchar(255) COLLATE utf8_unicode_ci NOT NULL,
  `description` varchar(255) COLLATE utf8_unicode_ci DEFAULT NULL,
  `countryBased` tinyint(1) unsigned NOT NULL DEFAULT '1',
  `default` tinyint(1) unsigned NOT NULL DEFAULT '0',
  `dateCreated` datetime NOT NULL,
  `dateUpdated` datetime NOT NULL,
  `uid` char(36) COLLATE utf8_unicode_ci NOT NULL DEFAULT '0',
  PRIMARY KEY (`id`),
  UNIQUE KEY `craft_commerce_taxzones_name_unq_idx` (`name`)
) ENGINE=InnoDB AUTO_INCREMENT=3 DEFAULT CHARSET=utf8 COLLATE=utf8_unicode_ci;

--
-- Data for table `craft_commerce_taxzones`
--

INSERT INTO `craft_commerce_taxzones` (`id`, `name`, `description`, `countryBased`, `default`, `dateCreated`, `dateUpdated`, `uid`) VALUES
 ('2', 'vat', '', '1', '1', '2016-06-28 12:21:18', '2016-06-28 18:25:58', 'ab9cb70a-272d-411a-9f9d-fe422651fa16');



DROP TABLE IF EXISTS `craft_commerce_transactions`;


--
-- Schema for table `craft_commerce_transactions`
--
CREATE TABLE `craft_commerce_transactions` (
  `id` int(11) NOT NULL AUTO_INCREMENT,
  `parentId` int(11) DEFAULT NULL,
  `paymentMethodId` int(11) DEFAULT NULL,
  `userId` int(11) DEFAULT NULL,
  `hash` varchar(32) COLLATE utf8_unicode_ci DEFAULT NULL,
  `type` enum('authorize','capture','purchase','refund') COLLATE utf8_unicode_ci NOT NULL,
  `amount` decimal(17,4) DEFAULT NULL,
  `status` enum('pending','redirect','success','failed') COLLATE utf8_unicode_ci NOT NULL,
  `reference` varchar(255) COLLATE utf8_unicode_ci DEFAULT NULL,
  `message` text COLLATE utf8_unicode_ci,
  `response` text COLLATE utf8_unicode_ci,
  `orderId` int(10) NOT NULL,
  `dateCreated` datetime NOT NULL,
  `dateUpdated` datetime NOT NULL,
  `uid` char(36) COLLATE utf8_unicode_ci NOT NULL DEFAULT '0',
  PRIMARY KEY (`id`),
  KEY `craft_commerce_transactions_parentId_fk` (`parentId`),
  KEY `craft_commerce_transactions_paymentMethodId_fk` (`paymentMethodId`),
  KEY `craft_commerce_transactions_orderId_fk` (`orderId`),
  KEY `craft_commerce_transactions_userId_fk` (`userId`)
) ENGINE=InnoDB AUTO_INCREMENT=225 DEFAULT CHARSET=utf8 COLLATE=utf8_unicode_ci;

--
-- Data for table `craft_commerce_transactions`
--

INSERT INTO `craft_commerce_transactions` (`id`, `parentId`, `paymentMethodId`, `userId`, `hash`, `type`, `amount`, `status`, `reference`, `message`, `response`, `orderId`, `dateCreated`, `dateUpdated`, `uid`) VALUES
 ('177', NULL, '15', '1', 'c3a3942885da1e65c96921c91a2b5a23', 'purchase', '99.0000', 'pending', NULL, NULL, NULL, '178', '2016-06-23 07:33:40', '2016-06-23 07:33:40', 'c865ac79-73f2-47a3-98a4-623f2351c6da'),
 ('178', NULL, '15', '1', '307558b1a0d06d5ab0c2a5069b8c9f55', 'purchase', '99.0000', 'pending', NULL, NULL, NULL, '178', '2016-06-23 07:37:57', '2016-06-23 07:37:57', 'adfb3f3a-bcad-47e6-96d2-d9c0aa4f20dd'),
 ('179', NULL, '15', '1', '9aa5d5c93c6419d87c8bd05ced9b7423', 'purchase', '99.0000', 'pending', NULL, NULL, NULL, '178', '2016-06-23 07:40:45', '2016-06-23 07:40:45', '834420e2-f2c4-41ca-a213-9649e77be610'),
 ('180', NULL, '15', '1', '9a49886683f5b77ab47bcc3551444b46', 'purchase', '99.0000', 'pending', NULL, NULL, NULL, '178', '2016-06-23 07:43:33', '2016-06-23 07:43:33', '1da89eb6-d6dd-4201-8246-a9fbd1fafd4a'),
 ('181', NULL, '15', '1', '6a0939c7cd70a441c7ed454641ce5a96', 'purchase', '99.0000', 'pending', NULL, NULL, NULL, '178', '2016-06-23 07:45:34', '2016-06-23 07:45:34', '49e0174b-009e-44bd-8fa0-6057fefa52b9'),
 ('182', NULL, '15', '1', '7e2534200dabd3e410ede6b035ee0643', 'purchase', '99.0000', 'pending', NULL, NULL, NULL, '178', '2016-06-23 07:46:07', '2016-06-23 07:46:07', 'f11253bd-6baa-40dc-856b-7c3b3a5b1a04'),
 ('183', NULL, '15', '1', '65fbaea7418c0257ed44ddf1e5a6b0dd', 'purchase', '99.0000', 'pending', NULL, NULL, NULL, '178', '2016-06-23 07:46:16', '2016-06-23 07:46:16', '82f9f5b3-fcd1-461c-a582-4e8658a719a9'),
 ('184', NULL, '15', '1', 'd2a44cbebef2737e116d987ad1b2ea00', 'purchase', '99.0000', 'pending', NULL, NULL, NULL, '178', '2016-06-23 07:46:41', '2016-06-23 07:46:41', '2f10f374-a13c-474e-afba-cc254d2ef275'),
 ('185', NULL, '15', '1', '6faa86970376e684b570d0a27937f84d', 'purchase', '99.0000', 'pending', NULL, NULL, NULL, '178', '2016-06-23 07:46:52', '2016-06-23 07:46:52', 'a7092200-84da-4e13-be72-645960e49fb3'),
 ('186', NULL, '15', '1', '40a88421054fc6fdaf569b815af9ada3', 'purchase', '99.0000', 'pending', NULL, NULL, NULL, '178', '2016-06-23 07:46:55', '2016-06-23 07:46:55', 'fbb846d2-ee41-4465-9ce7-95e75636b591'),
 ('187', NULL, '15', '1', '7f8dc3797839bdbc2f38f7e18d6c3e9e', 'purchase', '99.0000', 'pending', NULL, NULL, NULL, '178', '2016-06-23 07:46:59', '2016-06-23 07:46:59', '088f054c-75be-4047-9410-278dd092ea35'),
 ('188', NULL, '15', '1', 'cce45ed006a7e5519365efcc0f0ee8db', 'purchase', '99.0000', 'pending', NULL, NULL, NULL, '178', '2016-06-23 07:56:49', '2016-06-23 07:56:49', 'bc12f3db-1e65-4ccf-9dbe-c5342a992cc7'),
 ('189', NULL, '15', '1', '90e4814825c21cd5e5e65fcfaeb2aa19', 'purchase', '99.0000', 'pending', NULL, NULL, NULL, '178', '2016-06-23 07:58:04', '2016-06-23 07:58:04', '6897d961-aba0-493a-9258-8267cfa82c90'),
 ('190', NULL, '15', '1', 'b0f5c59f39ef95b17c399602b399c9b4', 'purchase', '99.0000', 'pending', NULL, NULL, NULL, '178', '2016-06-23 08:01:51', '2016-06-23 08:01:51', '91bc6479-a275-41b5-b3b1-b6abb4ae99c3'),
 ('191', NULL, '15', '1', 'a5f1408a21ba56ea15ca5a8200a5719c', 'purchase', '99.0000', 'pending', NULL, NULL, NULL, '178', '2016-06-23 08:02:29', '2016-06-23 08:02:29', 'b30e6700-fb6c-4a26-8a22-ab053296ed01'),
 ('192', NULL, '15', '1', '1b9ec04acf2b9ceeccad86983dc4bb67', 'purchase', '99.0000', 'pending', NULL, NULL, NULL, '178', '2016-06-23 08:02:32', '2016-06-23 08:02:32', '5edc27bd-fc38-4039-81a3-601abaab77dc'),
 ('193', NULL, '15', '1', 'dd63629d5983e4c920b59b046ded1bc8', 'purchase', '99.0000', 'pending', NULL, NULL, NULL, '178', '2016-06-23 08:02:55', '2016-06-23 08:02:55', 'e1c5a4ee-94ec-4624-ab43-d536d3c7197f'),
 ('194', NULL, '15', '1', '301c8e11ca09a3fcb5489df611a2b511', 'purchase', '99.0000', 'pending', NULL, NULL, NULL, '178', '2016-06-23 08:02:58', '2016-06-23 08:02:58', '13d1b62a-a017-424e-967e-6f3290ef755c'),
 ('195', NULL, '15', '1', 'a0f7257b7b1cab063c4bcb4c7dd7c70f', 'purchase', '99.0000', 'pending', NULL, NULL, NULL, '178', '2016-06-23 08:03:04', '2016-06-23 08:03:04', '3bc0432a-0384-47d2-a264-49c8e608f0c3'),
 ('196', NULL, '15', '1', '9fcf1edd93da255cb19f9baf4fc6687c', 'purchase', '99.0000', 'pending', NULL, NULL, NULL, '178', '2016-06-23 08:03:09', '2016-06-23 08:03:09', '700ec34b-145f-4e0e-9f75-4bab3f5ccc90'),
 ('197', NULL, '15', '1', 'a4968eb07d9972eef88b01724c20859a', 'purchase', '99.0000', 'pending', NULL, NULL, NULL, '178', '2016-06-23 08:04:17', '2016-06-23 08:04:17', '86ec32a4-1a06-4425-9a3f-d3684266cd4d'),
 ('198', NULL, '15', '1', '080ef9983074bcbc7f39c5878f2d1f80', 'purchase', '99.0000', 'pending', NULL, NULL, NULL, '178', '2016-06-23 08:05:17', '2016-06-23 08:05:17', '25eae9f6-4206-4235-8e84-6968712eb15f'),
 ('199', NULL, '15', '1', '7581d052e3b97f193c2e79ea921969e2', 'purchase', '99.0000', 'pending', NULL, NULL, NULL, '178', '2016-06-23 08:06:38', '2016-06-23 08:06:38', '6decbfc5-6966-43fc-8515-4e4c68768be6'),
 ('200', NULL, '15', '1', 'f7fb7a30c38e906527c75bf8b7c52e09', 'purchase', '99.0000', 'pending', NULL, NULL, NULL, '178', '2016-06-23 08:06:42', '2016-06-23 08:06:42', 'c4ccfb5f-78b6-443d-8378-f120faa95493'),
 ('201', NULL, '15', '1', 'cd48c3dc8392c5fc58816a991ca1656a', 'purchase', '99.0000', 'pending', NULL, NULL, NULL, '178', '2016-06-23 08:10:55', '2016-06-23 08:10:55', 'afaf2023-47f9-4ffa-b655-2d091dbc04df'),
 ('202', NULL, '15', '1', 'd6622bc2e3c1581756f36e6cb2de6797', 'purchase', '99.0000', 'pending', NULL, NULL, NULL, '178', '2016-06-23 08:11:24', '2016-06-23 08:11:24', '1383562d-32bc-466f-afeb-2f944ca24ec2'),
 ('203', NULL, '15', '1', 'bbf5623369fbbcfa626c5e2b84122e32', 'purchase', '99.0000', 'redirect', NULL, NULL, NULL, '178', '2016-06-27 06:12:01', '2016-06-27 06:12:01', '28b33591-5697-4a36-bd43-20822d01ea81'),
 ('204', NULL, '15', '1', '621cdb98186421330087de440f4d62e5', 'purchase', '99.0000', 'redirect', NULL, NULL, NULL, '193', '2016-06-27 12:37:05', '2016-06-27 12:37:05', 'd4cd1b5f-aa4b-464c-9842-c74191a71d69'),
 ('205', NULL, '15', NULL, '1f234707816b9c4834eb62f4e27003c0', 'purchase', '99.0000', 'success', '73795578', NULL, NULL, '194', '2016-06-27 12:38:37', '2016-06-27 12:38:49', '564166ab-66ab-48c2-8d65-122883641d0c'),
 ('206', NULL, '15', '1', 'b27c30684d135fb32ab098abd6b72aab', 'purchase', '99.0000', 'redirect', NULL, NULL, NULL, '195', '2016-06-27 12:45:35', '2016-06-27 12:45:35', '33551d71-cc5c-4c68-b6e9-d914accb5568'),
 ('207', NULL, '15', '1', 'dfcaebbcadff899b50681cb09a89ac57', 'purchase', '99.0000', 'redirect', NULL, NULL, NULL, '195', '2016-06-27 18:18:00', '2016-06-27 18:18:00', 'c3dfc470-049a-4713-a42f-eab80877b866'),
 ('208', NULL, '15', '1', '30611c10b4e31a9ce79b31f4bff0cb75', 'purchase', '99.0000', 'redirect', NULL, NULL, NULL, '195', '2016-06-28 14:59:42', '2016-06-28 14:59:42', 'c9a2f366-1279-4648-b9d7-795821ce21d0'),
 ('209', NULL, '15', '1', '2e8c5f6dd93c68b1a321da390fab21fd', 'purchase', '99.0000', 'redirect', NULL, NULL, NULL, '195', '2016-06-28 15:03:28', '2016-06-28 15:03:28', '1476ee77-072d-46d1-b368-88d68a89975f'),
 ('210', NULL, '15', '1', 'c66cfedea9c2b75d9ed54052e4d5c657', 'purchase', '99.0000', 'redirect', NULL, NULL, NULL, '195', '2016-06-28 15:04:40', '2016-06-28 15:04:40', 'b4fa6d61-9907-4ebd-9020-92d7c839a613'),
 ('211', NULL, '15', '1', '1c3138fb20985bdc46b3986d33973043', 'purchase', '99.0000', 'redirect', NULL, NULL, NULL, '195', '2016-06-28 15:09:07', '2016-06-28 15:09:07', '982a8124-c1ec-4c43-a46f-49ebc81928fa'),
 ('212', NULL, '15', '1', '88f55b9f89922a206965cfd03e95a3a4', 'purchase', '99.0000', 'redirect', NULL, NULL, NULL, '195', '2016-06-28 15:10:13', '2016-06-28 15:10:13', '370e05ea-c5fb-430f-bd83-5b9ebbe80a6f'),
 ('213', NULL, '15', '1', '5a3293363232c570879b0d8740ac3a88', 'purchase', '99.0000', 'redirect', NULL, NULL, NULL, '195', '2016-06-28 15:10:42', '2016-06-28 15:10:42', '36f7a450-7d36-4c71-9cc2-21a59a32b92e'),
 ('214', NULL, '15', '1', '8fd6e40f1b37021e108c1d606cc03988', 'purchase', '99.0000', 'redirect', NULL, NULL, NULL, '195', '2016-06-28 15:12:01', '2016-06-28 15:12:01', 'cc955f69-9f9a-47ae-85d7-9c03eefa0d0e'),
 ('215', NULL, '15', '1', '33bb2aacca464de79f6162f0980512aa', 'purchase', '99.0000', 'redirect', NULL, NULL, NULL, '195', '2016-06-28 15:12:40', '2016-06-28 15:12:40', '99d00413-8bcf-4bf3-8585-cd66c2e2f3c4'),
 ('216', NULL, '15', '1', '5a5482d792159c578673a1d3bc425c36', 'purchase', '99.0000', 'redirect', NULL, NULL, NULL, '195', '2016-06-28 15:13:07', '2016-06-28 15:13:07', '084d167a-b810-4fe4-a062-d65e573e6149'),
 ('217', NULL, '15', '1', '3406e32a3a12bb1c8501078be612fcee', 'purchase', '99.0000', 'redirect', NULL, NULL, NULL, '195', '2016-06-28 15:14:02', '2016-06-28 15:14:02', '2687fece-e572-4cd0-ac84-0011262d2d87'),
 ('218', NULL, '15', '1', '87dff2d6d0d94954b491dd1330cbef69', 'purchase', '99.0000', 'redirect', NULL, NULL, NULL, '195', '2016-06-28 15:22:34', '2016-06-28 15:22:34', '324ea972-48b5-49c7-87cf-ae050daf3240'),
 ('219', NULL, '15', '1', '7f9e18eca4c30f81e3b6b71114bf2595', 'purchase', '99.0000', 'redirect', NULL, NULL, NULL, '195', '2016-06-28 15:23:04', '2016-06-28 15:23:04', 'aca0333e-27f5-429c-8c49-230f12921eeb'),
 ('220', NULL, '15', '1', 'f85dfde9738e22e2b974ec7696c66aed', 'purchase', '99.0000', 'redirect', NULL, NULL, NULL, '195', '2016-06-28 15:23:42', '2016-06-28 15:23:42', '0c6aa47c-5574-406e-bc51-461b16479f2b'),
 ('221', NULL, '15', '1', 'fcba750f7c55212de05c865298cc48a7', 'purchase', '99.0000', 'redirect', NULL, NULL, NULL, '195', '2016-06-28 15:27:11', '2016-06-28 15:27:11', '0c228ec1-58f0-4dda-befc-bfc83ab6e7bd'),
 ('222', NULL, '15', '1', 'de2c2f40ae0b86d10ef2e5e991549ce1', 'purchase', '99.0000', 'failed', NULL, 'Hash is invalid', NULL, '195', '2016-06-28 15:56:30', '2016-06-28 15:57:00', '8889fe82-0993-4661-bdff-61f5132eeb25'),
 ('223', NULL, '15', '1', '4a0297cade982ca4b73e96babbee75e4', 'purchase', '99.0000', 'redirect', NULL, NULL, NULL, '195', '2016-06-28 15:59:36', '2016-06-28 15:59:36', '764fb30b-5802-4e71-8ace-71dd15688252'),
 ('224', NULL, '15', '1', 'e97ae8ecabf894e78b8eac8a834ce183', 'purchase', '123.0000', 'redirect', NULL, NULL, NULL, '195', '2016-06-28 16:01:47', '2016-06-28 16:01:47', 'ef15a754-7a70-4b6b-8829-30bbe4957725');



DROP TABLE IF EXISTS `craft_commerce_variants`;


--
-- Schema for table `craft_commerce_variants`
--
CREATE TABLE `craft_commerce_variants` (
  `productId` int(11) DEFAULT NULL,
  `id` int(11) NOT NULL,
  `sku` varchar(255) COLLATE utf8_unicode_ci NOT NULL,
  `isDefault` tinyint(1) unsigned NOT NULL DEFAULT '0',
  `price` decimal(14,4) NOT NULL,
  `sortOrder` int(10) DEFAULT NULL,
  `width` decimal(14,4) DEFAULT NULL,
  `height` decimal(14,4) DEFAULT NULL,
  `length` decimal(14,4) DEFAULT NULL,
  `weight` decimal(14,4) DEFAULT NULL,
  `stock` int(10) NOT NULL DEFAULT '0',
  `unlimitedStock` tinyint(1) unsigned NOT NULL DEFAULT '0',
  `minQty` int(10) DEFAULT NULL,
  `maxQty` int(10) DEFAULT NULL,
  `dateCreated` datetime NOT NULL,
  `dateUpdated` datetime NOT NULL,
  `uid` char(36) COLLATE utf8_unicode_ci NOT NULL DEFAULT '0',
  PRIMARY KEY (`id`),
  UNIQUE KEY `craft_commerce_variants_sku_unq_idx` (`sku`),
  KEY `craft_commerce_variants_productId_fk` (`productId`)
) ENGINE=InnoDB DEFAULT CHARSET=utf8 COLLATE=utf8_unicode_ci;

--
-- Data for table `craft_commerce_variants`
--

INSERT INTO `craft_commerce_variants` (`productId`, `id`, `sku`, `isDefault`, `price`, `sortOrder`, `width`, `height`, `length`, `weight`, `stock`, `unlimitedStock`, `minQty`, `maxQty`, `dateCreated`, `dateUpdated`, `uid`) VALUES
 ('85', '86', 'Elektronikforsikring', '1', '100.0000', '1', '0.0000', '0.0000', '0.0000', '0.0000', '0', '1', '1', '1', '2016-05-24 09:30:02', '2016-06-28 18:31:46', 'df63dfc7-ef66-4a1b-955b-e2bd709338c7');



DROP TABLE IF EXISTS `craft_content`;


--
-- Schema for table `craft_content`
--
CREATE TABLE `craft_content` (
  `id` int(11) NOT NULL AUTO_INCREMENT,
  `elementId` int(11) NOT NULL,
  `locale` char(12) COLLATE utf8_unicode_ci NOT NULL,
  `title` varchar(255) COLLATE utf8_unicode_ci DEFAULT NULL,
  `field_body` text COLLATE utf8_unicode_ci,
  `field_efFirstname` text COLLATE utf8_unicode_ci,
  `field_efLastname` text COLLATE utf8_unicode_ci,
  `field_adresse` text COLLATE utf8_unicode_ci,
  `field_postnr` text COLLATE utf8_unicode_ci,
  `field_bekraeftEmail` text COLLATE utf8_unicode_ci,
  `field_vejnr` text COLLATE utf8_unicode_ci,
  `field_telefonnr` text COLLATE utf8_unicode_ci,
  `field_newsletter` varchar(255) COLLATE utf8_unicode_ci DEFAULT NULL,
  `field_produktBeskrivelse` text COLLATE utf8_unicode_ci,
  `field_abonnement` tinyint(1) unsigned NOT NULL DEFAULT '0',
  `field_supplier` text COLLATE utf8_unicode_ci,
  `field_question` text COLLATE utf8_unicode_ci,
  `field_categori` varchar(255) COLLATE utf8_unicode_ci DEFAULT NULL,
  `field_pageTitle` text COLLATE utf8_unicode_ci,
  `field_pageTeaser` text COLLATE utf8_unicode_ci,
  `dateCreated` datetime NOT NULL,
  `dateUpdated` datetime NOT NULL,
  `uid` char(36) COLLATE utf8_unicode_ci NOT NULL DEFAULT '0',
  PRIMARY KEY (`id`),
  UNIQUE KEY `craft_content_elementId_locale_unq_idx` (`elementId`,`locale`),
  KEY `craft_content_title_idx` (`title`),
  KEY `craft_content_locale_fk` (`locale`)
) ENGINE=InnoDB AUTO_INCREMENT=113 DEFAULT CHARSET=utf8 COLLATE=utf8_unicode_ci;

--
-- Data for table `craft_content`
--

INSERT INTO `craft_content` (`id`, `elementId`, `locale`, `title`, `field_body`, `field_efFirstname`, `field_efLastname`, `field_adresse`, `field_postnr`, `field_bekraeftEmail`, `field_vejnr`, `field_telefonnr`, `field_newsletter`, `field_produktBeskrivelse`, `field_abonnement`, `field_supplier`, `field_question`, `field_categori`, `field_pageTitle`, `field_pageTeaser`, `dateCreated`, `dateUpdated`, `uid`) VALUES
 ('1', '1', 'da', NULL, NULL, NULL, NULL, NULL, NULL, NULL, NULL, '0', NULL, NULL, '0', NULL, NULL, NULL, NULL, NULL, '2016-03-30 12:09:18', '2016-05-25 19:30:22', '3da0659e-8ea0-41ad-8032-5fdcce92e974'),
 ('2', '2', 'da', 'Welcome to Elektronikforsikring.dev!', '<p>It’s true, this site doesn’t have a whole lot of content yet, but don’t worry. Our web developers have just installed the CMS, and they’re setting things up for the content editors this very moment. Soon Elektronikforsikring.dev will be an oasis of fresh perspectives, sharp analyses, and astute opinions that will keep you coming back again and again.</p>', NULL, NULL, NULL, NULL, NULL, NULL, '0', NULL, NULL, '0', NULL, NULL, NULL, NULL, NULL, '2016-03-30 12:09:21', '2016-06-21 07:44:28', '40d1f240-2b72-4453-ab59-846293b4332c'),
 ('3', '3', 'da', 'Jeg hedder Karina', '<p>Craft is the CMS that’s powering Elektronikforsikring.dev. It’s beautiful, powerful, flexible, and easy-to-use, and it’s made by Pixel &amp; Tonic. We can’t wait to dive in and see what it’s capable of!</p>\n\n<!--pagebreak-->\n\n<p>This is even more captivating content, which you couldn’t see on the News index page because it was entered after a Page Break, and the News index template only likes to show the content on the first page.</p>\n\n<p>Craft: a nice alternative to Word, if you’re making a website.</p>', NULL, NULL, NULL, NULL, NULL, NULL, '0', NULL, NULL, '0', NULL, NULL, NULL, NULL, NULL, '2016-03-30 12:09:21', '2016-06-10 10:02:14', '9bb9100d-d9a8-4535-9d5e-9d8fdc1ea5ad'),
 ('4', '5', 'da', 'Orderconfirm', '<h1>Tak for din bestilling.</h1>\n\n<p>Vi har modtaget din ordre og er allerede i gang med at behandle den.</p>\n\n\n\n<p>Vi har også sendt dig en bekræftelse på den indtastet e-mail. Din forsikring er gældende med det samme. Når ordren er færdigbehandlet, så sender vi den officielle police. <br /></p>\n\n\n\n\n\n<p>Med venlig hilsen</p>\n\n\n\n\n\n\n\n<p>Kundeservicechef<br />Karina Byrdal</p>', NULL, NULL, NULL, NULL, NULL, NULL, '0', NULL, NULL, '0', NULL, NULL, NULL, NULL, NULL, '2016-05-13 10:59:37', '2016-06-02 07:17:44', '5772783c-23b4-4b2e-b51f-6027c42f06a6'),
 ('5', '85', 'da', 'Elektronikforsikring', '<p>Bestil din elektronikforsikring til kun 99 kr./md. For at sikre, at alt dit elektronik er sikret med det samme, så betaler du resten af denne måned samt næste måned. I dag er det den 13. maj og derfor betaler du for de resterende 19 dage + 99 kr. Derfor vil din første regning være på 161 kr. Der vil efterfølgende blive trukket 99 kr./md. </p>', NULL, NULL, NULL, NULL, NULL, NULL, NULL, '[\"\"]', '<p>Til markeds laveste pris kan du nu forsikre alt elektronik i husstanden - uden selvrisiko og uden afskrivninger. Forsikringen er en abonnements aftale og koster 99 kr./md. + kortgebyr</p>\n\n<p>Forsikringen træder i kræft umiddelbart efter dit køb. Prisen for din første betaling er derfor [paymentThisMonth] for resten af måneden + 99 kr. for næste måned.</p>\n\n\n\n\n\n<p><br /></p>', '1', NULL, NULL, NULL, NULL, NULL, '2016-05-24 09:30:02', '2016-06-28 18:31:46', 'b75f4b43-9600-4258-a925-f0a9a3a3c685'),
 ('6', '86', 'da', 'Elektronikforsikring', NULL, NULL, NULL, NULL, NULL, NULL, NULL, NULL, '[\"\"]', NULL, '0', NULL, NULL, NULL, NULL, NULL, '2016-05-24 09:30:02', '2016-06-28 18:31:46', 'af6c5fc9-bcaa-492b-b0fb-c01fb73f28cf'),
 ('15', '95', 'da', 'Folder', NULL, NULL, NULL, NULL, NULL, NULL, NULL, NULL, '[\"\"]', NULL, '0', NULL, NULL, NULL, NULL, NULL, '2016-05-24 10:34:44', '2016-05-24 10:34:51', '17804350-0bec-4b74-ae34-f78f4ee0569f'),
 ('43', '123', 'da', 'Folder', NULL, NULL, NULL, NULL, NULL, NULL, NULL, NULL, '[\"\"]', NULL, '0', NULL, NULL, NULL, NULL, NULL, '2016-05-26 11:57:20', '2016-06-29 09:54:24', '965140ab-4fd0-407f-9756-934b8896975d'),
 ('50', '130', 'da', NULL, NULL, NULL, NULL, NULL, NULL, NULL, NULL, NULL, '[\"\"]', NULL, '0', '[{\"col5\":\"F\\u00f8tex\"},{\"col5\":\"Wupti\"},{\"col5\":\"Bilka.dk\"},{\"col5\":\"Bilka\"},{\"col5\":\"Andet\"}]', NULL, NULL, NULL, NULL, '2016-06-01 13:39:24', '2016-06-10 09:55:13', 'c1354cf8-67fc-40ca-8063-01ae82164e2d'),
 ('53', '133', 'da', 'Bilka', NULL, NULL, NULL, NULL, NULL, NULL, NULL, NULL, '[\"\"]', NULL, '0', NULL, NULL, NULL, NULL, NULL, '2016-06-02 07:50:37', '2016-06-29 09:54:24', 'd29f2365-3a05-426d-a7fc-27755dd0f8c8'),
 ('98', '178', 'da', NULL, NULL, NULL, NULL, NULL, NULL, NULL, NULL, NULL, '[\"\"]', NULL, '0', NULL, NULL, NULL, NULL, NULL, '2016-06-21 06:07:07', '2016-06-27 11:00:06', '550feab2-cd9a-4623-8e39-c9178ad29f83'),
 ('99', '179', 'da', 'Fordele', NULL, NULL, NULL, NULL, NULL, NULL, NULL, NULL, '[\"\"]', NULL, '0', NULL, NULL, NULL, NULL, NULL, '2016-06-22 11:13:44', '2016-06-29 08:05:48', 'd6596690-080e-49f2-9076-064d1a8084b7'),
 ('100', '180', 'da', 'FAQ', '', NULL, NULL, NULL, NULL, NULL, NULL, NULL, '[\"\"]', NULL, '0', NULL, 'Koster den virkelig kun 99 kr./md.?', 'betingelser', 'FAQ', '<p>Spørgsmål &amp; Svar</p>', '2016-06-23 13:27:09', '2016-06-29 10:34:35', '63246f62-b3e6-493d-8e58-84410012954a'),
 ('102', '188', 'da', 'Faq', NULL, NULL, NULL, NULL, NULL, NULL, NULL, NULL, '[\"\"]', NULL, '0', NULL, NULL, NULL, NULL, NULL, '2016-06-27 11:21:50', '2016-06-29 09:54:24', 'b3a9222f-b505-4fe6-99bd-4015c8503ef8'),
 ('103', '189', 'da', 'Danrisk Logo', NULL, NULL, NULL, NULL, NULL, NULL, NULL, NULL, '[\"\"]', NULL, '0', NULL, NULL, NULL, NULL, NULL, '2016-06-27 11:21:50', '2016-06-29 09:54:24', 'a15bf695-295b-46ac-989b-0bcf3bae45eb'),
 ('104', '190', 'da', 'Elektronikforsikring Logo', NULL, NULL, NULL, NULL, NULL, NULL, NULL, NULL, '[\"\"]', NULL, '0', NULL, NULL, NULL, NULL, NULL, '2016-06-27 11:21:50', '2016-06-29 09:54:24', '89ec14cd-5303-49d2-9b46-47d6fdbf43fc'),
 ('105', '191', 'da', 'Foto', NULL, NULL, NULL, NULL, NULL, NULL, NULL, NULL, '[\"\"]', NULL, '0', NULL, NULL, NULL, NULL, NULL, '2016-06-27 11:21:50', '2016-06-29 09:54:25', '2ca6ca49-a1ca-432a-ad53-06aacbc9b3e9'),
 ('106', '192', 'da', 'Girls', NULL, NULL, NULL, NULL, NULL, NULL, NULL, NULL, '[\"\"]', NULL, '0', NULL, NULL, NULL, NULL, NULL, '2016-06-27 11:21:51', '2016-06-29 09:54:25', 'ea326eb0-74a3-4f5e-936d-09a2d5776865'),
 ('107', '193', 'da', NULL, NULL, NULL, NULL, NULL, NULL, NULL, NULL, NULL, '[\"\"]', NULL, '0', NULL, NULL, NULL, NULL, NULL, '2016-06-27 11:23:04', '2016-06-27 12:37:05', 'a1b70e89-d7d2-4923-867c-242060818934'),
 ('108', '194', 'da', NULL, NULL, NULL, NULL, NULL, NULL, NULL, NULL, NULL, '[\"\"]', NULL, '0', NULL, NULL, NULL, NULL, NULL, '2016-06-27 12:38:18', '2016-06-28 10:37:08', 'b298dabd-126e-4bb6-9f8e-e5653f43b638'),
 ('109', '195', 'da', NULL, NULL, NULL, NULL, NULL, NULL, NULL, NULL, NULL, '[\"\"]', NULL, '0', NULL, NULL, NULL, NULL, NULL, '2016-06-27 12:45:27', '2016-06-29 07:57:47', '59fbbfea-54a0-45b1-90f4-17a310879c91'),
 ('110', '196', 'da', 'Betingelser', '', NULL, NULL, NULL, NULL, NULL, NULL, NULL, '[\"\"]', NULL, '0', NULL, NULL, NULL, 'Kontantkøbsbetingelser', '<p>Privat</p>', '2016-06-29 08:05:09', '2016-06-29 09:38:03', '4e8ff297-7cd9-4cdf-9f2f-7645941fb826'),
 ('111', '203', 'da', 'Pencil', NULL, NULL, NULL, NULL, NULL, NULL, NULL, NULL, '[\"\"]', NULL, '0', NULL, NULL, NULL, NULL, NULL, '2016-06-29 09:38:00', '2016-06-29 09:54:25', '48241653-5105-4d27-9e57-3e5528f02af8'),
 ('112', '204', 'da', 'Paper', NULL, NULL, NULL, NULL, NULL, NULL, NULL, NULL, '[\"\"]', NULL, '0', NULL, NULL, NULL, NULL, NULL, '2016-06-29 10:28:31', '2016-06-29 10:28:31', '3984b8eb-f77a-41d3-8038-06313fa1e4ab');



DROP TABLE IF EXISTS `craft_deprecationerrors`;


--
-- Schema for table `craft_deprecationerrors`
--
CREATE TABLE `craft_deprecationerrors` (
  `id` int(11) NOT NULL AUTO_INCREMENT,
  `key` varchar(255) COLLATE utf8_unicode_ci NOT NULL,
  `fingerprint` varchar(255) COLLATE utf8_unicode_ci NOT NULL,
  `lastOccurrence` datetime NOT NULL,
  `file` varchar(255) COLLATE utf8_unicode_ci NOT NULL,
  `line` smallint(6) unsigned NOT NULL,
  `class` varchar(255) COLLATE utf8_unicode_ci DEFAULT NULL,
  `method` varchar(255) COLLATE utf8_unicode_ci DEFAULT NULL,
  `template` varchar(255) COLLATE utf8_unicode_ci DEFAULT NULL,
  `templateLine` smallint(6) unsigned DEFAULT NULL,
  `message` varchar(255) COLLATE utf8_unicode_ci DEFAULT NULL,
  `traces` text COLLATE utf8_unicode_ci,
  `dateCreated` datetime NOT NULL,
  `dateUpdated` datetime NOT NULL,
  `uid` char(36) COLLATE utf8_unicode_ci NOT NULL DEFAULT '0',
  PRIMARY KEY (`id`),
  UNIQUE KEY `craft_deprecationerrors_key_fingerprint_unq_idx` (`key`,`fingerprint`)
) ENGINE=InnoDB AUTO_INCREMENT=115 DEFAULT CHARSET=utf8 COLLATE=utf8_unicode_ci;

--
-- Data for table `craft_deprecationerrors`
--

INSERT INTO `craft_deprecationerrors` (`id`, `key`, `fingerprint`, `lastOccurrence`, `file`, `line`, `class`, `method`, `template`, `templateLine`, `message`, `traces`, `dateCreated`, `dateUpdated`, `uid`) VALUES
 ('3', 'Commerce_OrderModel::getItemSubtotalWithSale():removed', 'Craft\\Commerce_OrderModel:379', '2016-06-29 07:57:47', '/Users/beuschau/_sites/elektronikforsikring.dk/craft/plugins/commerce/models/Commerce_OrderModel.php', '379', 'Craft\\Commerce_OrderModel', 'getItemSubtotalWithSale', NULL, NULL, 'You should no longer use `order.itemSubtotalWithSale` for the line item’s subtotal. Use `order.subtotal`. Same goes for order->getItemSubtotalWithSale() in PHP.', '[{\"objectClass\":\"Craft\\\\DeprecatorService\",\"file\":\"\\/Users\\/beuschau\\/_sites\\/elektronikforsikring.dk\\/craft\\/plugins\\/commerce\\/models\\/Commerce_OrderModel.php\",\"line\":379,\"class\":\"Craft\\\\DeprecatorService\",\"method\":\"log\",\"args\":\"\\\"Commerce_OrderModel::getItemSubtotalWithSale():removed\\\", \\\"You should no longer use `order.itemSubtotalWithSale` for the li...\\\"\"},{\"objectClass\":\"Craft\\\\Commerce_OrderModel\",\"file\":\"\\/Users\\/beuschau\\/_sites\\/elektronikforsikring.dk\\/craft\\/plugins\\/commerce\\/services\\/Commerce_OrdersService.php\",\"line\":375,\"class\":\"Craft\\\\Commerce_OrderModel\",\"method\":\"getItemSubtotalWithSale\",\"args\":null},{\"objectClass\":\"Craft\\\\Commerce_OrdersService\",\"file\":\"\\/Users\\/beuschau\\/_sites\\/elektronikforsikring.dk\\/craft\\/plugins\\/commerce\\/services\\/Commerce_OrdersService.php\",\"line\":205,\"class\":\"Craft\\\\Commerce_OrdersService\",\"method\":\"calculateAdjustments\",\"args\":\"Craft\\\\Commerce_OrderModel\"},{\"objectClass\":\"Craft\\\\Commerce_OrdersService\",\"file\":\"\\/Users\\/beuschau\\/_sites\\/elektronikforsikring.dk\\/craft\\/plugins\\/commerce\\/services\\/Commerce_CartService.php\",\"line\":106,\"class\":\"Craft\\\\Commerce_OrdersService\",\"method\":\"saveOrder\",\"args\":\"Craft\\\\Commerce_OrderModel\"},{\"objectClass\":\"Craft\\\\Commerce_CartService\",\"file\":\"\\/Users\\/beuschau\\/_sites\\/elektronikforsikring.dk\\/craft\\/plugins\\/commerce\\/controllers\\/Commerce_CartController.php\",\"line\":161,\"class\":\"Craft\\\\Commerce_CartService\",\"method\":\"addToCart\",\"args\":\"Craft\\\\Commerce_OrderModel, \\\" 86\\\", \\\"1\\\", \\\"\\\"\"},{\"objectClass\":\"Craft\\\\Commerce_CartController\",\"file\":\"\\/Users\\/beuschau\\/_sites\\/elektronikforsikring.dk\\/craft\\/app\\/framework\\/web\\/actions\\/CInlineAction.php\",\"line\":49,\"class\":\"Craft\\\\Commerce_CartController\",\"method\":\"actionUpdateCart\",\"args\":null},{\"objectClass\":\"CInlineAction\",\"file\":\"\\/Users\\/beuschau\\/_sites\\/elektronikforsikring.dk\\/craft\\/app\\/framework\\/web\\/CController.php\",\"line\":308,\"class\":\"CInlineAction\",\"method\":\"runWithParams\",\"args\":\"array(\\\"p\\\" => \\\"commerce\\/products\\\")\"},{\"objectClass\":\"Craft\\\\Commerce_CartController\",\"file\":\"\\/Users\\/beuschau\\/_sites\\/elektronikforsikring.dk\\/craft\\/app\\/framework\\/web\\/CController.php\",\"line\":286,\"class\":\"CController\",\"method\":\"runAction\",\"args\":\"CInlineAction\"},{\"objectClass\":\"Craft\\\\Commerce_CartController\",\"file\":\"\\/Users\\/beuschau\\/_sites\\/elektronikforsikring.dk\\/craft\\/app\\/framework\\/web\\/CController.php\",\"line\":265,\"class\":\"CController\",\"method\":\"runActionWithFilters\",\"args\":\"CInlineAction, array()\"},{\"objectClass\":\"Craft\\\\Commerce_CartController\",\"file\":\"\\/Users\\/beuschau\\/_sites\\/elektronikforsikring.dk\\/craft\\/app\\/framework\\/web\\/CWebApplication.php\",\"line\":282,\"class\":\"CController\",\"method\":\"run\",\"args\":\"\\\"updateCart\\\"\"},{\"objectClass\":\"Craft\\\\WebApp\",\"file\":\"\\/Users\\/beuschau\\/_sites\\/elektronikforsikring.dk\\/craft\\/app\\/etc\\/web\\/WebApp.php\",\"line\":815,\"class\":\"CWebApplication\",\"method\":\"runController\",\"args\":\"\\\"commerce\\/cart\\/updateCart\\\"\"},{\"objectClass\":\"Craft\\\\WebApp\",\"file\":\"\\/Users\\/beuschau\\/_sites\\/elektronikforsikring.dk\\/craft\\/app\\/etc\\/web\\/WebApp.php\",\"line\":285,\"class\":\"Craft\\\\WebApp\",\"method\":\"_processActionRequest\",\"args\":null},{\"objectClass\":\"Craft\\\\WebApp\",\"file\":\"\\/Users\\/beuschau\\/_sites\\/elektronikforsikring.dk\\/craft\\/app\\/framework\\/base\\/CApplication.php\",\"line\":185,\"class\":\"Craft\\\\WebApp\",\"method\":\"processRequest\",\"args\":null},{\"objectClass\":\"Craft\\\\WebApp\",\"file\":\"\\/Users\\/beuschau\\/_sites\\/elektronikforsikring.dk\\/craft\\/app\\/index.php\",\"line\":62,\"class\":\"CApplication\",\"method\":\"run\",\"args\":null},{\"objectClass\":null,\"file\":\"\\/Users\\/beuschau\\/_sites\\/elektronikforsikring.dk\\/public\\/index.php\",\"line\":29,\"class\":null,\"method\":\"require_once\",\"args\":\"\\\"\\/Users\\/beuschau\\/_sites\\/elektronikforsikring.dk\\/craft\\/app\\/index.p...\\\"\"}]', '2016-06-28 13:03:06', '2016-06-29 07:57:47', '5db81a3b-ad6f-4ee6-bcbc-2e29f58f90e7'),
 ('41', 'Commerce_OrderModel::getItemSubtotalWithSale():removed', '/Users/beuschau/_sites/elektronikforsikring.dk/craft/templates/commerce/checkout/payment.html:31', '2016-06-28 17:01:37', '/Users/beuschau/_sites/elektronikforsikring.dk/craft/plugins/commerce/models/Commerce_OrderModel.php', '379', 'Craft\\Commerce_OrderModel', 'getItemSubtotalWithSale', '/Users/beuschau/_sites/elektronikforsikring.dk/craft/templates/commerce/checkout/payment.html', '31', 'You should no longer use `order.itemSubtotalWithSale` for the line item’s subtotal. Use `order.subtotal`. Same goes for order->getItemSubtotalWithSale() in PHP.', '[{\"objectClass\":\"Craft\\\\DeprecatorService\",\"file\":\"\\/Users\\/beuschau\\/_sites\\/elektronikforsikring.dk\\/craft\\/plugins\\/commerce\\/models\\/Commerce_OrderModel.php\",\"line\":379,\"class\":\"Craft\\\\DeprecatorService\",\"method\":\"log\",\"args\":\"\\\"Commerce_OrderModel::getItemSubtotalWithSale():removed\\\", \\\"You should no longer use `order.itemSubtotalWithSale` for the li...\\\"\"},{\"objectClass\":\"Craft\\\\Commerce_OrderModel\",\"file\":\"\\/Users\\/beuschau\\/_sites\\/elektronikforsikring.dk\\/craft\\/app\\/framework\\/base\\/CComponent.php\",\"line\":188,\"class\":\"Craft\\\\Commerce_OrderModel\",\"method\":\"getItemSubtotalWithSale\",\"args\":null},{\"objectClass\":\"Craft\\\\Commerce_OrderModel\",\"file\":\"\\/Users\\/beuschau\\/_sites\\/elektronikforsikring.dk\\/craft\\/app\\/models\\/BaseModel.php\",\"line\":153,\"class\":\"CComponent\",\"method\":\"__isset\",\"args\":\"\\\"itemSubtotalWithSale\\\"\"},{\"objectClass\":\"Craft\\\\Commerce_OrderModel\",\"file\":\"\\/Users\\/beuschau\\/_sites\\/elektronikforsikring.dk\\/craft\\/app\\/models\\/BaseElementModel.php\",\"line\":118,\"class\":\"Craft\\\\BaseModel\",\"method\":\"__isset\",\"args\":\"\\\"itemSubtotalWithSale\\\"\"},{\"objectClass\":\"Craft\\\\Commerce_OrderModel\",\"file\":\"\\/Users\\/beuschau\\/_sites\\/elektronikforsikring.dk\\/craft\\/app\\/vendor\\/twig\\/twig\\/lib\\/Twig\\/Template.php\",\"line\":527,\"class\":\"Craft\\\\BaseElementModel\",\"method\":\"__isset\",\"args\":\"\\\"itemSubtotalWithSale\\\"\"},{\"objectClass\":\"__TwigTemplate_e9c56ce9e48870f4bb8857f7254f0bcca3abf395952811bb5229dff1a3edd287\",\"file\":\"\\/Users\\/beuschau\\/_sites\\/elektronikforsikring.dk\\/craft\\/app\\/etc\\/templating\\/BaseTemplate.php\",\"line\":64,\"class\":\"Twig_Template\",\"method\":\"getAttribute\",\"args\":\"Craft\\\\Commerce_OrderModel, \\\"itemSubtotalWithSale\\\", array(), \\\"any\\\"\"},{\"objectClass\":\"__TwigTemplate_e9c56ce9e48870f4bb8857f7254f0bcca3abf395952811bb5229dff1a3edd287\",\"file\":\"\\/Users\\/beuschau\\/_sites\\/elektronikforsikring.dk\\/craft\\/app\\/vendor\\/twig\\/twig\\/lib\\/Twig\\/Environment.php(403) : eval()\'d code\",\"line\":38,\"class\":\"Craft\\\\BaseTemplate\",\"method\":\"getAttribute\",\"args\":\"Craft\\\\Commerce_OrderModel, \\\"itemSubtotalWithSale\\\", array()\"},{\"objectClass\":\"__TwigTemplate_e9c56ce9e48870f4bb8857f7254f0bcca3abf395952811bb5229dff1a3edd287\",\"file\":\"\\/Users\\/beuschau\\/_sites\\/elektronikforsikring.dk\\/craft\\/app\\/vendor\\/twig\\/twig\\/lib\\/Twig\\/Template.php\",\"line\":167,\"class\":\"__TwigTemplate_e9c56ce9e48870f4bb8857f7254f0bcca3abf395952811bb5229dff1a3edd287\",\"method\":\"block_content\",\"args\":\"array(\\\"user\\\" => Craft\\\\UserModel, \\\"currentUser\\\" => Craft\\\\UserModel, \\\"craft\\\" => Craft\\\\CraftVariable, \\\"blx\\\" => Craft\\\\CraftVariable), array(\\\"header\\\" => array(__TwigTemplate_f0dc27f6cc196de85368ce1fbcc7aefc74589c42e73745397b686ca7ed8ae76a, \\\"block_header\\\"), \\\"body\\\" => array(__TwigTemplate_a6eeafa1a3e3667626d88402e1ec3b4dff775367ac61c9c02b5cced9aac3b496, \\\"block_body\\\"), \\\"main\\\" => array(__TwigTemplate_f0dc27f6cc196de85368ce1fbcc7aefc74589c42e73745397b686ca7ed8ae76a, \\\"block_main\\\"), \\\"content\\\" => array(__TwigTemplate_e9c56ce9e48870f4bb8857f7254f0bcca3abf395952811bb5229dff1a3edd287, \\\"block_content\\\"))\"},{\"objectClass\":\"__TwigTemplate_f0dc27f6cc196de85368ce1fbcc7aefc74589c42e73745397b686ca7ed8ae76a\",\"file\":\"\\/Users\\/beuschau\\/_sites\\/elektronikforsikring.dk\\/craft\\/storage\\/runtime\\/compiled_templates\\/f7\\/f72a8a0a2cfe52fb947ba653b5668b85df7872c0c843d94bc28e920e41d1b7b7.php\",\"line\":83,\"class\":\"Twig_Template\",\"method\":\"displayBlock\",\"args\":\"\\\"content\\\", array(\\\"user\\\" => Craft\\\\UserModel, \\\"currentUser\\\" => Craft\\\\UserModel, \\\"craft\\\" => Craft\\\\CraftVariable, \\\"blx\\\" => Craft\\\\CraftVariable), array(\\\"header\\\" => array(__TwigTemplate_f0dc27f6cc196de85368ce1fbcc7aefc74589c42e73745397b686ca7ed8ae76a, \\\"block_header\\\"), \\\"body\\\" => array(__TwigTemplate_a6eeafa1a3e3667626d88402e1ec3b4dff775367ac61c9c02b5cced9aac3b496, \\\"block_body\\\"), \\\"main\\\" => array(__TwigTemplate_f0dc27f6cc196de85368ce1fbcc7aefc74589c42e73745397b686ca7ed8ae76a, \\\"block_main\\\"), \\\"content\\\" => array(__TwigTemplate_e9c56ce9e48870f4bb8857f7254f0bcca3abf395952811bb5229dff1a3edd287, \\\"block_content\\\"))\",\"template\":\"commerce\\/_layouts\\/checkout\",\"templateLine\":31},{\"objectClass\":\"__TwigTemplate_f0dc27f6cc196de85368ce1fbcc7aefc74589c42e73745397b686ca7ed8ae76a\",\"file\":\"\\/Users\\/beuschau\\/_sites\\/elektronikforsikring.dk\\/craft\\/app\\/vendor\\/twig\\/twig\\/lib\\/Twig\\/Template.php\",\"line\":167,\"class\":\"__TwigTemplate_f0dc27f6cc196de85368ce1fbcc7aefc74589c42e73745397b686ca7ed8ae76a\",\"method\":\"block_main\",\"args\":\"array(\\\"user\\\" => Craft\\\\UserModel, \\\"currentUser\\\" => Craft\\\\UserModel, \\\"craft\\\" => Craft\\\\CraftVariable, \\\"blx\\\" => Craft\\\\CraftVariable), array(\\\"header\\\" => array(__TwigTemplate_f0dc27f6cc196de85368ce1fbcc7aefc74589c42e73745397b686ca7ed8ae76a, \\\"block_header\\\"), \\\"body\\\" => array(__TwigTemplate_a6eeafa1a3e3667626d88402e1ec3b4dff775367ac61c9c02b5cced9aac3b496, \\\"block_body\\\"), \\\"main\\\" => array(__TwigTemplate_f0dc27f6cc196de85368ce1fbcc7aefc74589c42e73745397b686ca7ed8ae76a, \\\"block_main\\\"), \\\"content\\\" => array(__TwigTemplate_e9c56ce9e48870f4bb8857f7254f0bcca3abf395952811bb5229dff1a3edd287, \\\"block_content\\\"))\"},{\"objectClass\":\"__TwigTemplate_a6eeafa1a3e3667626d88402e1ec3b4dff775367ac61c9c02b5cced9aac3b496\",\"file\":\"\\/Users\\/beuschau\\/_sites\\/elektronikforsikring.dk\\/craft\\/storage\\/runtime\\/compiled_templates\\/48\\/48e90018ed4c448106f9ab84e6b2796bade1091d0d5ecb3bde11649587c4f0b0.php\",\"line\":117,\"class\":\"Twig_Template\",\"method\":\"displayBlock\",\"args\":\"\\\"main\\\", array(\\\"user\\\" => Craft\\\\UserModel, \\\"currentUser\\\" => Craft\\\\UserModel, \\\"craft\\\" => Craft\\\\CraftVariable, \\\"blx\\\" => Craft\\\\CraftVariable), array(\\\"header\\\" => array(__TwigTemplate_f0dc27f6cc196de85368ce1fbcc7aefc74589c42e73745397b686ca7ed8ae76a, \\\"block_header\\\"), \\\"body\\\" => array(__TwigTemplate_a6eeafa1a3e3667626d88402e1ec3b4dff775367ac61c9c02b5cced9aac3b496, \\\"block_body\\\"), \\\"main\\\" => array(__TwigTemplate_f0dc27f6cc196de85368ce1fbcc7aefc74589c42e73745397b686ca7ed8ae76a, \\\"block_main\\\"), \\\"content\\\" => array(__TwigTemplate_e9c56ce9e48870f4bb8857f7254f0bcca3abf395952811bb5229dff1a3edd287, \\\"block_content\\\"))\",\"template\":\"commerce\\/_layouts\\/main\",\"templateLine\":46},{\"objectClass\":\"__TwigTemplate_a6eeafa1a3e3667626d88402e1ec3b4dff775367ac61c9c02b5cced9aac3b496\",\"file\":\"\\/Users\\/beuschau\\/_sites\\/elektronikforsikring.dk\\/craft\\/app\\/vendor\\/twig\\/twig\\/lib\\/Twig\\/Template.php\",\"line\":167,\"class\":\"__TwigTemplate_a6eeafa1a3e3667626d88402e1ec3b4dff775367ac61c9c02b5cced9aac3b496\",\"method\":\"block_body\",\"args\":\"array(\\\"user\\\" => Craft\\\\UserModel, \\\"currentUser\\\" => Craft\\\\UserModel, \\\"craft\\\" => Craft\\\\CraftVariable, \\\"blx\\\" => Craft\\\\CraftVariable), array(\\\"header\\\" => array(__TwigTemplate_f0dc27f6cc196de85368ce1fbcc7aefc74589c42e73745397b686ca7ed8ae76a, \\\"block_header\\\"), \\\"body\\\" => array(__TwigTemplate_a6eeafa1a3e3667626d88402e1ec3b4dff775367ac61c9c02b5cced9aac3b496, \\\"block_body\\\"), \\\"main\\\" => array(__TwigTemplate_f0dc27f6cc196de85368ce1fbcc7aefc74589c42e73745397b686ca7ed8ae76a, \\\"block_main\\\"), \\\"content\\\" => array(__TwigTemplate_e9c56ce9e48870f4bb8857f7254f0bcca3abf395952811bb5229dff1a3edd287, \\\"block_content\\\"))\"},{\"objectClass\":\"__TwigTemplate_a6eeafa1a3e3667626d88402e1ec3b4dff775367ac61c9c02b5cced9aac3b496\",\"file\":\"\\/Users\\/beuschau\\/_sites\\/elektronikforsikring.dk\\/craft\\/storage\\/runtime\\/compiled_templates\\/48\\/48e90018ed4c448106f9ab84e6b2796bade1091d0d5ecb3bde11649587c4f0b0.php\",\"line\":63,\"class\":\"Twig_Template\",\"method\":\"displayBlock\",\"args\":\"\\\"body\\\", array(\\\"user\\\" => Craft\\\\UserModel, \\\"currentUser\\\" => Craft\\\\UserModel, \\\"craft\\\" => Craft\\\\CraftVariable, \\\"blx\\\" => Craft\\\\CraftVariable), array(\\\"header\\\" => array(__TwigTemplate_f0dc27f6cc196de85368ce1fbcc7aefc74589c42e73745397b686ca7ed8ae76a, \\\"block_header\\\"), \\\"body\\\" => array(__TwigTemplate_a6eeafa1a3e3667626d88402e1ec3b4dff775367ac61c9c02b5cced9aac3b496, \\\"block_body\\\"), \\\"main\\\" => array(__TwigTemplate_f0dc27f6cc196de85368ce1fbcc7aefc74589c42e73745397b686ca7ed8ae76a, \\\"block_main\\\"), \\\"content\\\" => array(__TwigTemplate_e9c56ce9e48870f4bb8857f7254f0bcca3abf395952811bb5229dff1a3edd287, \\\"block_content\\\"))\",\"template\":\"commerce\\/_layouts\\/main\",\"templateLine\":44},{\"objectClass\":\"__TwigTemplate_a6eeafa1a3e3667626d88402e1ec3b4dff775367ac61c9c02b5cced9aac3b496\",\"file\":\"\\/Users\\/beuschau\\/_sites\\/elektronikforsikring.dk\\/craft\\/app\\/vendor\\/twig\\/twig\\/lib\\/Twig\\/Template.php\",\"line\":381,\"class\":\"__TwigTemplate_a6eeafa1a3e3667626d88402e1ec3b4dff775367ac61c9c02b5cced9aac3b496\",\"method\":\"doDisplay\",\"args\":\"array(\\\"user\\\" => Craft\\\\UserModel, \\\"currentUser\\\" => Craft\\\\UserModel, \\\"craft\\\" => Craft\\\\CraftVariable, \\\"blx\\\" => Craft\\\\CraftVariable), array(\\\"header\\\" => array(__TwigTemplate_f0dc27f6cc196de85368ce1fbcc7aefc74589c42e73745397b686ca7ed8ae76a, \\\"block_header\\\"), \\\"body\\\" => array(__TwigTemplate_a6eeafa1a3e3667626d88402e1ec3b4dff775367ac61c9c02b5cced9aac3b496, \\\"block_body\\\"), \\\"main\\\" => array(__TwigTemplate_f0dc27f6cc196de85368ce1fbcc7aefc74589c42e73745397b686ca7ed8ae76a, \\\"block_main\\\"), \\\"content\\\" => array(__TwigTemplate_e9c56ce9e48870f4bb8857f7254f0bcca3abf395952811bb5229dff1a3edd287, \\\"block_content\\\"))\"},{\"objectClass\":\"__TwigTemplate_a6eeafa1a3e3667626d88402e1ec3b4dff775367ac61c9c02b5cced9aac3b496\",\"file\":\"\\/Users\\/beuschau\\/_sites\\/elektronikforsikring.dk\\/craft\\/app\\/etc\\/templating\\/BaseTemplate.php\",\"line\":26,\"class\":\"Twig_Template\",\"method\":\"displayWithErrorHandling\",\"args\":\"array(\\\"user\\\" => Craft\\\\UserModel, \\\"currentUser\\\" => Craft\\\\UserModel, \\\"craft\\\" => Craft\\\\CraftVariable, \\\"blx\\\" => Craft\\\\CraftVariable), array(\\\"header\\\" => array(__TwigTemplate_f0dc27f6cc196de85368ce1fbcc7aefc74589c42e73745397b686ca7ed8ae76a, \\\"block_header\\\"), \\\"body\\\" => array(__TwigTemplate_a6eeafa1a3e3667626d88402e1ec3b4dff775367ac61c9c02b5cced9aac3b496, \\\"block_body\\\"), \\\"main\\\" => array(__TwigTemplate_f0dc27f6cc196de85368ce1fbcc7aefc74589c42e73745397b686ca7ed8ae76a, \\\"block_main\\\"), \\\"content\\\" => array(__TwigTemplate_e9c56ce9e48870f4bb8857f7254f0bcca3abf395952811bb5229dff1a3edd287, \\\"block_content\\\"))\"},{\"objectClass\":\"__TwigTemplate_a6eeafa1a3e3667626d88402e1ec3b4dff775367ac61c9c02b5cced9aac3b496\",\"file\":\"\\/Users\\/beuschau\\/_sites\\/elektronikforsikring.dk\\/craft\\/app\\/vendor\\/twig\\/twig\\/lib\\/Twig\\/Template.php\",\"line\":355,\"class\":\"Craft\\\\BaseTemplate\",\"method\":\"displayWithErrorHandling\",\"args\":\"array(\\\"user\\\" => Craft\\\\UserModel, \\\"currentUser\\\" => Craft\\\\UserModel, \\\"craft\\\" => Craft\\\\CraftVariable, \\\"blx\\\" => Craft\\\\CraftVariable), array(\\\"header\\\" => array(__TwigTemplate_f0dc27f6cc196de85368ce1fbcc7aefc74589c42e73745397b686ca7ed8ae76a, \\\"block_header\\\"), \\\"body\\\" => array(__TwigTemplate_a6eeafa1a3e3667626d88402e1ec3b4dff775367ac61c9c02b5cced9aac3b496, \\\"block_body\\\"), \\\"main\\\" => array(__TwigTemplate_f0dc27f6cc196de85368ce1fbcc7aefc74589c42e73745397b686ca7ed8ae76a, \\\"block_main\\\"), \\\"content\\\" => array(__TwigTemplate_e9c56ce9e48870f4bb8857f7254f0bcca3abf395952811bb5229dff1a3edd287, \\\"block_content\\\"))\"},{\"objectClass\":\"__TwigTemplate_a6eeafa1a3e3667626d88402e1ec3b4dff775367ac61c9c02b5cced9aac3b496\",\"file\":\"\\/Users\\/beuschau\\/_sites\\/elektronikforsikring.dk\\/craft\\/storage\\/runtime\\/compiled_templates\\/f7\\/f72a8a0a2cfe52fb947ba653b5668b85df7872c0c843d94bc28e920e41d1b7b7.php\",\"line\":29,\"class\":\"Twig_Template\",\"method\":\"display\",\"args\":\"array(\\\"user\\\" => Craft\\\\UserModel, \\\"currentUser\\\" => Craft\\\\UserModel, \\\"craft\\\" => Craft\\\\CraftVariable, \\\"blx\\\" => Craft\\\\CraftVariable), array(\\\"header\\\" => array(__TwigTemplate_f0dc27f6cc196de85368ce1fbcc7aefc74589c42e73745397b686ca7ed8ae76a, \\\"block_header\\\"), \\\"main\\\" => array(__TwigTemplate_f0dc27f6cc196de85368ce1fbcc7aefc74589c42e73745397b686ca7ed8ae76a, \\\"block_main\\\"), \\\"content\\\" => array(__TwigTemplate_e9c56ce9e48870f4bb8857f7254f0bcca3abf395952811bb5229dff1a3edd287, \\\"block_content\\\"))\",\"template\":\"commerce\\/_layouts\\/main\",\"templateLine\":1},{\"objectClass\":\"__TwigTemplate_f0dc27f6cc196de85368ce1fbcc7aefc74589c42e73745397b686ca7ed8ae76a\",\"file\":\"\\/Users\\/beuschau\\/_sites\\/elektronikforsikring.dk\\/craft\\/app\\/vendor\\/twig\\/twig\\/lib\\/Twig\\/Template.php\",\"line\":381,\"class\":\"__TwigTemplate_f0dc27f6cc196de85368ce1fbcc7aefc74589c42e73745397b686ca7ed8ae76a\",\"method\":\"doDisplay\",\"args\":\"array(\\\"user\\\" => Craft\\\\UserModel, \\\"currentUser\\\" => Craft\\\\UserModel, \\\"craft\\\" => Craft\\\\CraftVariable, \\\"blx\\\" => Craft\\\\CraftVariable), array(\\\"header\\\" => array(__TwigTemplate_f0dc27f6cc196de85368ce1fbcc7aefc74589c42e73745397b686ca7ed8ae76a, \\\"block_header\\\"), \\\"main\\\" => array(__TwigTemplate_f0dc27f6cc196de85368ce1fbcc7aefc74589c42e73745397b686ca7ed8ae76a, \\\"block_main\\\"), \\\"content\\\" => array(__TwigTemplate_e9c56ce9e48870f4bb8857f7254f0bcca3abf395952811bb5229dff1a3edd287, \\\"block_content\\\"))\"},{\"objectClass\":\"__TwigTemplate_f0dc27f6cc196de85368ce1fbcc7aefc74589c42e73745397b686ca7ed8ae76a\",\"file\":\"\\/Users\\/beuschau\\/_sites\\/elektronikforsikring.dk\\/craft\\/app\\/etc\\/templating\\/BaseTemplate.php\",\"line\":26,\"class\":\"Twig_Template\",\"method\":\"displayWithErrorHandling\",\"args\":\"array(\\\"user\\\" => Craft\\\\UserModel, \\\"currentUser\\\" => Craft\\\\UserModel, \\\"craft\\\" => Craft\\\\CraftVariable, \\\"blx\\\" => Craft\\\\CraftVariable), array(\\\"header\\\" => array(__TwigTemplate_f0dc27f6cc196de85368ce1fbcc7aefc74589c42e73745397b686ca7ed8ae76a, \\\"block_header\\\"), \\\"main\\\" => array(__TwigTemplate_f0dc27f6cc196de85368ce1fbcc7aefc74589c42e73745397b686ca7ed8ae76a, \\\"block_main\\\"), \\\"content\\\" => array(__TwigTemplate_e9c56ce9e48870f4bb8857f7254f0bcca3abf395952811bb5229dff1a3edd287, \\\"block_content\\\"))\"},{\"objectClass\":\"__TwigTemplate_f0dc27f6cc196de85368ce1fbcc7aefc74589c42e73745397b686ca7ed8ae76a\",\"file\":\"\\/Users\\/beuschau\\/_sites\\/elektronikforsikring.dk\\/craft\\/app\\/vendor\\/twig\\/twig\\/lib\\/Twig\\/Template.php\",\"line\":355,\"class\":\"Craft\\\\BaseTemplate\",\"method\":\"displayWithErrorHandling\",\"args\":\"array(\\\"user\\\" => Craft\\\\UserModel, \\\"currentUser\\\" => Craft\\\\UserModel, \\\"craft\\\" => Craft\\\\CraftVariable, \\\"blx\\\" => Craft\\\\CraftVariable), array(\\\"header\\\" => array(__TwigTemplate_f0dc27f6cc196de85368ce1fbcc7aefc74589c42e73745397b686ca7ed8ae76a, \\\"block_header\\\"), \\\"main\\\" => array(__TwigTemplate_f0dc27f6cc196de85368ce1fbcc7aefc74589c42e73745397b686ca7ed8ae76a, \\\"block_main\\\"), \\\"content\\\" => array(__TwigTemplate_e9c56ce9e48870f4bb8857f7254f0bcca3abf395952811bb5229dff1a3edd287, \\\"block_content\\\"))\"},{\"objectClass\":\"__TwigTemplate_f0dc27f6cc196de85368ce1fbcc7aefc74589c42e73745397b686ca7ed8ae76a\",\"file\":\"\\/Users\\/beuschau\\/_sites\\/elektronikforsikring.dk\\/craft\\/app\\/vendor\\/twig\\/twig\\/lib\\/Twig\\/Environment.php(403) : eval()\'d code\",\"line\":24,\"class\":\"Twig_Template\",\"method\":\"display\",\"args\":\"array(\\\"user\\\" => Craft\\\\UserModel, \\\"currentUser\\\" => Craft\\\\UserModel, \\\"craft\\\" => Craft\\\\CraftVariable, \\\"blx\\\" => Craft\\\\CraftVariable), array(\\\"content\\\" => array(__TwigTemplate_e9c56ce9e48870f4bb8857f7254f0bcca3abf395952811bb5229dff1a3edd287, \\\"block_content\\\"))\"},{\"objectClass\":\"__TwigTemplate_e9c56ce9e48870f4bb8857f7254f0bcca3abf395952811bb5229dff1a3edd287\",\"file\":\"\\/Users\\/beuschau\\/_sites\\/elektronikforsikring.dk\\/craft\\/app\\/vendor\\/twig\\/twig\\/lib\\/Twig\\/Template.php\",\"line\":381,\"class\":\"__TwigTemplate_e9c56ce9e48870f4bb8857f7254f0bcca3abf395952811bb5229dff1a3edd287\",\"method\":\"doDisplay\",\"args\":\"array(\\\"user\\\" => Craft\\\\UserModel, \\\"currentUser\\\" => Craft\\\\UserModel, \\\"craft\\\" => Craft\\\\CraftVariable, \\\"blx\\\" => Craft\\\\CraftVariable), array(\\\"content\\\" => array(__TwigTemplate_e9c56ce9e48870f4bb8857f7254f0bcca3abf395952811bb5229dff1a3edd287, \\\"block_content\\\"))\"},{\"objectClass\":\"__TwigTemplate_e9c56ce9e48870f4bb8857f7254f0bcca3abf395952811bb5229dff1a3edd287\",\"file\":\"\\/Users\\/beuschau\\/_sites\\/elektronikforsikring.dk\\/craft\\/app\\/etc\\/templating\\/BaseTemplate.php\",\"line\":26,\"class\":\"Twig_Template\",\"method\":\"displayWithErrorHandling\",\"args\":\"array(\\\"user\\\" => Craft\\\\UserModel, \\\"currentUser\\\" => Craft\\\\UserModel, \\\"craft\\\" => Craft\\\\CraftVariable, \\\"blx\\\" => Craft\\\\CraftVariable), array(\\\"content\\\" => array(__TwigTemplate_e9c56ce9e48870f4bb8857f7254f0bcca3abf395952811bb5229dff1a3edd287, \\\"block_content\\\"))\"},{\"objectClass\":\"__TwigTemplate_e9c56ce9e48870f4bb8857f7254f0bcca3abf395952811bb5229dff1a3edd287\",\"file\":\"\\/Users\\/beuschau\\/_sites\\/elektronikforsikring.dk\\/craft\\/app\\/vendor\\/twig\\/twig\\/lib\\/Twig\\/Template.php\",\"line\":355,\"class\":\"Craft\\\\BaseTemplate\",\"method\":\"displayWithErrorHandling\",\"args\":\"array(\\\"user\\\" => Craft\\\\UserModel, \\\"currentUser\\\" => Craft\\\\UserModel, \\\"craft\\\" => Craft\\\\CraftVariable, \\\"blx\\\" => Craft\\\\CraftVariable), array(\\\"content\\\" => array(__TwigTemplate_e9c56ce9e48870f4bb8857f7254f0bcca3abf395952811bb5229dff1a3edd287, \\\"block_content\\\"))\"},{\"objectClass\":\"__TwigTemplate_e9c56ce9e48870f4bb8857f7254f0bcca3abf395952811bb5229dff1a3edd287\",\"file\":\"\\/Users\\/beuschau\\/_sites\\/elektronikforsikring.dk\\/craft\\/app\\/vendor\\/twig\\/twig\\/lib\\/Twig\\/Template.php\",\"line\":366,\"class\":\"Twig_Template\",\"method\":\"display\",\"args\":\"array()\"},{\"objectClass\":\"__TwigTemplate_e9c56ce9e48870f4bb8857f7254f0bcca3abf395952811bb5229dff1a3edd287\",\"file\":\"\\/Users\\/beuschau\\/_sites\\/elektronikforsikring.dk\\/craft\\/app\\/vendor\\/twig\\/twig\\/lib\\/Twig\\/Environment.php\",\"line\":347,\"class\":\"Twig_Template\",\"method\":\"render\",\"args\":\"array()\"},{\"objectClass\":\"Craft\\\\TwigEnvironment\",\"file\":\"\\/Users\\/beuschau\\/_sites\\/elektronikforsikring.dk\\/craft\\/app\\/services\\/TemplatesService.php\",\"line\":246,\"class\":\"Twig_Environment\",\"method\":\"render\",\"args\":\"\\\"commerce\\/checkout\\/payment\\\", array()\"},{\"objectClass\":\"Craft\\\\TemplatesService\",\"file\":\"\\/Users\\/beuschau\\/_sites\\/elektronikforsikring.dk\\/craft\\/app\\/controllers\\/BaseController.php\",\"line\":74,\"class\":\"Craft\\\\TemplatesService\",\"method\":\"render\",\"args\":\"\\\"commerce\\/checkout\\/payment\\\", array()\"},{\"objectClass\":\"Craft\\\\TemplatesController\",\"file\":\"\\/Users\\/beuschau\\/_sites\\/elektronikforsikring.dk\\/craft\\/app\\/controllers\\/TemplatesController.php\",\"line\":55,\"class\":\"Craft\\\\BaseController\",\"method\":\"renderTemplate\",\"args\":\"\\\"commerce\\/checkout\\/payment\\\", array()\"},{\"objectClass\":\"Craft\\\\TemplatesController\",\"file\":null,\"line\":null,\"class\":\"Craft\\\\TemplatesController\",\"method\":\"actionRender\",\"args\":\"\\\"commerce\\/checkout\\/payment\\\", array()\"},{\"objectClass\":\"ReflectionMethod\",\"file\":\"\\/Users\\/beuschau\\/_sites\\/elektronikforsikring.dk\\/craft\\/app\\/framework\\/web\\/actions\\/CAction.php\",\"line\":109,\"class\":\"ReflectionMethod\",\"method\":\"invokeArgs\",\"args\":\"Craft\\\\TemplatesController, array(\\\"commerce\\/checkout\\/payment\\\", array())\"},{\"objectClass\":\"CInlineAction\",\"file\":\"\\/Users\\/beuschau\\/_sites\\/elektronikforsikring.dk\\/craft\\/app\\/framework\\/web\\/actions\\/CInlineAction.php\",\"line\":47,\"class\":\"CAction\",\"method\":\"runWithParamsInternal\",\"args\":\"Craft\\\\TemplatesController, ReflectionMethod, array(\\\"p\\\" => \\\"commerce\\/checkout\\/payment\\\", \\\"orderid\\\" => \\\"997e28062016180147\\\", \\\"error\\\" => \\\"-5516\\\", \\\"variables\\\" => array())\"},{\"objectClass\":\"CInlineAction\",\"file\":\"\\/Users\\/beuschau\\/_sites\\/elektronikforsikring.dk\\/craft\\/app\\/framework\\/web\\/CController.php\",\"line\":308,\"class\":\"CInlineAction\",\"method\":\"runWithParams\",\"args\":\"array(\\\"p\\\" => \\\"commerce\\/checkout\\/payment\\\", \\\"orderid\\\" => \\\"997e28062016180147\\\", \\\"error\\\" => \\\"-5516\\\", \\\"variables\\\" => array())\"},{\"objectClass\":\"Craft\\\\TemplatesController\",\"file\":\"\\/Users\\/beuschau\\/_sites\\/elektronikforsikring.dk\\/craft\\/app\\/framework\\/web\\/CController.php\",\"line\":286,\"class\":\"CController\",\"method\":\"runAction\",\"args\":\"CInlineAction\"},{\"objectClass\":\"Craft\\\\TemplatesController\",\"file\":\"\\/Users\\/beuschau\\/_sites\\/elektronikforsikring.dk\\/craft\\/app\\/framework\\/web\\/CController.php\",\"line\":265,\"class\":\"CController\",\"method\":\"runActionWithFilters\",\"args\":\"CInlineAction, array()\"},{\"objectClass\":\"Craft\\\\TemplatesController\",\"file\":\"\\/Users\\/beuschau\\/_sites\\/elektronikforsikring.dk\\/craft\\/app\\/framework\\/web\\/CWebApplication.php\",\"line\":282,\"class\":\"CController\",\"method\":\"run\",\"args\":\"\\\"render\\\"\"},{\"objectClass\":\"Craft\\\\WebApp\",\"file\":\"\\/Users\\/beuschau\\/_sites\\/elektronikforsikring.dk\\/craft\\/app\\/framework\\/web\\/CWebApplication.php\",\"line\":141,\"class\":\"CWebApplication\",\"method\":\"runController\",\"args\":\"\\\"templates\\/render\\\"\"},{\"objectClass\":\"Craft\\\\WebApp\",\"file\":\"\\/Users\\/beuschau\\/_sites\\/elektronikforsikring.dk\\/craft\\/app\\/etc\\/web\\/WebApp.php\",\"line\":288,\"class\":\"CWebApplication\",\"method\":\"processRequest\",\"args\":null},{\"objectClass\":\"Craft\\\\WebApp\",\"file\":\"\\/Users\\/beuschau\\/_sites\\/elektronikforsikring.dk\\/craft\\/app\\/framework\\/base\\/CApplication.php\",\"line\":185,\"class\":\"Craft\\\\WebApp\",\"method\":\"processRequest\",\"args\":null},{\"objectClass\":\"Craft\\\\WebApp\",\"file\":\"\\/Users\\/beuschau\\/_sites\\/elektronikforsikring.dk\\/craft\\/app\\/index.php\",\"line\":62,\"class\":\"CApplication\",\"method\":\"run\",\"args\":null},{\"objectClass\":null,\"file\":\"\\/Users\\/beuschau\\/_sites\\/elektronikforsikring.dk\\/public\\/index.php\",\"line\":29,\"class\":null,\"method\":\"require_once\",\"args\":\"\\\"\\/Users\\/beuschau\\/_sites\\/elektronikforsikring.dk\\/craft\\/app\\/index.p...\\\"\"}]', '2016-06-28 17:01:37', '2016-06-28 17:01:37', '17ef6c95-4697-458f-9d72-a4d7db64c078'),
 ('42', 'Commerce_OrderModel::getItemSubtotalWithSale():removed', '/Users/beuschau/_sites/elektronikforsikring.dk/craft/templates/commerce/checkout/payment.html:9', '2016-06-28 17:01:40', '/Users/beuschau/_sites/elektronikforsikring.dk/craft/plugins/commerce/models/Commerce_OrderModel.php', '379', 'Craft\\Commerce_OrderModel', 'getItemSubtotalWithSale', '/Users/beuschau/_sites/elektronikforsikring.dk/craft/templates/commerce/checkout/payment.html', '9', 'You should no longer use `order.itemSubtotalWithSale` for the line item’s subtotal. Use `order.subtotal`. Same goes for order->getItemSubtotalWithSale() in PHP.', '[{\"objectClass\":\"Craft\\\\DeprecatorService\",\"file\":\"\\/Users\\/beuschau\\/_sites\\/elektronikforsikring.dk\\/craft\\/plugins\\/commerce\\/models\\/Commerce_OrderModel.php\",\"line\":379,\"class\":\"Craft\\\\DeprecatorService\",\"method\":\"log\",\"args\":\"\\\"Commerce_OrderModel::getItemSubtotalWithSale():removed\\\", \\\"You should no longer use `order.itemSubtotalWithSale` for the li...\\\"\"},{\"objectClass\":\"Craft\\\\Commerce_OrderModel\",\"file\":\"\\/Users\\/beuschau\\/_sites\\/elektronikforsikring.dk\\/craft\\/app\\/framework\\/base\\/CComponent.php\",\"line\":188,\"class\":\"Craft\\\\Commerce_OrderModel\",\"method\":\"getItemSubtotalWithSale\",\"args\":null},{\"objectClass\":\"Craft\\\\Commerce_OrderModel\",\"file\":\"\\/Users\\/beuschau\\/_sites\\/elektronikforsikring.dk\\/craft\\/app\\/models\\/BaseModel.php\",\"line\":153,\"class\":\"CComponent\",\"method\":\"__isset\",\"args\":\"\\\"itemSubtotalWithSale\\\"\"},{\"objectClass\":\"Craft\\\\Commerce_OrderModel\",\"file\":\"\\/Users\\/beuschau\\/_sites\\/elektronikforsikring.dk\\/craft\\/app\\/models\\/BaseElementModel.php\",\"line\":118,\"class\":\"Craft\\\\BaseModel\",\"method\":\"__isset\",\"args\":\"\\\"itemSubtotalWithSale\\\"\"},{\"objectClass\":\"Craft\\\\Commerce_OrderModel\",\"file\":\"\\/Users\\/beuschau\\/_sites\\/elektronikforsikring.dk\\/craft\\/app\\/vendor\\/twig\\/twig\\/lib\\/Twig\\/Template.php\",\"line\":527,\"class\":\"Craft\\\\BaseElementModel\",\"method\":\"__isset\",\"args\":\"\\\"itemSubtotalWithSale\\\"\"},{\"objectClass\":\"__TwigTemplate_e9c56ce9e48870f4bb8857f7254f0bcca3abf395952811bb5229dff1a3edd287\",\"file\":\"\\/Users\\/beuschau\\/_sites\\/elektronikforsikring.dk\\/craft\\/app\\/etc\\/templating\\/BaseTemplate.php\",\"line\":64,\"class\":\"Twig_Template\",\"method\":\"getAttribute\",\"args\":\"Craft\\\\Commerce_OrderModel, \\\"itemSubtotalWithSale\\\", array(), \\\"any\\\"\"},{\"objectClass\":\"__TwigTemplate_e9c56ce9e48870f4bb8857f7254f0bcca3abf395952811bb5229dff1a3edd287\",\"file\":\"\\/Users\\/beuschau\\/_sites\\/elektronikforsikring.dk\\/craft\\/storage\\/runtime\\/compiled_templates\\/1a\\/1a6f62e76ec203063abf958ed37b124816ea689e9583529363ff4980620b82b7.php\",\"line\":38,\"class\":\"Craft\\\\BaseTemplate\",\"method\":\"getAttribute\",\"args\":\"Craft\\\\Commerce_OrderModel, \\\"itemSubtotalWithSale\\\", array()\",\"template\":\"commerce\\/checkout\\/payment\",\"templateLine\":9},{\"objectClass\":\"__TwigTemplate_e9c56ce9e48870f4bb8857f7254f0bcca3abf395952811bb5229dff1a3edd287\",\"file\":\"\\/Users\\/beuschau\\/_sites\\/elektronikforsikring.dk\\/craft\\/app\\/vendor\\/twig\\/twig\\/lib\\/Twig\\/Template.php\",\"line\":167,\"class\":\"__TwigTemplate_e9c56ce9e48870f4bb8857f7254f0bcca3abf395952811bb5229dff1a3edd287\",\"method\":\"block_content\",\"args\":\"array(\\\"user\\\" => Craft\\\\UserModel, \\\"currentUser\\\" => Craft\\\\UserModel, \\\"craft\\\" => Craft\\\\CraftVariable, \\\"blx\\\" => Craft\\\\CraftVariable), array(\\\"header\\\" => array(__TwigTemplate_f0dc27f6cc196de85368ce1fbcc7aefc74589c42e73745397b686ca7ed8ae76a, \\\"block_header\\\"), \\\"body\\\" => array(__TwigTemplate_a6eeafa1a3e3667626d88402e1ec3b4dff775367ac61c9c02b5cced9aac3b496, \\\"block_body\\\"), \\\"main\\\" => array(__TwigTemplate_f0dc27f6cc196de85368ce1fbcc7aefc74589c42e73745397b686ca7ed8ae76a, \\\"block_main\\\"), \\\"content\\\" => array(__TwigTemplate_e9c56ce9e48870f4bb8857f7254f0bcca3abf395952811bb5229dff1a3edd287, \\\"block_content\\\"))\"},{\"objectClass\":\"__TwigTemplate_f0dc27f6cc196de85368ce1fbcc7aefc74589c42e73745397b686ca7ed8ae76a\",\"file\":\"\\/Users\\/beuschau\\/_sites\\/elektronikforsikring.dk\\/craft\\/storage\\/runtime\\/compiled_templates\\/f7\\/f72a8a0a2cfe52fb947ba653b5668b85df7872c0c843d94bc28e920e41d1b7b7.php\",\"line\":83,\"class\":\"Twig_Template\",\"method\":\"displayBlock\",\"args\":\"\\\"content\\\", array(\\\"user\\\" => Craft\\\\UserModel, \\\"currentUser\\\" => Craft\\\\UserModel, \\\"craft\\\" => Craft\\\\CraftVariable, \\\"blx\\\" => Craft\\\\CraftVariable), array(\\\"header\\\" => array(__TwigTemplate_f0dc27f6cc196de85368ce1fbcc7aefc74589c42e73745397b686ca7ed8ae76a, \\\"block_header\\\"), \\\"body\\\" => array(__TwigTemplate_a6eeafa1a3e3667626d88402e1ec3b4dff775367ac61c9c02b5cced9aac3b496, \\\"block_body\\\"), \\\"main\\\" => array(__TwigTemplate_f0dc27f6cc196de85368ce1fbcc7aefc74589c42e73745397b686ca7ed8ae76a, \\\"block_main\\\"), \\\"content\\\" => array(__TwigTemplate_e9c56ce9e48870f4bb8857f7254f0bcca3abf395952811bb5229dff1a3edd287, \\\"block_content\\\"))\",\"template\":\"commerce\\/_layouts\\/checkout\",\"templateLine\":31},{\"objectClass\":\"__TwigTemplate_f0dc27f6cc196de85368ce1fbcc7aefc74589c42e73745397b686ca7ed8ae76a\",\"file\":\"\\/Users\\/beuschau\\/_sites\\/elektronikforsikring.dk\\/craft\\/app\\/vendor\\/twig\\/twig\\/lib\\/Twig\\/Template.php\",\"line\":167,\"class\":\"__TwigTemplate_f0dc27f6cc196de85368ce1fbcc7aefc74589c42e73745397b686ca7ed8ae76a\",\"method\":\"block_main\",\"args\":\"array(\\\"user\\\" => Craft\\\\UserModel, \\\"currentUser\\\" => Craft\\\\UserModel, \\\"craft\\\" => Craft\\\\CraftVariable, \\\"blx\\\" => Craft\\\\CraftVariable), array(\\\"header\\\" => array(__TwigTemplate_f0dc27f6cc196de85368ce1fbcc7aefc74589c42e73745397b686ca7ed8ae76a, \\\"block_header\\\"), \\\"body\\\" => array(__TwigTemplate_a6eeafa1a3e3667626d88402e1ec3b4dff775367ac61c9c02b5cced9aac3b496, \\\"block_body\\\"), \\\"main\\\" => array(__TwigTemplate_f0dc27f6cc196de85368ce1fbcc7aefc74589c42e73745397b686ca7ed8ae76a, \\\"block_main\\\"), \\\"content\\\" => array(__TwigTemplate_e9c56ce9e48870f4bb8857f7254f0bcca3abf395952811bb5229dff1a3edd287, \\\"block_content\\\"))\"},{\"objectClass\":\"__TwigTemplate_a6eeafa1a3e3667626d88402e1ec3b4dff775367ac61c9c02b5cced9aac3b496\",\"file\":\"\\/Users\\/beuschau\\/_sites\\/elektronikforsikring.dk\\/craft\\/storage\\/runtime\\/compiled_templates\\/48\\/48e90018ed4c448106f9ab84e6b2796bade1091d0d5ecb3bde11649587c4f0b0.php\",\"line\":117,\"class\":\"Twig_Template\",\"method\":\"displayBlock\",\"args\":\"\\\"main\\\", array(\\\"user\\\" => Craft\\\\UserModel, \\\"currentUser\\\" => Craft\\\\UserModel, \\\"craft\\\" => Craft\\\\CraftVariable, \\\"blx\\\" => Craft\\\\CraftVariable), array(\\\"header\\\" => array(__TwigTemplate_f0dc27f6cc196de85368ce1fbcc7aefc74589c42e73745397b686ca7ed8ae76a, \\\"block_header\\\"), \\\"body\\\" => array(__TwigTemplate_a6eeafa1a3e3667626d88402e1ec3b4dff775367ac61c9c02b5cced9aac3b496, \\\"block_body\\\"), \\\"main\\\" => array(__TwigTemplate_f0dc27f6cc196de85368ce1fbcc7aefc74589c42e73745397b686ca7ed8ae76a, \\\"block_main\\\"), \\\"content\\\" => array(__TwigTemplate_e9c56ce9e48870f4bb8857f7254f0bcca3abf395952811bb5229dff1a3edd287, \\\"block_content\\\"))\",\"template\":\"commerce\\/_layouts\\/main\",\"templateLine\":46},{\"objectClass\":\"__TwigTemplate_a6eeafa1a3e3667626d88402e1ec3b4dff775367ac61c9c02b5cced9aac3b496\",\"file\":\"\\/Users\\/beuschau\\/_sites\\/elektronikforsikring.dk\\/craft\\/app\\/vendor\\/twig\\/twig\\/lib\\/Twig\\/Template.php\",\"line\":167,\"class\":\"__TwigTemplate_a6eeafa1a3e3667626d88402e1ec3b4dff775367ac61c9c02b5cced9aac3b496\",\"method\":\"block_body\",\"args\":\"array(\\\"user\\\" => Craft\\\\UserModel, \\\"currentUser\\\" => Craft\\\\UserModel, \\\"craft\\\" => Craft\\\\CraftVariable, \\\"blx\\\" => Craft\\\\CraftVariable), array(\\\"header\\\" => array(__TwigTemplate_f0dc27f6cc196de85368ce1fbcc7aefc74589c42e73745397b686ca7ed8ae76a, \\\"block_header\\\"), \\\"body\\\" => array(__TwigTemplate_a6eeafa1a3e3667626d88402e1ec3b4dff775367ac61c9c02b5cced9aac3b496, \\\"block_body\\\"), \\\"main\\\" => array(__TwigTemplate_f0dc27f6cc196de85368ce1fbcc7aefc74589c42e73745397b686ca7ed8ae76a, \\\"block_main\\\"), \\\"content\\\" => array(__TwigTemplate_e9c56ce9e48870f4bb8857f7254f0bcca3abf395952811bb5229dff1a3edd287, \\\"block_content\\\"))\"},{\"objectClass\":\"__TwigTemplate_a6eeafa1a3e3667626d88402e1ec3b4dff775367ac61c9c02b5cced9aac3b496\",\"file\":\"\\/Users\\/beuschau\\/_sites\\/elektronikforsikring.dk\\/craft\\/storage\\/runtime\\/compiled_templates\\/48\\/48e90018ed4c448106f9ab84e6b2796bade1091d0d5ecb3bde11649587c4f0b0.php\",\"line\":63,\"class\":\"Twig_Template\",\"method\":\"displayBlock\",\"args\":\"\\\"body\\\", array(\\\"user\\\" => Craft\\\\UserModel, \\\"currentUser\\\" => Craft\\\\UserModel, \\\"craft\\\" => Craft\\\\CraftVariable, \\\"blx\\\" => Craft\\\\CraftVariable), array(\\\"header\\\" => array(__TwigTemplate_f0dc27f6cc196de85368ce1fbcc7aefc74589c42e73745397b686ca7ed8ae76a, \\\"block_header\\\"), \\\"body\\\" => array(__TwigTemplate_a6eeafa1a3e3667626d88402e1ec3b4dff775367ac61c9c02b5cced9aac3b496, \\\"block_body\\\"), \\\"main\\\" => array(__TwigTemplate_f0dc27f6cc196de85368ce1fbcc7aefc74589c42e73745397b686ca7ed8ae76a, \\\"block_main\\\"), \\\"content\\\" => array(__TwigTemplate_e9c56ce9e48870f4bb8857f7254f0bcca3abf395952811bb5229dff1a3edd287, \\\"block_content\\\"))\",\"template\":\"commerce\\/_layouts\\/main\",\"templateLine\":44},{\"objectClass\":\"__TwigTemplate_a6eeafa1a3e3667626d88402e1ec3b4dff775367ac61c9c02b5cced9aac3b496\",\"file\":\"\\/Users\\/beuschau\\/_sites\\/elektronikforsikring.dk\\/craft\\/app\\/vendor\\/twig\\/twig\\/lib\\/Twig\\/Template.php\",\"line\":381,\"class\":\"__TwigTemplate_a6eeafa1a3e3667626d88402e1ec3b4dff775367ac61c9c02b5cced9aac3b496\",\"method\":\"doDisplay\",\"args\":\"array(\\\"user\\\" => Craft\\\\UserModel, \\\"currentUser\\\" => Craft\\\\UserModel, \\\"craft\\\" => Craft\\\\CraftVariable, \\\"blx\\\" => Craft\\\\CraftVariable), array(\\\"header\\\" => array(__TwigTemplate_f0dc27f6cc196de85368ce1fbcc7aefc74589c42e73745397b686ca7ed8ae76a, \\\"block_header\\\"), \\\"body\\\" => array(__TwigTemplate_a6eeafa1a3e3667626d88402e1ec3b4dff775367ac61c9c02b5cced9aac3b496, \\\"block_body\\\"), \\\"main\\\" => array(__TwigTemplate_f0dc27f6cc196de85368ce1fbcc7aefc74589c42e73745397b686ca7ed8ae76a, \\\"block_main\\\"), \\\"content\\\" => array(__TwigTemplate_e9c56ce9e48870f4bb8857f7254f0bcca3abf395952811bb5229dff1a3edd287, \\\"block_content\\\"))\"},{\"objectClass\":\"__TwigTemplate_a6eeafa1a3e3667626d88402e1ec3b4dff775367ac61c9c02b5cced9aac3b496\",\"file\":\"\\/Users\\/beuschau\\/_sites\\/elektronikforsikring.dk\\/craft\\/app\\/etc\\/templating\\/BaseTemplate.php\",\"line\":26,\"class\":\"Twig_Template\",\"method\":\"displayWithErrorHandling\",\"args\":\"array(\\\"user\\\" => Craft\\\\UserModel, \\\"currentUser\\\" => Craft\\\\UserModel, \\\"craft\\\" => Craft\\\\CraftVariable, \\\"blx\\\" => Craft\\\\CraftVariable), array(\\\"header\\\" => array(__TwigTemplate_f0dc27f6cc196de85368ce1fbcc7aefc74589c42e73745397b686ca7ed8ae76a, \\\"block_header\\\"), \\\"body\\\" => array(__TwigTemplate_a6eeafa1a3e3667626d88402e1ec3b4dff775367ac61c9c02b5cced9aac3b496, \\\"block_body\\\"), \\\"main\\\" => array(__TwigTemplate_f0dc27f6cc196de85368ce1fbcc7aefc74589c42e73745397b686ca7ed8ae76a, \\\"block_main\\\"), \\\"content\\\" => array(__TwigTemplate_e9c56ce9e48870f4bb8857f7254f0bcca3abf395952811bb5229dff1a3edd287, \\\"block_content\\\"))\"},{\"objectClass\":\"__TwigTemplate_a6eeafa1a3e3667626d88402e1ec3b4dff775367ac61c9c02b5cced9aac3b496\",\"file\":\"\\/Users\\/beuschau\\/_sites\\/elektronikforsikring.dk\\/craft\\/app\\/vendor\\/twig\\/twig\\/lib\\/Twig\\/Template.php\",\"line\":355,\"class\":\"Craft\\\\BaseTemplate\",\"method\":\"displayWithErrorHandling\",\"args\":\"array(\\\"user\\\" => Craft\\\\UserModel, \\\"currentUser\\\" => Craft\\\\UserModel, \\\"craft\\\" => Craft\\\\CraftVariable, \\\"blx\\\" => Craft\\\\CraftVariable), array(\\\"header\\\" => array(__TwigTemplate_f0dc27f6cc196de85368ce1fbcc7aefc74589c42e73745397b686ca7ed8ae76a, \\\"block_header\\\"), \\\"body\\\" => array(__TwigTemplate_a6eeafa1a3e3667626d88402e1ec3b4dff775367ac61c9c02b5cced9aac3b496, \\\"block_body\\\"), \\\"main\\\" => array(__TwigTemplate_f0dc27f6cc196de85368ce1fbcc7aefc74589c42e73745397b686ca7ed8ae76a, \\\"block_main\\\"), \\\"content\\\" => array(__TwigTemplate_e9c56ce9e48870f4bb8857f7254f0bcca3abf395952811bb5229dff1a3edd287, \\\"block_content\\\"))\"},{\"objectClass\":\"__TwigTemplate_a6eeafa1a3e3667626d88402e1ec3b4dff775367ac61c9c02b5cced9aac3b496\",\"file\":\"\\/Users\\/beuschau\\/_sites\\/elektronikforsikring.dk\\/craft\\/storage\\/runtime\\/compiled_templates\\/f7\\/f72a8a0a2cfe52fb947ba653b5668b85df7872c0c843d94bc28e920e41d1b7b7.php\",\"line\":29,\"class\":\"Twig_Template\",\"method\":\"display\",\"args\":\"array(\\\"user\\\" => Craft\\\\UserModel, \\\"currentUser\\\" => Craft\\\\UserModel, \\\"craft\\\" => Craft\\\\CraftVariable, \\\"blx\\\" => Craft\\\\CraftVariable), array(\\\"header\\\" => array(__TwigTemplate_f0dc27f6cc196de85368ce1fbcc7aefc74589c42e73745397b686ca7ed8ae76a, \\\"block_header\\\"), \\\"main\\\" => array(__TwigTemplate_f0dc27f6cc196de85368ce1fbcc7aefc74589c42e73745397b686ca7ed8ae76a, \\\"block_main\\\"), \\\"content\\\" => array(__TwigTemplate_e9c56ce9e48870f4bb8857f7254f0bcca3abf395952811bb5229dff1a3edd287, \\\"block_content\\\"))\",\"template\":\"commerce\\/_layouts\\/main\",\"templateLine\":1},{\"objectClass\":\"__TwigTemplate_f0dc27f6cc196de85368ce1fbcc7aefc74589c42e73745397b686ca7ed8ae76a\",\"file\":\"\\/Users\\/beuschau\\/_sites\\/elektronikforsikring.dk\\/craft\\/app\\/vendor\\/twig\\/twig\\/lib\\/Twig\\/Template.php\",\"line\":381,\"class\":\"__TwigTemplate_f0dc27f6cc196de85368ce1fbcc7aefc74589c42e73745397b686ca7ed8ae76a\",\"method\":\"doDisplay\",\"args\":\"array(\\\"user\\\" => Craft\\\\UserModel, \\\"currentUser\\\" => Craft\\\\UserModel, \\\"craft\\\" => Craft\\\\CraftVariable, \\\"blx\\\" => Craft\\\\CraftVariable), array(\\\"header\\\" => array(__TwigTemplate_f0dc27f6cc196de85368ce1fbcc7aefc74589c42e73745397b686ca7ed8ae76a, \\\"block_header\\\"), \\\"main\\\" => array(__TwigTemplate_f0dc27f6cc196de85368ce1fbcc7aefc74589c42e73745397b686ca7ed8ae76a, \\\"block_main\\\"), \\\"content\\\" => array(__TwigTemplate_e9c56ce9e48870f4bb8857f7254f0bcca3abf395952811bb5229dff1a3edd287, \\\"block_content\\\"))\"},{\"objectClass\":\"__TwigTemplate_f0dc27f6cc196de85368ce1fbcc7aefc74589c42e73745397b686ca7ed8ae76a\",\"file\":\"\\/Users\\/beuschau\\/_sites\\/elektronikforsikring.dk\\/craft\\/app\\/etc\\/templating\\/BaseTemplate.php\",\"line\":26,\"class\":\"Twig_Template\",\"method\":\"displayWithErrorHandling\",\"args\":\"array(\\\"user\\\" => Craft\\\\UserModel, \\\"currentUser\\\" => Craft\\\\UserModel, \\\"craft\\\" => Craft\\\\CraftVariable, \\\"blx\\\" => Craft\\\\CraftVariable), array(\\\"header\\\" => array(__TwigTemplate_f0dc27f6cc196de85368ce1fbcc7aefc74589c42e73745397b686ca7ed8ae76a, \\\"block_header\\\"), \\\"main\\\" => array(__TwigTemplate_f0dc27f6cc196de85368ce1fbcc7aefc74589c42e73745397b686ca7ed8ae76a, \\\"block_main\\\"), \\\"content\\\" => array(__TwigTemplate_e9c56ce9e48870f4bb8857f7254f0bcca3abf395952811bb5229dff1a3edd287, \\\"block_content\\\"))\"},{\"objectClass\":\"__TwigTemplate_f0dc27f6cc196de85368ce1fbcc7aefc74589c42e73745397b686ca7ed8ae76a\",\"file\":\"\\/Users\\/beuschau\\/_sites\\/elektronikforsikring.dk\\/craft\\/app\\/vendor\\/twig\\/twig\\/lib\\/Twig\\/Template.php\",\"line\":355,\"class\":\"Craft\\\\BaseTemplate\",\"method\":\"displayWithErrorHandling\",\"args\":\"array(\\\"user\\\" => Craft\\\\UserModel, \\\"currentUser\\\" => Craft\\\\UserModel, \\\"craft\\\" => Craft\\\\CraftVariable, \\\"blx\\\" => Craft\\\\CraftVariable), array(\\\"header\\\" => array(__TwigTemplate_f0dc27f6cc196de85368ce1fbcc7aefc74589c42e73745397b686ca7ed8ae76a, \\\"block_header\\\"), \\\"main\\\" => array(__TwigTemplate_f0dc27f6cc196de85368ce1fbcc7aefc74589c42e73745397b686ca7ed8ae76a, \\\"block_main\\\"), \\\"content\\\" => array(__TwigTemplate_e9c56ce9e48870f4bb8857f7254f0bcca3abf395952811bb5229dff1a3edd287, \\\"block_content\\\"))\"},{\"objectClass\":\"__TwigTemplate_f0dc27f6cc196de85368ce1fbcc7aefc74589c42e73745397b686ca7ed8ae76a\",\"file\":\"\\/Users\\/beuschau\\/_sites\\/elektronikforsikring.dk\\/craft\\/storage\\/runtime\\/compiled_templates\\/1a\\/1a6f62e76ec203063abf958ed37b124816ea689e9583529363ff4980620b82b7.php\",\"line\":24,\"class\":\"Twig_Template\",\"method\":\"display\",\"args\":\"array(\\\"user\\\" => Craft\\\\UserModel, \\\"currentUser\\\" => Craft\\\\UserModel, \\\"craft\\\" => Craft\\\\CraftVariable, \\\"blx\\\" => Craft\\\\CraftVariable), array(\\\"content\\\" => array(__TwigTemplate_e9c56ce9e48870f4bb8857f7254f0bcca3abf395952811bb5229dff1a3edd287, \\\"block_content\\\"))\",\"template\":\"commerce\\/_layouts\\/checkout\",\"templateLine\":3},{\"objectClass\":\"__TwigTemplate_e9c56ce9e48870f4bb8857f7254f0bcca3abf395952811bb5229dff1a3edd287\",\"file\":\"\\/Users\\/beuschau\\/_sites\\/elektronikforsikring.dk\\/craft\\/app\\/vendor\\/twig\\/twig\\/lib\\/Twig\\/Template.php\",\"line\":381,\"class\":\"__TwigTemplate_e9c56ce9e48870f4bb8857f7254f0bcca3abf395952811bb5229dff1a3edd287\",\"method\":\"doDisplay\",\"args\":\"array(\\\"user\\\" => Craft\\\\UserModel, \\\"currentUser\\\" => Craft\\\\UserModel, \\\"craft\\\" => Craft\\\\CraftVariable, \\\"blx\\\" => Craft\\\\CraftVariable), array(\\\"content\\\" => array(__TwigTemplate_e9c56ce9e48870f4bb8857f7254f0bcca3abf395952811bb5229dff1a3edd287, \\\"block_content\\\"))\"},{\"objectClass\":\"__TwigTemplate_e9c56ce9e48870f4bb8857f7254f0bcca3abf395952811bb5229dff1a3edd287\",\"file\":\"\\/Users\\/beuschau\\/_sites\\/elektronikforsikring.dk\\/craft\\/app\\/etc\\/templating\\/BaseTemplate.php\",\"line\":26,\"class\":\"Twig_Template\",\"method\":\"displayWithErrorHandling\",\"args\":\"array(\\\"user\\\" => Craft\\\\UserModel, \\\"currentUser\\\" => Craft\\\\UserModel, \\\"craft\\\" => Craft\\\\CraftVariable, \\\"blx\\\" => Craft\\\\CraftVariable), array(\\\"content\\\" => array(__TwigTemplate_e9c56ce9e48870f4bb8857f7254f0bcca3abf395952811bb5229dff1a3edd287, \\\"block_content\\\"))\"},{\"objectClass\":\"__TwigTemplate_e9c56ce9e48870f4bb8857f7254f0bcca3abf395952811bb5229dff1a3edd287\",\"file\":\"\\/Users\\/beuschau\\/_sites\\/elektronikforsikring.dk\\/craft\\/app\\/vendor\\/twig\\/twig\\/lib\\/Twig\\/Template.php\",\"line\":355,\"class\":\"Craft\\\\BaseTemplate\",\"method\":\"displayWithErrorHandling\",\"args\":\"array(\\\"user\\\" => Craft\\\\UserModel, \\\"currentUser\\\" => Craft\\\\UserModel, \\\"craft\\\" => Craft\\\\CraftVariable, \\\"blx\\\" => Craft\\\\CraftVariable), array(\\\"content\\\" => array(__TwigTemplate_e9c56ce9e48870f4bb8857f7254f0bcca3abf395952811bb5229dff1a3edd287, \\\"block_content\\\"))\"},{\"objectClass\":\"__TwigTemplate_e9c56ce9e48870f4bb8857f7254f0bcca3abf395952811bb5229dff1a3edd287\",\"file\":\"\\/Users\\/beuschau\\/_sites\\/elektronikforsikring.dk\\/craft\\/app\\/vendor\\/twig\\/twig\\/lib\\/Twig\\/Template.php\",\"line\":366,\"class\":\"Twig_Template\",\"method\":\"display\",\"args\":\"array()\"},{\"objectClass\":\"__TwigTemplate_e9c56ce9e48870f4bb8857f7254f0bcca3abf395952811bb5229dff1a3edd287\",\"file\":\"\\/Users\\/beuschau\\/_sites\\/elektronikforsikring.dk\\/craft\\/app\\/vendor\\/twig\\/twig\\/lib\\/Twig\\/Environment.php\",\"line\":347,\"class\":\"Twig_Template\",\"method\":\"render\",\"args\":\"array()\"},{\"objectClass\":\"Craft\\\\TwigEnvironment\",\"file\":\"\\/Users\\/beuschau\\/_sites\\/elektronikforsikring.dk\\/craft\\/app\\/services\\/TemplatesService.php\",\"line\":246,\"class\":\"Twig_Environment\",\"method\":\"render\",\"args\":\"\\\"commerce\\/checkout\\/payment\\\", array()\"},{\"objectClass\":\"Craft\\\\TemplatesService\",\"file\":\"\\/Users\\/beuschau\\/_sites\\/elektronikforsikring.dk\\/craft\\/app\\/controllers\\/BaseController.php\",\"line\":74,\"class\":\"Craft\\\\TemplatesService\",\"method\":\"render\",\"args\":\"\\\"commerce\\/checkout\\/payment\\\", array()\"},{\"objectClass\":\"Craft\\\\TemplatesController\",\"file\":\"\\/Users\\/beuschau\\/_sites\\/elektronikforsikring.dk\\/craft\\/app\\/controllers\\/TemplatesController.php\",\"line\":55,\"class\":\"Craft\\\\BaseController\",\"method\":\"renderTemplate\",\"args\":\"\\\"commerce\\/checkout\\/payment\\\", array()\"},{\"objectClass\":\"Craft\\\\TemplatesController\",\"file\":null,\"line\":null,\"class\":\"Craft\\\\TemplatesController\",\"method\":\"actionRender\",\"args\":\"\\\"commerce\\/checkout\\/payment\\\", array()\"},{\"objectClass\":\"ReflectionMethod\",\"file\":\"\\/Users\\/beuschau\\/_sites\\/elektronikforsikring.dk\\/craft\\/app\\/framework\\/web\\/actions\\/CAction.php\",\"line\":109,\"class\":\"ReflectionMethod\",\"method\":\"invokeArgs\",\"args\":\"Craft\\\\TemplatesController, array(\\\"commerce\\/checkout\\/payment\\\", array())\"},{\"objectClass\":\"CInlineAction\",\"file\":\"\\/Users\\/beuschau\\/_sites\\/elektronikforsikring.dk\\/craft\\/app\\/framework\\/web\\/actions\\/CInlineAction.php\",\"line\":47,\"class\":\"CAction\",\"method\":\"runWithParamsInternal\",\"args\":\"Craft\\\\TemplatesController, ReflectionMethod, array(\\\"p\\\" => \\\"commerce\\/checkout\\/payment\\\", \\\"orderid\\\" => \\\"997e28062016180147\\\", \\\"error\\\" => \\\"-5516\\\", \\\"variables\\\" => array())\"},{\"objectClass\":\"CInlineAction\",\"file\":\"\\/Users\\/beuschau\\/_sites\\/elektronikforsikring.dk\\/craft\\/app\\/framework\\/web\\/CController.php\",\"line\":308,\"class\":\"CInlineAction\",\"method\":\"runWithParams\",\"args\":\"array(\\\"p\\\" => \\\"commerce\\/checkout\\/payment\\\", \\\"orderid\\\" => \\\"997e28062016180147\\\", \\\"error\\\" => \\\"-5516\\\", \\\"variables\\\" => array())\"},{\"objectClass\":\"Craft\\\\TemplatesController\",\"file\":\"\\/Users\\/beuschau\\/_sites\\/elektronikforsikring.dk\\/craft\\/app\\/framework\\/web\\/CController.php\",\"line\":286,\"class\":\"CController\",\"method\":\"runAction\",\"args\":\"CInlineAction\"},{\"objectClass\":\"Craft\\\\TemplatesController\",\"file\":\"\\/Users\\/beuschau\\/_sites\\/elektronikforsikring.dk\\/craft\\/app\\/framework\\/web\\/CController.php\",\"line\":265,\"class\":\"CController\",\"method\":\"runActionWithFilters\",\"args\":\"CInlineAction, array()\"},{\"objectClass\":\"Craft\\\\TemplatesController\",\"file\":\"\\/Users\\/beuschau\\/_sites\\/elektronikforsikring.dk\\/craft\\/app\\/framework\\/web\\/CWebApplication.php\",\"line\":282,\"class\":\"CController\",\"method\":\"run\",\"args\":\"\\\"render\\\"\"},{\"objectClass\":\"Craft\\\\WebApp\",\"file\":\"\\/Users\\/beuschau\\/_sites\\/elektronikforsikring.dk\\/craft\\/app\\/framework\\/web\\/CWebApplication.php\",\"line\":141,\"class\":\"CWebApplication\",\"method\":\"runController\",\"args\":\"\\\"templates\\/render\\\"\"},{\"objectClass\":\"Craft\\\\WebApp\",\"file\":\"\\/Users\\/beuschau\\/_sites\\/elektronikforsikring.dk\\/craft\\/app\\/etc\\/web\\/WebApp.php\",\"line\":288,\"class\":\"CWebApplication\",\"method\":\"processRequest\",\"args\":null},{\"objectClass\":\"Craft\\\\WebApp\",\"file\":\"\\/Users\\/beuschau\\/_sites\\/elektronikforsikring.dk\\/craft\\/app\\/framework\\/base\\/CApplication.php\",\"line\":185,\"class\":\"Craft\\\\WebApp\",\"method\":\"processRequest\",\"args\":null},{\"objectClass\":\"Craft\\\\WebApp\",\"file\":\"\\/Users\\/beuschau\\/_sites\\/elektronikforsikring.dk\\/craft\\/app\\/index.php\",\"line\":62,\"class\":\"CApplication\",\"method\":\"run\",\"args\":null},{\"objectClass\":null,\"file\":\"\\/Users\\/beuschau\\/_sites\\/elektronikforsikring.dk\\/public\\/index.php\",\"line\":29,\"class\":null,\"method\":\"require_once\",\"args\":\"\\\"\\/Users\\/beuschau\\/_sites\\/elektronikforsikring.dk\\/craft\\/app\\/index.p...\\\"\"}]', '2016-06-28 17:01:40', '2016-06-28 17:01:40', '021cc4d8-8490-4706-85a5-3726474881b4');



DROP TABLE IF EXISTS `craft_elementindexsettings`;


--
-- Schema for table `craft_elementindexsettings`
--
CREATE TABLE `craft_elementindexsettings` (
  `id` int(11) NOT NULL AUTO_INCREMENT,
  `type` varchar(150) COLLATE utf8_unicode_ci NOT NULL,
  `settings` text COLLATE utf8_unicode_ci,
  `dateCreated` datetime NOT NULL,
  `dateUpdated` datetime NOT NULL,
  `uid` char(36) COLLATE utf8_unicode_ci NOT NULL DEFAULT '0',
  PRIMARY KEY (`id`),
  UNIQUE KEY `craft_elementindexsettings_type_unq_idx` (`type`)
) ENGINE=InnoDB AUTO_INCREMENT=3 DEFAULT CHARSET=utf8 COLLATE=utf8_unicode_ci;

--
-- Data for table `craft_elementindexsettings`
--

INSERT INTO `craft_elementindexsettings` (`id`, `type`, `settings`, `dateCreated`, `dateUpdated`, `uid`) VALUES
 ('1', 'FormBuilder2', '{\"sources\":{\"formId:1\":{\"tableAttributes\":{\"1\":\"title\",\"2\":\"dateCreated\",\"3\":\"submission\",\"4\":\"files\"}}}}', '2016-05-15 15:40:37', '2016-05-15 15:40:37', '536779ba-7db6-4e96-81a2-603b45d4f640'),
 ('2', 'Commerce_Order', '{\"sources\":{\"orderStatus:shipped\":{\"tableAttributes\":{\"1\":\"orderStatus\",\"2\":\"totalPrice\",\"3\":\"dateOrdered\",\"4\":\"totalPaid\",\"5\":\"datePaid\",\"6\":\"id\"}}}}', '2016-06-28 08:55:37', '2016-06-28 08:55:37', '1c45be4b-66c2-4bcc-8981-5941619896c2');



DROP TABLE IF EXISTS `craft_elements`;


--
-- Schema for table `craft_elements`
--
CREATE TABLE `craft_elements` (
  `id` int(11) NOT NULL AUTO_INCREMENT,
  `type` varchar(150) COLLATE utf8_unicode_ci NOT NULL,
  `enabled` tinyint(1) unsigned NOT NULL DEFAULT '1',
  `archived` tinyint(1) unsigned NOT NULL DEFAULT '0',
  `dateCreated` datetime NOT NULL,
  `dateUpdated` datetime NOT NULL,
  `uid` char(36) COLLATE utf8_unicode_ci NOT NULL DEFAULT '0',
  PRIMARY KEY (`id`),
  KEY `craft_elements_type_idx` (`type`),
  KEY `craft_elements_enabled_idx` (`enabled`),
  KEY `craft_elements_archived_dateCreated_idx` (`archived`,`dateCreated`)
) ENGINE=InnoDB AUTO_INCREMENT=205 DEFAULT CHARSET=utf8 COLLATE=utf8_unicode_ci;

--
-- Data for table `craft_elements`
--

INSERT INTO `craft_elements` (`id`, `type`, `enabled`, `archived`, `dateCreated`, `dateUpdated`, `uid`) VALUES
 ('1', 'User', '1', '0', '2016-03-30 12:09:18', '2016-05-25 19:30:22', '1e8f7173-b716-414f-833a-31290eabe60d'),
 ('2', 'Entry', '1', '0', '2016-03-30 12:09:21', '2016-06-21 07:44:28', 'c5ae30c9-b188-4c2c-9c8c-f334aeab8efe'),
 ('3', 'Entry', '1', '0', '2016-03-30 12:09:21', '2016-06-10 10:02:14', '38bfd717-e43f-4125-879e-3e96e7dead8d'),
 ('5', 'Entry', '1', '0', '2016-05-13 10:59:37', '2016-06-02 07:17:44', '6690914f-a66c-4f77-ac29-5bdc3ef26043'),
 ('85', 'Commerce_Product', '1', '0', '2016-05-24 09:30:02', '2016-06-28 18:31:46', 'ef0f37d2-d22a-4f02-a5fc-84cbd6768093'),
 ('86', 'Commerce_Variant', '1', '0', '2016-05-24 09:30:02', '2016-06-28 18:31:46', '2ba8adb8-7467-4d8e-b757-583eba25c1ec'),
 ('95', 'Asset', '1', '0', '2016-05-24 10:34:44', '2016-05-24 10:34:51', '0b1b6f99-29da-4b63-b563-c52fd7c0c70b'),
 ('123', 'Asset', '1', '0', '2016-05-26 11:57:20', '2016-06-29 09:54:24', '41e89c44-9a9a-4873-8dc8-f90ce5b88569'),
 ('130', 'GlobalSet', '1', '0', '2016-06-01 13:39:24', '2016-06-10 09:55:13', '94fc568a-4822-4f77-a6a8-dc99bde66cee'),
 ('133', 'Asset', '1', '0', '2016-06-02 07:50:37', '2016-06-29 09:54:24', '9dd9c491-55f2-4942-8376-19d3f01a1dc4'),
 ('178', 'Commerce_Order', '1', '0', '2016-06-21 06:07:07', '2016-06-27 11:00:06', '73239f45-fc86-45a5-8bb1-9b23d010ead1'),
 ('179', 'Entry', '1', '0', '2016-06-22 11:13:44', '2016-06-29 08:05:48', '401162d1-904b-4ddd-804c-1dfadb3d0597'),
 ('180', 'Entry', '1', '0', '2016-06-23 13:27:09', '2016-06-29 10:34:35', 'dff88e05-3c1b-4404-8ff8-e80e6a090287'),
 ('182', 'MatrixBlock', '1', '0', '2016-06-23 13:48:19', '2016-06-29 10:28:37', 'd00481c3-8aca-409b-88fe-5712fa70311b'),
 ('188', 'Asset', '1', '0', '2016-06-27 11:21:50', '2016-06-29 09:54:24', '58819ed1-2f12-4826-8d80-843637b29720'),
 ('189', 'Asset', '1', '0', '2016-06-27 11:21:50', '2016-06-29 09:54:24', '1c6a74d4-1715-4a75-bafa-372dde13b77a'),
 ('190', 'Asset', '1', '0', '2016-06-27 11:21:50', '2016-06-29 09:54:24', 'a432360c-fb7c-4c18-a473-606d6c33c698'),
 ('191', 'Asset', '1', '0', '2016-06-27 11:21:50', '2016-06-29 09:54:25', '1b14566a-29fd-4a41-87eb-9a745bad3b63'),
 ('192', 'Asset', '1', '0', '2016-06-27 11:21:51', '2016-06-29 09:54:25', '5008fc32-69db-4416-ab07-aa6dff0a0072'),
 ('193', 'Commerce_Order', '1', '0', '2016-06-27 11:23:04', '2016-06-27 12:37:05', '1df2b1f7-c45c-411d-8311-6f39217751ec'),
 ('194', 'Commerce_Order', '1', '0', '2016-06-27 12:38:18', '2016-06-28 10:37:08', 'a0343c72-65e1-499b-bad0-6819f3a7e96c'),
 ('195', 'Commerce_Order', '1', '0', '2016-06-27 12:45:27', '2016-06-29 07:57:47', '2b050952-ba78-42d1-a959-d2e8311eac0c'),
 ('196', 'Entry', '1', '0', '2016-06-29 08:05:09', '2016-06-29 09:38:03', '7a5958c9-6e0b-4a79-94c6-61b4d5cbcb43'),
 ('201', 'MatrixBlock', '1', '0', '2016-06-29 08:30:00', '2016-06-29 09:38:03', '3ef84218-2476-478f-8ab2-2032b1203f6c'),
 ('202', 'MatrixBlock', '1', '0', '2016-06-29 08:47:49', '2016-06-29 09:38:04', 'f1a92ca1-d358-4024-a169-615cd85265a2'),
 ('203', 'Asset', '1', '0', '2016-06-29 09:38:00', '2016-06-29 09:54:25', 'cd58956c-5106-4794-b0d6-87276276ff2c'),
 ('204', 'Asset', '1', '0', '2016-06-29 10:28:31', '2016-06-29 10:28:31', 'ee5eac8f-8a2a-4d75-bb0f-c4d6f6a9cf33');



DROP TABLE IF EXISTS `craft_elements_i18n`;


--
-- Schema for table `craft_elements_i18n`
--
CREATE TABLE `craft_elements_i18n` (
  `id` int(11) NOT NULL AUTO_INCREMENT,
  `elementId` int(11) NOT NULL,
  `locale` char(12) COLLATE utf8_unicode_ci NOT NULL,
  `slug` varchar(255) COLLATE utf8_unicode_ci DEFAULT NULL,
  `uri` varchar(255) COLLATE utf8_unicode_ci DEFAULT NULL,
  `enabled` tinyint(1) unsigned NOT NULL DEFAULT '1',
  `dateCreated` datetime NOT NULL,
  `dateUpdated` datetime NOT NULL,
  `uid` char(36) COLLATE utf8_unicode_ci NOT NULL DEFAULT '0',
  PRIMARY KEY (`id`),
  UNIQUE KEY `craft_elements_i18n_elementId_locale_unq_idx` (`elementId`,`locale`),
  UNIQUE KEY `craft_elements_i18n_uri_locale_unq_idx` (`uri`,`locale`),
  KEY `craft_elements_i18n_slug_locale_idx` (`slug`,`locale`),
  KEY `craft_elements_i18n_enabled_idx` (`enabled`),
  KEY `craft_elements_i18n_locale_fk` (`locale`)
) ENGINE=InnoDB AUTO_INCREMENT=205 DEFAULT CHARSET=utf8 COLLATE=utf8_unicode_ci;

--
-- Data for table `craft_elements_i18n`
--

INSERT INTO `craft_elements_i18n` (`id`, `elementId`, `locale`, `slug`, `uri`, `enabled`, `dateCreated`, `dateUpdated`, `uid`) VALUES
 ('1', '1', 'da', '', NULL, '1', '2016-03-30 12:09:18', '2016-05-25 19:30:22', '52cb5e60-4c0f-49b3-afcb-ea16a1bd8891'),
 ('2', '2', 'da', 'homepage', '__home__', '1', '2016-03-30 12:09:21', '2016-06-21 07:44:28', '92cd5f06-3025-4503-bda7-1acfdc05f221'),
 ('3', '3', 'da', 'we-just-installed-craft', 'news/2016/we-just-installed-craft', '1', '2016-03-30 12:09:21', '2016-06-10 10:02:14', '159d1e96-ac83-4f05-968e-a131a73c71d8'),
 ('5', '5', 'da', 'orderconfirm', 'orderconfirm', '1', '2016-05-13 10:59:37', '2016-06-02 07:17:44', 'b1d74cd7-6bb6-41c4-a672-d2faa9e4aba0'),
 ('85', '85', 'da', 'elektronikforsikring', 'commerce/products/elektronikforsikring', '1', '2016-05-24 09:30:02', '2016-06-28 18:31:46', 'a22a69eb-4cc8-4ea1-8d6a-ec3bfb26a75b'),
 ('86', '86', 'da', 'a-new-toga', NULL, '1', '2016-05-24 09:30:02', '2016-06-28 18:31:46', 'd06c1b9c-a657-4f85-9f6b-f49f3d38efe1'),
 ('95', '95', 'da', 'folder', NULL, '1', '2016-05-24 10:34:44', '2016-05-24 10:34:51', '773acea1-9d28-4886-9ec8-6beace80ccf4'),
 ('123', '123', 'da', 'folder', NULL, '1', '2016-05-26 11:57:20', '2016-06-29 09:54:24', '422670e0-ab27-46d9-afec-34e249c284dc'),
 ('130', '130', 'da', '', NULL, '1', '2016-06-01 13:39:24', '2016-06-10 09:55:13', '6a12669d-39f2-474b-b1ca-34ccf86b5ff3'),
 ('133', '133', 'da', 'bilka', NULL, '1', '2016-06-02 07:50:37', '2016-06-29 09:54:24', 'eb1e9a56-6053-459f-8498-f62c38397b1a'),
 ('178', '178', 'da', '', NULL, '1', '2016-06-21 06:07:07', '2016-06-27 11:00:06', '14a8b42e-7017-4e53-8a29-1e1e7dc9cc41'),
 ('179', '179', 'da', 'fordele', 'fordele', '1', '2016-06-22 11:13:44', '2016-06-29 08:05:48', '6da8a60e-9222-4c69-a5f8-a224eb88c397'),
 ('180', '180', 'da', 'faq', 'faq', '1', '2016-06-23 13:27:09', '2016-06-29 10:34:36', '7dfe9c07-8bbd-43f4-b814-aa887b3d451e'),
 ('182', '182', 'da', '', NULL, '1', '2016-06-23 13:48:19', '2016-06-29 10:28:37', '30bfc693-8143-4298-a72c-9b30bb7f0857'),
 ('188', '188', 'da', 'faq', NULL, '1', '2016-06-27 11:21:50', '2016-06-29 09:54:24', '4a7ed784-3ce9-4f56-9ab7-d5ab4b17cc2e'),
 ('189', '189', 'da', 'danrisk-logo', NULL, '1', '2016-06-27 11:21:50', '2016-06-29 09:54:24', '74b0483e-9c42-4cd8-ab0e-c5b5feb17ce0'),
 ('190', '190', 'da', 'elektronikforsikring-logo', NULL, '1', '2016-06-27 11:21:50', '2016-06-29 09:54:24', 'dee58af1-0b7f-4155-b1ab-fdbebd4d9270'),
 ('191', '191', 'da', 'foto', NULL, '1', '2016-06-27 11:21:50', '2016-06-29 09:54:25', '504916b2-31ac-49bd-8fc8-e929bbf27111'),
 ('192', '192', 'da', 'girls', NULL, '1', '2016-06-27 11:21:51', '2016-06-29 09:54:25', 'e69b5698-3bb9-40da-9e12-7faa1f7fc0e0'),
 ('193', '193', 'da', '', NULL, '1', '2016-06-27 11:23:04', '2016-06-27 12:37:05', '5c4596bb-907b-49d8-835e-29bc31795b27'),
 ('194', '194', 'da', '', NULL, '1', '2016-06-27 12:38:18', '2016-06-28 10:37:08', '8571a9ff-4d4c-43a2-9f6b-3f910a24f2ee'),
 ('195', '195', 'da', '', NULL, '1', '2016-06-27 12:45:27', '2016-06-29 07:57:47', 'c0be2e31-c332-4486-a803-c4c051217445'),
 ('196', '196', 'da', 'betingelser', 'betingelser', '1', '2016-06-29 08:05:09', '2016-06-29 09:38:03', '8fa1e902-8ef3-4c5b-8a6b-d7f7fe6d2f27'),
 ('201', '201', 'da', '', NULL, '1', '2016-06-29 08:30:00', '2016-06-29 09:38:03', 'fcbf3cbd-4233-40f0-8a6f-3701c97be7d2'),
 ('202', '202', 'da', '', NULL, '1', '2016-06-29 08:47:49', '2016-06-29 09:38:04', '4e8557dd-c4b4-4453-a6de-37d7537f9319'),
 ('203', '203', 'da', 'pencil', NULL, '1', '2016-06-29 09:38:00', '2016-06-29 09:54:25', '12ac18f6-f320-483f-aafb-b8d4a3715224'),
 ('204', '204', 'da', 'paper', NULL, '1', '2016-06-29 10:28:31', '2016-06-29 10:28:31', '88421c1d-3933-4801-bd78-1f7f0e571355');



DROP TABLE IF EXISTS `craft_emailmessages`;


--
-- Schema for table `craft_emailmessages`
--
CREATE TABLE `craft_emailmessages` (
  `id` int(11) NOT NULL AUTO_INCREMENT,
  `key` char(150) COLLATE utf8_unicode_ci NOT NULL,
  `locale` char(12) COLLATE utf8_unicode_ci NOT NULL,
  `subject` varchar(1000) COLLATE utf8_unicode_ci NOT NULL,
  `body` text COLLATE utf8_unicode_ci NOT NULL,
  `dateCreated` datetime NOT NULL,
  `dateUpdated` datetime NOT NULL,
  `uid` char(36) COLLATE utf8_unicode_ci NOT NULL DEFAULT '0',
  PRIMARY KEY (`id`),
  UNIQUE KEY `craft_emailmessages_key_locale_unq_idx` (`key`,`locale`),
  KEY `craft_emailmessages_locale_fk` (`locale`)
) ENGINE=InnoDB DEFAULT CHARSET=utf8 COLLATE=utf8_unicode_ci;

DROP TABLE IF EXISTS `craft_entries`;


--
-- Schema for table `craft_entries`
--
CREATE TABLE `craft_entries` (
  `id` int(11) NOT NULL,
  `sectionId` int(11) NOT NULL,
  `typeId` int(11) DEFAULT NULL,
  `authorId` int(11) DEFAULT NULL,
  `postDate` datetime DEFAULT NULL,
  `expiryDate` datetime DEFAULT NULL,
  `dateCreated` datetime NOT NULL,
  `dateUpdated` datetime NOT NULL,
  `uid` char(36) COLLATE utf8_unicode_ci NOT NULL DEFAULT '0',
  PRIMARY KEY (`id`),
  KEY `craft_entries_sectionId_idx` (`sectionId`),
  KEY `craft_entries_typeId_idx` (`typeId`),
  KEY `craft_entries_postDate_idx` (`postDate`),
  KEY `craft_entries_expiryDate_idx` (`expiryDate`),
  KEY `craft_entries_authorId_fk` (`authorId`)
) ENGINE=InnoDB DEFAULT CHARSET=utf8 COLLATE=utf8_unicode_ci;

--
-- Data for table `craft_entries`
--

INSERT INTO `craft_entries` (`id`, `sectionId`, `typeId`, `authorId`, `postDate`, `expiryDate`, `dateCreated`, `dateUpdated`, `uid`) VALUES
 ('2', '1', '1', NULL, '2016-06-21 07:44:28', NULL, '2016-03-30 12:09:21', '2016-06-21 07:44:28', 'b39bf3f1-d7e3-4cba-9530-5b3f445c9abb'),
 ('3', '2', '2', '1', '2016-03-30 12:09:00', NULL, '2016-03-30 12:09:21', '2016-06-10 10:02:14', '31075cde-987b-47c2-b93d-5416d8148ed1'),
 ('5', '3', '3', NULL, '2016-06-02 07:17:14', NULL, '2016-05-13 10:59:37', '2016-06-02 07:17:44', '215d66f1-d558-458c-a2db-8f4ffb75ec05'),
 ('179', '4', '4', NULL, '2016-06-29 08:05:48', NULL, '2016-06-22 11:13:44', '2016-06-29 08:05:48', '4cbe9050-3c52-4c93-9bf2-930926020c5a'),
 ('180', '5', '5', NULL, '2016-06-29 10:33:39', NULL, '2016-06-23 13:27:09', '2016-06-29 10:33:39', 'e2961132-4ab0-4acf-8d29-33f40dd8a94c'),
 ('196', '6', '6', NULL, '2016-06-29 08:07:15', NULL, '2016-06-29 08:05:09', '2016-06-29 09:38:04', '892c6342-141a-42c6-b268-3f76569587cd');



DROP TABLE IF EXISTS `craft_entrydrafts`;


--
-- Schema for table `craft_entrydrafts`
--
CREATE TABLE `craft_entrydrafts` (
  `id` int(11) NOT NULL AUTO_INCREMENT,
  `entryId` int(11) NOT NULL,
  `sectionId` int(11) NOT NULL,
  `creatorId` int(11) NOT NULL,
  `locale` char(12) COLLATE utf8_unicode_ci NOT NULL,
  `name` varchar(255) COLLATE utf8_unicode_ci NOT NULL,
  `notes` tinytext COLLATE utf8_unicode_ci,
  `data` mediumtext COLLATE utf8_unicode_ci NOT NULL,
  `dateCreated` datetime NOT NULL,
  `dateUpdated` datetime NOT NULL,
  `uid` char(36) COLLATE utf8_unicode_ci NOT NULL DEFAULT '0',
  PRIMARY KEY (`id`),
  KEY `craft_entrydrafts_entryId_locale_idx` (`entryId`,`locale`),
  KEY `craft_entrydrafts_sectionId_fk` (`sectionId`),
  KEY `craft_entrydrafts_creatorId_fk` (`creatorId`),
  KEY `craft_entrydrafts_locale_fk` (`locale`)
) ENGINE=InnoDB DEFAULT CHARSET=utf8 COLLATE=utf8_unicode_ci;

DROP TABLE IF EXISTS `craft_entrytypes`;


--
-- Schema for table `craft_entrytypes`
--
CREATE TABLE `craft_entrytypes` (
  `id` int(11) NOT NULL AUTO_INCREMENT,
  `sectionId` int(11) NOT NULL,
  `fieldLayoutId` int(11) DEFAULT NULL,
  `name` varchar(255) COLLATE utf8_unicode_ci NOT NULL,
  `handle` varchar(255) COLLATE utf8_unicode_ci NOT NULL,
  `hasTitleField` tinyint(1) unsigned NOT NULL DEFAULT '1',
  `titleLabel` varchar(255) COLLATE utf8_unicode_ci DEFAULT 'Title',
  `titleFormat` varchar(255) COLLATE utf8_unicode_ci DEFAULT NULL,
  `sortOrder` smallint(6) unsigned DEFAULT NULL,
  `dateCreated` datetime NOT NULL,
  `dateUpdated` datetime NOT NULL,
  `uid` char(36) COLLATE utf8_unicode_ci NOT NULL DEFAULT '0',
  PRIMARY KEY (`id`),
  UNIQUE KEY `craft_entrytypes_name_sectionId_unq_idx` (`name`,`sectionId`),
  UNIQUE KEY `craft_entrytypes_handle_sectionId_unq_idx` (`handle`,`sectionId`),
  KEY `craft_entrytypes_sectionId_fk` (`sectionId`),
  KEY `craft_entrytypes_fieldLayoutId_fk` (`fieldLayoutId`)
) ENGINE=InnoDB AUTO_INCREMENT=7 DEFAULT CHARSET=utf8 COLLATE=utf8_unicode_ci;

--
-- Data for table `craft_entrytypes`
--

INSERT INTO `craft_entrytypes` (`id`, `sectionId`, `fieldLayoutId`, `name`, `handle`, `hasTitleField`, `titleLabel`, `titleFormat`, `sortOrder`, `dateCreated`, `dateUpdated`, `uid`) VALUES
 ('1', '1', '3', 'Homepage', 'homepage', '1', 'Title', NULL, NULL, '2016-03-30 12:09:20', '2016-03-30 12:09:21', '0b6cfafb-298a-4a9d-9dfe-e84c98befe82'),
 ('2', '2', '5', 'News', 'news', '1', 'Tittel', NULL, NULL, '2016-03-30 12:09:21', '2016-03-30 12:09:21', '8b19bc7f-b6f3-403c-aed3-3e1131d8caf1'),
 ('3', '3', '20', 'Orderconfirm', 'orderconfirm', '0', NULL, '{section.name|raw}', NULL, '2016-05-13 10:59:36', '2016-05-17 07:33:35', 'b0054917-a02f-4b2b-95d2-0b499241e2ca'),
 ('4', '4', '54', 'Fordele', 'advantages', '0', NULL, '{section.name|raw}', NULL, '2016-06-22 11:13:43', '2016-06-22 11:13:43', 'bd779d40-e57b-4b19-b712-310a6d852d18'),
 ('5', '5', '90', 'Faq', 'faq', '0', NULL, '{section.name|raw}', NULL, '2016-06-23 13:27:09', '2016-06-29 10:27:08', '59036fce-0354-4188-b98b-78990f19069c'),
 ('6', '6', '85', 'Betingelser', 'betingelser', '0', NULL, '{section.name|raw}', NULL, '2016-06-29 08:05:09', '2016-06-29 09:37:39', 'd65af45d-9ad2-4ecc-ad9b-fc00ded457b5');



DROP TABLE IF EXISTS `craft_entryversions`;


--
-- Schema for table `craft_entryversions`
--
CREATE TABLE `craft_entryversions` (
  `id` int(11) NOT NULL AUTO_INCREMENT,
  `entryId` int(11) NOT NULL,
  `sectionId` int(11) NOT NULL,
  `creatorId` int(11) DEFAULT NULL,
  `locale` char(12) COLLATE utf8_unicode_ci NOT NULL,
  `num` smallint(6) unsigned NOT NULL,
  `notes` tinytext COLLATE utf8_unicode_ci,
  `data` mediumtext COLLATE utf8_unicode_ci NOT NULL,
  `dateCreated` datetime NOT NULL,
  `dateUpdated` datetime NOT NULL,
  `uid` char(36) COLLATE utf8_unicode_ci NOT NULL DEFAULT '0',
  PRIMARY KEY (`id`),
  KEY `craft_entryversions_entryId_locale_idx` (`entryId`,`locale`),
  KEY `craft_entryversions_sectionId_fk` (`sectionId`),
  KEY `craft_entryversions_creatorId_fk` (`creatorId`),
  KEY `craft_entryversions_locale_fk` (`locale`)
) ENGINE=InnoDB AUTO_INCREMENT=35 DEFAULT CHARSET=utf8 COLLATE=utf8_unicode_ci;

--
-- Data for table `craft_entryversions`
--

INSERT INTO `craft_entryversions` (`id`, `entryId`, `sectionId`, `creatorId`, `locale`, `num`, `notes`, `data`, `dateCreated`, `dateUpdated`, `uid`) VALUES
 ('1', '2', '1', '1', 'da', '1', NULL, '{\"typeId\":\"1\",\"authorId\":null,\"title\":\"Homepage\",\"slug\":\"homepage\",\"postDate\":1459339760,\"expiryDate\":null,\"enabled\":1,\"parentId\":null,\"fields\":[]}', '2016-03-30 12:09:21', '2016-03-30 12:09:21', '7d4f20b0-9e9e-4920-988f-c80222d4c0f5'),
 ('2', '2', '1', '1', 'da', '2', NULL, '{\"typeId\":null,\"authorId\":null,\"title\":\"Welcome to Elektronikforsikring.dev!\",\"slug\":\"homepage\",\"postDate\":1459339760,\"expiryDate\":null,\"enabled\":\"1\",\"parentId\":null,\"fields\":{\"1\":\"<p>It\\u2019s true, this site doesn\\u2019t have a whole lot of content yet, but don\\u2019t worry. Our web developers have just installed the CMS, and they\\u2019re setting things up for the content editors this very moment. Soon Elektronikforsikring.dev will be an oasis of fresh perspectives, sharp analyses, and astute opinions that will keep you coming back again and again.<\\/p>\"}}', '2016-03-30 12:09:21', '2016-03-30 12:09:21', '9cdcfdb2-0fda-46d7-aa81-09dc7c4a0cf0'),
 ('3', '3', '2', '1', 'da', '1', NULL, '{\"typeId\":\"2\",\"authorId\":\"1\",\"title\":\"We just installed Craft!\",\"slug\":\"we-just-installed-craft\",\"postDate\":1459339761,\"expiryDate\":null,\"enabled\":1,\"parentId\":null,\"fields\":[]}', '2016-03-30 12:09:21', '2016-03-30 12:09:21', '7ddd36f0-d5d5-4558-a324-eb357f9b6e1b'),
 ('4', '5', '3', '1', 'da', '1', NULL, '{\"typeId\":\"3\",\"authorId\":null,\"title\":\"Orderconfirm\",\"slug\":\"orderconfirm\",\"postDate\":1463137176,\"expiryDate\":null,\"enabled\":1,\"parentId\":null,\"fields\":[]}', '2016-05-13 10:59:37', '2016-05-13 10:59:37', '0ddeed76-5abe-4e44-b482-32fab699e979'),
 ('5', '5', '3', '1', 'da', '2', '', '{\"typeId\":\"3\",\"authorId\":null,\"title\":\"Orderconfirm\",\"slug\":\"orderconfirm\",\"postDate\":1463137601,\"expiryDate\":null,\"enabled\":1,\"parentId\":null,\"fields\":[]}', '2016-05-13 11:09:48', '2016-05-13 11:09:48', 'f7044ac6-7687-456d-a14e-a28a48b5babb'),
 ('6', '5', '3', '1', 'da', '3', '', '{\"typeId\":\"3\",\"authorId\":null,\"title\":\"Orderconfirm\",\"slug\":\"orderconfirm\",\"postDate\":1463137601,\"expiryDate\":null,\"enabled\":1,\"parentId\":null,\"fields\":{\"1\":\"<p>Tak for din bestilling. Vi har modtaget din ordrer og er allerede i gang med at behandle den. Vi har ogs\\u00e5 sendt dig en bekr\\u00e6ftelse p\\u00e5 den indtastet&nbsp;e-mail. Din forsikring er g\\u00e6ldende med det samme. N\\u00e5r ordren er f\\u00e6rdigbehandlet, s\\u00e5 sender vi den officielle police.&nbsp;<\\/p><p>Med venlig hilsen<\\/p><p>Kundeservicechef<br>Karina Byrdal<\\/p>\",\"2\":\"\"}}', '2016-05-17 07:37:10', '2016-05-17 07:37:10', '4d4cc8ed-fe4b-4b53-b666-6db77a227c2b'),
 ('7', '5', '3', '1', 'da', '4', '', '{\"typeId\":\"3\",\"authorId\":null,\"title\":\"Orderconfirm\",\"slug\":\"orderconfirm\",\"postDate\":1463137601,\"expiryDate\":null,\"enabled\":1,\"parentId\":null,\"fields\":{\"1\":\"<h1>Tak for din bestilling.<\\/h1><p>Vi har modtaget din ordrer og er allerede i gang med at behandle den. Vi har ogs\\u00e5 sendt dig en bekr\\u00e6ftelse p\\u00e5 den indtastet&nbsp;e-mail. Din forsikring er g\\u00e6ldende med det samme. N\\u00e5r ordren er f\\u00e6rdigbehandlet, s\\u00e5 sender vi den officielle police.&nbsp;<br><\\/p>\\r\\n\\r\\n<p>Med venlig hilsen<\\/p>\\r\\n\\r\\n<p>Kundeservicechef<br>Karina Byrdal<\\/p>\",\"2\":\"\"}}', '2016-05-17 07:37:58', '2016-05-17 07:37:58', 'cbe4774b-439f-4c9d-beeb-f3cf589f28c5'),
 ('8', '5', '3', '1', 'da', '5', '', '{\"typeId\":\"3\",\"authorId\":null,\"title\":\"Orderconfirm\",\"slug\":\"orderconfirm\",\"postDate\":1463137601,\"expiryDate\":null,\"enabled\":1,\"parentId\":null,\"fields\":{\"1\":\"<h1>Tak for din bestilling.<\\/h1>\\r\\n\\r\\n<p>Vi har modtaget din ordre og er allerede i gang med at behandle den.<\\/p><p>Vi har ogs\\u00e5 sendt dig en bekr\\u00e6ftelse p\\u00e5 den indtastet&nbsp;e-mail. Din forsikring er g\\u00e6ldende med det samme. N\\u00e5r ordren er f\\u00e6rdigbehandlet, s\\u00e5 sender vi den officielle police.&nbsp;<br><\\/p>\\r\\n\\r\\n<p>Med venlig hilsen<\\/p>\\r\\n\\r\\n\\r\\n\\r\\n<p>Kundeservicechef<br>Karina Byrdal<\\/p>\",\"2\":\"\"}}', '2016-05-17 07:44:30', '2016-05-17 07:44:30', '8910f1ba-af71-4098-8813-cee757267d8a'),
 ('9', '5', '3', '1', 'da', '6', '', '{\"typeId\":\"3\",\"authorId\":null,\"title\":\"Orderconfirm\",\"slug\":\"orderconfirm\",\"postDate\":1464851834,\"expiryDate\":null,\"enabled\":1,\"parentId\":null,\"fields\":{\"1\":\"<h1>Tak for din bestilling.<\\/h1>\\r\\n\\r\\n<p>Vi har modtaget din ordre og er allerede i gang med at behandle den.<\\/p>\\r\\n\\r\\n<p>Vi har ogs\\u00e5 sendt dig en bekr\\u00e6ftelse p\\u00e5 den indtastet&nbsp;e-mail. Din forsikring er g\\u00e6ldende med det samme. N\\u00e5r ordren er f\\u00e6rdigbehandlet, s\\u00e5 sender vi den officielle police.&nbsp;<br><\\/p>\\r\\n\\r\\n\\r\\n\\r\\n<p>Med venlig hilsen<\\/p>\\r\\n\\r\\n\\r\\n\\r\\n\\r\\n\\r\\n<p>Kundeservicechef<br>Karina Byrdal<\\/p>\",\"2\":\"\"}}', '2016-06-02 07:17:29', '2016-06-02 07:17:29', 'd313f02a-1962-4541-8dad-790595256b1f'),
 ('10', '5', '3', '1', 'da', '7', '', '{\"typeId\":\"3\",\"authorId\":null,\"title\":\"Orderconfirm\",\"slug\":\"orderconfirm\",\"postDate\":1464851834,\"expiryDate\":null,\"enabled\":1,\"parentId\":null,\"fields\":{\"1\":\"<h1>Tak for din bestilling.<\\/h1>\\r\\n\\r\\n<p>Vi har modtaget din ordre og er allerede i gang med at behandle den.<\\/p>\\r\\n\\r\\n\\r\\n\\r\\n<p>Vi har ogs\\u00e5 sendt dig en bekr\\u00e6ftelse p\\u00e5 den indtastet&nbsp;e-mail. Din forsikring er g\\u00e6ldende med det samme. N\\u00e5r ordren er f\\u00e6rdigbehandlet, s\\u00e5 sender vi den officielle police.&nbsp;<br><\\/p>\\r\\n\\r\\n\\r\\n\\r\\n\\r\\n\\r\\n<p>Med venlig hilsen<\\/p>\\r\\n\\r\\n\\r\\n\\r\\n\\r\\n\\r\\n\\r\\n\\r\\n<p>Kundeservicechef<br>Karina Byrdal<\\/p>\",\"2\":\"\"}}', '2016-06-02 07:17:44', '2016-06-02 07:17:44', '3f13b283-95fb-4535-98a6-c309f0286915'),
 ('11', '3', '2', '1', 'da', '2', '', '{\"typeId\":\"2\",\"authorId\":\"1\",\"title\":\"Jeg hedder Karina\",\"slug\":\"we-just-installed-craft\",\"postDate\":1459339740,\"expiryDate\":null,\"enabled\":1,\"parentId\":null,\"fields\":{\"1\":\"<p>Craft is the CMS that\\u2019s powering Elektronikforsikring.dev. It\\u2019s beautiful, powerful, flexible, and easy-to-use, and it\\u2019s made by Pixel & Tonic. We can\\u2019t wait to dive in and see what it\\u2019s capable of!<\\/p>\\r\\n\\r\\n<hr class=\\\"redactor_pagebreak\\\" style=\\\"display:none\\\" unselectable=\\\"on\\\" contenteditable=\\\"false\\\">\\r\\n\\r\\n<p>This is even more captivating content, which you couldn\\u2019t see on the News index page because it was entered after a Page Break, and the News index template only likes to show the content on the first page.<\\/p>\\r\\n\\r\\n<p>Craft: a nice alternative to Word, if you\\u2019re making a website.<\\/p>\",\"2\":\"\"}}', '2016-06-10 10:02:14', '2016-06-10 10:02:14', '41724432-6a39-47c9-91b0-b82f5dbe212d'),
 ('12', '179', '4', '1', 'da', '1', NULL, '{\"typeId\":\"4\",\"authorId\":null,\"title\":\"Fordele\",\"slug\":\"fordele\",\"postDate\":1466594023,\"expiryDate\":null,\"enabled\":1,\"parentId\":null,\"fields\":[]}', '2016-06-22 11:13:44', '2016-06-22 11:13:44', '171709a3-5d4c-464e-bb56-5353fe46fa47'),
 ('13', '180', '5', '1', 'da', '1', NULL, '{\"typeId\":\"5\",\"authorId\":null,\"title\":\"Faq\",\"slug\":\"faq\",\"postDate\":1466688429,\"expiryDate\":null,\"enabled\":1,\"parentId\":null,\"fields\":[]}', '2016-06-23 13:27:09', '2016-06-23 13:27:09', 'bb3686f2-d5a1-4b9d-9ed4-7e926f64e434'),
 ('14', '180', '5', '1', 'da', '2', '', '{\"typeId\":\"5\",\"authorId\":null,\"title\":\"Faq\",\"slug\":\"faq\",\"postDate\":1466688727,\"expiryDate\":null,\"enabled\":1,\"parentId\":null,\"fields\":{\"19\":\"Kan det virkelig v\\u00e6re rigtigt at den kun koster 99 kr\\u2026..ogs\\u00e5 selvom jeg har flere skader\\u2026.?\",\"20\":{\"new1\":{\"type\":\"answer\",\"enabled\":\"1\",\"fields\":{\"svar\":\"<p>JA prisen \\u00e6ndre sig ikke selvom man har flere skader<\\/p>\"}}}}}', '2016-06-23 13:33:57', '2016-06-23 13:33:57', '6f4a252d-84c5-455d-a054-a10dad675f98'),
 ('15', '180', '5', '1', 'da', '3', '', '{\"typeId\":\"5\",\"authorId\":\"1\",\"title\":\"Faq\",\"slug\":\"faq\",\"postDate\":1466688720,\"expiryDate\":null,\"enabled\":1,\"parentId\":\"\",\"fields\":{\"25\":\"Kan det virkelig v\\u00e6re rigtigt at den kun koster 99 kr\\u2026..ogs\\u00e5 selvom jeg har flere skader\\u2026.?\",\"26\":{\"new1\":{\"type\":\"answer\",\"enabled\":\"1\",\"fields\":{\"answer\":\"JA prisen \\u00e6ndre sig ikke selvom man har flere skader\"}}}}}', '2016-06-23 13:48:19', '2016-06-23 13:48:19', 'bd847870-b12a-44fb-b28c-eed40a215aa7'),
 ('16', '180', '5', '1', 'da', '4', '', '{\"typeId\":\"5\",\"authorId\":\"1\",\"title\":\"Kan det virkelig v\\u00e6re rigtigt at den kun koster 99 kr\\u2026..ogs\\u00e5 selvom jeg har flere skader\\u2026.?\",\"slug\":\"faq\",\"postDate\":1466688720,\"expiryDate\":null,\"enabled\":1,\"parentId\":\"\",\"fields\":{\"25\":\"\",\"26\":{\"182\":{\"type\":\"answer\",\"enabled\":\"1\",\"fields\":{\"answer\":\"JA prisen \\u00e6ndre sig ikke selvom man har flere skader\"}}}}}', '2016-06-23 13:50:28', '2016-06-23 13:50:28', '4263a4a9-7fa2-4e50-86f8-544a1dfe9a47'),
 ('18', '180', '5', '1', 'da', '5', '', '{\"typeId\":\"5\",\"authorId\":\"1\",\"title\":\"Kan det virkelig v\\u00e6re rigtigt at den kun koster 99 kr\\u2026..ogs\\u00e5 selvom jeg har flere skader\\u2026.?\",\"slug\":\"faq\",\"postDate\":1466688720,\"expiryDate\":null,\"enabled\":1,\"parentId\":\"\",\"fields\":{\"26\":{\"182\":{\"type\":\"answer\",\"enabled\":\"1\",\"fields\":{\"answer\":\"<p>JA prisen \\u00e6ndrer sig ikke selvom man har flere skader<\\/p>\"}}}}}', '2016-06-23 13:54:08', '2016-06-23 13:54:08', 'f564dd81-2064-480f-ab7e-3869a43d02d6'),
 ('19', '180', '5', '1', 'da', '6', '', '{\"typeId\":\"5\",\"authorId\":\"1\",\"title\":\"Kan det virkelig v\\u00e6re rigtigt at den kun koster 99 kr\\u2026..ogs\\u00e5 selvom jeg har flere skader\\u2026.?\",\"slug\":\"faq\",\"postDate\":1466688720,\"expiryDate\":null,\"enabled\":1,\"parentId\":\"\",\"fields\":{\"26\":{\"182\":{\"type\":\"answer\",\"enabled\":\"1\",\"fields\":{\"answer\":\"<p>JA prisen \\u00e6ndrer sig ikke selvom man har flere skader<\\/p>\"}}}}}', '2016-06-23 13:54:25', '2016-06-23 13:54:25', '41720242-7347-4702-a927-862dc63f2d1d'),
 ('20', '180', '5', '1', 'da', '7', '', '{\"typeId\":\"5\",\"authorId\":\"1\",\"title\":\"Koster den virkelig kun 99 kr.\\/md.?\",\"slug\":\"faq\",\"postDate\":1466688720,\"expiryDate\":null,\"enabled\":1,\"parentId\":\"\",\"fields\":{\"26\":{\"182\":{\"type\":\"answer\",\"enabled\":\"1\",\"fields\":{\"answer\":\"<p>JA prisen \\u00e6ndrer sig ikke selvom man har flere skader<\\/p>\"}}}}}', '2016-06-23 13:55:07', '2016-06-23 13:55:07', '198c5ae0-3a39-43f5-b634-9d9117ed2bed'),
 ('21', '180', '5', '1', 'da', '8', '', '{\"typeId\":\"5\",\"authorId\":\"1\",\"title\":\"hej\",\"slug\":\"faq\",\"postDate\":1466688720,\"expiryDate\":null,\"enabled\":1,\"parentId\":\"\",\"fields\":{\"28\":\"pris\",\"25\":\"hej\",\"26\":{\"182\":{\"type\":\"answer\",\"enabled\":\"1\",\"fields\":{\"answer\":\"<p>JA prisen \\u00e6ndrer sig ikke selvom man har flere skader<\\/p>\"}}}}}', '2016-06-24 07:20:56', '2016-06-24 07:20:56', '172eaf70-ecb0-4b50-b72b-4932fc605e25'),
 ('22', '180', '5', '1', 'da', '9', '', '{\"typeId\":\"5\",\"authorId\":\"1\",\"title\":\"Koster den virkelig kun 99 kr.\\/md.?\",\"slug\":\"faq\",\"postDate\":1466688720,\"expiryDate\":null,\"enabled\":1,\"parentId\":\"\",\"fields\":{\"28\":\"pris\",\"25\":\"Koster den virkelig kun 99 kr.\\/md.?\",\"26\":{\"182\":{\"type\":\"answer\",\"enabled\":\"1\",\"fields\":{\"answer\":\"<p>JA prisen \\u00e6ndrer sig ikke selvom man har flere skader<\\/p>\"}}}}}', '2016-06-24 07:21:03', '2016-06-24 07:21:03', '8a257c1b-80a7-4629-80e3-189479fc419a'),
 ('24', '180', '5', '1', 'da', '10', '', '{\"typeId\":\"5\",\"authorId\":\"1\",\"title\":\"Koster den virkelig kun 99 kr.\\/md.?\",\"slug\":\"faq\",\"postDate\":1466688720,\"expiryDate\":null,\"enabled\":1,\"parentId\":\"\",\"fields\":{\"28\":\"pris\",\"25\":\"Koster den virkelig kun 99 kr.\\/md.?\",\"26\":{\"182\":{\"type\":\"answer\",\"enabled\":\"1\",\"fields\":{\"answer\":\"<p>JA prisen \\u00e6ndrer sig ikke selvom man har flere skader<\\/p>\"}}}}}', '2016-06-24 07:21:24', '2016-06-24 07:21:24', 'bfdc6f09-1f8a-40cd-85ca-63e5bd6b35ed'),
 ('25', '180', '5', '1', 'da', '11', '', '{\"typeId\":\"5\",\"authorId\":\"1\",\"title\":\"Koster den virkelig kun 99 kr.\\/md.?\",\"slug\":\"faq\",\"postDate\":1466688720,\"expiryDate\":null,\"enabled\":1,\"parentId\":\"\",\"fields\":{\"28\":\"betingelser\",\"25\":\"Koster den virkelig kun 99 kr.\\/md.?\",\"26\":{\"182\":{\"type\":\"answer\",\"enabled\":\"1\",\"fields\":{\"answer\":\"<p>JA prisen \\u00e6ndrer sig ikke selvom man har flere skader<\\/p>\"}}}}}', '2016-06-24 07:32:20', '2016-06-24 07:32:20', '4e1fb7d7-a02e-4f4c-8455-6e94bf7f0427'),
 ('26', '196', '6', '1', 'da', '1', NULL, '{\"typeId\":\"6\",\"authorId\":null,\"title\":\"Betingelser\",\"slug\":\"betingelser\",\"postDate\":1467187509,\"expiryDate\":null,\"enabled\":1,\"parentId\":null,\"fields\":[]}', '2016-06-29 08:05:09', '2016-06-29 08:05:09', 'ff4fdd05-4d3e-4c11-bde5-7906f7ac8f3b'),
 ('27', '196', '6', '1', 'da', '2', '', '{\"typeId\":\"6\",\"authorId\":null,\"title\":\"Betingelser\",\"slug\":\"betingelser\",\"postDate\":1467187635,\"expiryDate\":null,\"enabled\":1,\"parentId\":null,\"fields\":{\"29\":{\"new1\":{\"type\":\"sektion\",\"enabled\":\"1\",\"fields\":{\"overskrift\":\"Omfang\",\"indhold\":\"<p>N\\u00e6rv\\u00e6rende kontantk\\u00f8bsbetingelser er g\\u00e6ldende for k\\u00f8b af forsikring online p\\u00e5 <a href=\\\"http:\\/\\/www.elektronik-forsikring.dk\\\">www.elektronik-forsikring.dk<\\/a><\\/p>\\r\\n\\r\\n<p>Hjemmesiden <a href=\\\"http:\\/\\/www.elektronik-forsikring.dk\\\">www.elektronik-forsikring.dk<\\/a> ejes og drives af Danrisk Forsikringsagentur APS, Havnevej 1, 4000 Roskilde, CVR.NR. 33953194\\r\\n\\r\\n  <\\/p>\\r\\n\\r\\n<p>Betingelserne kan ikke \\u00e6ndres.<\\/p>\"}},\"new2\":{\"type\":\"sektion\",\"enabled\":\"1\",\"fields\":{\"overskrift\":\"Aftaleindg\\u00e5elser\",\"indhold\":\"<p>K\\u00f8ber skal ved k\\u00f8b acceptere kontantk\\u00f8bsbetingelserne. K\\u00f8ber opfordres til at l\\u00e6se betingelserne grundigt igennem og g\\u00f8re sig bekendt med de forpligtelser og rettigheder, som betingelserne giver. K\\u00f8ber f\\u00e5r en kopi af betingelser sammen med en bekr\\u00e6ftelse af bestillingen pr. e-mail.<\\/p>\"}},\"new3\":{\"type\":\"sektion\",\"enabled\":\"1\",\"fields\":{\"overskrift\":\"Ejendomsret\",\"indhold\":\"<p>K\\u00f8ber besidder fra k\\u00f8bsdatoen ejendomsretten til Elektronikforsikringen.<\\/p>\"}},\"new4\":{\"type\":\"sektion\",\"enabled\":\"1\",\"fields\":{\"overskrift\":\"Betalingsbetingelser og gebyrer\",\"indhold\":\"<p>Betaling for bestilte varer kan ske online ved brug af Dankort, Visa-Dankort, Visa, Visa Electron, MasterCard, MasterCard Debit og Eurocard.&nbsp;<strong>Ved betaling med VISA og MasterCard till\\u00e6gges der et betalingskortgebyr svarende til 1,25% af k\\u00f8bsbel\\u00f8bet, dog min. 0,88 DKK.&nbsp; <\\/strong>Inden k\\u00f8ber v\\u00e6lger at godkende ordren, bliver gebyret oplyst.<\\/p>\\r\\n\\r\\n<p>Betaling via kreditkort er underlagt kortudsteders betingelser for anvendelse. N\\u00e5r k\\u00f8ber bestiller med kreditkort tr\\u00e6kkes bel\\u00f8bet p\\u00e5 k\\u00f8bers konto med det samme, da Elektronikforsikringen er g\\u00e6ldende ved k\\u00f8bet.&nbsp;<\\/p>\"}}},\"32\":\"Kontantk\\u00f8bsbetingelser: Privat\"}}', '2016-06-29 08:15:27', '2016-06-29 08:15:27', '9bc5b7b5-a27f-47ce-8286-d7a143437005'),
 ('28', '196', '6', '1', 'da', '3', '', '{\"typeId\":\"6\",\"authorId\":null,\"title\":\"Betingelser\",\"slug\":\"betingelser\",\"postDate\":1467187635,\"expiryDate\":null,\"enabled\":1,\"parentId\":null,\"fields\":{\"1\":\"\",\"29\":{\"197\":{\"type\":\"sektion\",\"enabled\":\"1\",\"fields\":{\"overskrift\":\"Omfang\",\"indhold\":\"<p>N\\u00e6rv\\u00e6rende kontantk\\u00f8bsbetingelser er g\\u00e6ldende for k\\u00f8b af forsikring online p\\u00e5 <a href=\\\"http:\\/\\/www.elektronik-forsikring.dk\\\">www.elektronik-forsikring.dk<\\/a><\\/p>\\r\\n\\r\\n<p>Hjemmesiden <a href=\\\"http:\\/\\/www.elektronik-forsikring.dk\\\">www.elektronik-forsikring.dk<\\/a> ejes og drives af Danrisk Forsikringsagentur APS, Havnevej 1, 4000 Roskilde, CVR.NR. 33953194\\r\\n\\r\\n  <\\/p>\\r\\n\\r\\n\\r\\n\\r\\n<p>Betingelserne kan ikke \\u00e6ndres.<\\/p>\"}},\"198\":{\"type\":\"sektion\",\"enabled\":\"1\",\"fields\":{\"overskrift\":\"Aftaleindg\\u00e5elser\",\"indhold\":\"<p>K\\u00f8ber skal ved k\\u00f8b acceptere kontantk\\u00f8bsbetingelserne. K\\u00f8ber opfordres til at l\\u00e6se betingelserne grundigt igennem og g\\u00f8re sig bekendt med de forpligtelser og rettigheder, som betingelserne giver. K\\u00f8ber f\\u00e5r en kopi af betingelser sammen med en bekr\\u00e6ftelse af bestillingen pr. e-mail.<\\/p>\"}},\"199\":{\"type\":\"sektion\",\"enabled\":\"1\",\"fields\":{\"overskrift\":\"Ejendomsret\",\"indhold\":\"<p>K\\u00f8ber besidder fra k\\u00f8bsdatoen ejendomsretten til Elektronikforsikringen.<\\/p>\"}},\"200\":{\"type\":\"sektion\",\"enabled\":\"1\",\"fields\":{\"overskrift\":\"Betalingsbetingelser og gebyrer\",\"indhold\":\"<p>Betaling for bestilte varer kan ske online ved brug af Dankort, Visa-Dankort, Visa, Visa Electron, MasterCard, MasterCard Debit og Eurocard.&nbsp;<strong>Ved betaling med VISA og MasterCard till\\u00e6gges der et betalingskortgebyr svarende til 1,25% af k\\u00f8bsbel\\u00f8bet, dog min. 0,88 DKK.&nbsp; <\\/strong>Inden k\\u00f8ber v\\u00e6lger at godkende ordren, bliver gebyret oplyst.<\\/p>\\r\\n\\r\\n<p>Betaling via kreditkort er underlagt kortudsteders betingelser for anvendelse. N\\u00e5r k\\u00f8ber bestiller med kreditkort tr\\u00e6kkes bel\\u00f8bet p\\u00e5 k\\u00f8bers konto med det samme, da Elektronikforsikringen er g\\u00e6ldende ved k\\u00f8bet.&nbsp;<\\/p>\"}}},\"33\":\"<p>Privat<span><\\/span><\\/p>\",\"32\":\"Kontantk\\u00f8bsbetingelser\"}}', '2016-06-29 08:19:00', '2016-06-29 08:19:00', '9c0c2f56-f320-4e41-a38a-e8041c7e07b7'),
 ('29', '196', '6', '1', 'da', '4', '', '{\"typeId\":\"6\",\"authorId\":null,\"title\":\"Betingelser\",\"slug\":\"betingelser\",\"postDate\":1467187635,\"expiryDate\":null,\"enabled\":1,\"parentId\":null,\"fields\":{\"1\":\"\",\"29\":{\"197\":{\"type\":\"block\",\"enabled\":\"1\",\"fields\":{\"headline\":\"Omfang\",\"body\":\"<p>N\\u00e6rv\\u00e6rende kontantk\\u00f8bsbetingelser er g\\u00e6ldende for k\\u00f8b af forsikring online p\\u00e5 <a href=\\\"http:\\/\\/www.elektronik-forsikring.dk\\\">www.elektronik-forsikring.dk<\\/a><\\/p>\\r\\n\\r\\n<p>Hjemmesiden <a href=\\\"http:\\/\\/www.elektronik-forsikring.dk\\\">www.elektronik-forsikring.dk<\\/a> ejes og drives af Danrisk Forsikringsagentur APS, Havnevej 1, 4000 Roskilde, CVR.NR. 33953194\\r\\n\\r\\n  <\\/p>\\r\\n\\r\\n\\r\\n\\r\\n\\r\\n\\r\\n<p>Betingelserne kan ikke \\u00e6ndres.<\\/p>\"}},\"198\":{\"type\":\"block\",\"enabled\":\"1\",\"fields\":{\"headline\":\"Aftaleindg\\u00e5elser\",\"body\":\"<p>K\\u00f8ber skal ved k\\u00f8b acceptere kontantk\\u00f8bsbetingelserne. K\\u00f8ber opfordres til at l\\u00e6se betingelserne grundigt igennem og g\\u00f8re sig bekendt med de forpligtelser og rettigheder, som betingelserne giver. K\\u00f8ber f\\u00e5r en kopi af betingelser sammen med en bekr\\u00e6ftelse af bestillingen pr. e-mail.<\\/p>\"}},\"199\":{\"type\":\"block\",\"enabled\":\"1\",\"fields\":{\"headline\":\"Ejendomsret\",\"body\":\"<p>K\\u00f8ber besidder fra k\\u00f8bsdatoen ejendomsretten til Elektronikforsikringen.<\\/p>\"}},\"200\":{\"type\":\"block\",\"enabled\":\"1\",\"fields\":{\"headline\":\"Betalingsbetingelser og gebyrer\",\"body\":\"<p>Betaling for bestilte varer kan ske online ved brug af Dankort, Visa-Dankort, Visa, Visa Electron, MasterCard, MasterCard Debit og Eurocard.&nbsp;<strong>Ved betaling med VISA og MasterCard till\\u00e6gges der et betalingskortgebyr svarende til 1,25% af k\\u00f8bsbel\\u00f8bet, dog min. 0,88 DKK.&nbsp; <\\/strong>Inden k\\u00f8ber v\\u00e6lger at godkende ordren, bliver gebyret oplyst.<\\/p>\\r\\n\\r\\n<p>Betaling via kreditkort er underlagt kortudsteders betingelser for anvendelse. N\\u00e5r k\\u00f8ber bestiller med kreditkort tr\\u00e6kkes bel\\u00f8bet p\\u00e5 k\\u00f8bers konto med det samme, da Elektronikforsikringen er g\\u00e6ldende ved k\\u00f8bet.&nbsp;<\\/p>\"}}},\"33\":\"<p>Privat<\\/p>\",\"32\":\"Kontantk\\u00f8bsbetingelser\"}}', '2016-06-29 08:24:55', '2016-06-29 08:24:55', '62eacd38-18a7-487b-bd15-760a18bfd174'),
 ('30', '196', '6', '1', 'da', '5', '', '{\"typeId\":\"6\",\"authorId\":null,\"title\":\"Betingelser\",\"slug\":\"betingelser\",\"postDate\":1467187635,\"expiryDate\":null,\"enabled\":1,\"parentId\":null,\"fields\":{\"1\":\"\",\"29\":{\"new1\":{\"type\":\"block\",\"enabled\":\"1\",\"fields\":{\"headline\":\"Omfang\",\"body\":\"<p>N\\u00e6rv\\u00e6rende kontantk\\u00f8bsbetingelser er g\\u00e6ldende for k\\u00f8b af forsikring online p\\u00e5&nbsp;<a href=\\\"http:\\/\\/www.elektronik-forsikring.dk\\/\\\">www.elektronik-forsikring.dk<\\/a><\\/p>\\r\\n\\r\\n<p>Hjemmesiden&nbsp;<a href=\\\"http:\\/\\/www.elektronik-forsikring.dk\\/\\\">www.elektronik-forsikring.dk<\\/a>&nbsp;ejes og drives af Danrisk Forsikringsagentur APS, Havnevej 1, 4000 Roskilde, CVR.NR. 33953194<\\/p>\\r\\n\\r\\n<p>Betingelserne kan ikke \\u00e6ndres.<\\/p>\"}}},\"33\":\"<p>Privat<\\/p>\",\"32\":\"Kontantk\\u00f8bsbetingelser\"}}', '2016-06-29 08:30:00', '2016-06-29 08:30:00', '7082397e-07ac-4d61-ba34-2787c0362748'),
 ('31', '196', '6', '1', 'da', '6', '', '{\"typeId\":\"6\",\"authorId\":null,\"title\":\"Betingelser\",\"slug\":\"betingelser\",\"postDate\":1467187635,\"expiryDate\":null,\"enabled\":1,\"parentId\":null,\"fields\":{\"1\":\"\",\"29\":{\"201\":{\"type\":\"block\",\"enabled\":\"1\",\"fields\":{\"headline\":\"Omfang\",\"body\":\"<p>N\\u00e6rv\\u00e6rende kontantk\\u00f8bsbetingelser er g\\u00e6ldende for k\\u00f8b af forsikring online p\\u00e5&nbsp;<a href=\\\"http:\\/\\/www.elektronik-forsikring.dk\\/\\\">www.elektronik-forsikring.dk<\\/a><\\/p>\\r\\n\\r\\n<p>Hjemmesiden&nbsp;<a href=\\\"http:\\/\\/www.elektronik-forsikring.dk\\/\\\">www.elektronik-forsikring.dk<\\/a>&nbsp;ejes og drives af Danrisk Forsikringsagentur APS, Havnevej 1, 4000 Roskilde, CVR.NR. 33953194<\\/p>\\r\\n\\r\\n\\r\\n\\r\\n<p>Betingelserne kan ikke \\u00e6ndres.<\\/p>\"}},\"new1\":{\"type\":\"block\",\"enabled\":\"1\",\"fields\":{\"headline\":\"Aftaleindg\\u00e5elser\",\"body\":\"<p>K\\u00f8ber skal ved k\\u00f8b acceptere kontantk\\u00f8bsbetingelserne. K\\u00f8ber opfordres til at l\\u00e6se betingelserne grundigt igennem og g\\u00f8re sig bekendt med de forpligtelser og rettigheder, som betingelserne giver. K\\u00f8ber f\\u00e5r en kopi af betingelser sammen med en bekr\\u00e6ftelse af bestillingen pr. e-mail.<\\/p>\"}}},\"33\":\"<p>Privat<\\/p>\",\"32\":\"Kontantk\\u00f8bsbetingelser\"}}', '2016-06-29 08:47:49', '2016-06-29 08:47:49', 'aca9616f-6726-412e-aba9-652c5b5479e9'),
 ('32', '196', '6', '1', 'da', '7', '', '{\"typeId\":\"6\",\"authorId\":null,\"title\":\"Betingelser\",\"slug\":\"betingelser\",\"postDate\":1467187635,\"expiryDate\":null,\"enabled\":1,\"parentId\":null,\"fields\":{\"34\":[\"203\"],\"1\":\"\",\"29\":{\"201\":{\"type\":\"block\",\"enabled\":\"1\",\"fields\":{\"headline\":\"Omfang\",\"body\":\"<p>N\\u00e6rv\\u00e6rende kontantk\\u00f8bsbetingelser er g\\u00e6ldende for k\\u00f8b af forsikring online p\\u00e5&nbsp;<a href=\\\"http:\\/\\/www.elektronik-forsikring.dk\\/\\\">www.elektronik-forsikring.dk<\\/a><\\/p>\\r\\n\\r\\n<p>Hjemmesiden&nbsp;<a href=\\\"http:\\/\\/www.elektronik-forsikring.dk\\/\\\">www.elektronik-forsikring.dk<\\/a>&nbsp;ejes og drives af Danrisk Forsikringsagentur APS, Havnevej 1, 4000 Roskilde, CVR.NR. 33953194<\\/p>\\r\\n\\r\\n\\r\\n\\r\\n\\r\\n\\r\\n<p>Betingelserne kan ikke \\u00e6ndres.<\\/p>\"}},\"202\":{\"type\":\"block\",\"enabled\":\"1\",\"fields\":{\"headline\":\"Aftaleindg\\u00e5elser\",\"body\":\"<p>K\\u00f8ber skal ved k\\u00f8b acceptere kontantk\\u00f8bsbetingelserne. K\\u00f8ber opfordres til at l\\u00e6se betingelserne grundigt igennem og g\\u00f8re sig bekendt med de forpligtelser og rettigheder, som betingelserne giver. K\\u00f8ber f\\u00e5r en kopi af betingelser sammen med en bekr\\u00e6ftelse af bestillingen pr. e-mail.<\\/p>\"}}},\"33\":\"<p>Privat<\\/p>\",\"32\":\"Kontantk\\u00f8bsbetingelser\",\"2\":\"\"}}', '2016-06-29 09:38:04', '2016-06-29 09:38:04', 'f8959bab-f067-4e9a-8430-1805123b19ec'),
 ('33', '180', '5', '1', 'da', '12', '', '{\"typeId\":\"5\",\"authorId\":null,\"title\":\"Koster den virkelig kun 99 kr.\\/md.?\",\"slug\":\"faq\",\"postDate\":1467195896,\"expiryDate\":null,\"enabled\":1,\"parentId\":null,\"fields\":{\"34\":\"\",\"1\":\"\",\"28\":\"betingelser\",\"33\":\"<p>Sp\\u00f8rgsm\\u00e5l &&nbsp;Svar<\\/p>\",\"32\":\"FAQ\",\"25\":\"Koster den virkelig kun 99 kr.\\/md.?\",\"26\":{\"182\":{\"type\":\"answer\",\"enabled\":\"1\",\"fields\":{\"answer\":\"<p>JA prisen \\u00e6ndrer sig ikke selvom man har flere skader<\\/p>\"}}},\"2\":\"\"}}', '2016-06-29 10:25:42', '2016-06-29 10:25:42', '0de2c715-f765-4cda-bf58-7b2760ca7862'),
 ('34', '180', '5', '1', 'da', '13', '', '{\"typeId\":\"5\",\"authorId\":null,\"title\":\"FAQ\",\"slug\":\"faq\",\"postDate\":1467195896,\"expiryDate\":null,\"enabled\":1,\"parentId\":null,\"fields\":{\"34\":[\"204\"],\"1\":\"\",\"28\":\"betingelser\",\"33\":\"<p>Sp\\u00f8rgsm\\u00e5l &&nbsp;Svar<\\/p>\",\"32\":\"FAQ\",\"25\":\"Koster den virkelig kun 99 kr.\\/md.?\",\"26\":{\"182\":{\"type\":\"answer\",\"enabled\":\"1\",\"fields\":{\"answer\":\"<p>JA prisen \\u00e6ndrer sig ikke selvom man har flere skader<\\/p>\"}}},\"2\":\"\"}}', '2016-06-29 10:28:37', '2016-06-29 10:28:37', '5f583941-bcff-402f-8642-c8acd7c15dd4');



DROP TABLE IF EXISTS `craft_fieldgroups`;


--
-- Schema for table `craft_fieldgroups`
--
CREATE TABLE `craft_fieldgroups` (
  `id` int(11) NOT NULL AUTO_INCREMENT,
  `name` varchar(255) COLLATE utf8_unicode_ci NOT NULL,
  `dateCreated` datetime NOT NULL,
  `dateUpdated` datetime NOT NULL,
  `uid` char(36) COLLATE utf8_unicode_ci NOT NULL DEFAULT '0',
  PRIMARY KEY (`id`),
  UNIQUE KEY `craft_fieldgroups_name_unq_idx` (`name`)
) ENGINE=InnoDB AUTO_INCREMENT=7 DEFAULT CHARSET=utf8 COLLATE=utf8_unicode_ci;

--
-- Data for table `craft_fieldgroups`
--

INSERT INTO `craft_fieldgroups` (`id`, `name`, `dateCreated`, `dateUpdated`, `uid`) VALUES
 ('1', 'Default', '2016-03-30 12:09:20', '2016-03-30 12:09:20', '3be9515e-0b4e-466c-8d68-49bc42f58972'),
 ('2', 'Bestil Elektronikforsikring', '2016-05-13 10:40:15', '2016-05-13 10:40:15', '66781a89-077b-425a-b83a-cd534b2b0b04'),
 ('3', 'Produkter', '2016-05-24 10:13:30', '2016-05-24 10:13:30', 'a602221d-65dd-496a-8c61-9c075e0460fb'),
 ('4', 'Undeside', '2016-06-22 11:14:02', '2016-06-22 11:14:02', '43f7131a-953b-4183-a5dc-03290a9e97c5'),
 ('5', 'FAQ', '2016-06-23 13:16:23', '2016-06-23 13:16:23', '8c6c6985-80c4-4ff1-8f73-bc78764a527a'),
 ('6', 'Betingelser', '2016-06-29 08:09:04', '2016-06-29 08:09:04', '4553e4cb-42ba-4f6c-bc88-63301cd8b3f9');



DROP TABLE IF EXISTS `craft_fieldlayoutfields`;


--
-- Schema for table `craft_fieldlayoutfields`
--
CREATE TABLE `craft_fieldlayoutfields` (
  `id` int(11) NOT NULL AUTO_INCREMENT,
  `layoutId` int(11) NOT NULL,
  `tabId` int(11) NOT NULL,
  `fieldId` int(11) NOT NULL,
  `required` tinyint(1) unsigned NOT NULL DEFAULT '0',
  `sortOrder` smallint(6) unsigned DEFAULT NULL,
  `dateCreated` datetime NOT NULL,
  `dateUpdated` datetime NOT NULL,
  `uid` char(36) COLLATE utf8_unicode_ci NOT NULL DEFAULT '0',
  PRIMARY KEY (`id`),
  UNIQUE KEY `craft_fieldlayoutfields_layoutId_fieldId_unq_idx` (`layoutId`,`fieldId`),
  KEY `craft_fieldlayoutfields_sortOrder_idx` (`sortOrder`),
  KEY `craft_fieldlayoutfields_tabId_fk` (`tabId`),
  KEY `craft_fieldlayoutfields_fieldId_fk` (`fieldId`)
) ENGINE=InnoDB AUTO_INCREMENT=220 DEFAULT CHARSET=utf8 COLLATE=utf8_unicode_ci;

--
-- Data for table `craft_fieldlayoutfields`
--

INSERT INTO `craft_fieldlayoutfields` (`id`, `layoutId`, `tabId`, `fieldId`, `required`, `sortOrder`, `dateCreated`, `dateUpdated`, `uid`) VALUES
 ('1', '3', '1', '1', '1', '1', '2016-03-30 12:09:21', '2016-03-30 12:09:21', 'dac4e7e1-60c5-43e6-af77-9c219df11aea'),
 ('2', '5', '2', '1', '1', '1', '2016-03-30 12:09:21', '2016-03-30 12:09:21', '438372f1-1949-4ee9-8252-4f65291c9c34'),
 ('3', '5', '2', '2', '0', '2', '2016-03-30 12:09:21', '2016-03-30 12:09:21', '7ed6d147-6ca6-4999-97d1-2b92c7672a4f'),
 ('77', '20', '18', '1', '0', '1', '2016-05-17 07:33:35', '2016-05-17 07:33:35', '158204ca-5398-4d90-ba3f-1f789db3569b'),
 ('78', '20', '18', '2', '0', '2', '2016-05-17 07:33:35', '2016-05-17 07:33:35', 'a03d7a8a-3f55-43db-97ce-315f13cc99d7'),
 ('115', '25', '23', '4', '1', '1', '2016-05-23 10:54:28', '2016-05-23 10:54:28', '327eaafd-242f-4e36-a127-66b19ad0e6dc'),
 ('116', '25', '23', '5', '1', '2', '2016-05-23 10:54:28', '2016-05-23 10:54:28', '687f05d7-521b-47fd-b30f-80b21a797069'),
 ('117', '25', '23', '7', '1', '3', '2016-05-23 10:54:28', '2016-05-23 10:54:28', '6461068d-65a1-4c15-a120-7025f7080a15'),
 ('118', '25', '23', '6', '1', '4', '2016-05-23 10:54:28', '2016-05-23 10:54:28', '80d0f26e-ec20-4889-b883-9208d7535316'),
 ('119', '25', '23', '11', '1', '5', '2016-05-23 10:54:28', '2016-05-23 10:54:28', '02143e29-8ccf-4932-9e76-51ba57a419a2'),
 ('120', '25', '23', '12', '1', '6', '2016-05-23 10:54:28', '2016-05-23 10:54:28', '69f466b8-4371-485b-8f48-ec521ac35652'),
 ('121', '25', '23', '9', '1', '7', '2016-05-23 10:54:28', '2016-05-23 10:54:28', '8b13ec43-885b-4f57-9072-871be9fd44bf'),
 ('122', '25', '23', '10', '1', '8', '2016-05-23 10:54:28', '2016-05-23 10:54:28', '2b77cd56-3f6e-47c5-83da-4014db380cae'),
 ('132', '47', '30', '15', '0', '1', '2016-05-26 12:03:51', '2016-05-26 12:03:51', '8dc040bd-2d29-4db2-9e48-9fcad8f4da61'),
 ('133', '47', '30', '16', '0', '2', '2016-05-26 12:03:51', '2016-05-26 12:03:51', '9ee5a4d8-59d3-4b75-b62f-18ed77f6ae02'),
 ('134', '47', '30', '17', '0', '3', '2016-05-26 12:03:51', '2016-05-26 12:03:51', '89476e1f-e3c1-47bf-8522-dc85cd8c5bb6'),
 ('138', '53', '34', '18', '0', '1', '2016-06-01 18:39:26', '2016-06-01 18:39:26', '26d1c96a-b582-4cb2-8120-961e639aa60d'),
 ('158', '68', '47', '27', '0', '1', '2016-06-23 13:53:35', '2016-06-23 13:53:35', 'faad7613-4d1a-49c4-ab29-9c05e2c21fa1'),
 ('181', '82', '58', '30', '0', '1', '2016-06-29 08:24:18', '2016-06-29 08:24:18', '5ea92620-157c-48e7-98c6-c5cfafbf1f5e'),
 ('182', '82', '58', '31', '0', '2', '2016-06-29 08:24:18', '2016-06-29 08:24:18', '39013fcd-25f5-4f46-aab2-647bb9c8dae5'),
 ('190', '85', '61', '1', '0', '1', '2016-06-29 09:37:39', '2016-06-29 09:37:39', '45b534f3-7623-4b53-b727-1ee1412ac826'),
 ('191', '85', '61', '29', '0', '2', '2016-06-29 09:37:39', '2016-06-29 09:37:39', '9032b2cc-8d00-42ed-a11d-0437835d2b28'),
 ('192', '85', '62', '32', '0', '1', '2016-06-29 09:37:39', '2016-06-29 09:37:39', '8a553afb-8f7a-432c-a77e-f6509c1451b1'),
 ('193', '85', '62', '33', '0', '2', '2016-06-29 09:37:39', '2016-06-29 09:37:39', 'f7d82315-ff9d-4418-8a71-36fa093a0be6'),
 ('194', '85', '62', '34', '0', '3', '2016-06-29 09:37:39', '2016-06-29 09:37:39', '8a7f8962-de69-4b93-be22-e4ddf9cafffc'),
 ('195', '85', '62', '2', '0', '4', '2016-06-29 09:37:39', '2016-06-29 09:37:39', '156977a9-dafe-460d-9392-a597c7cd52fb'),
 ('212', '90', '67', '28', '0', '1', '2016-06-29 10:27:08', '2016-06-29 10:27:08', 'f25ab3df-6552-48c1-b6e5-fd7a06a0ba41'),
 ('213', '90', '67', '25', '0', '2', '2016-06-29 10:27:08', '2016-06-29 10:27:08', '910fbeb8-863f-4c07-a911-218998bd05b6'),
 ('214', '90', '67', '26', '0', '3', '2016-06-29 10:27:08', '2016-06-29 10:27:08', 'a3358e64-3654-4243-80ea-f2169906c603'),
 ('215', '90', '68', '34', '0', '1', '2016-06-29 10:27:08', '2016-06-29 10:27:08', '8d4c6d64-f770-4e8e-b7ee-2841eb6c7eca'),
 ('216', '90', '68', '32', '0', '2', '2016-06-29 10:27:08', '2016-06-29 10:27:08', '73c039fd-4283-4958-ba58-2df6349424e1'),
 ('217', '90', '68', '33', '0', '3', '2016-06-29 10:27:08', '2016-06-29 10:27:08', '432b261c-ede8-4bba-8937-e09fc5691f9c'),
 ('218', '90', '68', '1', '0', '4', '2016-06-29 10:27:08', '2016-06-29 10:27:08', '0a31498e-de91-4116-8e9f-5e8aa5a317cf'),
 ('219', '90', '68', '2', '0', '5', '2016-06-29 10:27:08', '2016-06-29 10:27:08', '4488938d-9910-4492-bcd0-3c05b08ba692');



DROP TABLE IF EXISTS `craft_fieldlayouts`;


--
-- Schema for table `craft_fieldlayouts`
--
CREATE TABLE `craft_fieldlayouts` (
  `id` int(11) NOT NULL AUTO_INCREMENT,
  `type` varchar(150) COLLATE utf8_unicode_ci NOT NULL,
  `dateCreated` datetime NOT NULL,
  `dateUpdated` datetime NOT NULL,
  `uid` char(36) COLLATE utf8_unicode_ci NOT NULL DEFAULT '0',
  PRIMARY KEY (`id`),
  KEY `craft_fieldlayouts_type_idx` (`type`)
) ENGINE=InnoDB AUTO_INCREMENT=91 DEFAULT CHARSET=utf8 COLLATE=utf8_unicode_ci;

--
-- Data for table `craft_fieldlayouts`
--

INSERT INTO `craft_fieldlayouts` (`id`, `type`, `dateCreated`, `dateUpdated`, `uid`) VALUES
 ('1', 'Tag', '2016-03-30 12:09:20', '2016-03-30 12:09:20', 'f5e4dfd6-ff41-4602-9eab-8baf8ebeba9e'),
 ('3', 'Entry', '2016-03-30 12:09:21', '2016-03-30 12:09:21', '32a68e16-57d3-457b-96b4-5c055c2c19a4'),
 ('5', 'Entry', '2016-03-30 12:09:21', '2016-03-30 12:09:21', 'd31954c9-04f9-4de5-9db0-b21447efaf7f'),
 ('20', 'Entry', '2016-05-17 07:33:35', '2016-05-17 07:33:35', 'ef56a9c4-0f85-4894-ad72-3775b177653f'),
 ('25', 'Asset', '2016-05-23 10:54:28', '2016-05-23 10:54:28', '2631e6f2-04c4-4711-a05f-0636c88cf989'),
 ('27', 'Commerce_Product', '2016-05-24 09:30:02', '2016-05-24 09:30:02', 'fa2f623c-3545-4c71-92d7-e38fea3905b8'),
 ('28', 'Commerce_Variant', '2016-05-24 09:30:02', '2016-05-24 09:30:02', 'c508812a-cc7e-469c-8370-47b13c2cc81e'),
 ('47', 'Commerce_Product', '2016-05-26 12:03:51', '2016-05-26 12:03:51', '7738ca05-7afb-495b-a7bc-ebdf1161f876'),
 ('48', 'Commerce_Variant', '2016-05-26 12:03:51', '2016-05-26 12:03:51', '5080e98c-c6d7-42cd-9a9b-1470bc6c3e16'),
 ('53', 'GlobalSet', '2016-06-01 18:39:26', '2016-06-01 18:39:26', 'fb9d68da-efe9-4b11-8866-a774d80f9e57'),
 ('54', 'Entry', '2016-06-22 11:13:43', '2016-06-22 11:13:43', '43e3780d-a95f-41d0-8f23-0e1e0c8beb28'),
 ('68', 'MatrixBlock', '2016-06-23 13:53:35', '2016-06-23 13:53:35', 'a9bb4768-5f25-4e5a-bf95-77e57597ec04'),
 ('72', 'Commerce_Order', '2016-06-27 12:34:37', '2016-06-27 12:34:37', 'de30c865-2a95-454e-a614-943d2ad4d854'),
 ('82', 'MatrixBlock', '2016-06-29 08:24:18', '2016-06-29 08:24:18', 'd7819e65-9e56-4756-aace-f9b2d3662743'),
 ('85', 'Entry', '2016-06-29 09:37:39', '2016-06-29 09:37:39', '8eb6de66-8999-4739-8030-cb7707696de5'),
 ('87', 'Asset', '2016-06-29 09:54:17', '2016-06-29 09:54:17', '31da74e7-c384-4990-ad18-46ebe7ba8a40'),
 ('90', 'Entry', '2016-06-29 10:27:08', '2016-06-29 10:27:08', 'd2bb9b53-7a92-4350-9289-6aea79c1427e');



DROP TABLE IF EXISTS `craft_fieldlayouttabs`;


--
-- Schema for table `craft_fieldlayouttabs`
--
CREATE TABLE `craft_fieldlayouttabs` (
  `id` int(11) NOT NULL AUTO_INCREMENT,
  `layoutId` int(11) NOT NULL,
  `name` varchar(255) COLLATE utf8_unicode_ci NOT NULL,
  `sortOrder` smallint(6) unsigned DEFAULT NULL,
  `dateCreated` datetime NOT NULL,
  `dateUpdated` datetime NOT NULL,
  `uid` char(36) COLLATE utf8_unicode_ci NOT NULL DEFAULT '0',
  PRIMARY KEY (`id`),
  KEY `craft_fieldlayouttabs_sortOrder_idx` (`sortOrder`),
  KEY `craft_fieldlayouttabs_layoutId_fk` (`layoutId`)
) ENGINE=InnoDB AUTO_INCREMENT=69 DEFAULT CHARSET=utf8 COLLATE=utf8_unicode_ci;

--
-- Data for table `craft_fieldlayouttabs`
--

INSERT INTO `craft_fieldlayouttabs` (`id`, `layoutId`, `name`, `sortOrder`, `dateCreated`, `dateUpdated`, `uid`) VALUES
 ('1', '3', 'Content', '1', '2016-03-30 12:09:21', '2016-03-30 12:09:21', '33861d95-136c-4961-b6ad-008584692d7a'),
 ('2', '5', 'Content', '1', '2016-03-30 12:09:21', '2016-03-30 12:09:21', 'f198721c-227f-45a3-8f11-a57514c6d47d'),
 ('18', '20', 'Default', '1', '2016-05-17 07:33:35', '2016-05-17 07:33:35', '6a754037-5be0-4c92-8c7e-739766a19f34'),
 ('23', '25', 'Bestil Elektronikforsikring', '1', '2016-05-23 10:54:28', '2016-05-23 10:54:28', '75409b92-eeb7-4eba-b76f-2c55231c5a27'),
 ('30', '47', 'Produkt informationer', '1', '2016-05-26 12:03:51', '2016-05-26 12:03:51', 'ca495776-e6e8-4b17-8a8b-4a8e97edc1ca'),
 ('34', '53', 'Indhold', '1', '2016-06-01 18:39:26', '2016-06-01 18:39:26', 'b24c1e53-a65b-4ac1-b611-2f3831b0f50d'),
 ('47', '68', 'Content', '1', '2016-06-23 13:53:35', '2016-06-23 13:53:35', '31f3a039-261e-4ebc-a9e3-a55dbd1ce52a'),
 ('58', '82', 'Content', '1', '2016-06-29 08:24:18', '2016-06-29 08:24:18', '04a2cb1c-30fc-4c98-8f17-c13534534583'),
 ('61', '85', 'Betingelser', '1', '2016-06-29 09:37:39', '2016-06-29 09:37:39', 'bd5684f0-2297-4a4e-a0d6-6ab79ae8b9ca'),
 ('62', '85', 'Default', '2', '2016-06-29 09:37:39', '2016-06-29 09:37:39', '1c1a415f-030e-49e9-88ce-89b199136c8b'),
 ('67', '90', 'FAQ', '1', '2016-06-29 10:27:08', '2016-06-29 10:27:08', '37822141-3422-40d0-b132-6033e72a911f'),
 ('68', '90', 'Default', '2', '2016-06-29 10:27:08', '2016-06-29 10:27:08', '5260a5d4-b866-4afd-b800-225705988055');



DROP TABLE IF EXISTS `craft_fields`;


--
-- Schema for table `craft_fields`
--
CREATE TABLE `craft_fields` (
  `id` int(11) NOT NULL AUTO_INCREMENT,
  `groupId` int(11) DEFAULT NULL,
  `name` varchar(255) COLLATE utf8_unicode_ci NOT NULL,
  `handle` varchar(58) COLLATE utf8_unicode_ci NOT NULL,
  `context` varchar(255) COLLATE utf8_unicode_ci NOT NULL DEFAULT 'global',
  `instructions` text COLLATE utf8_unicode_ci,
  `translatable` tinyint(1) unsigned NOT NULL DEFAULT '0',
  `type` varchar(150) COLLATE utf8_unicode_ci NOT NULL,
  `settings` text COLLATE utf8_unicode_ci,
  `dateCreated` datetime NOT NULL,
  `dateUpdated` datetime NOT NULL,
  `uid` char(36) COLLATE utf8_unicode_ci NOT NULL DEFAULT '0',
  PRIMARY KEY (`id`),
  UNIQUE KEY `craft_fields_handle_context_unq_idx` (`handle`,`context`),
  KEY `craft_fields_context_idx` (`context`),
  KEY `craft_fields_groupId_fk` (`groupId`)
) ENGINE=InnoDB AUTO_INCREMENT=35 DEFAULT CHARSET=utf8 COLLATE=utf8_unicode_ci;

--
-- Data for table `craft_fields`
--

INSERT INTO `craft_fields` (`id`, `groupId`, `name`, `handle`, `context`, `instructions`, `translatable`, `type`, `settings`, `dateCreated`, `dateUpdated`, `uid`) VALUES
 ('1', '1', 'Body', 'body', 'global', '', '0', 'RichText', '{\"configFile\":\"Standard.json\",\"availableAssetSources\":\"*\",\"availableTransforms\":\"*\",\"cleanupHtml\":\"1\",\"purifyHtml\":\"1\",\"columnType\":\"text\"}', '2016-03-30 12:09:20', '2016-06-29 08:16:37', 'e37b855d-82cd-45f3-9be1-ab5898017711'),
 ('2', '1', 'Tags', 'tags', 'global', NULL, '0', 'Tags', '{\"source\":\"taggroup:1\"}', '2016-03-30 12:09:20', '2016-03-30 12:09:20', '5a25bbef-24c5-40d6-928a-d051f07ec43e'),
 ('4', '2', 'Fornavn', 'efFirstname', 'global', '', '0', 'PlainText', '{\"placeholder\":\"Fornavn\",\"maxLength\":\"\",\"multiline\":\"\",\"initialRows\":\"4\"}', '2016-05-13 10:42:03', '2016-05-23 09:32:42', 'e44398e5-c1f8-4b10-b0b0-b2c80599f5b8'),
 ('5', '2', 'Efternavn', 'efLastname', 'global', '', '0', 'PlainText', '{\"placeholder\":\"Efternavn\",\"maxLength\":\"\",\"multiline\":\"\",\"initialRows\":\"4\"}', '2016-05-13 10:42:09', '2016-05-13 16:51:31', '9f78d0ac-e824-4277-a34b-73081fe3b0bd'),
 ('6', '2', 'Vejnavn', 'adresse', 'global', '', '0', 'PlainText', '{\"placeholder\":\"Adresse\",\"maxLength\":\"\",\"multiline\":\"\",\"initialRows\":\"4\"}', '2016-05-13 15:33:42', '2016-05-13 15:55:33', 'e92f6282-0dba-4d0b-9ee9-6e2aa2da5265'),
 ('7', '2', 'Postnr. By', 'postnr', 'global', '', '0', 'PlainText', '{\"placeholder\":\"Postnr.\",\"maxLength\":\"\",\"multiline\":\"\",\"initialRows\":\"4\"}', '2016-05-13 15:34:16', '2016-05-23 09:36:01', 'ec41e2f3-8473-4bb3-bcb0-d8341698e993'),
 ('9', '2', 'E-mail', 'eMail', 'global', '', '0', 'Commerce_Customer', NULL, '2016-05-13 15:34:39', '2016-06-27 12:30:32', '8c3778c2-3b1b-4a79-a757-19eacfa5f2fd'),
 ('10', '2', 'Bekræft Email', 'bekraeftEmail', 'global', '', '0', 'PlainText', '{\"placeholder\":\"Bekr\\u00e6ft E-mail\",\"maxLength\":\"\",\"multiline\":\"\",\"initialRows\":\"4\"}', '2016-05-13 16:44:41', '2016-05-13 16:44:41', '974876b2-b827-436f-941b-7a82f8cfdb48'),
 ('11', '2', 'Nr. ', 'vejnr', 'global', '', '0', 'PlainText', '{\"placeholder\":\"Nr.\",\"maxLength\":\"\",\"multiline\":\"\",\"initialRows\":\"4\"}', '2016-05-13 16:46:07', '2016-05-13 16:51:40', '44086d00-316a-40e4-a004-73bc0b0098a8'),
 ('12', '2', 'Telefonnr.', 'telefonnr', 'global', '', '0', 'PlainText', '{\"placeholder\":\"Telefonnr.\",\"maxLength\":\"\",\"multiline\":\"\",\"initialRows\":\"4\"}', '2016-05-13 16:46:47', '2016-05-13 18:05:10', 'b4ef4de8-d1c9-4c44-86c9-9933840f0029'),
 ('13', '2', 'Newsletter', 'newsletter', 'global', '', '0', 'Checkboxes', '{\"options\":[{\"label\":\"\",\"value\":\"\",\"default\":\"1\"}]}', '2016-05-13 18:27:59', '2016-05-13 18:27:59', '87efa69e-9a0c-4267-a67a-816bbde4bdab'),
 ('15', '3', 'Produkt Beskrivelse', 'produktBeskrivelse', 'global', '', '0', 'RichText', '{\"configFile\":\"\",\"availableAssetSources\":\"*\",\"availableTransforms\":\"*\",\"cleanupHtml\":\"1\",\"purifyHtml\":\"1\",\"columnType\":\"text\"}', '2016-05-24 10:15:23', '2016-05-24 10:15:23', 'f65438b3-1707-4fba-bb45-1c2cf041b1fb'),
 ('16', '2', 'Product Images', 'productImages', 'global', '', '0', 'Assets', '{\"useSingleFolder\":\"\",\"sources\":\"*\",\"defaultUploadLocationSource\":\"1\",\"defaultUploadLocationSubpath\":\"\",\"singleUploadLocationSource\":\"1\",\"singleUploadLocationSubpath\":\"\",\"restrictFiles\":\"\",\"limit\":\"\",\"viewMode\":\"list\",\"selectionLabel\":\"\"}', '2016-05-26 12:01:01', '2016-05-26 12:01:01', '63ece054-2be7-4ddb-a53a-9183639c0d62'),
 ('17', '2', 'Abonnement', 'abonnement', 'global', '', '0', 'Lightswitch', '{\"default\":\"\"}', '2016-05-26 12:03:00', '2016-05-26 12:03:00', 'b62bb08a-36e4-4f5a-901c-f0f88f3d924d'),
 ('18', '2', 'Supplier', 'supplier', 'global', '', '0', 'Table', '{\"columns\":{\"col5\":{\"heading\":\"supplier\",\"handle\":\"supplier\",\"width\":\"\",\"type\":\"singleline\"},\"col6\":{\"heading\":\"id\",\"handle\":\"id\",\"width\":\"\",\"type\":\"singleline\"}},\"defaults\":{\"row3\":{\"col5\":\"Bilka\",\"col6\":\"1\"},\"row4\":{\"col5\":\"F\\u00f8tex\",\"col6\":\"2\"},\"row1\":{\"col5\":\"Wupti\",\"col6\":\"3\"},\"row2\":{\"col5\":\"Andet\",\"col6\":\"4\"}}}', '2016-06-01 13:40:26', '2016-06-27 21:36:07', '45dec9e9-efa7-485e-8acb-841b86533832'),
 ('25', '5', 'Spørgsmål', 'question', 'global', '', '0', 'PlainText', '{\"placeholder\":\"\",\"maxLength\":\"\",\"multiline\":\"\",\"initialRows\":\"4\"}', '2016-06-23 13:46:08', '2016-06-23 13:46:08', 'b709358f-ac90-40b5-accc-fa5e680fe906'),
 ('26', '5', 'Svar', 'answer', 'global', '', '0', 'Matrix', '{\"maxBlocks\":null}', '2016-06-23 13:46:57', '2016-06-23 13:53:35', '23ae2cf4-c54b-460f-8e21-79d6f9c7d5ce'),
 ('27', NULL, 'Svar', 'answer', 'matrixBlockType:4', '', '0', 'RichText', '{\"configFile\":\"\",\"availableAssetSources\":\"*\",\"availableTransforms\":\"*\",\"cleanupHtml\":\"1\",\"purifyHtml\":\"1\",\"columnType\":\"text\"}', '2016-06-23 13:46:57', '2016-06-23 13:53:35', '917ad006-fd84-4a52-92bb-f7c897b08c83'),
 ('28', '5', 'Kategori', 'categori', 'global', '', '0', 'Dropdown', '{\"options\":[{\"label\":\"Fordele\",\"value\":\"fordele\",\"default\":\"\"},{\"label\":\"Pris\",\"value\":\"pris\",\"default\":\"\"},{\"label\":\"Betingelser\",\"value\":\"betingelser\",\"default\":\"\"},{\"label\":\"Skade\",\"value\":\"skade\",\"default\":\"\"},{\"label\":\"D\\u00e6kning\",\"value\":\"daekning\",\"default\":\"\"},{\"label\":\"Andet\",\"value\":\"andet\",\"default\":\"\"}]}', '2016-06-24 07:02:38', '2016-06-24 07:29:16', '93c9e49a-7afb-49e1-ab6a-4276488f0796'),
 ('29', '6', 'Sektion', 'sektion', 'global', '', '0', 'Matrix', '{\"maxBlocks\":null}', '2016-06-29 08:10:20', '2016-06-29 08:24:17', '87c7f4a2-4a0b-41db-960a-f96e57fba2eb'),
 ('30', NULL, 'Overskrift', 'headline', 'matrixBlockType:5', '', '0', 'PlainText', '{\"placeholder\":\"\",\"maxLength\":\"\",\"multiline\":\"\",\"initialRows\":\"4\"}', '2016-06-29 08:10:20', '2016-06-29 08:24:17', 'eae8a584-ca23-4a16-b8d7-e0eed24649b0'),
 ('31', NULL, 'Indhold', 'body', 'matrixBlockType:5', '', '0', 'RichText', '{\"configFile\":\"\",\"availableAssetSources\":\"*\",\"availableTransforms\":\"*\",\"cleanupHtml\":\"1\",\"purifyHtml\":\"1\",\"columnType\":\"text\"}', '2016-06-29 08:10:20', '2016-06-29 08:24:18', 'bddd5c58-6de7-42f9-acd7-b6f798015242'),
 ('32', '1', 'Side titel', 'pageTitle', 'global', '', '0', 'PlainText', '{\"placeholder\":\"\",\"maxLength\":\"\",\"multiline\":\"\",\"initialRows\":\"4\"}', '2016-06-29 08:12:51', '2016-06-29 08:18:15', '2989ea70-b71b-434f-a8cf-5e4febbd37b1'),
 ('33', '1', 'Side Teaser', 'pageTeaser', 'global', '', '0', 'RichText', '{\"configFile\":\"\",\"availableAssetSources\":\"*\",\"availableTransforms\":\"*\",\"cleanupHtml\":\"1\",\"purifyHtml\":\"1\",\"columnType\":\"text\"}', '2016-06-29 08:18:03', '2016-06-29 08:18:03', '2f056995-4930-43bf-887d-a170712df93f'),
 ('34', '1', 'Baggrundsbillede ', 'backgroundImage', 'global', '', '0', 'Assets', '{\"useSingleFolder\":\"\",\"sources\":\"*\",\"defaultUploadLocationSource\":\"1\",\"defaultUploadLocationSubpath\":\"\",\"singleUploadLocationSource\":\"1\",\"singleUploadLocationSubpath\":\"\",\"restrictFiles\":\"1\",\"allowedKinds\":[\"image\"],\"limit\":\"\",\"viewMode\":\"list\",\"selectionLabel\":\"\"}', '2016-06-29 09:33:19', '2016-06-29 09:37:12', 'b3b1c6ca-1ca6-4567-8a27-07857a6efd34');



DROP TABLE IF EXISTS `craft_globalsets`;


--
-- Schema for table `craft_globalsets`
--
CREATE TABLE `craft_globalsets` (
  `id` int(11) NOT NULL,
  `name` varchar(255) COLLATE utf8_unicode_ci NOT NULL,
  `handle` varchar(255) COLLATE utf8_unicode_ci NOT NULL,
  `fieldLayoutId` int(10) DEFAULT NULL,
  `dateCreated` datetime NOT NULL,
  `dateUpdated` datetime NOT NULL,
  `uid` char(36) COLLATE utf8_unicode_ci NOT NULL DEFAULT '0',
  PRIMARY KEY (`id`),
  UNIQUE KEY `craft_globalsets_name_unq_idx` (`name`),
  UNIQUE KEY `craft_globalsets_handle_unq_idx` (`handle`),
  KEY `craft_globalsets_fieldLayoutId_fk` (`fieldLayoutId`)
) ENGINE=InnoDB DEFAULT CHARSET=utf8 COLLATE=utf8_unicode_ci;

--
-- Data for table `craft_globalsets`
--

INSERT INTO `craft_globalsets` (`id`, `name`, `handle`, `fieldLayoutId`, `dateCreated`, `dateUpdated`, `uid`) VALUES
 ('130', 'Suppliers', 'suppliers', '53', '2016-06-01 13:39:24', '2016-06-01 18:39:26', '3c1c8885-8f07-4443-b858-d91f32db5db2');



DROP TABLE IF EXISTS `craft_info`;


--
-- Schema for table `craft_info`
--
CREATE TABLE `craft_info` (
  `id` int(11) NOT NULL AUTO_INCREMENT,
  `version` varchar(15) COLLATE utf8_unicode_ci NOT NULL,
  `build` int(11) unsigned NOT NULL,
  `schemaVersion` varchar(15) COLLATE utf8_unicode_ci NOT NULL,
  `releaseDate` datetime NOT NULL,
  `edition` tinyint(1) unsigned NOT NULL DEFAULT '0',
  `siteName` varchar(100) COLLATE utf8_unicode_ci NOT NULL,
  `siteUrl` varchar(255) COLLATE utf8_unicode_ci NOT NULL,
  `timezone` varchar(30) COLLATE utf8_unicode_ci DEFAULT NULL,
  `on` tinyint(1) unsigned NOT NULL DEFAULT '0',
  `maintenance` tinyint(1) unsigned NOT NULL DEFAULT '0',
  `track` varchar(40) COLLATE utf8_unicode_ci NOT NULL,
  `dateCreated` datetime NOT NULL,
  `dateUpdated` datetime NOT NULL,
  `uid` char(36) COLLATE utf8_unicode_ci NOT NULL DEFAULT '0',
  PRIMARY KEY (`id`)
) ENGINE=InnoDB AUTO_INCREMENT=2 DEFAULT CHARSET=utf8 COLLATE=utf8_unicode_ci;

--
-- Data for table `craft_info`
--

INSERT INTO `craft_info` (`id`, `version`, `build`, `schemaVersion`, `releaseDate`, `edition`, `siteName`, `siteUrl`, `timezone`, `on`, `maintenance`, `track`, `dateCreated`, `dateUpdated`, `uid`) VALUES
 ('1', '2.6', '2791', '2.6.5', '2016-06-07 21:19:08', '2', 'Elektronikforsikring', 'http://ef.18digital.dev', 'Europe/Copenhagen', '1', '1', 'stable', '2016-03-30 12:09:16', '2016-06-29 10:36:04', '81bf3a99-8d20-4d54-8cfa-38f415fb221b');



DROP TABLE IF EXISTS `craft_locales`;


--
-- Schema for table `craft_locales`
--
CREATE TABLE `craft_locales` (
  `locale` char(12) COLLATE utf8_unicode_ci NOT NULL,
  `sortOrder` smallint(6) unsigned DEFAULT NULL,
  `dateCreated` datetime NOT NULL,
  `dateUpdated` datetime NOT NULL,
  `uid` char(36) COLLATE utf8_unicode_ci NOT NULL DEFAULT '0',
  PRIMARY KEY (`locale`),
  KEY `craft_locales_sortOrder_idx` (`sortOrder`)
) ENGINE=InnoDB DEFAULT CHARSET=utf8 COLLATE=utf8_unicode_ci;

--
-- Data for table `craft_locales`
--

INSERT INTO `craft_locales` (`locale`, `sortOrder`, `dateCreated`, `dateUpdated`, `uid`) VALUES
 ('da', '1', '2016-03-30 12:09:16', '2016-03-30 12:09:16', 'bbc1a0a5-9dea-4f6c-8e9d-a80f8c02b7ad');



DROP TABLE IF EXISTS `craft_matrixblocks`;


--
-- Schema for table `craft_matrixblocks`
--
CREATE TABLE `craft_matrixblocks` (
  `id` int(11) NOT NULL,
  `ownerId` int(11) NOT NULL,
  `fieldId` int(11) NOT NULL,
  `typeId` int(11) DEFAULT NULL,
  `sortOrder` smallint(6) unsigned DEFAULT NULL,
  `ownerLocale` char(12) COLLATE utf8_unicode_ci DEFAULT NULL,
  `dateCreated` datetime NOT NULL,
  `dateUpdated` datetime NOT NULL,
  `uid` char(36) COLLATE utf8_unicode_ci NOT NULL DEFAULT '0',
  PRIMARY KEY (`id`),
  KEY `craft_matrixblocks_ownerId_idx` (`ownerId`),
  KEY `craft_matrixblocks_fieldId_idx` (`fieldId`),
  KEY `craft_matrixblocks_typeId_idx` (`typeId`),
  KEY `craft_matrixblocks_sortOrder_idx` (`sortOrder`),
  KEY `craft_matrixblocks_ownerLocale_fk` (`ownerLocale`)
) ENGINE=InnoDB DEFAULT CHARSET=utf8 COLLATE=utf8_unicode_ci;

--
-- Data for table `craft_matrixblocks`
--

INSERT INTO `craft_matrixblocks` (`id`, `ownerId`, `fieldId`, `typeId`, `sortOrder`, `ownerLocale`, `dateCreated`, `dateUpdated`, `uid`) VALUES
 ('182', '180', '26', '4', '1', NULL, '2016-06-23 13:48:19', '2016-06-29 10:28:37', 'fb4c7307-aa40-429b-a6c6-3461eba1ffdd'),
 ('201', '196', '29', '5', '1', NULL, '2016-06-29 08:30:00', '2016-06-29 09:38:04', 'efca7ef1-9904-4180-9f0e-e6aa654584f4'),
 ('202', '196', '29', '5', '2', NULL, '2016-06-29 08:47:49', '2016-06-29 09:38:04', '4f50d259-faa9-4d51-ae53-046cd82c0ec3');



DROP TABLE IF EXISTS `craft_matrixblocktypes`;


--
-- Schema for table `craft_matrixblocktypes`
--
CREATE TABLE `craft_matrixblocktypes` (
  `id` int(11) NOT NULL AUTO_INCREMENT,
  `fieldId` int(11) NOT NULL,
  `fieldLayoutId` int(11) DEFAULT NULL,
  `name` varchar(255) COLLATE utf8_unicode_ci NOT NULL,
  `handle` varchar(255) COLLATE utf8_unicode_ci NOT NULL,
  `sortOrder` smallint(6) unsigned DEFAULT NULL,
  `dateCreated` datetime NOT NULL,
  `dateUpdated` datetime NOT NULL,
  `uid` char(36) COLLATE utf8_unicode_ci NOT NULL DEFAULT '0',
  PRIMARY KEY (`id`),
  UNIQUE KEY `craft_matrixblocktypes_name_fieldId_unq_idx` (`name`,`fieldId`),
  UNIQUE KEY `craft_matrixblocktypes_handle_fieldId_unq_idx` (`handle`,`fieldId`),
  KEY `craft_matrixblocktypes_fieldId_fk` (`fieldId`),
  KEY `craft_matrixblocktypes_fieldLayoutId_fk` (`fieldLayoutId`)
) ENGINE=InnoDB AUTO_INCREMENT=6 DEFAULT CHARSET=utf8 COLLATE=utf8_unicode_ci;

--
-- Data for table `craft_matrixblocktypes`
--

INSERT INTO `craft_matrixblocktypes` (`id`, `fieldId`, `fieldLayoutId`, `name`, `handle`, `sortOrder`, `dateCreated`, `dateUpdated`, `uid`) VALUES
 ('4', '26', '68', 'Svar', 'answer', '1', '2016-06-23 13:46:57', '2016-06-23 13:53:35', '9e8ac349-9472-4456-9227-821adc8bc25a'),
 ('5', '29', '82', 'block', 'block', '1', '2016-06-29 08:10:20', '2016-06-29 08:24:18', '69221a94-e70b-47b5-a796-5543e3ce11ef');



DROP TABLE IF EXISTS `craft_matrixcontent_answer`;


--
-- Schema for table `craft_matrixcontent_answer`
--
CREATE TABLE `craft_matrixcontent_answer` (
  `id` int(11) NOT NULL AUTO_INCREMENT,
  `elementId` int(11) NOT NULL,
  `locale` char(12) COLLATE utf8_unicode_ci NOT NULL,
  `field_answer_answer` text COLLATE utf8_unicode_ci,
  `dateCreated` datetime NOT NULL,
  `dateUpdated` datetime NOT NULL,
  `uid` char(36) COLLATE utf8_unicode_ci NOT NULL DEFAULT '0',
  PRIMARY KEY (`id`),
  UNIQUE KEY `craft_matrixcontent_answer_elementId_locale_unq_idx` (`elementId`,`locale`),
  KEY `craft_matrixcontent_answer_locale_fk` (`locale`)
) ENGINE=InnoDB AUTO_INCREMENT=6 DEFAULT CHARSET=utf8 COLLATE=utf8_unicode_ci;

--
-- Data for table `craft_matrixcontent_answer`
--

INSERT INTO `craft_matrixcontent_answer` (`id`, `elementId`, `locale`, `field_answer_answer`, `dateCreated`, `dateUpdated`, `uid`) VALUES
 ('1', '182', 'da', '<p>JA prisen ændrer sig ikke selvom man har flere skader</p>', '2016-06-23 13:48:19', '2016-06-29 10:28:37', 'ef1cbb30-78de-4e66-ad45-a1a665bf3c26');



DROP TABLE IF EXISTS `craft_matrixcontent_sektion`;


--
-- Schema for table `craft_matrixcontent_sektion`
--
CREATE TABLE `craft_matrixcontent_sektion` (
  `id` int(11) NOT NULL AUTO_INCREMENT,
  `elementId` int(11) NOT NULL,
  `locale` char(12) COLLATE utf8_unicode_ci NOT NULL,
  `field_block_headline` text COLLATE utf8_unicode_ci,
  `field_block_body` text COLLATE utf8_unicode_ci,
  `dateCreated` datetime NOT NULL,
  `dateUpdated` datetime NOT NULL,
  `uid` char(36) COLLATE utf8_unicode_ci NOT NULL DEFAULT '0',
  PRIMARY KEY (`id`),
  UNIQUE KEY `craft_matrixcontent_sektion_elementId_locale_unq_idx` (`elementId`,`locale`),
  KEY `craft_matrixcontent_sektion_locale_fk` (`locale`)
) ENGINE=InnoDB AUTO_INCREMENT=7 DEFAULT CHARSET=utf8 COLLATE=utf8_unicode_ci;

--
-- Data for table `craft_matrixcontent_sektion`
--

INSERT INTO `craft_matrixcontent_sektion` (`id`, `elementId`, `locale`, `field_block_headline`, `field_block_body`, `dateCreated`, `dateUpdated`, `uid`) VALUES
 ('5', '201', 'da', 'Omfang', '<p>Nærværende kontantkøbsbetingelser er gældende for køb af forsikring online på <a href=\"http://www.elektronik-forsikring.dk/\">www.elektronik-forsikring.dk</a></p>\n\n<p>Hjemmesiden <a href=\"http://www.elektronik-forsikring.dk/\">www.elektronik-forsikring.dk</a> ejes og drives af Danrisk Forsikringsagentur APS, Havnevej 1, 4000 Roskilde, CVR.NR. 33953194</p>\n\n\n\n\n\n<p>Betingelserne kan ikke ændres.</p>', '2016-06-29 08:30:00', '2016-06-29 09:38:03', 'daa688bc-5363-4c84-84c8-b6f6e9c3dbf1'),
 ('6', '202', 'da', 'Aftaleindgåelser', '<p>Køber skal ved køb acceptere kontantkøbsbetingelserne. Køber opfordres til at læse betingelserne grundigt igennem og gøre sig bekendt med de forpligtelser og rettigheder, som betingelserne giver. Køber får en kopi af betingelser sammen med en bekræftelse af bestillingen pr. e-mail.</p>', '2016-06-29 08:47:49', '2016-06-29 09:38:04', 'a162e582-cec3-489b-bc05-3296b7e33bc0');



DROP TABLE IF EXISTS `craft_migrations`;


--
-- Schema for table `craft_migrations`
--
CREATE TABLE `craft_migrations` (
  `id` int(11) NOT NULL AUTO_INCREMENT,
  `pluginId` int(11) DEFAULT NULL,
  `version` varchar(255) COLLATE utf8_unicode_ci NOT NULL,
  `applyTime` datetime NOT NULL,
  `dateCreated` datetime NOT NULL,
  `dateUpdated` datetime NOT NULL,
  `uid` char(36) COLLATE utf8_unicode_ci NOT NULL DEFAULT '0',
  PRIMARY KEY (`id`),
  UNIQUE KEY `craft_migrations_version_unq_idx` (`version`),
  KEY `craft_migrations_pluginId_fk` (`pluginId`)
) ENGINE=InnoDB AUTO_INCREMENT=67 DEFAULT CHARSET=utf8 COLLATE=utf8_unicode_ci;

--
-- Data for table `craft_migrations`
--

INSERT INTO `craft_migrations` (`id`, `pluginId`, `version`, `applyTime`, `dateCreated`, `dateUpdated`, `uid`) VALUES
 ('1', NULL, 'm000000_000000_base', '2016-03-30 12:09:16', '2016-03-30 12:09:16', '2016-03-30 12:09:16', '0228d344-d478-476e-8496-629697702f32'),
 ('2', NULL, 'm140730_000001_add_filename_and_format_to_transformindex', '2016-03-30 12:09:16', '2016-03-30 12:09:16', '2016-03-30 12:09:16', 'bcc52f68-730f-4020-b577-115eed6533a9'),
 ('3', NULL, 'm140815_000001_add_format_to_transforms', '2016-03-30 12:09:16', '2016-03-30 12:09:16', '2016-03-30 12:09:16', 'd843b2ec-86b9-4871-bb30-9d85a1b65e9b'),
 ('4', NULL, 'm140822_000001_allow_more_than_128_items_per_field', '2016-03-30 12:09:16', '2016-03-30 12:09:16', '2016-03-30 12:09:16', '8c3e62a0-adb0-4f0a-9e6c-746671ae4a96'),
 ('5', NULL, 'm140829_000001_single_title_formats', '2016-03-30 12:09:16', '2016-03-30 12:09:16', '2016-03-30 12:09:16', '652a31c8-9ec0-427e-ab3a-ab59927cb9fb'),
 ('6', NULL, 'm140831_000001_extended_cache_keys', '2016-03-30 12:09:16', '2016-03-30 12:09:16', '2016-03-30 12:09:16', 'c1b8b01b-0eda-454a-8cda-45273b486b2c'),
 ('7', NULL, 'm140922_000001_delete_orphaned_matrix_blocks', '2016-03-30 12:09:16', '2016-03-30 12:09:16', '2016-03-30 12:09:16', '4c264e5c-dc00-41d6-b596-1c774c9145b2'),
 ('8', NULL, 'm141008_000001_elements_index_tune', '2016-03-30 12:09:16', '2016-03-30 12:09:16', '2016-03-30 12:09:16', '49cabe83-53c4-40c0-be39-6e92eb53ac2f'),
 ('9', NULL, 'm141009_000001_assets_source_handle', '2016-03-30 12:09:16', '2016-03-30 12:09:16', '2016-03-30 12:09:16', '17e02227-1a56-4cc5-ab8c-86c07f5e2a45'),
 ('10', NULL, 'm141024_000001_field_layout_tabs', '2016-03-30 12:09:16', '2016-03-30 12:09:16', '2016-03-30 12:09:16', '8634f901-240d-417d-b8ce-4df56d753267'),
 ('11', NULL, 'm141030_000000_plugin_schema_versions', '2016-03-30 12:09:16', '2016-03-30 12:09:16', '2016-03-30 12:09:16', '490052dd-9a9a-48ac-9d8d-5b63e620330f'),
 ('12', NULL, 'm141030_000001_drop_structure_move_permission', '2016-03-30 12:09:16', '2016-03-30 12:09:16', '2016-03-30 12:09:16', 'aef8b875-e865-4978-abd2-e65d53049b32'),
 ('13', NULL, 'm141103_000001_tag_titles', '2016-03-30 12:09:16', '2016-03-30 12:09:16', '2016-03-30 12:09:16', '164b246b-f0a2-4e09-9e39-8fde8ecdd55a'),
 ('14', NULL, 'm141109_000001_user_status_shuffle', '2016-03-30 12:09:16', '2016-03-30 12:09:16', '2016-03-30 12:09:16', '264a1628-eb24-4b6f-93f8-78f88042bdf3'),
 ('15', NULL, 'm141126_000001_user_week_start_day', '2016-03-30 12:09:16', '2016-03-30 12:09:16', '2016-03-30 12:09:16', '7cdf2484-5d75-447e-ade9-6d0c53460c5a'),
 ('16', NULL, 'm150210_000001_adjust_user_photo_size', '2016-03-30 12:09:16', '2016-03-30 12:09:16', '2016-03-30 12:09:16', '4232d2ab-1260-4cb3-99d5-04687b2b816d'),
 ('17', NULL, 'm150724_000001_adjust_quality_settings', '2016-03-30 12:09:16', '2016-03-30 12:09:16', '2016-03-30 12:09:16', 'fef43a78-efd6-4cd0-97e9-ba26f6cc9687'),
 ('18', NULL, 'm150827_000000_element_index_settings', '2016-03-30 12:09:16', '2016-03-30 12:09:16', '2016-03-30 12:09:16', '31da243e-b2d1-4bdb-9346-b4b727005f1a'),
 ('19', NULL, 'm150918_000001_add_colspan_to_widgets', '2016-03-30 12:09:16', '2016-03-30 12:09:16', '2016-03-30 12:09:16', '5e3beee0-a369-4474-a38a-7be40976d944'),
 ('20', NULL, 'm151007_000000_clear_asset_caches', '2016-03-30 12:09:16', '2016-03-30 12:09:16', '2016-03-30 12:09:16', '3917b2dd-8012-41f7-acf2-8c63ccbb36e4'),
 ('21', NULL, 'm151109_000000_text_url_formats', '2016-03-30 12:09:16', '2016-03-30 12:09:16', '2016-03-30 12:09:16', '50830962-c4b0-4b28-86ff-82ed727643a6'),
 ('22', NULL, 'm151110_000000_move_logo', '2016-03-30 12:09:16', '2016-03-30 12:09:16', '2016-03-30 12:09:16', 'fafd1527-c16f-4eb5-9458-cc991ad52c5b'),
 ('23', NULL, 'm151117_000000_adjust_image_widthheight', '2016-03-30 12:09:16', '2016-03-30 12:09:16', '2016-03-30 12:09:16', '79348cd5-828e-4fe1-a8f8-f567d8d1cf85'),
 ('24', NULL, 'm151127_000000_clear_license_key_status', '2016-03-30 12:09:16', '2016-03-30 12:09:16', '2016-03-30 12:09:16', '48d8f812-6783-4537-bcd5-872a69a62e2f'),
 ('25', NULL, 'm151127_000000_plugin_license_keys', '2016-03-30 12:09:16', '2016-03-30 12:09:16', '2016-03-30 12:09:16', '581d47ba-eb91-47db-9582-f099f41438c7'),
 ('26', NULL, 'm151130_000000_update_pt_widget_feeds', '2016-03-30 12:09:16', '2016-03-30 12:09:16', '2016-03-30 12:09:16', 'a79e12ae-0629-4205-8799-589178459068'),
 ('27', NULL, 'm160114_000000_asset_sources_public_url_default_true', '2016-03-30 12:09:16', '2016-03-30 12:09:16', '2016-03-30 12:09:16', '934241ac-70a7-468f-8db8-3d391b164bdc'),
 ('28', NULL, 'm160223_000000_sortorder_to_smallint', '2016-03-30 12:09:16', '2016-03-30 12:09:16', '2016-03-30 12:09:16', '2d76a811-641a-423b-9828-4fe3b63eee5a'),
 ('29', NULL, 'm160229_000000_set_default_entry_statuses', '2016-03-30 12:09:16', '2016-03-30 12:09:16', '2016-03-30 12:09:16', '8559b907-c4da-4743-9b50-ce0db79ae509'),
 ('30', NULL, 'm160304_000000_client_permissions', '2016-03-30 12:09:16', '2016-03-30 12:09:16', '2016-03-30 12:09:16', '5a94379b-b83f-4413-8fc5-67290a3032c5'),
 ('31', NULL, 'm160322_000000_asset_filesize', '2016-03-30 12:09:16', '2016-03-30 12:09:16', '2016-03-30 12:09:16', 'fc619e9d-9307-45de-a329-bcb08fc65fd6'),
 ('32', NULL, 'm160503_000000_orphaned_fieldlayouts', '2016-05-13 10:14:12', '2016-05-13 10:14:12', '2016-05-13 10:14:12', '85d47eec-ef3e-46e2-9f32-18206b4114b4'),
 ('33', NULL, 'm160510_000000_tasksettings', '2016-05-23 09:16:53', '2016-05-23 09:16:53', '2016-05-23 09:16:53', '6ec4dc63-fe52-4305-960b-1407b81bee6e'),
 ('34', '3', 'm150916_010101_Commerce_Rename', '2016-05-24 09:30:00', '2016-05-24 09:30:00', '2016-05-24 09:30:00', '1baa0a76-e4f6-4834-8c52-55b6c5365c6a'),
 ('35', '3', 'm150917_010101_Commerce_DropEmailTypeColumn', '2016-05-24 09:30:00', '2016-05-24 09:30:00', '2016-05-24 09:30:00', 'c26869d6-ba1c-4d82-a730-c6877e9b0cdd'),
 ('36', '3', 'm150917_010102_Commerce_RenameCodeToHandletaxCatColumn', '2016-05-24 09:30:00', '2016-05-24 09:30:00', '2016-05-24 09:30:00', 'e98bb022-e638-449a-975f-c9e039b6d945'),
 ('37', '3', 'm150918_010101_Commerce_AddProductTypeLocales', '2016-05-24 09:30:00', '2016-05-24 09:30:00', '2016-05-24 09:30:00', '68d2a6aa-6f7a-4e69-ba31-dcddd53d22c5'),
 ('38', '3', 'm150918_010102_Commerce_RemoveNonLocaleBasedUrlFormat', '2016-05-24 09:30:00', '2016-05-24 09:30:00', '2016-05-24 09:30:00', 'e1168b8d-6b4b-442b-915a-8ef41a03c299'),
 ('39', '3', 'm150919_010101_Commerce_AddHasDimensionsToProductType', '2016-05-24 09:30:00', '2016-05-24 09:30:00', '2016-05-24 09:30:00', '48186792-5356-464a-abac-b35fbe6cd62a'),
 ('40', '3', 'm151004_142113_commerce_PaymentMethods_name_unique', '2016-05-24 09:30:00', '2016-05-24 09:30:00', '2016-05-24 09:30:00', '8e943b99-a463-4d40-8973-a81ff52e99c8'),
 ('41', '3', 'm151018_010101_Commerce_DiscountCodeNull', '2016-05-24 09:30:00', '2016-05-24 09:30:00', '2016-05-24 09:30:00', '53726f20-6ab5-4212-bf57-45c093c94ae2'),
 ('42', '3', 'm151025_010101_Commerce_AddHandleToShippingMethod', '2016-05-24 09:30:00', '2016-05-24 09:30:00', '2016-05-24 09:30:00', '0e400d8e-88cb-4333-88cb-90bfa2d5570f'),
 ('43', '3', 'm151027_010101_Commerce_NewVariantUI', '2016-05-24 09:30:00', '2016-05-24 09:30:00', '2016-05-24 09:30:00', '394f5326-9c96-499f-9697-6a18b40c97f9'),
 ('44', '3', 'm151027_010102_Commerce_ProductDateNames', '2016-05-24 09:30:00', '2016-05-24 09:30:00', '2016-05-24 09:30:00', 'e446cd93-e061-47bd-8da7-d983c1719454'),
 ('45', '3', 'm151102_010101_Commerce_PaymentTypeInMethodNotSettings', '2016-05-24 09:30:00', '2016-05-24 09:30:00', '2016-05-24 09:30:00', '2d2aaa96-0454-4501-b810-b0ecd257b30d'),
 ('46', '3', 'm151103_010101_Commerce_DefaultVariant', '2016-05-24 09:30:00', '2016-05-24 09:30:00', '2016-05-24 09:30:00', 'a9185556-6d8c-4f98-b1ce-b01a3de7d8b5'),
 ('47', '3', 'm151109_010101_Commerce_AddCompanyNumberToAddress', '2016-05-24 09:30:00', '2016-05-24 09:30:00', '2016-05-24 09:30:00', '87f96bb5-3b0f-46a9-8b2e-189d632aa660'),
 ('48', '3', 'm151109_010102_Commerce_AddOptionsToLineItems', '2016-05-24 09:30:00', '2016-05-24 09:30:00', '2016-05-24 09:30:00', '6093b120-ad7b-4bc4-afe6-3c84e88dcac1'),
 ('49', '3', 'm151110_010101_Commerce_RenameCompanyToAddress', '2016-05-24 09:30:00', '2016-05-24 09:30:00', '2016-05-24 09:30:00', 'e1067475-51ac-4b7b-88dc-980686811c32'),
 ('50', '3', 'm151111_010101_Commerce_ShowVariantTitleField', '2016-05-24 09:30:00', '2016-05-24 09:30:00', '2016-05-24 09:30:00', '1e334d60-3ca2-4ec0-a9e7-fa0ec32c1112'),
 ('51', '3', 'm151112_010101_Commerce_AutoSkuFormat', '2016-05-24 09:30:00', '2016-05-24 09:30:00', '2016-05-24 09:30:00', '05f57213-da46-441a-967a-fc013ffac76d'),
 ('52', '3', 'm151117_010101_Commerce_TaxIncluded', '2016-05-24 09:30:00', '2016-05-24 09:30:00', '2016-05-24 09:30:00', 'eb3ca031-1028-454f-8ce0-9f8666842c72'),
 ('53', '3', 'm151124_010101_Commerce_AddressManagement', '2016-05-24 09:30:00', '2016-05-24 09:30:00', '2016-05-24 09:30:00', '980f951c-bd15-406f-9515-d9b8e2c663ce'),
 ('54', '3', 'm151127_010101_Commerce_TaxRateTaxableOptions', '2016-05-24 09:30:00', '2016-05-24 09:30:00', '2016-05-24 09:30:00', '9d2cbf00-5eb2-49b6-b917-e6e94e69fc5c'),
 ('55', '3', 'm151210_010101_Commerce_FixMissingLineItemDimensionData', '2016-05-24 09:30:00', '2016-05-24 09:30:00', '2016-05-24 09:30:00', 'd1b67b9d-72e7-4b74-81aa-4b778c2151f2'),
 ('56', '3', 'm160215_010101_Commerce_ConsistentDecimalType', '2016-05-24 09:30:00', '2016-05-24 09:30:00', '2016-05-24 09:30:00', '8c1fa72f-a16a-4611-8347-31b0b0eb002f'),
 ('57', '3', 'm160226_010101_Commerce_OrderStatusSortOrder', '2016-05-24 09:30:00', '2016-05-24 09:30:00', '2016-05-24 09:30:00', 'e4070dec-d962-44a8-bbbb-94e5dd92de15'),
 ('58', '3', 'm160226_010102_Commerce_isCompleted', '2016-05-24 09:30:00', '2016-05-24 09:30:00', '2016-05-24 09:30:00', 'c2be7827-05a0-4e1b-b9d2-da5c38140769'),
 ('59', '3', 'm160227_010101_Commerce_OrderAdjustmentIncludedFlag', '2016-05-24 09:30:00', '2016-05-24 09:30:00', '2016-05-24 09:30:00', 'e975e019-2fbc-4980-bc2a-4771f56316c1'),
 ('60', '3', 'm160229_010101_Commerce_ShippingZone', '2016-05-24 09:30:00', '2016-05-24 09:30:00', '2016-05-24 09:30:00', '282b098a-d6a3-471f-8758-2b67026fddaf'),
 ('61', '3', 'm160229_010104_Commerce_SoftDeleteAndReorderPaymentMethod', '2016-05-24 09:30:00', '2016-05-24 09:30:00', '2016-05-24 09:30:00', '0204e0e4-6580-4df6-9370-0357b583a0ab'),
 ('62', '3', 'm160401_010101_Commerce_KeepAllTransactions', '2016-05-24 09:30:00', '2016-05-24 09:30:00', '2016-05-24 09:30:00', '9d0d43a3-9fd1-482e-9989-5b0fe5740df4'),
 ('63', '3', 'm160405_010101_Commerce_FixDefaultVariantId', '2016-05-24 09:30:00', '2016-05-24 09:30:00', '2016-05-24 09:30:00', '59125958-053c-40c3-b430-27e81ab85af3'),
 ('64', '3', 'm160406_010101_Commerce_RemoveUnusedAuthorId', '2016-05-24 09:30:00', '2016-05-24 09:30:00', '2016-05-24 09:30:00', 'abf84b37-1e50-41ca-9cdd-af4ecc7cb95f'),
 ('65', '3', 'm160425_010101_Commerce_DeleteCountriesAndStates', '2016-05-24 09:30:00', '2016-05-24 09:30:00', '2016-05-24 09:30:00', 'fd06cfff-ab45-44f9-bca8-34f88e8201d6'),
 ('66', '3', 'm160606_010101_Commerce_PerEmailLimitOnDiscount', '2016-06-10 08:13:04', '2016-06-10 08:13:04', '2016-06-10 08:13:04', '5ad37359-8fcf-4dfa-a5b7-60d6029a651e');



DROP TABLE IF EXISTS `craft_plugins`;


--
-- Schema for table `craft_plugins`
--
CREATE TABLE `craft_plugins` (
  `id` int(11) NOT NULL AUTO_INCREMENT,
  `class` varchar(150) COLLATE utf8_unicode_ci NOT NULL,
  `version` varchar(15) COLLATE utf8_unicode_ci NOT NULL,
  `schemaVersion` varchar(15) COLLATE utf8_unicode_ci DEFAULT NULL,
  `licenseKey` char(24) COLLATE utf8_unicode_ci DEFAULT NULL,
  `licenseKeyStatus` enum('valid','invalid','mismatched','unknown') COLLATE utf8_unicode_ci NOT NULL DEFAULT 'unknown',
  `enabled` tinyint(1) unsigned NOT NULL DEFAULT '0',
  `settings` text COLLATE utf8_unicode_ci,
  `installDate` datetime NOT NULL,
  `dateCreated` datetime NOT NULL,
  `dateUpdated` datetime NOT NULL,
  `uid` char(36) COLLATE utf8_unicode_ci NOT NULL DEFAULT '0',
  PRIMARY KEY (`id`)
) ENGINE=InnoDB AUTO_INCREMENT=22 DEFAULT CHARSET=utf8 COLLATE=utf8_unicode_ci;

--
-- Data for table `craft_plugins`
--

INSERT INTO `craft_plugins` (`id`, `class`, `version`, `schemaVersion`, `licenseKey`, `licenseKeyStatus`, `enabled`, `settings`, `installDate`, `dateCreated`, `dateUpdated`, `uid`) VALUES
 ('3', 'Commerce', '1.1.1212', '1.0.13', '8041KF0LQ9GL6QZX8G0C2NCZ', 'valid', '1', '{\"defaultCurrency\":\"DKK\",\"weightUnits\":\"g\",\"dimensionUnits\":\"mm\",\"emailSenderAddress\":\"\",\"emailSenderName\":\"\",\"orderPdfPath\":\"commerce\\/_pdf\\/order\"}', '2016-05-24 09:30:00', '2016-05-24 09:30:00', '2016-06-29 10:36:01', 'd006d3d7-be55-486b-a07b-c4e01be5a1f3'),
 ('4', 'd18ital', '', NULL, NULL, 'unknown', '1', NULL, '2016-05-25 20:31:57', '2016-05-25 20:31:57', '2016-05-25 20:31:57', '0fc95446-28d4-4216-b366-ed30ea2f9385'),
 ('5', 'WordItUp', '1.0.0', NULL, NULL, 'unknown', '1', NULL, '2016-05-25 20:35:50', '2016-05-25 20:35:50', '2016-05-25 20:35:50', '9a743042-3310-4b92-a4db-f6251e5ac161'),
 ('7', 'Digital18', '1.0.0', NULL, NULL, 'unknown', '1', NULL, '2016-05-26 10:46:46', '2016-05-26 10:46:46', '2016-06-29 10:36:01', 'b2927c9e-46e9-44a6-8645-cffc49ccf002'),
 ('10', 'new18digital', '1.0.0', '1.0.0', NULL, 'unknown', '1', NULL, '2016-05-31 06:40:06', '2016-05-31 06:40:06', '2016-06-29 10:36:01', 'fd0119f6-34d8-4eb2-a08d-b409c270da45'),
 ('11', 'Kint', '1.1.0', '1.0.0', NULL, 'unknown', '1', '{\"kintDisplayTheme\":\"aante-light\"}', '2016-06-01 19:01:15', '2016-06-01 19:01:15', '2016-06-29 10:36:01', '64f15fa7-9279-4c36-9dc4-160c75eae063'),
 ('20', 'Epay', '0.1', NULL, NULL, 'unknown', '1', NULL, '2016-06-21 05:56:10', '2016-06-21 05:56:10', '2016-06-29 10:36:01', '5757a2ac-bf60-4c4d-bbdd-ff7ddbf18c7f'),
 ('21', 'Elektronikforsikring', '1.0.0', '1.0.0', NULL, 'unknown', '1', '{\"navisionEmail\":\"mb@18digital.dk\",\"forsikring\":\"ELEKTRONIKFORSIKRING\",\"kladdetype\":\"2\",\"csvFileName\":\"orders_ds_elektronik\",\"kladetype\":\"2\",\"orderStatusId\":\"3\"}', '2016-06-27 13:18:45', '2016-06-27 13:18:45', '2016-06-29 10:36:01', '8ed0c36e-9842-4450-9a90-a2438bd6b8d7');



DROP TABLE IF EXISTS `craft_rackspaceaccess`;


--
-- Schema for table `craft_rackspaceaccess`
--
CREATE TABLE `craft_rackspaceaccess` (
  `id` int(11) NOT NULL AUTO_INCREMENT,
  `connectionKey` varchar(255) COLLATE utf8_unicode_ci NOT NULL,
  `token` varchar(255) COLLATE utf8_unicode_ci NOT NULL,
  `storageUrl` varchar(255) COLLATE utf8_unicode_ci NOT NULL,
  `cdnUrl` varchar(255) COLLATE utf8_unicode_ci NOT NULL,
  `dateCreated` datetime NOT NULL,
  `dateUpdated` datetime NOT NULL,
  `uid` char(36) COLLATE utf8_unicode_ci NOT NULL DEFAULT '0',
  PRIMARY KEY (`id`),
  UNIQUE KEY `craft_rackspaceaccess_connectionKey_unq_idx` (`connectionKey`)
) ENGINE=InnoDB DEFAULT CHARSET=utf8 COLLATE=utf8_unicode_ci;

DROP TABLE IF EXISTS `craft_relations`;


--
-- Schema for table `craft_relations`
--
CREATE TABLE `craft_relations` (
  `id` int(11) NOT NULL AUTO_INCREMENT,
  `fieldId` int(11) NOT NULL,
  `sourceId` int(11) NOT NULL,
  `sourceLocale` char(12) COLLATE utf8_unicode_ci DEFAULT NULL,
  `targetId` int(11) NOT NULL,
  `sortOrder` smallint(6) DEFAULT NULL,
  `dateCreated` datetime NOT NULL,
  `dateUpdated` datetime NOT NULL,
  `uid` char(36) COLLATE utf8_unicode_ci NOT NULL DEFAULT '0',
  PRIMARY KEY (`id`),
  UNIQUE KEY `craft_relations_fieldId_sourceId_sourceLocale_targetId_unq_idx` (`fieldId`,`sourceId`,`sourceLocale`,`targetId`),
  KEY `craft_relations_sourceId_fk` (`sourceId`),
  KEY `craft_relations_sourceLocale_fk` (`sourceLocale`),
  KEY `craft_relations_targetId_fk` (`targetId`)
) ENGINE=InnoDB AUTO_INCREMENT=26 DEFAULT CHARSET=utf8 COLLATE=utf8_unicode_ci;

--
-- Data for table `craft_relations`
--

INSERT INTO `craft_relations` (`id`, `fieldId`, `sourceId`, `sourceLocale`, `targetId`, `sortOrder`, `dateCreated`, `dateUpdated`, `uid`) VALUES
 ('23', '16', '85', NULL, '123', '1', '2016-06-28 18:31:46', '2016-06-28 18:31:46', 'd372eaaa-fde0-4388-86bb-48c56edfc078'),
 ('24', '34', '196', NULL, '203', '1', '2016-06-29 09:38:04', '2016-06-29 09:38:04', '7a97abb0-b638-4679-b45c-a4b7e476c841'),
 ('25', '34', '180', NULL, '204', '1', '2016-06-29 10:28:37', '2016-06-29 10:28:37', 'a7d507d6-e204-4443-a86a-a7f319ec9d79');



DROP TABLE IF EXISTS `craft_routes`;


--
-- Schema for table `craft_routes`
--
CREATE TABLE `craft_routes` (
  `id` int(11) NOT NULL AUTO_INCREMENT,
  `locale` char(12) COLLATE utf8_unicode_ci DEFAULT NULL,
  `urlParts` varchar(255) COLLATE utf8_unicode_ci NOT NULL,
  `urlPattern` varchar(255) COLLATE utf8_unicode_ci NOT NULL,
  `template` varchar(255) COLLATE utf8_unicode_ci NOT NULL,
  `sortOrder` smallint(6) unsigned DEFAULT NULL,
  `dateCreated` datetime NOT NULL,
  `dateUpdated` datetime NOT NULL,
  `uid` char(36) COLLATE utf8_unicode_ci NOT NULL DEFAULT '0',
  PRIMARY KEY (`id`),
  UNIQUE KEY `craft_routes_urlPattern_unq_idx` (`urlPattern`),
  KEY `craft_routes_locale_idx` (`locale`)
) ENGINE=InnoDB AUTO_INCREMENT=2 DEFAULT CHARSET=utf8 COLLATE=utf8_unicode_ci;

--
-- Data for table `craft_routes`
--

INSERT INTO `craft_routes` (`id`, `locale`, `urlParts`, `urlPattern`, `template`, `sortOrder`, `dateCreated`, `dateUpdated`, `uid`) VALUES
 ('1', NULL, '[\"commerce\\/order\\/ok\"]', 'commerce\\/order\\/ok', 'commerce/order/ok', '1', '2016-06-02 07:18:36', '2016-06-02 07:29:18', '18d102f0-0942-4892-a5ce-c787c40b37a3');



DROP TABLE IF EXISTS `craft_searchindex`;


--
-- Schema for table `craft_searchindex`
--
CREATE TABLE `craft_searchindex` (
  `elementId` int(11) NOT NULL,
  `attribute` varchar(25) COLLATE utf8_unicode_ci NOT NULL,
  `fieldId` int(11) NOT NULL,
  `locale` char(12) COLLATE utf8_unicode_ci NOT NULL,
  `keywords` text COLLATE utf8_unicode_ci NOT NULL,
  PRIMARY KEY (`elementId`,`attribute`,`fieldId`,`locale`),
  FULLTEXT KEY `craft_searchindex_keywords_idx` (`keywords`)
) ENGINE=MyISAM DEFAULT CHARSET=utf8 COLLATE=utf8_unicode_ci;

--
-- Data for table `craft_searchindex`
--

INSERT INTO `craft_searchindex` (`elementId`, `attribute`, `fieldId`, `locale`, `keywords`) VALUES
 ('95', 'filename', '0', 'da', ' folder svg '),
 ('95', 'extension', '0', 'da', ' svg '),
 ('95', 'kind', '0', 'da', ' image '),
 ('95', 'slug', '0', 'da', ' folder '),
 ('95', 'title', '0', 'da', ' folder '),
 ('123', 'filename', '0', 'da', ' folder svg '),
 ('123', 'extension', '0', 'da', ' svg '),
 ('123', 'kind', '0', 'da', ' image '),
 ('123', 'slug', '0', 'da', ' folder '),
 ('123', 'title', '0', 'da', ' folder '),
 ('188', 'filename', '0', 'da', ' faq jpg '),
 ('188', 'extension', '0', 'da', ' jpg '),
 ('188', 'kind', '0', 'da', ' image '),
 ('188', 'slug', '0', 'da', ' faq '),
 ('188', 'title', '0', 'da', ' faq '),
 ('133', 'filename', '0', 'da', ' bilka svg '),
 ('133', 'extension', '0', 'da', ' svg '),
 ('133', 'kind', '0', 'da', ' image '),
 ('133', 'slug', '0', 'da', ' bilka '),
 ('133', 'title', '0', 'da', ' bilka '),
 ('189', 'filename', '0', 'da', ' danrisk logo svg '),
 ('189', 'extension', '0', 'da', ' svg '),
 ('189', 'kind', '0', 'da', ' image '),
 ('189', 'slug', '0', 'da', ' danrisk logo '),
 ('189', 'title', '0', 'da', ' danrisk logo '),
 ('190', 'filename', '0', 'da', ' elektronikforsikring logo svg '),
 ('190', 'extension', '0', 'da', ' svg '),
 ('190', 'kind', '0', 'da', ' image '),
 ('190', 'slug', '0', 'da', ' elektronikforsikring logo '),
 ('190', 'title', '0', 'da', ' elektronikforsikring logo '),
 ('191', 'filename', '0', 'da', ' foto jpg '),
 ('191', 'extension', '0', 'da', ' jpg '),
 ('191', 'kind', '0', 'da', ' image '),
 ('191', 'slug', '0', 'da', ' foto '),
 ('191', 'title', '0', 'da', ' foto '),
 ('192', 'filename', '0', 'da', ' girls jpg '),
 ('192', 'extension', '0', 'da', ' jpg '),
 ('192', 'kind', '0', 'da', ' image '),
 ('192', 'slug', '0', 'da', ' girls '),
 ('192', 'title', '0', 'da', ' girls '),
 ('196', 'field', '1', 'da', ''),
 ('196', 'field', '33', 'da', ' privat '),
 ('202', 'field', '30', 'da', ' aftaleindgaelser '),
 ('202', 'field', '31', 'da', ' kober skal ved kob acceptere kontantkobsbetingelserne kober opfordres til at laese betingelserne grundigt igennem og gore sig bekendt med de forpligtelser og rettigheder som betingelserne giver kober far en kopi af betingelser sammen med en bekraeftelse af bestillingen pr e mail '),
 ('202', 'slug', '0', 'da', ''),
 ('203', 'filename', '0', 'da', ' pencil jpg '),
 ('203', 'extension', '0', 'da', ' jpg '),
 ('203', 'kind', '0', 'da', ' image '),
 ('203', 'slug', '0', 'da', ' pencil '),
 ('203', 'title', '0', 'da', ' pencil '),
 ('196', 'field', '34', 'da', ' pencil '),
 ('196', 'field', '2', 'da', ''),
 ('201', 'field', '30', 'da', ' omfang '),
 ('201', 'field', '31', 'da', ' naervaerende kontantkobsbetingelser er gaeldende for kob af forsikring online pa www elektronik forsikring dk hjemmesiden www elektronik forsikring dk ejes og drives af danrisk forsikringsagentur aps havnevej 1 4000 roskilde cvr nr 33953194 betingelserne kan ikke aendres '),
 ('201', 'slug', '0', 'da', ''),
 ('196', 'field', '29', 'da', ' naervaerende kontantkobsbetingelser er gaeldende for kob af forsikring online pa www elektronik forsikring dk hjemmesiden www elektronik forsikring dk ejes og drives af danrisk forsikringsagentur aps havnevej 1 4000 roskilde cvr nr 33953194 betingelserne kan ikke aendres omfang kober skal ved kob acceptere kontantkobsbetingelserne kober opfordres til at laese betingelserne grundigt igennem og gore sig bekendt med de forpligtelser og rettigheder som betingelserne giver kober far en kopi af betingelser sammen med en bekraeftelse af bestillingen pr e mail aftaleindgaelser '),
 ('196', 'field', '32', 'da', ' kontantkobsbetingelser '),
 ('196', 'title', '0', 'da', ' betingelser '),
 ('196', 'slug', '0', 'da', ' betingelser '),
 ('195', 'slug', '0', 'da', ''),
 ('195', 'email', '0', 'da', ' mb 18digital dk '),
 ('195', 'number', '0', 'da', ' 4e54e9367b4182d4202f03e7250693cc '),
 ('194', 'slug', '0', 'da', ''),
 ('194', 'email', '0', 'da', ' mb 18digital dk '),
 ('194', 'number', '0', 'da', ' 746752c6152e02106a0f2074cfcb1403 '),
 ('178', 'number', '0', 'da', ' 31699e6092b74c77680ea1b3f70a940d '),
 ('178', 'email', '0', 'da', ''),
 ('178', 'slug', '0', 'da', ''),
 ('178', 'field', '9', 'da', ''),
 ('85', 'title', '0', 'da', ' elektronikforsikring '),
 ('85', 'defaultsku', '0', 'da', ' elektronikforsikring '),
 ('85', 'slug', '0', 'da', ' elektronikforsikring '),
 ('85', 'field', '15', 'da', ' til markeds laveste pris kan du nu forsikre alt elektronik i husstanden uden selvrisiko og uden afskrivninger forsikringen er en abonnements aftale og koster 99 kr md kortgebyr forsikringen traeder i kraeft umiddelbart efter dit kob prisen for din forste betaling er derfor paymentthismonth for resten af maneden 99 kr for naeste maned '),
 ('85', 'field', '16', 'da', ' folder '),
 ('85', 'field', '17', 'da', ' 1 '),
 ('86', 'sku', '0', 'da', ' elektronikforsikring '),
 ('86', 'price', '0', 'da', ' 100 '),
 ('86', 'width', '0', 'da', ' 0 '),
 ('86', 'height', '0', 'da', ' 0 '),
 ('86', 'length', '0', 'da', ' 0 '),
 ('86', 'weight', '0', 'da', ' 0 '),
 ('86', 'stock', '0', 'da', ' 0 '),
 ('86', 'unlimitedstock', '0', 'da', ' 1 '),
 ('86', 'minqty', '0', 'da', ' 1 '),
 ('86', 'maxqty', '0', 'da', ' 1 '),
 ('86', 'slug', '0', 'da', ' a new toga '),
 ('86', 'title', '0', 'da', ' elektronikforsikring '),
 ('2', 'slug', '0', 'da', ' homepage '),
 ('2', 'title', '0', 'da', ' welcome to elektronikforsikring dev '),
 ('2', 'field', '1', 'da', ' it s true this site doesn t have a whole lot of content yet but don t worry our web developers have just installed the cms and they re setting things up for the content editors this very moment soon elektronikforsikring dev will be an oasis of fresh perspectives sharp analyses and astute opinions that will keep you coming back again and again '),
 ('3', 'slug', '0', 'da', ' we just installed craft '),
 ('3', 'title', '0', 'da', ' jeg hedder karina '),
 ('3', 'field', '1', 'da', ' craft is the cms that s powering elektronikforsikring dev it s beautiful powerful flexible and easy to use and it s made by pixel tonic we can t wait to dive in and see what it s capable of this is even more captivating content which you couldn t see on the news index page because it was entered after a page break and the news index template only likes to show the content on the first page craft a nice alternative to word if you re making a website '),
 ('3', 'field', '2', 'da', ''),
 ('5', 'slug', '0', 'da', ' orderconfirm '),
 ('5', 'title', '0', 'da', ' orderconfirm '),
 ('5', 'field', '1', 'da', ' tak for din bestilling vi har modtaget din ordre og er allerede i gang med at behandle den vi har ogsa sendt dig en bekraeftelse pa den indtastet e mail din forsikring er gaeldende med det samme nar ordren er faerdigbehandlet sa sender vi den officielle police med venlig hilsen kundeservicechefkarina byrdal '),
 ('5', 'field', '2', 'da', ''),
 ('179', 'slug', '0', 'da', ' fordele '),
 ('179', 'title', '0', 'da', ' fordele ');
INSERT INTO `craft_searchindex` (`elementId`, `attribute`, `fieldId`, `locale`, `keywords`) VALUES
 ('180', 'slug', '0', 'da', ' faq '),
 ('180', 'title', '0', 'da', ' faq '),
 ('180', 'field', '28', 'da', ' betingelser '),
 ('180', 'field', '25', 'da', ' koster den virkelig kun 99 kr md '),
 ('180', 'field', '26', 'da', ' ja prisen aendrer sig ikke selvom man har flere skader '),
 ('204', 'title', '0', 'da', ' paper '),
 ('180', 'field', '34', 'da', ' paper '),
 ('180', 'field', '1', 'da', ''),
 ('180', 'field', '33', 'da', ' sporgsmal svar '),
 ('180', 'field', '32', 'da', ' faq '),
 ('180', 'field', '2', 'da', ''),
 ('204', 'filename', '0', 'da', ' paper jpeg '),
 ('204', 'extension', '0', 'da', ' jpeg '),
 ('204', 'kind', '0', 'da', ' image '),
 ('204', 'slug', '0', 'da', ''),
 ('130', 'slug', '0', 'da', ''),
 ('130', 'field', '18', 'da', ' fotex fotex wupti wupti bilka dk bilka dk bilka bilka andet andet '),
 ('182', 'slug', '0', 'da', ''),
 ('182', 'field', '27', 'da', ' ja prisen aendrer sig ikke selvom man har flere skader '),
 ('1', 'username', '0', 'da', ' admin '),
 ('1', 'firstname', '0', 'da', ' martin '),
 ('1', 'lastname', '0', 'da', ' beuschau '),
 ('1', 'fullname', '0', 'da', ' martin beuschau '),
 ('1', 'email', '0', 'da', ' mb 18digital dk '),
 ('1', 'slug', '0', 'da', ''),
 ('193', 'field', '9', 'da', ''),
 ('193', 'number', '0', 'da', ' a1f5b4270906d11e264bd4bbaa33c368 '),
 ('193', 'email', '0', 'da', ' mb 18digital dk '),
 ('193', 'slug', '0', 'da', '');



DROP TABLE IF EXISTS `craft_sections`;


--
-- Schema for table `craft_sections`
--
CREATE TABLE `craft_sections` (
  `id` int(11) NOT NULL AUTO_INCREMENT,
  `structureId` int(11) DEFAULT NULL,
  `name` varchar(255) COLLATE utf8_unicode_ci NOT NULL,
  `handle` varchar(255) COLLATE utf8_unicode_ci NOT NULL,
  `type` enum('single','channel','structure') COLLATE utf8_unicode_ci NOT NULL DEFAULT 'channel',
  `hasUrls` tinyint(1) unsigned NOT NULL DEFAULT '1',
  `template` varchar(500) COLLATE utf8_unicode_ci DEFAULT NULL,
  `enableVersioning` tinyint(1) unsigned NOT NULL DEFAULT '0',
  `dateCreated` datetime NOT NULL,
  `dateUpdated` datetime NOT NULL,
  `uid` char(36) COLLATE utf8_unicode_ci NOT NULL DEFAULT '0',
  PRIMARY KEY (`id`),
  UNIQUE KEY `craft_sections_name_unq_idx` (`name`),
  UNIQUE KEY `craft_sections_handle_unq_idx` (`handle`),
  KEY `craft_sections_structureId_fk` (`structureId`)
) ENGINE=InnoDB AUTO_INCREMENT=7 DEFAULT CHARSET=utf8 COLLATE=utf8_unicode_ci;

--
-- Data for table `craft_sections`
--

INSERT INTO `craft_sections` (`id`, `structureId`, `name`, `handle`, `type`, `hasUrls`, `template`, `enableVersioning`, `dateCreated`, `dateUpdated`, `uid`) VALUES
 ('1', NULL, 'Homepage', 'homepage', 'single', '1', 'index', '1', '2016-03-30 12:09:20', '2016-06-21 07:44:28', '5247b1e2-ed75-44e0-8933-3fc0fbfc4a6c'),
 ('2', NULL, 'News', 'news', 'channel', '1', 'news/_entry', '1', '2016-03-30 12:09:21', '2016-03-30 12:09:21', '3bea8851-3477-4c62-bad6-80fe1f5f19b6'),
 ('3', NULL, 'Orderconfirm', 'orderconfirm', 'single', '1', 'commerce/orderok', '1', '2016-05-13 10:59:36', '2016-06-02 07:17:14', '91d2db13-daf7-4d72-9f56-4a5378754a67'),
 ('4', NULL, 'Fordele', 'advantages', 'single', '1', 'advantages', '1', '2016-06-22 11:13:43', '2016-06-29 08:05:48', 'a09f024c-9ef7-4077-b346-2c31263a0039'),
 ('5', NULL, 'FAQ', 'faq', 'channel', '1', 'faq/_entry', '1', '2016-06-23 13:27:09', '2016-06-29 10:34:35', '12c93089-ae78-47ea-8505-e27580972630'),
 ('6', NULL, 'Betingelser', 'betingelser', 'single', '1', 'betingelser/index', '1', '2016-06-29 08:05:09', '2016-06-29 08:07:15', '322faf33-5f11-4bd4-8b6e-c8b03e72af62');



DROP TABLE IF EXISTS `craft_sections_i18n`;


--
-- Schema for table `craft_sections_i18n`
--
CREATE TABLE `craft_sections_i18n` (
  `id` int(11) NOT NULL AUTO_INCREMENT,
  `sectionId` int(11) NOT NULL,
  `locale` char(12) COLLATE utf8_unicode_ci NOT NULL,
  `enabledByDefault` tinyint(1) unsigned NOT NULL DEFAULT '1',
  `urlFormat` text COLLATE utf8_unicode_ci,
  `nestedUrlFormat` text COLLATE utf8_unicode_ci,
  `dateCreated` datetime NOT NULL,
  `dateUpdated` datetime NOT NULL,
  `uid` char(36) COLLATE utf8_unicode_ci NOT NULL DEFAULT '0',
  PRIMARY KEY (`id`),
  UNIQUE KEY `craft_sections_i18n_sectionId_locale_unq_idx` (`sectionId`,`locale`),
  KEY `craft_sections_i18n_locale_fk` (`locale`)
) ENGINE=InnoDB AUTO_INCREMENT=7 DEFAULT CHARSET=utf8 COLLATE=utf8_unicode_ci;

--
-- Data for table `craft_sections_i18n`
--

INSERT INTO `craft_sections_i18n` (`id`, `sectionId`, `locale`, `enabledByDefault`, `urlFormat`, `nestedUrlFormat`, `dateCreated`, `dateUpdated`, `uid`) VALUES
 ('1', '1', 'da', '1', '__home__', NULL, '2016-03-30 12:09:20', '2016-03-30 12:09:20', '959f6de6-8274-4e77-b08b-1960de85164e'),
 ('2', '2', 'da', '1', 'news/{postDate.year}/{slug}', NULL, '2016-03-30 12:09:21', '2016-03-30 12:09:21', '45a41e1d-1ede-4d88-90e8-ccb2b587816c'),
 ('3', '3', 'da', '1', 'orderconfirm', NULL, '2016-05-13 10:59:36', '2016-05-13 10:59:36', 'fa402f16-9efb-4929-9442-9c990a8b7117'),
 ('4', '4', 'da', '1', 'fordele', NULL, '2016-06-22 11:13:43', '2016-06-22 11:13:43', '24f8b14d-707d-4a8b-bb78-a10514410987'),
 ('5', '5', 'da', '1', 'faq', NULL, '2016-06-23 13:27:09', '2016-06-29 10:33:26', '3e5ea908-35b9-4dc7-92ad-3c2a78f982d2'),
 ('6', '6', 'da', '1', 'betingelser', NULL, '2016-06-29 08:05:09', '2016-06-29 08:05:09', '6c3b7a4f-adb7-46d5-a683-d215ed0d6ccf');



DROP TABLE IF EXISTS `craft_sessions`;


--
-- Schema for table `craft_sessions`
--
CREATE TABLE `craft_sessions` (
  `id` int(11) NOT NULL AUTO_INCREMENT,
  `userId` int(11) NOT NULL,
  `token` char(100) COLLATE utf8_unicode_ci NOT NULL,
  `dateCreated` datetime NOT NULL,
  `dateUpdated` datetime NOT NULL,
  `uid` char(36) COLLATE utf8_unicode_ci NOT NULL DEFAULT '0',
  PRIMARY KEY (`id`),
  KEY `craft_sessions_uid_idx` (`uid`),
  KEY `craft_sessions_token_idx` (`token`),
  KEY `craft_sessions_dateUpdated_idx` (`dateUpdated`),
  KEY `craft_sessions_userId_fk` (`userId`)
) ENGINE=InnoDB AUTO_INCREMENT=68 DEFAULT CHARSET=utf8 COLLATE=utf8_unicode_ci;

DROP TABLE IF EXISTS `craft_shunnedmessages`;


--
-- Schema for table `craft_shunnedmessages`
--
CREATE TABLE `craft_shunnedmessages` (
  `id` int(11) NOT NULL AUTO_INCREMENT,
  `userId` int(11) NOT NULL,
  `message` varchar(255) COLLATE utf8_unicode_ci NOT NULL,
  `expiryDate` datetime DEFAULT NULL,
  `dateCreated` datetime NOT NULL,
  `dateUpdated` datetime NOT NULL,
  `uid` char(36) COLLATE utf8_unicode_ci NOT NULL DEFAULT '0',
  PRIMARY KEY (`id`),
  UNIQUE KEY `craft_shunnedmessages_userId_message_unq_idx` (`userId`,`message`)
) ENGINE=InnoDB DEFAULT CHARSET=utf8 COLLATE=utf8_unicode_ci;

DROP TABLE IF EXISTS `craft_structureelements`;


--
-- Schema for table `craft_structureelements`
--
CREATE TABLE `craft_structureelements` (
  `id` int(11) NOT NULL AUTO_INCREMENT,
  `structureId` int(11) NOT NULL,
  `elementId` int(11) DEFAULT NULL,
  `root` int(11) unsigned DEFAULT NULL,
  `lft` int(11) unsigned NOT NULL,
  `rgt` int(11) unsigned NOT NULL,
  `level` smallint(6) unsigned NOT NULL,
  `dateCreated` datetime NOT NULL,
  `dateUpdated` datetime NOT NULL,
  `uid` char(36) COLLATE utf8_unicode_ci NOT NULL DEFAULT '0',
  PRIMARY KEY (`id`),
  UNIQUE KEY `craft_structureelements_structureId_elementId_unq_idx` (`structureId`,`elementId`),
  KEY `craft_structureelements_root_idx` (`root`),
  KEY `craft_structureelements_lft_idx` (`lft`),
  KEY `craft_structureelements_rgt_idx` (`rgt`),
  KEY `craft_structureelements_level_idx` (`level`),
  KEY `craft_structureelements_elementId_fk` (`elementId`)
) ENGINE=InnoDB AUTO_INCREMENT=6 DEFAULT CHARSET=utf8 COLLATE=utf8_unicode_ci;

DROP TABLE IF EXISTS `craft_structures`;


--
-- Schema for table `craft_structures`
--
CREATE TABLE `craft_structures` (
  `id` int(11) NOT NULL AUTO_INCREMENT,
  `maxLevels` smallint(6) unsigned DEFAULT NULL,
  `dateCreated` datetime NOT NULL,
  `dateUpdated` datetime NOT NULL,
  `uid` char(36) COLLATE utf8_unicode_ci NOT NULL DEFAULT '0',
  PRIMARY KEY (`id`)
) ENGINE=InnoDB AUTO_INCREMENT=3 DEFAULT CHARSET=utf8 COLLATE=utf8_unicode_ci;

DROP TABLE IF EXISTS `craft_systemsettings`;


--
-- Schema for table `craft_systemsettings`
--
CREATE TABLE `craft_systemsettings` (
  `id` int(11) NOT NULL AUTO_INCREMENT,
  `category` varchar(15) COLLATE utf8_unicode_ci NOT NULL,
  `settings` text COLLATE utf8_unicode_ci,
  `dateCreated` datetime NOT NULL,
  `dateUpdated` datetime NOT NULL,
  `uid` char(36) COLLATE utf8_unicode_ci NOT NULL DEFAULT '0',
  PRIMARY KEY (`id`),
  UNIQUE KEY `craft_systemsettings_category_unq_idx` (`category`)
) ENGINE=InnoDB AUTO_INCREMENT=2 DEFAULT CHARSET=utf8 COLLATE=utf8_unicode_ci;

--
-- Data for table `craft_systemsettings`
--

INSERT INTO `craft_systemsettings` (`id`, `category`, `settings`, `dateCreated`, `dateUpdated`, `uid`) VALUES
 ('1', 'email', '{\"template\":\"commerce\\/_emails\\/orderRecieved\",\"protocol\":\"smtp\",\"emailAddress\":\"mb@18digital.dk\",\"senderName\":\"Elektronikforsikring\",\"smtpAuth\":1,\"username\":\"postmaster@sandbox7c738fa97ce847a6adc79c9ed9161f72.mailgun.org\",\"password\":\"6f7cc2ef1761044157529c0e01b7a17f\",\"smtpSecureTransportType\":\"tls\",\"port\":\"587\",\"host\":\"smtp.mailgun.org\",\"timeout\":\"30\"}', '2016-03-30 12:09:20', '2016-05-24 20:48:07', 'c4501d47-9c7e-4d31-af37-b2d3a8a9e783');



DROP TABLE IF EXISTS `craft_taggroups`;


--
-- Schema for table `craft_taggroups`
--
CREATE TABLE `craft_taggroups` (
  `id` int(11) NOT NULL AUTO_INCREMENT,
  `name` varchar(255) COLLATE utf8_unicode_ci NOT NULL,
  `handle` varchar(255) COLLATE utf8_unicode_ci NOT NULL,
  `fieldLayoutId` int(10) DEFAULT NULL,
  `dateCreated` datetime NOT NULL,
  `dateUpdated` datetime NOT NULL,
  `uid` char(36) COLLATE utf8_unicode_ci NOT NULL DEFAULT '0',
  PRIMARY KEY (`id`),
  UNIQUE KEY `craft_taggroups_name_unq_idx` (`name`),
  UNIQUE KEY `craft_taggroups_handle_unq_idx` (`handle`),
  KEY `craft_taggroups_fieldLayoutId_fk` (`fieldLayoutId`)
) ENGINE=InnoDB AUTO_INCREMENT=2 DEFAULT CHARSET=utf8 COLLATE=utf8_unicode_ci;

--
-- Data for table `craft_taggroups`
--

INSERT INTO `craft_taggroups` (`id`, `name`, `handle`, `fieldLayoutId`, `dateCreated`, `dateUpdated`, `uid`) VALUES
 ('1', 'Default', 'default', '1', '2016-03-30 12:09:20', '2016-03-30 12:09:20', '6fc039ae-2b7e-46ec-8c12-0722097dbbfa');



DROP TABLE IF EXISTS `craft_tags`;


--
-- Schema for table `craft_tags`
--
CREATE TABLE `craft_tags` (
  `id` int(11) NOT NULL,
  `groupId` int(11) NOT NULL,
  `dateCreated` datetime NOT NULL,
  `dateUpdated` datetime NOT NULL,
  `uid` char(36) COLLATE utf8_unicode_ci NOT NULL DEFAULT '0',
  PRIMARY KEY (`id`),
  KEY `craft_tags_groupId_fk` (`groupId`)
) ENGINE=InnoDB DEFAULT CHARSET=utf8 COLLATE=utf8_unicode_ci;

DROP TABLE IF EXISTS `craft_tasks`;


--
-- Schema for table `craft_tasks`
--
CREATE TABLE `craft_tasks` (
  `id` int(11) NOT NULL AUTO_INCREMENT,
  `root` int(11) unsigned DEFAULT NULL,
  `lft` int(11) unsigned NOT NULL,
  `rgt` int(11) unsigned NOT NULL,
  `level` smallint(6) unsigned NOT NULL,
  `currentStep` int(11) unsigned DEFAULT NULL,
  `totalSteps` int(11) unsigned DEFAULT NULL,
  `status` enum('pending','error','running') COLLATE utf8_unicode_ci DEFAULT NULL,
  `type` varchar(150) COLLATE utf8_unicode_ci NOT NULL,
  `description` varchar(255) COLLATE utf8_unicode_ci DEFAULT NULL,
  `settings` mediumtext COLLATE utf8_unicode_ci,
  `dateCreated` datetime NOT NULL,
  `dateUpdated` datetime NOT NULL,
  `uid` char(36) COLLATE utf8_unicode_ci NOT NULL DEFAULT '0',
  PRIMARY KEY (`id`),
  KEY `craft_tasks_root_idx` (`root`),
  KEY `craft_tasks_lft_idx` (`lft`),
  KEY `craft_tasks_rgt_idx` (`rgt`),
  KEY `craft_tasks_level_idx` (`level`)
) ENGINE=InnoDB AUTO_INCREMENT=53 DEFAULT CHARSET=utf8 COLLATE=utf8_unicode_ci;

DROP TABLE IF EXISTS `craft_templatecachecriteria`;


--
-- Schema for table `craft_templatecachecriteria`
--
CREATE TABLE `craft_templatecachecriteria` (
  `id` int(11) NOT NULL AUTO_INCREMENT,
  `cacheId` int(11) NOT NULL,
  `type` varchar(150) COLLATE utf8_unicode_ci NOT NULL,
  `criteria` text COLLATE utf8_unicode_ci NOT NULL,
  PRIMARY KEY (`id`),
  KEY `craft_templatecachecriteria_cacheId_fk` (`cacheId`),
  KEY `craft_templatecachecriteria_type_idx` (`type`)
) ENGINE=InnoDB DEFAULT CHARSET=utf8 COLLATE=utf8_unicode_ci;

DROP TABLE IF EXISTS `craft_templatecacheelements`;


--
-- Schema for table `craft_templatecacheelements`
--
CREATE TABLE `craft_templatecacheelements` (
  `cacheId` int(11) NOT NULL,
  `elementId` int(11) NOT NULL,
  KEY `craft_templatecacheelements_cacheId_fk` (`cacheId`),
  KEY `craft_templatecacheelements_elementId_fk` (`elementId`)
) ENGINE=InnoDB DEFAULT CHARSET=utf8 COLLATE=utf8_unicode_ci;

DROP TABLE IF EXISTS `craft_templatecaches`;


--
-- Schema for table `craft_templatecaches`
--
CREATE TABLE `craft_templatecaches` (
  `id` int(11) NOT NULL AUTO_INCREMENT,
  `cacheKey` varchar(255) COLLATE utf8_unicode_ci NOT NULL,
  `locale` char(12) COLLATE utf8_unicode_ci NOT NULL,
  `path` varchar(255) COLLATE utf8_unicode_ci DEFAULT NULL,
  `expiryDate` datetime NOT NULL,
  `body` mediumtext COLLATE utf8_unicode_ci NOT NULL,
  PRIMARY KEY (`id`),
  KEY `craft_templatecaches_expiryDate_cacheKey_locale_path_idx` (`expiryDate`,`cacheKey`,`locale`,`path`),
  KEY `craft_templatecaches_locale_fk` (`locale`)
) ENGINE=InnoDB DEFAULT CHARSET=utf8 COLLATE=utf8_unicode_ci;

DROP TABLE IF EXISTS `craft_tokens`;


--
-- Schema for table `craft_tokens`
--
CREATE TABLE `craft_tokens` (
  `id` int(11) NOT NULL AUTO_INCREMENT,
  `token` char(32) COLLATE utf8_unicode_ci NOT NULL,
  `route` text COLLATE utf8_unicode_ci,
  `usageLimit` tinyint(3) unsigned DEFAULT NULL,
  `usageCount` tinyint(3) unsigned DEFAULT NULL,
  `expiryDate` datetime NOT NULL,
  `dateCreated` datetime NOT NULL,
  `dateUpdated` datetime NOT NULL,
  `uid` char(36) COLLATE utf8_unicode_ci NOT NULL DEFAULT '0',
  PRIMARY KEY (`id`),
  UNIQUE KEY `craft_tokens_token_unq_idx` (`token`),
  KEY `craft_tokens_expiryDate_idx` (`expiryDate`)
) ENGINE=InnoDB DEFAULT CHARSET=utf8 COLLATE=utf8_unicode_ci;

DROP TABLE IF EXISTS `craft_usergroups`;


--
-- Schema for table `craft_usergroups`
--
CREATE TABLE `craft_usergroups` (
  `id` int(11) NOT NULL AUTO_INCREMENT,
  `name` varchar(255) COLLATE utf8_unicode_ci NOT NULL,
  `handle` varchar(255) COLLATE utf8_unicode_ci NOT NULL,
  `dateCreated` datetime NOT NULL,
  `dateUpdated` datetime NOT NULL,
  `uid` char(36) COLLATE utf8_unicode_ci NOT NULL DEFAULT '0',
  PRIMARY KEY (`id`)
) ENGINE=InnoDB DEFAULT CHARSET=utf8 COLLATE=utf8_unicode_ci;

DROP TABLE IF EXISTS `craft_usergroups_users`;


--
-- Schema for table `craft_usergroups_users`
--
CREATE TABLE `craft_usergroups_users` (
  `id` int(11) NOT NULL AUTO_INCREMENT,
  `groupId` int(11) NOT NULL,
  `userId` int(11) NOT NULL,
  `dateCreated` datetime NOT NULL,
  `dateUpdated` datetime NOT NULL,
  `uid` char(36) COLLATE utf8_unicode_ci NOT NULL DEFAULT '0',
  PRIMARY KEY (`id`),
  UNIQUE KEY `craft_usergroups_users_groupId_userId_unq_idx` (`groupId`,`userId`),
  KEY `craft_usergroups_users_userId_fk` (`userId`)
) ENGINE=InnoDB DEFAULT CHARSET=utf8 COLLATE=utf8_unicode_ci;

DROP TABLE IF EXISTS `craft_userpermissions`;


--
-- Schema for table `craft_userpermissions`
--
CREATE TABLE `craft_userpermissions` (
  `id` int(11) NOT NULL AUTO_INCREMENT,
  `name` varchar(255) COLLATE utf8_unicode_ci NOT NULL,
  `dateCreated` datetime NOT NULL,
  `dateUpdated` datetime NOT NULL,
  `uid` char(36) COLLATE utf8_unicode_ci NOT NULL DEFAULT '0',
  PRIMARY KEY (`id`),
  UNIQUE KEY `craft_userpermissions_name_unq_idx` (`name`)
) ENGINE=InnoDB DEFAULT CHARSET=utf8 COLLATE=utf8_unicode_ci;

DROP TABLE IF EXISTS `craft_userpermissions_usergroups`;


--
-- Schema for table `craft_userpermissions_usergroups`
--
CREATE TABLE `craft_userpermissions_usergroups` (
  `id` int(11) NOT NULL AUTO_INCREMENT,
  `permissionId` int(11) NOT NULL,
  `groupId` int(11) NOT NULL,
  `dateCreated` datetime NOT NULL,
  `dateUpdated` datetime NOT NULL,
  `uid` char(36) COLLATE utf8_unicode_ci NOT NULL DEFAULT '0',
  PRIMARY KEY (`id`),
  UNIQUE KEY `craft_userpermissions_usergroups_permissionId_groupId_unq_idx` (`permissionId`,`groupId`),
  KEY `craft_userpermissions_usergroups_groupId_fk` (`groupId`)
) ENGINE=InnoDB DEFAULT CHARSET=utf8 COLLATE=utf8_unicode_ci;

DROP TABLE IF EXISTS `craft_userpermissions_users`;


--
-- Schema for table `craft_userpermissions_users`
--
CREATE TABLE `craft_userpermissions_users` (
  `id` int(11) NOT NULL AUTO_INCREMENT,
  `permissionId` int(11) NOT NULL,
  `userId` int(11) NOT NULL,
  `dateCreated` datetime NOT NULL,
  `dateUpdated` datetime NOT NULL,
  `uid` char(36) COLLATE utf8_unicode_ci NOT NULL DEFAULT '0',
  PRIMARY KEY (`id`),
  UNIQUE KEY `craft_userpermissions_users_permissionId_userId_unq_idx` (`permissionId`,`userId`),
  KEY `craft_userpermissions_users_userId_fk` (`userId`)
) ENGINE=InnoDB DEFAULT CHARSET=utf8 COLLATE=utf8_unicode_ci;

DROP TABLE IF EXISTS `craft_users`;


--
-- Schema for table `craft_users`
--
CREATE TABLE `craft_users` (
  `id` int(11) NOT NULL,
  `username` varchar(100) COLLATE utf8_unicode_ci NOT NULL,
  `photo` varchar(100) COLLATE utf8_unicode_ci DEFAULT NULL,
  `firstName` varchar(100) COLLATE utf8_unicode_ci DEFAULT NULL,
  `lastName` varchar(100) COLLATE utf8_unicode_ci DEFAULT NULL,
  `email` varchar(255) COLLATE utf8_unicode_ci NOT NULL,
  `password` char(255) COLLATE utf8_unicode_ci DEFAULT NULL,
  `preferredLocale` char(12) COLLATE utf8_unicode_ci DEFAULT NULL,
  `weekStartDay` tinyint(1) unsigned NOT NULL DEFAULT '0',
  `admin` tinyint(1) unsigned NOT NULL DEFAULT '0',
  `client` tinyint(1) unsigned NOT NULL DEFAULT '0',
  `locked` tinyint(1) unsigned NOT NULL DEFAULT '0',
  `suspended` tinyint(1) unsigned NOT NULL DEFAULT '0',
  `pending` tinyint(1) unsigned NOT NULL DEFAULT '0',
  `archived` tinyint(1) unsigned NOT NULL DEFAULT '0',
  `lastLoginDate` datetime DEFAULT NULL,
  `lastLoginAttemptIPAddress` varchar(45) COLLATE utf8_unicode_ci DEFAULT NULL,
  `invalidLoginWindowStart` datetime DEFAULT NULL,
  `invalidLoginCount` tinyint(4) unsigned DEFAULT NULL,
  `lastInvalidLoginDate` datetime DEFAULT NULL,
  `lockoutDate` datetime DEFAULT NULL,
  `verificationCode` char(100) COLLATE utf8_unicode_ci DEFAULT NULL,
  `verificationCodeIssuedDate` datetime DEFAULT NULL,
  `unverifiedEmail` varchar(255) COLLATE utf8_unicode_ci DEFAULT NULL,
  `passwordResetRequired` tinyint(1) unsigned NOT NULL DEFAULT '0',
  `lastPasswordChangeDate` datetime DEFAULT NULL,
  `dateCreated` datetime NOT NULL,
  `dateUpdated` datetime NOT NULL,
  `uid` char(36) COLLATE utf8_unicode_ci NOT NULL DEFAULT '0',
  PRIMARY KEY (`id`),
  UNIQUE KEY `craft_users_username_unq_idx` (`username`),
  UNIQUE KEY `craft_users_email_unq_idx` (`email`),
  KEY `craft_users_verificationCode_idx` (`verificationCode`),
  KEY `craft_users_uid_idx` (`uid`),
  KEY `craft_users_preferredLocale_fk` (`preferredLocale`)
) ENGINE=InnoDB DEFAULT CHARSET=utf8 COLLATE=utf8_unicode_ci;

--
-- Data for table `craft_users`
--

INSERT INTO `craft_users` (`id`, `username`, `photo`, `firstName`, `lastName`, `email`, `password`, `preferredLocale`, `weekStartDay`, `admin`, `client`, `locked`, `suspended`, `pending`, `archived`, `lastLoginDate`, `lastLoginAttemptIPAddress`, `invalidLoginWindowStart`, `invalidLoginCount`, `lastInvalidLoginDate`, `lockoutDate`, `verificationCode`, `verificationCodeIssuedDate`, `unverifiedEmail`, `passwordResetRequired`, `lastPasswordChangeDate`, `dateCreated`, `dateUpdated`, `uid`) VALUES
 ('1', 'admin', 'martin.jpg', 'Martin', 'Beuschau', 'mb@18digital.dk', '$2y$13$ggWJ4k0EXE/fDl9AoQnd1.oXMpdZchIoWbsK/vf4N.3lkBHpf31xG', NULL, '1', '1', '0', '0', '0', '0', '0', '2016-06-28 10:37:08', '127.0.0.1', NULL, NULL, NULL, NULL, NULL, NULL, NULL, '0', '2016-03-30 12:09:18', '2016-03-30 12:09:18', '2016-06-28 10:37:08', '102edccd-8918-49f6-8382-907dc3c5725a');



DROP TABLE IF EXISTS `craft_widgets`;


--
-- Schema for table `craft_widgets`
--
CREATE TABLE `craft_widgets` (
  `id` int(11) NOT NULL AUTO_INCREMENT,
  `userId` int(11) NOT NULL,
  `type` varchar(150) COLLATE utf8_unicode_ci NOT NULL,
  `sortOrder` smallint(6) unsigned DEFAULT NULL,
  `colspan` tinyint(4) unsigned DEFAULT NULL,
  `settings` text COLLATE utf8_unicode_ci,
  `enabled` tinyint(1) unsigned NOT NULL DEFAULT '1',
  `dateCreated` datetime NOT NULL,
  `dateUpdated` datetime NOT NULL,
  `uid` char(36) COLLATE utf8_unicode_ci NOT NULL DEFAULT '0',
  PRIMARY KEY (`id`),
  KEY `craft_widgets_userId_fk` (`userId`)
) ENGINE=InnoDB AUTO_INCREMENT=8 DEFAULT CHARSET=utf8 COLLATE=utf8_unicode_ci;

--
-- Data for table `craft_widgets`
--

INSERT INTO `craft_widgets` (`id`, `userId`, `type`, `sortOrder`, `colspan`, `settings`, `enabled`, `dateCreated`, `dateUpdated`, `uid`) VALUES
 ('1', '1', 'RecentEntries', '1', '2', NULL, '0', '2016-03-30 12:09:23', '2016-05-25 19:07:42', '26132cb2-11f7-4eb8-a63c-5c326f843e51'),
 ('2', '1', 'GetHelp', '2', NULL, NULL, '0', '2016-03-30 12:09:23', '2016-05-25 19:07:49', '63b4016f-e47f-4d5d-8fbf-865634097b7b'),
 ('3', '1', 'Updates', '3', NULL, NULL, '0', '2016-03-30 12:09:23', '2016-05-25 19:08:22', 'a6d5044c-6d22-4938-b4b6-9c476e7ca987'),
 ('4', '1', 'Feed', '4', NULL, '{\"url\":\"https:\\/\\/craftcms.com\\/news.rss\",\"title\":\"Craft News\"}', '0', '2016-03-30 12:09:23', '2016-05-25 19:08:18', '7415fb61-0c4e-44c0-a5c9-fee4d9310bd7'),
 ('5', '1', 'Commerce_Orders', '2', '3', '{\"orderStatusId\":\"2\",\"limit\":\"10\"}', '1', '2016-05-25 19:08:31', '2016-06-27 14:12:21', 'b9f1fa4c-5b28-4341-94bc-48eab22495e2'),
 ('6', '1', 'Commerce_Revenue', '3', '3', '{\"dateRange\":\"d7\"}', '1', '2016-05-25 19:08:41', '2016-06-27 14:12:26', '0f8e5695-0bf0-46f2-afa3-5c42dd3ce6f8'),
 ('7', '1', 'Elektronikforsikring', '1', '3', '{\"navisionEmail\":\"martin@beuschau.dk\"}', '1', '2016-06-27 13:49:55', '2016-06-27 21:04:34', '4454459a-466b-481d-861f-a698df5afaf8');


--
-- Constraints for tables
--


--
-- Constraints for table `craft_assetfiles`
--
ALTER TABLE `craft_assetfiles`
	ADD CONSTRAINT `craft_assetfiles_folderId_fk` FOREIGN KEY (`folderId`) REFERENCES `craft_assetfolders` (`id`) ON DELETE CASCADE,
	ADD CONSTRAINT `craft_assetfiles_id_fk` FOREIGN KEY (`id`) REFERENCES `craft_elements` (`id`) ON DELETE CASCADE,
	ADD CONSTRAINT `craft_assetfiles_sourceId_fk` FOREIGN KEY (`sourceId`) REFERENCES `craft_assetsources` (`id`) ON DELETE CASCADE;

--
-- Constraints for table `craft_assetfolders`
--
ALTER TABLE `craft_assetfolders`
	ADD CONSTRAINT `craft_assetfolders_parentId_fk` FOREIGN KEY (`parentId`) REFERENCES `craft_assetfolders` (`id`) ON DELETE CASCADE,
	ADD CONSTRAINT `craft_assetfolders_sourceId_fk` FOREIGN KEY (`sourceId`) REFERENCES `craft_assetsources` (`id`) ON DELETE CASCADE;

--
-- Constraints for table `craft_assetindexdata`
--
ALTER TABLE `craft_assetindexdata`
	ADD CONSTRAINT `craft_assetindexdata_sourceId_fk` FOREIGN KEY (`sourceId`) REFERENCES `craft_assetsources` (`id`) ON DELETE CASCADE;

--
-- Constraints for table `craft_assetsources`
--
ALTER TABLE `craft_assetsources`
	ADD CONSTRAINT `craft_assetsources_fieldLayoutId_fk` FOREIGN KEY (`fieldLayoutId`) REFERENCES `craft_fieldlayouts` (`id`) ON DELETE SET NULL;

--
-- Constraints for table `craft_categories`
--
ALTER TABLE `craft_categories`
	ADD CONSTRAINT `craft_categories_groupId_fk` FOREIGN KEY (`groupId`) REFERENCES `craft_categorygroups` (`id`) ON DELETE CASCADE,
	ADD CONSTRAINT `craft_categories_id_fk` FOREIGN KEY (`id`) REFERENCES `craft_elements` (`id`) ON DELETE CASCADE;

--
-- Constraints for table `craft_categorygroups`
--
ALTER TABLE `craft_categorygroups`
	ADD CONSTRAINT `craft_categorygroups_fieldLayoutId_fk` FOREIGN KEY (`fieldLayoutId`) REFERENCES `craft_fieldlayouts` (`id`) ON DELETE SET NULL,
	ADD CONSTRAINT `craft_categorygroups_structureId_fk` FOREIGN KEY (`structureId`) REFERENCES `craft_structures` (`id`) ON DELETE CASCADE;

--
-- Constraints for table `craft_categorygroups_i18n`
--
ALTER TABLE `craft_categorygroups_i18n`
	ADD CONSTRAINT `craft_categorygroups_i18n_groupId_fk` FOREIGN KEY (`groupId`) REFERENCES `craft_categorygroups` (`id`) ON DELETE CASCADE,
	ADD CONSTRAINT `craft_categorygroups_i18n_locale_fk` FOREIGN KEY (`locale`) REFERENCES `craft_locales` (`locale`) ON DELETE CASCADE ON UPDATE CASCADE;

--
-- Constraints for table `craft_commerce_addresses`
--
ALTER TABLE `craft_commerce_addresses`
	ADD CONSTRAINT `craft_commerce_addresses_countryId_fk` FOREIGN KEY (`countryId`) REFERENCES `craft_commerce_countries` (`id`) ON DELETE SET NULL,
	ADD CONSTRAINT `craft_commerce_addresses_stateId_fk` FOREIGN KEY (`stateId`) REFERENCES `craft_commerce_states` (`id`) ON DELETE SET NULL;

--
-- Constraints for table `craft_commerce_customer_discountuses`
--
ALTER TABLE `craft_commerce_customer_discountuses`
	ADD CONSTRAINT `craft_commerce_customer_discountuses_customerId_fk` FOREIGN KEY (`customerId`) REFERENCES `craft_commerce_customers` (`id`) ON DELETE CASCADE ON UPDATE CASCADE,
	ADD CONSTRAINT `craft_commerce_customer_discountuses_discountId_fk` FOREIGN KEY (`discountId`) REFERENCES `craft_commerce_discounts` (`id`) ON DELETE CASCADE ON UPDATE CASCADE;

--
-- Constraints for table `craft_commerce_customers`
--
ALTER TABLE `craft_commerce_customers`
	ADD CONSTRAINT `craft_commerce_customers_userId_fk` FOREIGN KEY (`userId`) REFERENCES `craft_users` (`id`) ON DELETE SET NULL;

--
-- Constraints for table `craft_commerce_customers_addresses`
--
ALTER TABLE `craft_commerce_customers_addresses`
	ADD CONSTRAINT `craft_commerce_customers_addresses_addressId_fk` FOREIGN KEY (`addressId`) REFERENCES `craft_commerce_addresses` (`id`) ON DELETE CASCADE ON UPDATE CASCADE,
	ADD CONSTRAINT `craft_commerce_customers_addresses_customerId_fk` FOREIGN KEY (`customerId`) REFERENCES `craft_commerce_customers` (`id`) ON DELETE CASCADE ON UPDATE CASCADE;

--
-- Constraints for table `craft_commerce_discount_products`
--
ALTER TABLE `craft_commerce_discount_products`
	ADD CONSTRAINT `craft_commerce_discount_products_discountId_fk` FOREIGN KEY (`discountId`) REFERENCES `craft_commerce_discounts` (`id`) ON DELETE CASCADE ON UPDATE CASCADE,
	ADD CONSTRAINT `craft_commerce_discount_products_productId_fk` FOREIGN KEY (`productId`) REFERENCES `craft_commerce_products` (`id`) ON DELETE CASCADE ON UPDATE CASCADE;

--
-- Constraints for table `craft_commerce_discount_producttypes`
--
ALTER TABLE `craft_commerce_discount_producttypes`
	ADD CONSTRAINT `craft_commerce_discount_producttypes_discountId_fk` FOREIGN KEY (`discountId`) REFERENCES `craft_commerce_discounts` (`id`) ON DELETE CASCADE ON UPDATE CASCADE,
	ADD CONSTRAINT `craft_commerce_discount_producttypes_productTypeId_fk` FOREIGN KEY (`productTypeId`) REFERENCES `craft_commerce_producttypes` (`id`) ON DELETE CASCADE ON UPDATE CASCADE;

--
-- Constraints for table `craft_commerce_discount_usergroups`
--
ALTER TABLE `craft_commerce_discount_usergroups`
	ADD CONSTRAINT `craft_commerce_discount_usergroups_discountId_fk` FOREIGN KEY (`discountId`) REFERENCES `craft_commerce_discounts` (`id`) ON DELETE CASCADE ON UPDATE CASCADE,
	ADD CONSTRAINT `craft_commerce_discount_usergroups_userGroupId_fk` FOREIGN KEY (`userGroupId`) REFERENCES `craft_usergroups` (`id`) ON DELETE CASCADE ON UPDATE CASCADE;

--
-- Constraints for table `craft_commerce_lineitems`
--
ALTER TABLE `craft_commerce_lineitems`
	ADD CONSTRAINT `craft_commerce_lineitems_orderId_fk` FOREIGN KEY (`orderId`) REFERENCES `craft_commerce_orders` (`id`) ON DELETE CASCADE,
	ADD CONSTRAINT `craft_commerce_lineitems_purchasableId_fk` FOREIGN KEY (`purchasableId`) REFERENCES `craft_elements` (`id`) ON DELETE SET NULL ON UPDATE CASCADE,
	ADD CONSTRAINT `craft_commerce_lineitems_taxCategoryId_fk` FOREIGN KEY (`taxCategoryId`) REFERENCES `craft_commerce_taxcategories` (`id`) ON UPDATE CASCADE;

--
-- Constraints for table `craft_commerce_orderadjustments`
--
ALTER TABLE `craft_commerce_orderadjustments`
	ADD CONSTRAINT `craft_commerce_orderadjustments_orderId_fk` FOREIGN KEY (`orderId`) REFERENCES `craft_commerce_orders` (`id`) ON DELETE CASCADE;

--
-- Constraints for table `craft_commerce_orderhistories`
--
ALTER TABLE `craft_commerce_orderhistories`
	ADD CONSTRAINT `craft_commerce_orderhistories_customerId_fk` FOREIGN KEY (`customerId`) REFERENCES `craft_commerce_customers` (`id`) ON DELETE CASCADE ON UPDATE CASCADE,
	ADD CONSTRAINT `craft_commerce_orderhistories_newStatusId_fk` FOREIGN KEY (`newStatusId`) REFERENCES `craft_commerce_orderstatuses` (`id`) ON UPDATE CASCADE,
	ADD CONSTRAINT `craft_commerce_orderhistories_orderId_fk` FOREIGN KEY (`orderId`) REFERENCES `craft_commerce_orders` (`id`) ON DELETE CASCADE ON UPDATE CASCADE,
	ADD CONSTRAINT `craft_commerce_orderhistories_prevStatusId_fk` FOREIGN KEY (`prevStatusId`) REFERENCES `craft_commerce_orderstatuses` (`id`) ON UPDATE CASCADE;

--
-- Constraints for table `craft_commerce_orders`
--
ALTER TABLE `craft_commerce_orders`
	ADD CONSTRAINT `craft_commerce_orders_billingAddressId_fk` FOREIGN KEY (`billingAddressId`) REFERENCES `craft_commerce_addresses` (`id`) ON DELETE SET NULL,
	ADD CONSTRAINT `craft_commerce_orders_customerId_fk` FOREIGN KEY (`customerId`) REFERENCES `craft_commerce_customers` (`id`) ON DELETE SET NULL,
	ADD CONSTRAINT `craft_commerce_orders_id_fk` FOREIGN KEY (`id`) REFERENCES `craft_elements` (`id`) ON DELETE CASCADE,
	ADD CONSTRAINT `craft_commerce_orders_orderStatusId_fk` FOREIGN KEY (`orderStatusId`) REFERENCES `craft_commerce_orderstatuses` (`id`) ON UPDATE CASCADE,
	ADD CONSTRAINT `craft_commerce_orders_paymentMethodId_fk` FOREIGN KEY (`paymentMethodId`) REFERENCES `craft_commerce_paymentmethods` (`id`) ON DELETE SET NULL,
	ADD CONSTRAINT `craft_commerce_orders_shippingAddressId_fk` FOREIGN KEY (`shippingAddressId`) REFERENCES `craft_commerce_addresses` (`id`) ON DELETE SET NULL;

--
-- Constraints for table `craft_commerce_ordersettings`
--
ALTER TABLE `craft_commerce_ordersettings`
	ADD CONSTRAINT `craft_commerce_ordersettings_fieldLayoutId_fk` FOREIGN KEY (`fieldLayoutId`) REFERENCES `craft_fieldlayouts` (`id`) ON DELETE SET NULL;

--
-- Constraints for table `craft_commerce_orderstatus_emails`
--
ALTER TABLE `craft_commerce_orderstatus_emails`
	ADD CONSTRAINT `craft_commerce_orderstatus_emails_emailId_fk` FOREIGN KEY (`emailId`) REFERENCES `craft_commerce_emails` (`id`) ON DELETE CASCADE ON UPDATE CASCADE,
	ADD CONSTRAINT `craft_commerce_orderstatus_emails_orderStatusId_fk` FOREIGN KEY (`orderStatusId`) REFERENCES `craft_commerce_orderstatuses` (`id`) ON DELETE CASCADE ON UPDATE CASCADE;

--
-- Constraints for table `craft_commerce_products`
--
ALTER TABLE `craft_commerce_products`
	ADD CONSTRAINT `craft_commerce_products_id_fk` FOREIGN KEY (`id`) REFERENCES `craft_elements` (`id`) ON DELETE CASCADE,
	ADD CONSTRAINT `craft_commerce_products_taxCategoryId_fk` FOREIGN KEY (`taxCategoryId`) REFERENCES `craft_commerce_taxcategories` (`id`),
	ADD CONSTRAINT `craft_commerce_products_typeId_fk` FOREIGN KEY (`typeId`) REFERENCES `craft_commerce_producttypes` (`id`) ON DELETE CASCADE;

--
-- Constraints for table `craft_commerce_producttypes`
--
ALTER TABLE `craft_commerce_producttypes`
	ADD CONSTRAINT `craft_commerce_producttypes_fieldLayoutId_fk` FOREIGN KEY (`fieldLayoutId`) REFERENCES `craft_fieldlayouts` (`id`) ON DELETE SET NULL,
	ADD CONSTRAINT `craft_commerce_producttypes_variantFieldLayoutId_fk` FOREIGN KEY (`variantFieldLayoutId`) REFERENCES `craft_fieldlayouts` (`id`) ON DELETE SET NULL;

--
-- Constraints for table `craft_commerce_producttypes_i18n`
--
ALTER TABLE `craft_commerce_producttypes_i18n`
	ADD CONSTRAINT `craft_commerce_producttypes_i18n_locale_fk` FOREIGN KEY (`locale`) REFERENCES `craft_locales` (`locale`) ON DELETE CASCADE ON UPDATE CASCADE,
	ADD CONSTRAINT `craft_commerce_producttypes_i18n_productTypeId_fk` FOREIGN KEY (`productTypeId`) REFERENCES `craft_commerce_producttypes` (`id`) ON DELETE CASCADE;

--
-- Constraints for table `craft_commerce_purchasables`
--
ALTER TABLE `craft_commerce_purchasables`
	ADD CONSTRAINT `craft_commerce_purchasables_id_fk` FOREIGN KEY (`id`) REFERENCES `craft_elements` (`id`) ON DELETE CASCADE;

--
-- Constraints for table `craft_commerce_sale_products`
--
ALTER TABLE `craft_commerce_sale_products`
	ADD CONSTRAINT `craft_commerce_sale_products_productId_fk` FOREIGN KEY (`productId`) REFERENCES `craft_commerce_products` (`id`) ON DELETE CASCADE ON UPDATE CASCADE,
	ADD CONSTRAINT `craft_commerce_sale_products_saleId_fk` FOREIGN KEY (`saleId`) REFERENCES `craft_commerce_sales` (`id`) ON DELETE CASCADE ON UPDATE CASCADE;

--
-- Constraints for table `craft_commerce_sale_producttypes`
--
ALTER TABLE `craft_commerce_sale_producttypes`
	ADD CONSTRAINT `craft_commerce_sale_producttypes_productTypeId_fk` FOREIGN KEY (`productTypeId`) REFERENCES `craft_commerce_producttypes` (`id`) ON DELETE CASCADE ON UPDATE CASCADE,
	ADD CONSTRAINT `craft_commerce_sale_producttypes_saleId_fk` FOREIGN KEY (`saleId`) REFERENCES `craft_commerce_sales` (`id`) ON DELETE CASCADE ON UPDATE CASCADE;

--
-- Constraints for table `craft_commerce_sale_usergroups`
--
ALTER TABLE `craft_commerce_sale_usergroups`
	ADD CONSTRAINT `craft_commerce_sale_usergroups_saleId_fk` FOREIGN KEY (`saleId`) REFERENCES `craft_commerce_sales` (`id`) ON DELETE CASCADE ON UPDATE CASCADE,
	ADD CONSTRAINT `craft_commerce_sale_usergroups_userGroupId_fk` FOREIGN KEY (`userGroupId`) REFERENCES `craft_usergroups` (`id`) ON DELETE CASCADE ON UPDATE CASCADE;

--
-- Constraints for table `craft_commerce_shippingrules`
--
ALTER TABLE `craft_commerce_shippingrules`
	ADD CONSTRAINT `craft_commerce_shippingrules_methodId_fk` FOREIGN KEY (`methodId`) REFERENCES `craft_commerce_shippingmethods` (`id`),
	ADD CONSTRAINT `craft_commerce_shippingrules_shippingZoneId_fk` FOREIGN KEY (`shippingZoneId`) REFERENCES `craft_commerce_shippingzones` (`id`) ON DELETE SET NULL;

--
-- Constraints for table `craft_commerce_shippingzone_countries`
--
ALTER TABLE `craft_commerce_shippingzone_countries`
	ADD CONSTRAINT `craft_commerce_shippingzone_countries_countryId_fk` FOREIGN KEY (`countryId`) REFERENCES `craft_commerce_countries` (`id`) ON DELETE CASCADE ON UPDATE CASCADE,
	ADD CONSTRAINT `craft_commerce_shippingzone_countries_shippingZoneId_fk` FOREIGN KEY (`shippingZoneId`) REFERENCES `craft_commerce_shippingzones` (`id`) ON DELETE CASCADE ON UPDATE CASCADE;

--
-- Constraints for table `craft_commerce_shippingzone_states`
--
ALTER TABLE `craft_commerce_shippingzone_states`
	ADD CONSTRAINT `craft_commerce_shippingzone_states_shippingZoneId_fk` FOREIGN KEY (`shippingZoneId`) REFERENCES `craft_commerce_shippingzones` (`id`) ON DELETE CASCADE ON UPDATE CASCADE,
	ADD CONSTRAINT `craft_commerce_shippingzone_states_stateId_fk` FOREIGN KEY (`stateId`) REFERENCES `craft_commerce_states` (`id`) ON DELETE CASCADE ON UPDATE CASCADE;

--
-- Constraints for table `craft_commerce_states`
--
ALTER TABLE `craft_commerce_states`
	ADD CONSTRAINT `craft_commerce_states_countryId_fk` FOREIGN KEY (`countryId`) REFERENCES `craft_commerce_countries` (`id`) ON DELETE CASCADE ON UPDATE CASCADE;

--
-- Constraints for table `craft_commerce_taxrates`
--
ALTER TABLE `craft_commerce_taxrates`
	ADD CONSTRAINT `craft_commerce_taxrates_taxCategoryId_fk` FOREIGN KEY (`taxCategoryId`) REFERENCES `craft_commerce_taxcategories` (`id`) ON UPDATE CASCADE,
	ADD CONSTRAINT `craft_commerce_taxrates_taxZoneId_fk` FOREIGN KEY (`taxZoneId`) REFERENCES `craft_commerce_taxzones` (`id`) ON UPDATE CASCADE;

--
-- Constraints for table `craft_commerce_taxzone_countries`
--
ALTER TABLE `craft_commerce_taxzone_countries`
	ADD CONSTRAINT `craft_commerce_taxzone_countries_countryId_fk` FOREIGN KEY (`countryId`) REFERENCES `craft_commerce_countries` (`id`) ON DELETE CASCADE ON UPDATE CASCADE,
	ADD CONSTRAINT `craft_commerce_taxzone_countries_taxZoneId_fk` FOREIGN KEY (`taxZoneId`) REFERENCES `craft_commerce_taxzones` (`id`) ON DELETE CASCADE ON UPDATE CASCADE;

--
-- Constraints for table `craft_commerce_taxzone_states`
--
ALTER TABLE `craft_commerce_taxzone_states`
	ADD CONSTRAINT `craft_commerce_taxzone_states_stateId_fk` FOREIGN KEY (`stateId`) REFERENCES `craft_commerce_states` (`id`) ON DELETE CASCADE ON UPDATE CASCADE,
	ADD CONSTRAINT `craft_commerce_taxzone_states_taxZoneId_fk` FOREIGN KEY (`taxZoneId`) REFERENCES `craft_commerce_taxzones` (`id`) ON DELETE CASCADE ON UPDATE CASCADE;

--
-- Constraints for table `craft_commerce_transactions`
--
ALTER TABLE `craft_commerce_transactions`
	ADD CONSTRAINT `craft_commerce_transactions_orderId_fk` FOREIGN KEY (`orderId`) REFERENCES `craft_commerce_orders` (`id`) ON DELETE CASCADE,
	ADD CONSTRAINT `craft_commerce_transactions_parentId_fk` FOREIGN KEY (`parentId`) REFERENCES `craft_commerce_transactions` (`id`) ON DELETE CASCADE ON UPDATE CASCADE,
	ADD CONSTRAINT `craft_commerce_transactions_paymentMethodId_fk` FOREIGN KEY (`paymentMethodId`) REFERENCES `craft_commerce_paymentmethods` (`id`) ON UPDATE CASCADE,
	ADD CONSTRAINT `craft_commerce_transactions_userId_fk` FOREIGN KEY (`userId`) REFERENCES `craft_users` (`id`) ON DELETE SET NULL;

--
-- Constraints for table `craft_commerce_variants`
--
ALTER TABLE `craft_commerce_variants`
	ADD CONSTRAINT `craft_commerce_variants_id_fk` FOREIGN KEY (`id`) REFERENCES `craft_elements` (`id`) ON DELETE CASCADE,
	ADD CONSTRAINT `craft_commerce_variants_productId_fk` FOREIGN KEY (`productId`) REFERENCES `craft_commerce_products` (`id`) ON DELETE SET NULL ON UPDATE CASCADE;

--
-- Constraints for table `craft_content`
--
ALTER TABLE `craft_content`
	ADD CONSTRAINT `craft_content_elementId_fk` FOREIGN KEY (`elementId`) REFERENCES `craft_elements` (`id`) ON DELETE CASCADE,
	ADD CONSTRAINT `craft_content_locale_fk` FOREIGN KEY (`locale`) REFERENCES `craft_locales` (`locale`) ON DELETE CASCADE ON UPDATE CASCADE;

--
-- Constraints for table `craft_elements_i18n`
--
ALTER TABLE `craft_elements_i18n`
	ADD CONSTRAINT `craft_elements_i18n_elementId_fk` FOREIGN KEY (`elementId`) REFERENCES `craft_elements` (`id`) ON DELETE CASCADE,
	ADD CONSTRAINT `craft_elements_i18n_locale_fk` FOREIGN KEY (`locale`) REFERENCES `craft_locales` (`locale`) ON DELETE CASCADE ON UPDATE CASCADE;

--
-- Constraints for table `craft_emailmessages`
--
ALTER TABLE `craft_emailmessages`
	ADD CONSTRAINT `craft_emailmessages_locale_fk` FOREIGN KEY (`locale`) REFERENCES `craft_locales` (`locale`) ON DELETE CASCADE ON UPDATE CASCADE;

--
-- Constraints for table `craft_entries`
--
ALTER TABLE `craft_entries`
	ADD CONSTRAINT `craft_entries_authorId_fk` FOREIGN KEY (`authorId`) REFERENCES `craft_users` (`id`) ON DELETE CASCADE,
	ADD CONSTRAINT `craft_entries_id_fk` FOREIGN KEY (`id`) REFERENCES `craft_elements` (`id`) ON DELETE CASCADE,
	ADD CONSTRAINT `craft_entries_sectionId_fk` FOREIGN KEY (`sectionId`) REFERENCES `craft_sections` (`id`) ON DELETE CASCADE,
	ADD CONSTRAINT `craft_entries_typeId_fk` FOREIGN KEY (`typeId`) REFERENCES `craft_entrytypes` (`id`) ON DELETE CASCADE;

--
-- Constraints for table `craft_entrydrafts`
--
ALTER TABLE `craft_entrydrafts`
	ADD CONSTRAINT `craft_entrydrafts_creatorId_fk` FOREIGN KEY (`creatorId`) REFERENCES `craft_users` (`id`) ON DELETE CASCADE,
	ADD CONSTRAINT `craft_entrydrafts_entryId_fk` FOREIGN KEY (`entryId`) REFERENCES `craft_entries` (`id`) ON DELETE CASCADE,
	ADD CONSTRAINT `craft_entrydrafts_locale_fk` FOREIGN KEY (`locale`) REFERENCES `craft_locales` (`locale`) ON DELETE CASCADE ON UPDATE CASCADE,
	ADD CONSTRAINT `craft_entrydrafts_sectionId_fk` FOREIGN KEY (`sectionId`) REFERENCES `craft_sections` (`id`) ON DELETE CASCADE;

--
-- Constraints for table `craft_entrytypes`
--
ALTER TABLE `craft_entrytypes`
	ADD CONSTRAINT `craft_entrytypes_fieldLayoutId_fk` FOREIGN KEY (`fieldLayoutId`) REFERENCES `craft_fieldlayouts` (`id`) ON DELETE SET NULL,
	ADD CONSTRAINT `craft_entrytypes_sectionId_fk` FOREIGN KEY (`sectionId`) REFERENCES `craft_sections` (`id`) ON DELETE CASCADE;

--
-- Constraints for table `craft_entryversions`
--
ALTER TABLE `craft_entryversions`
	ADD CONSTRAINT `craft_entryversions_creatorId_fk` FOREIGN KEY (`creatorId`) REFERENCES `craft_users` (`id`) ON DELETE SET NULL,
	ADD CONSTRAINT `craft_entryversions_entryId_fk` FOREIGN KEY (`entryId`) REFERENCES `craft_entries` (`id`) ON DELETE CASCADE,
	ADD CONSTRAINT `craft_entryversions_locale_fk` FOREIGN KEY (`locale`) REFERENCES `craft_locales` (`locale`) ON DELETE CASCADE ON UPDATE CASCADE,
	ADD CONSTRAINT `craft_entryversions_sectionId_fk` FOREIGN KEY (`sectionId`) REFERENCES `craft_sections` (`id`) ON DELETE CASCADE;

--
-- Constraints for table `craft_fieldlayoutfields`
--
ALTER TABLE `craft_fieldlayoutfields`
	ADD CONSTRAINT `craft_fieldlayoutfields_fieldId_fk` FOREIGN KEY (`fieldId`) REFERENCES `craft_fields` (`id`) ON DELETE CASCADE,
	ADD CONSTRAINT `craft_fieldlayoutfields_layoutId_fk` FOREIGN KEY (`layoutId`) REFERENCES `craft_fieldlayouts` (`id`) ON DELETE CASCADE,
	ADD CONSTRAINT `craft_fieldlayoutfields_tabId_fk` FOREIGN KEY (`tabId`) REFERENCES `craft_fieldlayouttabs` (`id`) ON DELETE CASCADE;

--
-- Constraints for table `craft_fieldlayouttabs`
--
ALTER TABLE `craft_fieldlayouttabs`
	ADD CONSTRAINT `craft_fieldlayouttabs_layoutId_fk` FOREIGN KEY (`layoutId`) REFERENCES `craft_fieldlayouts` (`id`) ON DELETE CASCADE;

--
-- Constraints for table `craft_fields`
--
ALTER TABLE `craft_fields`
	ADD CONSTRAINT `craft_fields_groupId_fk` FOREIGN KEY (`groupId`) REFERENCES `craft_fieldgroups` (`id`) ON DELETE CASCADE;

--
-- Constraints for table `craft_globalsets`
--
ALTER TABLE `craft_globalsets`
	ADD CONSTRAINT `craft_globalsets_fieldLayoutId_fk` FOREIGN KEY (`fieldLayoutId`) REFERENCES `craft_fieldlayouts` (`id`) ON DELETE SET NULL,
	ADD CONSTRAINT `craft_globalsets_id_fk` FOREIGN KEY (`id`) REFERENCES `craft_elements` (`id`) ON DELETE CASCADE;

--
-- Constraints for table `craft_matrixblocks`
--
ALTER TABLE `craft_matrixblocks`
	ADD CONSTRAINT `craft_matrixblocks_fieldId_fk` FOREIGN KEY (`fieldId`) REFERENCES `craft_fields` (`id`) ON DELETE CASCADE,
	ADD CONSTRAINT `craft_matrixblocks_id_fk` FOREIGN KEY (`id`) REFERENCES `craft_elements` (`id`) ON DELETE CASCADE,
	ADD CONSTRAINT `craft_matrixblocks_ownerId_fk` FOREIGN KEY (`ownerId`) REFERENCES `craft_elements` (`id`) ON DELETE CASCADE,
	ADD CONSTRAINT `craft_matrixblocks_ownerLocale_fk` FOREIGN KEY (`ownerLocale`) REFERENCES `craft_locales` (`locale`) ON DELETE CASCADE ON UPDATE CASCADE,
	ADD CONSTRAINT `craft_matrixblocks_typeId_fk` FOREIGN KEY (`typeId`) REFERENCES `craft_matrixblocktypes` (`id`) ON DELETE CASCADE;

--
-- Constraints for table `craft_matrixblocktypes`
--
ALTER TABLE `craft_matrixblocktypes`
	ADD CONSTRAINT `craft_matrixblocktypes_fieldId_fk` FOREIGN KEY (`fieldId`) REFERENCES `craft_fields` (`id`) ON DELETE CASCADE,
	ADD CONSTRAINT `craft_matrixblocktypes_fieldLayoutId_fk` FOREIGN KEY (`fieldLayoutId`) REFERENCES `craft_fieldlayouts` (`id`) ON DELETE SET NULL;

--
-- Constraints for table `craft_matrixcontent_answer`
--
ALTER TABLE `craft_matrixcontent_answer`
	ADD CONSTRAINT `craft_matrixcontent_answer_elementId_fk` FOREIGN KEY (`elementId`) REFERENCES `craft_elements` (`id`) ON DELETE CASCADE,
	ADD CONSTRAINT `craft_matrixcontent_answer_locale_fk` FOREIGN KEY (`locale`) REFERENCES `craft_locales` (`locale`) ON DELETE CASCADE ON UPDATE CASCADE;

--
-- Constraints for table `craft_matrixcontent_sektion`
--
ALTER TABLE `craft_matrixcontent_sektion`
	ADD CONSTRAINT `craft_matrixcontent_sektion_elementId_fk` FOREIGN KEY (`elementId`) REFERENCES `craft_elements` (`id`) ON DELETE CASCADE,
	ADD CONSTRAINT `craft_matrixcontent_sektion_locale_fk` FOREIGN KEY (`locale`) REFERENCES `craft_locales` (`locale`) ON DELETE CASCADE ON UPDATE CASCADE;

--
-- Constraints for table `craft_migrations`
--
ALTER TABLE `craft_migrations`
	ADD CONSTRAINT `craft_migrations_pluginId_fk` FOREIGN KEY (`pluginId`) REFERENCES `craft_plugins` (`id`) ON DELETE CASCADE;

--
-- Constraints for table `craft_relations`
--
ALTER TABLE `craft_relations`
	ADD CONSTRAINT `craft_relations_fieldId_fk` FOREIGN KEY (`fieldId`) REFERENCES `craft_fields` (`id`) ON DELETE CASCADE,
	ADD CONSTRAINT `craft_relations_sourceId_fk` FOREIGN KEY (`sourceId`) REFERENCES `craft_elements` (`id`) ON DELETE CASCADE,
	ADD CONSTRAINT `craft_relations_sourceLocale_fk` FOREIGN KEY (`sourceLocale`) REFERENCES `craft_locales` (`locale`) ON DELETE CASCADE ON UPDATE CASCADE,
	ADD CONSTRAINT `craft_relations_targetId_fk` FOREIGN KEY (`targetId`) REFERENCES `craft_elements` (`id`) ON DELETE CASCADE;

--
-- Constraints for table `craft_routes`
--
ALTER TABLE `craft_routes`
	ADD CONSTRAINT `craft_routes_locale_fk` FOREIGN KEY (`locale`) REFERENCES `craft_locales` (`locale`) ON DELETE CASCADE ON UPDATE CASCADE;

--
-- Constraints for table `craft_sections`
--
ALTER TABLE `craft_sections`
	ADD CONSTRAINT `craft_sections_structureId_fk` FOREIGN KEY (`structureId`) REFERENCES `craft_structures` (`id`) ON DELETE SET NULL;

--
-- Constraints for table `craft_sections_i18n`
--
ALTER TABLE `craft_sections_i18n`
	ADD CONSTRAINT `craft_sections_i18n_locale_fk` FOREIGN KEY (`locale`) REFERENCES `craft_locales` (`locale`) ON DELETE CASCADE ON UPDATE CASCADE,
	ADD CONSTRAINT `craft_sections_i18n_sectionId_fk` FOREIGN KEY (`sectionId`) REFERENCES `craft_sections` (`id`) ON DELETE CASCADE;

--
-- Constraints for table `craft_sessions`
--
ALTER TABLE `craft_sessions`
	ADD CONSTRAINT `craft_sessions_userId_fk` FOREIGN KEY (`userId`) REFERENCES `craft_users` (`id`) ON DELETE CASCADE;

--
-- Constraints for table `craft_shunnedmessages`
--
ALTER TABLE `craft_shunnedmessages`
	ADD CONSTRAINT `craft_shunnedmessages_userId_fk` FOREIGN KEY (`userId`) REFERENCES `craft_users` (`id`) ON DELETE CASCADE;

--
-- Constraints for table `craft_structureelements`
--
ALTER TABLE `craft_structureelements`
	ADD CONSTRAINT `craft_structureelements_elementId_fk` FOREIGN KEY (`elementId`) REFERENCES `craft_elements` (`id`) ON DELETE CASCADE,
	ADD CONSTRAINT `craft_structureelements_structureId_fk` FOREIGN KEY (`structureId`) REFERENCES `craft_structures` (`id`) ON DELETE CASCADE;

--
-- Constraints for table `craft_taggroups`
--
ALTER TABLE `craft_taggroups`
	ADD CONSTRAINT `craft_taggroups_fieldLayoutId_fk` FOREIGN KEY (`fieldLayoutId`) REFERENCES `craft_fieldlayouts` (`id`) ON DELETE SET NULL;

--
-- Constraints for table `craft_tags`
--
ALTER TABLE `craft_tags`
	ADD CONSTRAINT `craft_tags_groupId_fk` FOREIGN KEY (`groupId`) REFERENCES `craft_taggroups` (`id`) ON DELETE CASCADE,
	ADD CONSTRAINT `craft_tags_id_fk` FOREIGN KEY (`id`) REFERENCES `craft_elements` (`id`) ON DELETE CASCADE;

--
-- Constraints for table `craft_templatecachecriteria`
--
ALTER TABLE `craft_templatecachecriteria`
	ADD CONSTRAINT `craft_templatecachecriteria_cacheId_fk` FOREIGN KEY (`cacheId`) REFERENCES `craft_templatecaches` (`id`) ON DELETE CASCADE;

--
-- Constraints for table `craft_templatecacheelements`
--
ALTER TABLE `craft_templatecacheelements`
	ADD CONSTRAINT `craft_templatecacheelements_cacheId_fk` FOREIGN KEY (`cacheId`) REFERENCES `craft_templatecaches` (`id`) ON DELETE CASCADE,
	ADD CONSTRAINT `craft_templatecacheelements_elementId_fk` FOREIGN KEY (`elementId`) REFERENCES `craft_elements` (`id`) ON DELETE CASCADE;

--
-- Constraints for table `craft_templatecaches`
--
ALTER TABLE `craft_templatecaches`
	ADD CONSTRAINT `craft_templatecaches_locale_fk` FOREIGN KEY (`locale`) REFERENCES `craft_locales` (`locale`) ON DELETE CASCADE ON UPDATE CASCADE;

--
-- Constraints for table `craft_usergroups_users`
--
ALTER TABLE `craft_usergroups_users`
	ADD CONSTRAINT `craft_usergroups_users_groupId_fk` FOREIGN KEY (`groupId`) REFERENCES `craft_usergroups` (`id`) ON DELETE CASCADE,
	ADD CONSTRAINT `craft_usergroups_users_userId_fk` FOREIGN KEY (`userId`) REFERENCES `craft_users` (`id`) ON DELETE CASCADE;

--
-- Constraints for table `craft_userpermissions_usergroups`
--
ALTER TABLE `craft_userpermissions_usergroups`
	ADD CONSTRAINT `craft_userpermissions_usergroups_groupId_fk` FOREIGN KEY (`groupId`) REFERENCES `craft_usergroups` (`id`) ON DELETE CASCADE,
	ADD CONSTRAINT `craft_userpermissions_usergroups_permissionId_fk` FOREIGN KEY (`permissionId`) REFERENCES `craft_userpermissions` (`id`) ON DELETE CASCADE;

--
-- Constraints for table `craft_userpermissions_users`
--
ALTER TABLE `craft_userpermissions_users`
	ADD CONSTRAINT `craft_userpermissions_users_permissionId_fk` FOREIGN KEY (`permissionId`) REFERENCES `craft_userpermissions` (`id`) ON DELETE CASCADE,
	ADD CONSTRAINT `craft_userpermissions_users_userId_fk` FOREIGN KEY (`userId`) REFERENCES `craft_users` (`id`) ON DELETE CASCADE;

--
-- Constraints for table `craft_users`
--
ALTER TABLE `craft_users`
	ADD CONSTRAINT `craft_users_id_fk` FOREIGN KEY (`id`) REFERENCES `craft_elements` (`id`) ON DELETE CASCADE,
	ADD CONSTRAINT `craft_users_preferredLocale_fk` FOREIGN KEY (`preferredLocale`) REFERENCES `craft_locales` (`locale`) ON DELETE SET NULL ON UPDATE CASCADE;

--
-- Constraints for table `craft_widgets`
--
ALTER TABLE `craft_widgets`
	ADD CONSTRAINT `craft_widgets_userId_fk` FOREIGN KEY (`userId`) REFERENCES `craft_users` (`id`) ON DELETE CASCADE;

SET FOREIGN_KEY_CHECKS = 1;
