-- Generated by Craft v2.6.2797 on 08/08/2016 07.53.51.

--
-- Disable foreign key checks and autocommit.
--

SET FOREIGN_KEY_CHECKS = 0;
SET SQL_MODE = "NO_AUTO_VALUE_ON_ZERO";
SET AUTOCOMMIT = 0;
SET NAMES utf8;


DROP TABLE IF EXISTS `craft_assetfiles`;


--
-- Schema for table `craft_assetfiles`
--
CREATE TABLE `craft_assetfiles` (
  `id` int(11) NOT NULL,
  `sourceId` int(11) DEFAULT NULL,
  `folderId` int(11) NOT NULL,
  `filename` varchar(255) COLLATE utf8_unicode_ci NOT NULL,
  `kind` varchar(50) COLLATE utf8_unicode_ci NOT NULL DEFAULT 'unknown',
  `width` int(11) unsigned DEFAULT NULL,
  `height` int(11) unsigned DEFAULT NULL,
  `size` bigint(20) unsigned DEFAULT NULL,
  `dateModified` datetime DEFAULT NULL,
  `dateCreated` datetime NOT NULL,
  `dateUpdated` datetime NOT NULL,
  `uid` char(36) COLLATE utf8_unicode_ci NOT NULL DEFAULT '0',
  PRIMARY KEY (`id`),
  UNIQUE KEY `craft_assetfiles_filename_folderId_unq_idx` (`filename`,`folderId`),
  KEY `craft_assetfiles_sourceId_fk` (`sourceId`),
  KEY `craft_assetfiles_folderId_fk` (`folderId`)
) ENGINE=InnoDB DEFAULT CHARSET=utf8 COLLATE=utf8_unicode_ci;

--
-- Data for table `craft_assetfiles`
--

INSERT INTO `craft_assetfiles` (`id`, `sourceId`, `folderId`, `filename`, `kind`, `width`, `height`, `size`, `dateModified`, `dateCreated`, `dateUpdated`, `uid`) VALUES
 ('95', NULL, '6', 'folder.svg', 'image', '100', '100', '1136', '2016-05-24 10:34:44', '2016-05-24 10:34:44', '2016-05-24 10:34:51', '2522f7d2-6acd-4210-83ad-de988832dc0c'),
 ('123', '1', '7', 'folder.svg', 'image', '100', '100', '1136', '2016-05-30 07:23:35', '2016-05-26 11:57:20', '2016-07-05 12:32:12', '94ed550d-3def-455e-a0c4-c433331c9264'),
 ('133', '1', '7', 'bilka.svg', 'image', '116', '40', '51330', '2016-05-30 07:23:35', '2016-06-02 07:50:37', '2016-07-05 12:32:11', 'd95ae5d1-251a-40a1-a2e6-77c7ec80e197'),
 ('240', '1', '7', 'cards.png', 'image', '191', '26', '6424', '2016-06-30 05:59:33', '2016-06-30 08:30:56', '2016-07-05 12:32:11', '4313743d-5f60-43b0-a99d-e07c9c307cf9'),
 ('241', '1', '7', 'danrisk-logo.svg', 'image', '595', '164', '974646', '2016-05-27 12:17:15', '2016-06-30 08:30:56', '2016-07-05 12:32:12', '432995e3-5902-4bfb-aef6-c86552293285'),
 ('242', '1', '7', 'elektronikforsikring-logo.svg', 'image', '241', '59', '9942', '2016-06-21 08:01:52', '2016-06-30 08:30:56', '2016-07-05 12:32:12', '62244ff0-8794-4d3b-b9ff-4beb8461a1bc'),
 ('243', '1', '7', 'faq.jpg', 'image', '1920', '1279', '166481', '2016-06-23 14:18:03', '2016-06-30 08:30:56', '2016-07-05 12:32:12', 'f9c3b3ad-c2d1-459f-a3b5-b7da5670a501'),
 ('244', '1', '7', 'foto.jpg', 'image', '1920', '1080', '228564', '2016-06-21 09:33:37', '2016-06-30 08:30:57', '2016-07-05 12:32:13', 'f3740a5f-7990-4786-bc03-e9390de9cda8'),
 ('245', '1', '7', 'girls.jpg', 'image', '1920', '1206', '113791', '2016-06-21 08:32:48', '2016-06-30 08:30:57', '2016-07-05 12:32:13', '40b565b6-3010-4c3d-86ed-2b71fa86e6f3'),
 ('247', '1', '7', 'pencil.jpg', 'image', '1920', '670', '183778', '2016-06-30 08:43:57', '2016-06-30 08:43:57', '2016-07-05 12:32:13', '3b1046b6-f7b0-4f7a-bad7-71db433cf6de'),
 ('252', '1', '7', 'customer.jpg', 'image', '1920', '1049', '108158', '2016-06-30 13:22:29', '2016-06-30 13:22:30', '2016-07-05 12:32:12', '8f229fd4-da23-4ee9-b0d4-b02edb2ebdee'),
 ('275', '1', '7', 'mail.jpg', 'image', '1920', '1049', '249600', '2016-07-01 08:38:50', '2016-07-01 08:38:50', '2016-07-05 12:32:13', '49543bed-a87f-422a-bfb7-af8676b02acb');



DROP TABLE IF EXISTS `craft_assetfolders`;


--
-- Schema for table `craft_assetfolders`
--
CREATE TABLE `craft_assetfolders` (
  `id` int(11) NOT NULL AUTO_INCREMENT,
  `parentId` int(11) DEFAULT NULL,
  `sourceId` int(11) DEFAULT NULL,
  `name` varchar(255) COLLATE utf8_unicode_ci NOT NULL,
  `path` varchar(255) COLLATE utf8_unicode_ci DEFAULT NULL,
  `dateCreated` datetime NOT NULL,
  `dateUpdated` datetime NOT NULL,
  `uid` char(36) COLLATE utf8_unicode_ci NOT NULL DEFAULT '0',
  PRIMARY KEY (`id`),
  UNIQUE KEY `craft_assetfolders_name_parentId_sourceId_unq_idx` (`name`,`parentId`,`sourceId`),
  KEY `craft_assetfolders_parentId_fk` (`parentId`),
  KEY `craft_assetfolders_sourceId_fk` (`sourceId`)
) ENGINE=InnoDB AUTO_INCREMENT=10 DEFAULT CHARSET=utf8 COLLATE=utf8_unicode_ci;

--
-- Data for table `craft_assetfolders`
--

INSERT INTO `craft_assetfolders` (`id`, `parentId`, `sourceId`, `name`, `path`, `dateCreated`, `dateUpdated`, `uid`) VALUES
 ('1', NULL, NULL, 'Temporary source', NULL, '2016-05-24 10:20:44', '2016-05-24 10:20:44', '7c57e43a-3080-4b5d-9c92-d11765fa9190'),
 ('2', '1', NULL, 'user_1', NULL, '2016-05-24 10:20:44', '2016-05-24 10:20:44', '0db7ca4c-4f93-4384-afbb-81b779c5bc24'),
 ('3', '2', NULL, 'field_14', 'field_14/', '2016-05-24 10:20:44', '2016-05-24 10:20:44', '780da027-ffdb-4f71-a58c-bd4353c6022d'),
 ('4', '1', NULL, 'images', 'images/', '2016-05-24 10:34:51', '2016-05-24 10:34:51', '1d6d45ba-ebbc-4274-b7fa-68a89e07619e'),
 ('5', '4', NULL, 'commerce', 'images/commerce/', '2016-05-24 10:34:51', '2016-05-24 10:34:51', '6bcae836-9776-46b2-8bdc-f8f2fdc0d70c'),
 ('6', '5', NULL, 'products', 'images/commerce/products/', '2016-05-24 10:34:51', '2016-05-24 10:34:51', '2cb92977-9839-447f-8874-83bdab626e83'),
 ('7', NULL, '1', 'images', '', '2016-05-26 11:56:01', '2016-05-26 11:56:01', '3ecbe075-31f7-407a-a4f0-c9562620f400'),
 ('8', '7', '1', 'commerce', 'commerce/', '2016-06-02 07:50:37', '2016-06-02 07:50:37', '82ad0320-97c8-45e1-8634-e8326fa5e2b8'),
 ('9', '8', '1', 'products', 'commerce/products/', '2016-06-02 07:50:37', '2016-06-02 07:50:37', 'c886cc43-7b93-42b1-b973-28bbe7be4c08');



DROP TABLE IF EXISTS `craft_assetindexdata`;


--
-- Schema for table `craft_assetindexdata`
--
CREATE TABLE `craft_assetindexdata` (
  `id` int(11) NOT NULL AUTO_INCREMENT,
  `sessionId` varchar(36) COLLATE utf8_unicode_ci NOT NULL DEFAULT '',
  `sourceId` int(10) NOT NULL,
  `offset` int(10) NOT NULL,
  `uri` varchar(255) COLLATE utf8_unicode_ci DEFAULT NULL,
  `size` varchar(255) COLLATE utf8_unicode_ci DEFAULT NULL,
  `recordId` int(10) DEFAULT NULL,
  `dateCreated` datetime NOT NULL,
  `dateUpdated` datetime NOT NULL,
  `uid` char(36) COLLATE utf8_unicode_ci NOT NULL DEFAULT '0',
  PRIMARY KEY (`id`),
  UNIQUE KEY `craft_assetindexdata_sessionId_sourceId_offset_unq_idx` (`sessionId`,`sourceId`,`offset`),
  KEY `craft_assetindexdata_sourceId_fk` (`sourceId`)
) ENGINE=InnoDB DEFAULT CHARSET=utf8 COLLATE=utf8_unicode_ci;

DROP TABLE IF EXISTS `craft_assetsources`;


--
-- Schema for table `craft_assetsources`
--
CREATE TABLE `craft_assetsources` (
  `id` int(11) NOT NULL AUTO_INCREMENT,
  `name` varchar(255) COLLATE utf8_unicode_ci NOT NULL,
  `handle` varchar(255) COLLATE utf8_unicode_ci NOT NULL,
  `type` varchar(150) COLLATE utf8_unicode_ci NOT NULL,
  `settings` text COLLATE utf8_unicode_ci,
  `sortOrder` smallint(6) unsigned DEFAULT NULL,
  `fieldLayoutId` int(10) DEFAULT NULL,
  `dateCreated` datetime NOT NULL,
  `dateUpdated` datetime NOT NULL,
  `uid` char(36) COLLATE utf8_unicode_ci NOT NULL DEFAULT '0',
  PRIMARY KEY (`id`),
  UNIQUE KEY `craft_assetsources_name_unq_idx` (`name`),
  UNIQUE KEY `craft_assetsources_handle_unq_idx` (`handle`),
  KEY `craft_assetsources_fieldLayoutId_fk` (`fieldLayoutId`)
) ENGINE=InnoDB AUTO_INCREMENT=2 DEFAULT CHARSET=utf8 COLLATE=utf8_unicode_ci;

--
-- Data for table `craft_assetsources`
--

INSERT INTO `craft_assetsources` (`id`, `name`, `handle`, `type`, `settings`, `sortOrder`, `fieldLayoutId`, `dateCreated`, `dateUpdated`, `uid`) VALUES
 ('1', 'images', 'images', 'Local', '{\"path\":\"assets\\/images\\/\",\"publicURLs\":\"1\",\"url\":\"http:\\/\\/ef.18digital.dev\\/assets\\/images\\/\"}', '1', '82', '2016-05-26 11:56:01', '2016-06-30 08:40:15', '75799f85-b359-4b0d-ab68-f01b613bcb33');



DROP TABLE IF EXISTS `craft_assettransformindex`;


--
-- Schema for table `craft_assettransformindex`
--
CREATE TABLE `craft_assettransformindex` (
  `id` int(11) NOT NULL AUTO_INCREMENT,
  `fileId` int(11) NOT NULL,
  `filename` varchar(255) COLLATE utf8_unicode_ci DEFAULT NULL,
  `format` varchar(255) COLLATE utf8_unicode_ci DEFAULT NULL,
  `location` varchar(255) COLLATE utf8_unicode_ci NOT NULL,
  `sourceId` int(11) DEFAULT NULL,
  `fileExists` tinyint(1) DEFAULT NULL,
  `inProgress` tinyint(1) DEFAULT NULL,
  `dateIndexed` datetime DEFAULT NULL,
  `dateCreated` datetime NOT NULL,
  `dateUpdated` datetime NOT NULL,
  `uid` char(36) COLLATE utf8_unicode_ci NOT NULL DEFAULT '0',
  PRIMARY KEY (`id`),
  KEY `craft_assettransformindex_sourceId_fileId_location_idx` (`sourceId`,`fileId`,`location`)
) ENGINE=InnoDB DEFAULT CHARSET=utf8 COLLATE=utf8_unicode_ci;

DROP TABLE IF EXISTS `craft_assettransforms`;


--
-- Schema for table `craft_assettransforms`
--
CREATE TABLE `craft_assettransforms` (
  `id` int(11) NOT NULL AUTO_INCREMENT,
  `name` varchar(255) COLLATE utf8_unicode_ci NOT NULL,
  `handle` varchar(255) COLLATE utf8_unicode_ci NOT NULL,
  `mode` enum('stretch','fit','crop') COLLATE utf8_unicode_ci NOT NULL DEFAULT 'crop',
  `position` enum('top-left','top-center','top-right','center-left','center-center','center-right','bottom-left','bottom-center','bottom-right') COLLATE utf8_unicode_ci NOT NULL DEFAULT 'center-center',
  `height` int(10) DEFAULT NULL,
  `width` int(10) DEFAULT NULL,
  `format` varchar(255) COLLATE utf8_unicode_ci DEFAULT NULL,
  `quality` int(10) DEFAULT NULL,
  `dimensionChangeTime` datetime DEFAULT NULL,
  `dateCreated` datetime NOT NULL,
  `dateUpdated` datetime NOT NULL,
  `uid` char(36) COLLATE utf8_unicode_ci NOT NULL DEFAULT '0',
  PRIMARY KEY (`id`),
  UNIQUE KEY `craft_assettransforms_name_unq_idx` (`name`),
  UNIQUE KEY `craft_assettransforms_handle_unq_idx` (`handle`)
) ENGINE=InnoDB DEFAULT CHARSET=utf8 COLLATE=utf8_unicode_ci;

DROP TABLE IF EXISTS `craft_categories`;


--
-- Schema for table `craft_categories`
--
CREATE TABLE `craft_categories` (
  `id` int(11) NOT NULL,
  `groupId` int(11) NOT NULL,
  `dateCreated` datetime NOT NULL,
  `dateUpdated` datetime NOT NULL,
  `uid` char(36) COLLATE utf8_unicode_ci NOT NULL DEFAULT '0',
  PRIMARY KEY (`id`),
  KEY `craft_categories_groupId_fk` (`groupId`)
) ENGINE=InnoDB DEFAULT CHARSET=utf8 COLLATE=utf8_unicode_ci;

DROP TABLE IF EXISTS `craft_categorygroups`;


--
-- Schema for table `craft_categorygroups`
--
CREATE TABLE `craft_categorygroups` (
  `id` int(11) NOT NULL AUTO_INCREMENT,
  `structureId` int(11) NOT NULL,
  `fieldLayoutId` int(11) DEFAULT NULL,
  `name` varchar(255) COLLATE utf8_unicode_ci NOT NULL,
  `handle` varchar(255) COLLATE utf8_unicode_ci NOT NULL,
  `hasUrls` tinyint(1) unsigned NOT NULL DEFAULT '1',
  `template` varchar(500) COLLATE utf8_unicode_ci DEFAULT NULL,
  `dateCreated` datetime NOT NULL,
  `dateUpdated` datetime NOT NULL,
  `uid` char(36) COLLATE utf8_unicode_ci NOT NULL DEFAULT '0',
  PRIMARY KEY (`id`),
  UNIQUE KEY `craft_categorygroups_name_unq_idx` (`name`),
  UNIQUE KEY `craft_categorygroups_handle_unq_idx` (`handle`),
  KEY `craft_categorygroups_structureId_fk` (`structureId`),
  KEY `craft_categorygroups_fieldLayoutId_fk` (`fieldLayoutId`)
) ENGINE=InnoDB DEFAULT CHARSET=utf8 COLLATE=utf8_unicode_ci;

DROP TABLE IF EXISTS `craft_categorygroups_i18n`;


--
-- Schema for table `craft_categorygroups_i18n`
--
CREATE TABLE `craft_categorygroups_i18n` (
  `id` int(11) NOT NULL AUTO_INCREMENT,
  `groupId` int(11) NOT NULL,
  `locale` char(12) COLLATE utf8_unicode_ci NOT NULL,
  `urlFormat` text COLLATE utf8_unicode_ci,
  `nestedUrlFormat` text COLLATE utf8_unicode_ci,
  `dateCreated` datetime NOT NULL,
  `dateUpdated` datetime NOT NULL,
  `uid` char(36) COLLATE utf8_unicode_ci NOT NULL DEFAULT '0',
  PRIMARY KEY (`id`),
  UNIQUE KEY `craft_categorygroups_i18n_groupId_locale_unq_idx` (`groupId`,`locale`),
  KEY `craft_categorygroups_i18n_locale_fk` (`locale`)
) ENGINE=InnoDB DEFAULT CHARSET=utf8 COLLATE=utf8_unicode_ci;

DROP TABLE IF EXISTS `craft_commerce_addresses`;


--
-- Schema for table `craft_commerce_addresses`
--
CREATE TABLE `craft_commerce_addresses` (
  `id` int(11) NOT NULL AUTO_INCREMENT,
  `firstName` varchar(255) COLLATE utf8_unicode_ci NOT NULL,
  `lastName` varchar(255) COLLATE utf8_unicode_ci NOT NULL,
  `countryId` int(10) DEFAULT NULL,
  `stateId` int(10) DEFAULT NULL,
  `address1` varchar(255) COLLATE utf8_unicode_ci DEFAULT NULL,
  `address2` varchar(255) COLLATE utf8_unicode_ci DEFAULT NULL,
  `city` varchar(255) COLLATE utf8_unicode_ci DEFAULT NULL,
  `zipCode` varchar(255) COLLATE utf8_unicode_ci DEFAULT NULL,
  `phone` varchar(255) COLLATE utf8_unicode_ci DEFAULT NULL,
  `alternativePhone` varchar(255) COLLATE utf8_unicode_ci DEFAULT NULL,
  `businessName` varchar(255) COLLATE utf8_unicode_ci DEFAULT NULL,
  `businessTaxId` varchar(255) COLLATE utf8_unicode_ci DEFAULT NULL,
  `stateName` varchar(255) COLLATE utf8_unicode_ci DEFAULT NULL,
  `dateCreated` datetime NOT NULL,
  `dateUpdated` datetime NOT NULL,
  `uid` char(36) COLLATE utf8_unicode_ci NOT NULL DEFAULT '0',
  PRIMARY KEY (`id`),
  KEY `craft_commerce_addresses_countryId_fk` (`countryId`),
  KEY `craft_commerce_addresses_stateId_fk` (`stateId`)
) ENGINE=InnoDB AUTO_INCREMENT=67 DEFAULT CHARSET=utf8 COLLATE=utf8_unicode_ci;

--
-- Data for table `craft_commerce_addresses`
--

INSERT INTO `craft_commerce_addresses` (`id`, `firstName`, `lastName`, `countryId`, `stateId`, `address1`, `address2`, `city`, `zipCode`, `phone`, `alternativePhone`, `businessName`, `businessTaxId`, `stateName`, `dateCreated`, `dateUpdated`, `uid`) VALUES
 ('1', 'Rasmus', 'Hansen', NULL, NULL, 'Wilkensvej', NULL, 'Frederiksberg', '2000', '998237823', NULL, NULL, NULL, NULL, '2016-07-05 20:18:11', '2016-07-20 10:33:57', '13a5ec4e-6d1b-44f0-a305-7015e5205aaa'),
 ('2', 'Martin', 'Beuschau', NULL, NULL, 'Danshøjvej 22', NULL, 'Valby', '2500', '31310006', NULL, NULL, NULL, NULL, '2016-07-05 20:18:28', '2016-07-05 20:18:28', 'a09e8738-c5cb-46ac-86f4-598392d86467'),
 ('3', 'Martin', 'Beuschau', NULL, NULL, 'Danshøjvej 22', NULL, 'Valby', '2500', '31310006', NULL, NULL, NULL, NULL, '2016-07-05 20:18:28', '2016-07-05 20:18:28', '13c641bd-dc68-4c79-93da-b1996b42124c'),
 ('4', 'Martin', 'Beuschau', NULL, NULL, 'Danshøjvej 22', NULL, 'Valby', '2500', '31310006', NULL, NULL, NULL, NULL, '2016-07-05 20:21:44', '2016-07-05 20:21:44', '598ba575-9296-4ca5-9079-69da180acc52'),
 ('5', 'Martin', 'Beuschau', NULL, NULL, 'Danshøjvej 22', NULL, 'Valby', '2500', '31310006', NULL, NULL, NULL, NULL, '2016-07-05 20:21:44', '2016-07-05 20:21:44', '31f6acc8-0c75-4ddc-809a-c60cc1e25286'),
 ('6', 'Martin', 'Beuschau', NULL, NULL, 'Danshøjvej 22', NULL, 'Valby', '2500', '31310006', NULL, NULL, NULL, NULL, '2016-07-05 20:31:45', '2016-07-05 20:31:45', '21c733ea-6427-4017-878d-08e6b86cce72'),
 ('7', 'Martin', 'Beuschau', NULL, NULL, 'Danshøjvej 22', NULL, 'Valby', '2500', '31310006', NULL, NULL, NULL, NULL, '2016-07-05 20:31:45', '2016-07-05 20:31:45', '86e444dc-dffc-4d34-b032-fbdb48952988'),
 ('8', 'Martin', 'Beuschau', NULL, NULL, 'Danshøjvej 22', NULL, 'Valby', '2500', '31310006', NULL, NULL, NULL, NULL, '2016-07-06 09:01:17', '2016-07-06 09:01:17', 'ebc3b269-8ab8-446f-a8d4-c7a1169f7f54'),
 ('9', 'Martin', 'Beuschau', NULL, NULL, 'Danshøjvej 22', NULL, 'Valby', '2500', '31310006', NULL, NULL, NULL, NULL, '2016-07-06 09:01:40', '2016-07-06 09:01:40', 'ca89ef8b-be3a-4dcf-9cf6-883dd3fc9ffb'),
 ('10', 'Martin', 'Beuschau', NULL, NULL, 'Danshøjvej 22', NULL, 'Valby', '2500', '31310006', NULL, NULL, NULL, NULL, '2016-07-06 09:01:40', '2016-07-06 09:01:40', '92a5e8d4-87ff-4882-94df-debe030d12de'),
 ('11', 'Martin', 'Beuschau', NULL, NULL, 'Danshøjvej 22', NULL, 'Valby', '2500', '31310006', NULL, NULL, NULL, NULL, '2016-07-06 09:16:26', '2016-07-06 09:16:26', '56ea0793-3046-4ba7-a9cb-2aec42d7f50f'),
 ('12', 'Martin', 'Beuschau', NULL, NULL, 'Danshøjvej 22', NULL, 'Valby', '2500', '31310006', NULL, NULL, NULL, NULL, '2016-07-06 09:16:50', '2016-07-06 09:16:50', '829f9586-a023-4419-95ad-8d435075285e'),
 ('13', 'Martin', 'Beuschau', NULL, NULL, 'Danshøjvej 22', NULL, 'Valby', '2500', '31310006', NULL, NULL, NULL, NULL, '2016-07-06 09:16:50', '2016-07-06 09:16:50', '919509c0-1bc8-44e0-991a-ad7fcbbd349d'),
 ('14', 'Martin', 'Beuschau', NULL, NULL, 'Danshøjvej 22', NULL, 'Valby', '2500', '31310006', NULL, NULL, NULL, NULL, '2016-07-06 09:18:19', '2016-07-06 09:18:19', '4be2c052-1bb2-4ccb-9b4b-89b25b3a3748'),
 ('15', 'Martin', 'Beuschau', NULL, NULL, 'Danshøjvej 22', NULL, 'Valby', '2500', '31310006', NULL, NULL, NULL, NULL, '2016-07-06 09:18:37', '2016-07-06 09:18:37', 'b1f22c9c-4952-4165-8ad0-38066d3abaaa'),
 ('16', 'Martin', 'Beuschau', NULL, NULL, 'Danshøjvej 22', NULL, 'Valby', '2500', '31310006', NULL, NULL, NULL, NULL, '2016-07-06 09:18:37', '2016-07-06 09:18:37', 'cac49548-a19b-4958-85e6-507c8cb28974'),
 ('17', 'Martin', 'Beuschau', NULL, NULL, 'Danshøjvej 22', NULL, 'Valby', '2500', '31310006', NULL, NULL, NULL, NULL, '2016-07-06 09:22:42', '2016-07-06 09:22:42', '6dfaaf63-c523-430a-abdb-e91520aa8e96'),
 ('18', 'Martin', 'Beuschau', NULL, NULL, 'Danshøjvej 22', NULL, 'Valby', '2500', '31310006', NULL, NULL, NULL, NULL, '2016-07-06 09:23:03', '2016-07-06 09:23:03', '9834a984-e5d3-46f0-83dd-83e1bf863b9a'),
 ('19', 'Martin', 'Beuschau', NULL, NULL, 'Danshøjvej 22', NULL, 'Valby', '2500', '31310006', NULL, NULL, NULL, NULL, '2016-07-06 09:23:03', '2016-07-06 09:23:03', '56c2be8c-5d88-4b13-abc7-4160f233b4a5'),
 ('20', 'Martin', 'Beuschau', NULL, NULL, 'Danshøjvej 22', NULL, 'Valby', '2500', '31310006', NULL, NULL, NULL, NULL, '2016-07-06 09:27:40', '2016-07-06 09:27:40', '8f02d6bb-29d6-4ad8-86c6-b210aee72d5e'),
 ('21', 'Martin', 'Beuschau', NULL, NULL, 'Danshøjvej 22', NULL, 'Valby', '2500', '31310006', NULL, NULL, NULL, NULL, '2016-07-06 09:28:00', '2016-07-06 09:28:00', '9e1d61f4-cae2-4b4d-b851-0f668b97f15f'),
 ('22', 'Martin', 'Beuschau', NULL, NULL, 'Danshøjvej 22', NULL, 'Valby', '2500', '31310006', NULL, NULL, NULL, NULL, '2016-07-06 09:28:00', '2016-07-06 09:28:00', '8f01bf5e-200e-4d97-8e9d-d9ebeb04afc6'),
 ('23', 'Martin', 'Beuschau', NULL, NULL, 'Danshøjvej 22', NULL, 'Valby', '2500', '31310006', NULL, NULL, NULL, NULL, '2016-07-06 09:34:19', '2016-07-06 09:34:19', '0d0eecaa-3876-4194-87db-24ac4e198467'),
 ('24', 'Martin', 'Beuschau', NULL, NULL, 'Danshøjvej 22', NULL, 'Valby', '2500', '31310006', NULL, NULL, NULL, NULL, '2016-07-06 09:42:25', '2016-07-06 09:42:25', '1fb5637c-d920-4174-bf9a-07544ae9a810'),
 ('25', 'Martin', 'Beuschau', NULL, NULL, 'Danshøjvej 22', NULL, 'Valby', '2500', '31310006', NULL, NULL, NULL, NULL, '2016-07-06 09:42:44', '2016-07-06 09:42:44', 'b33a7909-4eb6-4025-9a38-8ccf4b81755c'),
 ('26', 'Martin', 'Beuschau', NULL, NULL, 'Danshøjvej 22', NULL, 'Valby', '2500', '31310006', NULL, NULL, NULL, NULL, '2016-07-06 09:42:44', '2016-07-06 09:42:44', '1e51a914-13a4-4721-b0a4-938cb39fb9c4'),
 ('27', 'Martin', 'Beuschau', NULL, NULL, 'Danshøjvej 22', NULL, 'Valby', '2500', '31310006', NULL, NULL, NULL, NULL, '2016-07-06 09:44:12', '2016-07-06 09:44:12', 'da3b70cf-89c6-4ae6-a233-a353a478d0c0'),
 ('28', 'Martin', 'Beuschau', NULL, NULL, 'Danshøjvej 22', NULL, 'Valby', '2500', '31310006', NULL, NULL, NULL, NULL, '2016-07-06 09:44:30', '2016-07-06 09:44:30', '3f39265c-7ce8-4f4d-8ec7-d4ea4709febf'),
 ('29', 'Martin', 'Beuschau', NULL, NULL, 'Danshøjvej 22', NULL, 'Valby', '2500', '31310006', NULL, NULL, NULL, NULL, '2016-07-06 09:44:30', '2016-07-06 09:44:30', '63b650ab-0b33-4a7d-8ae4-5ff5280a3fc8'),
 ('30', 'Martin', 'Beuschau', NULL, NULL, 'Danshøjvej 22', NULL, 'Valby', '2500', '31310006', NULL, NULL, NULL, NULL, '2016-07-06 09:46:59', '2016-07-06 09:46:59', '26d49394-63d1-4d3d-86de-e60ad88a5fc9'),
 ('31', 'Martin', 'Beuschau', NULL, NULL, 'Danshøjvej 22', NULL, 'Valby', '2500', '31310006', NULL, NULL, NULL, NULL, '2016-07-06 09:47:17', '2016-07-06 09:47:17', 'bfbc5136-25bd-41d8-a8a3-32642994c566'),
 ('32', 'Martin', 'Beuschau', NULL, NULL, 'Danshøjvej 22', NULL, 'Valby', '2500', '31310006', NULL, NULL, NULL, NULL, '2016-07-06 09:47:17', '2016-07-06 09:47:17', '84c9b4d3-23d7-4e9f-bfab-01f52854da1b'),
 ('33', 'Martin', 'Beuschau', NULL, NULL, 'Danshøjvej 22', NULL, 'Valby', '2500', '31310006', NULL, NULL, NULL, NULL, '2016-07-06 09:52:20', '2016-07-06 09:52:20', '7004cc78-a941-4fee-8f9e-07443014c3d4'),
 ('34', 'Martin', 'Beuschau', NULL, NULL, 'Danshøjvej 22', NULL, 'Valby', '2500', '31310006', NULL, NULL, NULL, NULL, '2016-07-06 09:52:38', '2016-07-06 09:52:38', '360e53d2-1435-4689-8c39-8c6bd4416fb5'),
 ('35', 'Martin', 'Beuschau', NULL, NULL, 'Danshøjvej 22', NULL, 'Valby', '2500', '31310006', NULL, NULL, NULL, NULL, '2016-07-06 09:52:38', '2016-07-06 09:52:38', 'e54bf9ab-0423-4698-bbba-1cdcbe4f0b31'),
 ('36', 'Martin', 'Beuschau', NULL, NULL, 'Danshøjvej 22', NULL, 'Valby', '2500', '31310006', NULL, NULL, NULL, NULL, '2016-07-06 09:57:50', '2016-07-06 09:57:50', 'cf33f138-530c-48f7-a6f9-6243909faa4b'),
 ('37', 'Martin', 'Beuschau', NULL, NULL, 'Danshøjvej 22', NULL, 'Valby', '2500', '31310006', NULL, NULL, NULL, NULL, '2016-07-06 10:00:43', '2016-07-06 10:00:43', 'fc98538b-2d92-4292-83a8-6946ec4adf8a'),
 ('38', 'Martin', 'Beuschau', NULL, NULL, 'Danshøjvej 22', NULL, 'Valby', '2500', '31310006', NULL, NULL, NULL, NULL, '2016-07-06 10:00:43', '2016-07-06 10:00:43', 'b2e6cfc1-6675-40eb-889d-7415595a6df5'),
 ('39', 'Martin', 'Beuschau', NULL, NULL, 'Danshøjvej 22', NULL, 'Valby', '2500', '31310006', NULL, NULL, NULL, NULL, '2016-07-06 10:11:47', '2016-07-06 10:11:47', 'f4befc96-4d2a-4e4c-9eac-d8cb10b46fa2'),
 ('40', 'Martin', 'Beuschau', NULL, NULL, 'Danshøjvej 22', NULL, 'Valby', '2500', '31310006', NULL, NULL, NULL, NULL, '2016-07-06 10:11:47', '2016-07-06 10:11:47', 'a7a40ad1-d0a7-46dd-a883-359e46d04c24'),
 ('41', 'Martin', 'Beuschau', NULL, NULL, 'Danshøjvej 22', NULL, 'Valby', '2500', '31310006', NULL, NULL, NULL, NULL, '2016-07-06 11:25:42', '2016-07-06 11:25:42', '223257a7-5236-4415-888b-9dac0af1320d'),
 ('42', 'Martin', 'Beuschau', NULL, NULL, 'Danshøjvej 22', NULL, 'Valby', '2500', '31310006', NULL, NULL, NULL, NULL, '2016-07-06 11:25:42', '2016-07-06 11:25:42', '0bad0c82-3cdf-4807-a719-eb9688c4c6e1'),
 ('43', 'Martin', 'Beuschau', NULL, NULL, 'Danshøjvej 22', NULL, 'Valby', '2500', '31310006', NULL, NULL, NULL, NULL, '2016-07-06 11:43:33', '2016-07-06 11:43:33', 'ed45bbfc-a5b6-49b0-bd4f-6d36f374beb7'),
 ('44', 'Martin', 'Beuschau', NULL, NULL, 'Danshøjvej 22', NULL, 'Valby', '2500', '31310006', NULL, NULL, NULL, NULL, '2016-07-06 11:43:33', '2016-07-06 11:43:33', '107425dc-95a6-4e07-86ce-8c9a3955fb29'),
 ('45', 'Martin', 'Beuschau', NULL, NULL, 'Danshøjvej 22', NULL, 'Valby', '2500', '31310006', NULL, NULL, NULL, NULL, '2016-07-06 11:46:00', '2016-07-06 11:46:00', '5994e77a-2ba7-4e2e-ad89-899725fcd5e3'),
 ('46', 'Martin', 'Beuschau', NULL, NULL, 'Danshøjvej 22', NULL, 'Valby', '2500', '31310006', NULL, NULL, NULL, NULL, '2016-07-06 11:46:00', '2016-07-06 11:46:00', '83396a6c-2978-429c-a9ee-38524a8aef74'),
 ('47', 'Martin', 'Beuschau', NULL, NULL, 'Danshøjvej 22', NULL, 'Valby', '2500', '31310006', NULL, NULL, NULL, NULL, '2016-07-06 11:47:04', '2016-07-06 11:47:04', '4318e937-63ab-45c9-bdbf-b8619a9e399a'),
 ('48', 'Martin', 'Beuschau', NULL, NULL, 'Danshøjvej 22', NULL, 'Valby', '2500', '31310006', NULL, NULL, NULL, NULL, '2016-07-06 11:47:04', '2016-07-06 11:47:04', '9d1cf190-6786-4f3c-9d13-9b27144c41e8'),
 ('49', 'Martin', 'Beuschau', NULL, NULL, 'Danshøjvej 22', NULL, 'Valby', '2500', '31310006', NULL, NULL, NULL, NULL, '2016-07-06 11:55:52', '2016-07-06 11:55:52', 'be82485e-a389-47a2-866e-f88a1d8dd2f9'),
 ('50', 'Martin', 'Beuschau', NULL, NULL, 'Danshøjvej 22', NULL, 'Valby', '2500', '31310006', NULL, NULL, NULL, NULL, '2016-07-06 11:55:52', '2016-07-06 11:55:53', '0624d476-953d-4290-bf5a-f38570099e10'),
 ('51', 'Martin', 'Beuschau', NULL, NULL, 'Danshøjvej 22', NULL, 'Valby', '2500', '31310006', NULL, NULL, NULL, NULL, '2016-07-06 12:22:48', '2016-07-06 12:22:48', '88dd090c-3f53-475c-9c78-a6eb4341a7b0'),
 ('52', 'Martin', 'Beuschau', NULL, NULL, 'Danshøjvej 22', NULL, 'Valby', '2500', '31310006', NULL, NULL, NULL, NULL, '2016-07-06 12:22:48', '2016-07-06 12:22:48', '1c65a7eb-3f51-4f9d-8e3a-6f0af805a01f'),
 ('53', 'Martin', 'Beuschau', NULL, NULL, 'Danshøjvej 22', NULL, 'Valby', '2500', '31310006', NULL, NULL, NULL, NULL, '2016-07-06 12:55:02', '2016-07-06 12:55:02', 'a2338bd9-89d6-41d2-a576-b23035fa5382'),
 ('54', 'Martin', 'Beuschau', NULL, NULL, 'Danshøjvej 22', NULL, 'Valby', '2500', '31310006', NULL, NULL, NULL, NULL, '2016-07-06 12:55:02', '2016-07-06 12:55:02', 'd9fd4ec1-ce85-4c4b-a497-7d68f9dcf00e'),
 ('55', 'Martin', 'Beuschau', NULL, NULL, 'Danshøjvej 22', NULL, 'Valby', '2500', '31310006', NULL, NULL, NULL, NULL, '2016-07-06 12:57:40', '2016-07-06 12:57:40', 'e6969feb-c4f4-4c6b-a2eb-0db4ad37231d'),
 ('56', 'Martin', 'Beuschau', NULL, NULL, 'Danshøjvej 22', NULL, 'Valby', '2500', '31310006', NULL, NULL, NULL, NULL, '2016-07-06 12:57:40', '2016-07-06 12:57:40', '46244465-dc78-415a-8599-248d8322f01e'),
 ('57', 'Martin', 'Beuschau', NULL, NULL, 'Danshøjvej 22', NULL, 'Valby', '2500', '31310006', NULL, NULL, NULL, NULL, '2016-07-07 08:37:23', '2016-07-07 08:37:23', 'bd489029-d415-459b-8054-a447a2d1315e'),
 ('58', 'Martin', 'Beuschau', NULL, NULL, 'Danshøjvej 22', NULL, 'Valby', '2500', '31310006', NULL, NULL, NULL, NULL, '2016-07-07 08:37:40', '2016-07-07 08:37:40', '2375d9e0-c9ad-4fac-86c5-6f2f76025758'),
 ('59', 'Martin', 'Beuschau', NULL, NULL, 'Danshøjvej 22', NULL, 'Valby', '2500', '31310006', NULL, NULL, NULL, NULL, '2016-07-07 08:37:40', '2016-07-07 08:37:40', '2917ce22-59a3-4306-9096-24807fceb32e'),
 ('60', 'Martin', 'Beuschau', NULL, NULL, 'Danshøjvej 22', NULL, 'Valby', '2500', '31310006', NULL, NULL, NULL, NULL, '2016-07-07 10:06:21', '2016-07-07 10:06:21', 'faa629fd-aa9f-452e-b5c5-a25b42c8c111'),
 ('61', 'Martin', 'Beuschau', NULL, NULL, 'Danshøjvej 22', NULL, 'Valby', '2500', '31310006', NULL, NULL, NULL, NULL, '2016-07-07 10:06:21', '2016-07-07 10:06:21', 'afbedde5-85a7-4db4-941b-6589c6e32c85'),
 ('62', 'Spillemand', 'John', NULL, NULL, 'Finsensvej 22', NULL, 'Valby', '2500', '1020304050', NULL, NULL, NULL, NULL, '2016-07-07 10:07:19', '2016-07-07 10:07:19', 'c2702c76-ddd9-4a3d-9a62-c60df99ca43b'),
 ('63', 'Spillemand', 'John', NULL, NULL, 'Finsensvej 22', NULL, 'Valby', '2500', '1020304050', NULL, NULL, NULL, NULL, '2016-07-07 10:07:19', '2016-07-07 10:07:19', 'aded0517-507b-4ee6-b3a0-3b91d33c1f9f'),
 ('64', 'Rasmus', 'Hansen', NULL, NULL, 'Wilkensvej', NULL, 'Frederiksberg', '2000', '998237823', NULL, NULL, NULL, NULL, '2016-07-07 10:08:38', '2016-07-07 10:08:38', '614ca740-47ac-4865-84dd-54539572fc06'),
 ('65', 'Rasmus', 'Hansen', NULL, NULL, 'Wilkensvej', NULL, 'Frederiksberg', '2000', '998237823', NULL, NULL, NULL, NULL, '2016-07-07 10:08:38', '2016-07-07 10:08:38', 'f5edc1d1-96f8-4d83-9e5b-be8ad948046c'),
 ('66', 'Martin', 'Beuschau', NULL, NULL, 'Danshøjvej 22', NULL, 'Valby', '2500', '31310006', NULL, NULL, NULL, NULL, '2016-07-16 12:22:29', '2016-07-16 12:22:29', 'a7b7882d-2fac-402b-aa68-d79305ab03b5');



DROP TABLE IF EXISTS `craft_commerce_countries`;


--
-- Schema for table `craft_commerce_countries`
--
CREATE TABLE `craft_commerce_countries` (
  `id` int(11) NOT NULL AUTO_INCREMENT,
  `name` varchar(255) COLLATE utf8_unicode_ci NOT NULL,
  `iso` varchar(2) COLLATE utf8_unicode_ci NOT NULL,
  `stateRequired` tinyint(1) unsigned NOT NULL DEFAULT '0',
  `dateCreated` datetime NOT NULL,
  `dateUpdated` datetime NOT NULL,
  `uid` char(36) COLLATE utf8_unicode_ci NOT NULL DEFAULT '0',
  PRIMARY KEY (`id`),
  UNIQUE KEY `craft_commerce_countries_name_unq_idx` (`name`),
  UNIQUE KEY `craft_commerce_countries_iso_unq_idx` (`iso`)
) ENGINE=InnoDB AUTO_INCREMENT=250 DEFAULT CHARSET=utf8 COLLATE=utf8_unicode_ci;

--
-- Data for table `craft_commerce_countries`
--

INSERT INTO `craft_commerce_countries` (`id`, `name`, `iso`, `stateRequired`, `dateCreated`, `dateUpdated`, `uid`) VALUES
 ('1', 'Andorra', 'AD', '0', '2016-05-24 09:30:02', '2016-05-24 09:30:02', 'a092f314-6853-4d43-bd90-5223b1358771'),
 ('2', 'United Arab Emirates', 'AE', '0', '2016-05-24 09:30:02', '2016-05-24 09:30:02', '49879b55-99b5-4361-a6ce-ed4308f95ce8'),
 ('3', 'Afghanistan', 'AF', '0', '2016-05-24 09:30:02', '2016-05-24 09:30:02', '743bbffe-1012-405c-91d7-5f9e301f688c'),
 ('4', 'Antigua and Barbuda', 'AG', '0', '2016-05-24 09:30:02', '2016-05-24 09:30:02', 'ff3d9514-d9a7-47bf-a6a4-aafb0abe1b15'),
 ('5', 'Anguilla', 'AI', '0', '2016-05-24 09:30:02', '2016-05-24 09:30:02', 'f08a0987-bd77-473c-97f9-f52202712554'),
 ('6', 'Albania', 'AL', '0', '2016-05-24 09:30:02', '2016-05-24 09:30:02', '10a3d4e6-8704-4ca1-a567-df2e75fe9bc3'),
 ('7', 'Armenia', 'AM', '0', '2016-05-24 09:30:02', '2016-05-24 09:30:02', 'cb5bb5f3-53dc-44a1-b303-7a864c769496'),
 ('8', 'Angola', 'AO', '0', '2016-05-24 09:30:02', '2016-05-24 09:30:02', 'b2e236dc-89cd-4c41-a594-252b229841b0'),
 ('9', 'Antarctica', 'AQ', '0', '2016-05-24 09:30:02', '2016-05-24 09:30:02', '398d363a-6dc9-4627-8b48-5a554f5a2d63'),
 ('10', 'Argentina', 'AR', '0', '2016-05-24 09:30:02', '2016-05-24 09:30:02', 'c2322833-8d76-4924-9873-3190c5c2ce67'),
 ('11', 'American Samoa', 'AS', '0', '2016-05-24 09:30:02', '2016-05-24 09:30:02', 'fd8376ec-9d26-4075-a14d-83ec3900576d'),
 ('12', 'Austria', 'AT', '0', '2016-05-24 09:30:02', '2016-05-24 09:30:02', '046fb47b-755b-4df5-b96f-2112c9917e7f'),
 ('13', 'Australia', 'AU', '0', '2016-05-24 09:30:02', '2016-05-24 09:30:02', 'b14b5441-658a-44c8-9bdd-36185341ce66'),
 ('14', 'Aruba', 'AW', '0', '2016-05-24 09:30:02', '2016-05-24 09:30:02', 'd236dfb7-1868-48e7-b192-3e81535ff173'),
 ('15', 'Aland Islands', 'AX', '0', '2016-05-24 09:30:02', '2016-05-24 09:30:02', 'e652f9b7-284e-49b4-8f70-87b40790ff8e'),
 ('16', 'Azerbaijan', 'AZ', '0', '2016-05-24 09:30:02', '2016-05-24 09:30:02', '20ac2cdc-01c3-490d-a89f-d763cdbbb701'),
 ('17', 'Bosnia and Herzegovina', 'BA', '0', '2016-05-24 09:30:02', '2016-05-24 09:30:02', 'b2c0586e-cac7-4355-9a7a-83c0e33e9d90'),
 ('18', 'Barbados', 'BB', '0', '2016-05-24 09:30:02', '2016-05-24 09:30:02', 'ae388e32-bd38-43ba-bc94-d14c881972fd'),
 ('19', 'Bangladesh', 'BD', '0', '2016-05-24 09:30:02', '2016-05-24 09:30:02', '9fe4b908-cd9e-4c45-a0a1-281bbb6ba7c0'),
 ('20', 'Belgium', 'BE', '0', '2016-05-24 09:30:02', '2016-05-24 09:30:02', '817d1832-3109-4a91-a3bf-b426843cb59d'),
 ('21', 'Burkina Faso', 'BF', '0', '2016-05-24 09:30:02', '2016-05-24 09:30:02', '7757b9cc-3266-4169-ab3b-77d35b63188a'),
 ('22', 'Bulgaria', 'BG', '0', '2016-05-24 09:30:02', '2016-05-24 09:30:02', '6dfdd9ec-0b2b-4a8f-b136-d63f7331a3e8'),
 ('23', 'Bahrain', 'BH', '0', '2016-05-24 09:30:02', '2016-05-24 09:30:02', '326c94c4-4c9e-495b-9ff1-5750003a02ae'),
 ('24', 'Burundi', 'BI', '0', '2016-05-24 09:30:02', '2016-05-24 09:30:02', '2fd6fa7b-d957-4f91-9c5b-8bc4e85f0d0f'),
 ('25', 'Benin', 'BJ', '0', '2016-05-24 09:30:02', '2016-05-24 09:30:02', '17fdc593-5ef9-4981-8e7c-c969b60e9669'),
 ('26', 'Saint Barthelemy', 'BL', '0', '2016-05-24 09:30:02', '2016-05-24 09:30:02', '5befaff3-296e-4110-b40e-1524dd50fbad'),
 ('27', 'Bermuda', 'BM', '0', '2016-05-24 09:30:02', '2016-05-24 09:30:02', 'd9089451-e7e8-4821-b9e3-d0602260ae58'),
 ('28', 'Brunei Darussalam', 'BN', '0', '2016-05-24 09:30:02', '2016-05-24 09:30:02', 'e5627adb-d62e-44ab-b3a4-a9b24bc1cdaa'),
 ('29', 'Bolivia', 'BO', '0', '2016-05-24 09:30:02', '2016-05-24 09:30:02', 'b04a4051-5490-45f5-bb37-a346115ee5d1'),
 ('30', 'Bonaire, Sint Eustatius and Saba', 'BQ', '0', '2016-05-24 09:30:02', '2016-05-24 09:30:02', '6ad9608c-c10a-4790-8e16-362f0899e7d3'),
 ('31', 'Brazil', 'BR', '0', '2016-05-24 09:30:02', '2016-05-24 09:30:02', 'f40381dc-375b-4beb-b76e-7450cac23af0'),
 ('32', 'Bahamas', 'BS', '0', '2016-05-24 09:30:02', '2016-05-24 09:30:02', 'e6c67324-b010-495e-8f8a-95fce6a8b0aa'),
 ('33', 'Bhutan', 'BT', '0', '2016-05-24 09:30:02', '2016-05-24 09:30:02', '09a4ca27-3693-4745-baac-b9be4cb1546b'),
 ('34', 'Bouvet Island', 'BV', '0', '2016-05-24 09:30:02', '2016-05-24 09:30:02', 'b18a2d90-eca5-4ac9-9739-c563796eac9d'),
 ('35', 'Botswana', 'BW', '0', '2016-05-24 09:30:02', '2016-05-24 09:30:02', 'dbacc88e-0adf-458c-86d5-77ccff5df7c0'),
 ('36', 'Belarus', 'BY', '0', '2016-05-24 09:30:02', '2016-05-24 09:30:02', '263d4b17-9022-4c7e-be9e-a401eb35fd57'),
 ('37', 'Belize', 'BZ', '0', '2016-05-24 09:30:02', '2016-05-24 09:30:02', '675757c4-3af3-4def-aa7e-6c0371f918aa'),
 ('38', 'Canada', 'CA', '0', '2016-05-24 09:30:02', '2016-05-24 09:30:02', 'a41a1af4-8a25-456b-b5a2-b0b228255389'),
 ('39', 'Cocos (Keeling) Islands', 'CC', '0', '2016-05-24 09:30:02', '2016-05-24 09:30:02', 'ad2bd758-50b0-4467-baa5-ddfc0b3ec7eb'),
 ('40', 'Democratic Republic of Congo', 'CD', '0', '2016-05-24 09:30:02', '2016-05-24 09:30:02', '04bddc06-68b4-4676-bc21-b8877ed8752f'),
 ('41', 'Central African Republic', 'CF', '0', '2016-05-24 09:30:02', '2016-05-24 09:30:02', '0a413077-895c-498e-983c-91583624259a'),
 ('42', 'Congo', 'CG', '0', '2016-05-24 09:30:02', '2016-05-24 09:30:02', '7c490def-f043-42e4-96fe-9dd88e6ed9b3'),
 ('43', 'Switzerland', 'CH', '0', '2016-05-24 09:30:02', '2016-05-24 09:30:02', '9da76d70-afb9-40cd-a3b5-cc62c5495ab0'),
 ('44', 'Ivory Coast', 'CI', '0', '2016-05-24 09:30:02', '2016-05-24 09:30:02', '892358d2-df12-4495-aacd-ac3aaf1c52ed'),
 ('45', 'Cook Islands', 'CK', '0', '2016-05-24 09:30:02', '2016-05-24 09:30:02', '40e891b7-5ea8-4f7f-8df0-6f0ff8b6b6b0'),
 ('46', 'Chile', 'CL', '0', '2016-05-24 09:30:02', '2016-05-24 09:30:02', 'e6e386e7-d620-45c4-9660-11d7e247afeb'),
 ('47', 'Cameroon', 'CM', '0', '2016-05-24 09:30:02', '2016-05-24 09:30:02', '16e02bf8-3108-43f6-a240-bf23bc91ba06'),
 ('48', 'China', 'CN', '0', '2016-05-24 09:30:02', '2016-05-24 09:30:02', 'b82486b6-47b3-49c9-ad11-06658b44f09f'),
 ('49', 'Colombia', 'CO', '0', '2016-05-24 09:30:02', '2016-05-24 09:30:02', '17e49143-ee47-485e-a56c-af26a1edb832'),
 ('50', 'Costa Rica', 'CR', '0', '2016-05-24 09:30:02', '2016-05-24 09:30:02', 'cc00309b-4843-42bf-ae7d-7e8e2383b690'),
 ('51', 'Cuba', 'CU', '0', '2016-05-24 09:30:02', '2016-05-24 09:30:02', '4b4baca2-9a54-47d3-abd4-9300919faae9'),
 ('52', 'Cape Verde', 'CV', '0', '2016-05-24 09:30:02', '2016-05-24 09:30:02', '8a06fe60-475c-4d69-819a-b26925c21fe1'),
 ('53', 'Curacao', 'CW', '0', '2016-05-24 09:30:02', '2016-05-24 09:30:02', '297c2549-c6ea-42c4-a779-7b1c98e75e7b'),
 ('54', 'Christmas Island', 'CX', '0', '2016-05-24 09:30:02', '2016-05-24 09:30:02', 'f78bf8f6-e4f0-47dc-a09e-6e613f2645a1'),
 ('55', 'Cyprus', 'CY', '0', '2016-05-24 09:30:02', '2016-05-24 09:30:02', '669b00ca-3b36-47cc-94d2-d7fbeb4d7e8a'),
 ('56', 'Czech Republic', 'CZ', '0', '2016-05-24 09:30:02', '2016-05-24 09:30:02', '4b8bc18c-2e89-4aa5-b8a3-98a71f96a33f'),
 ('57', 'Germany', 'DE', '0', '2016-05-24 09:30:02', '2016-05-24 09:30:02', 'd9d408ea-d3a4-4dd6-b44c-c613e1d04d24'),
 ('58', 'Djibouti', 'DJ', '0', '2016-05-24 09:30:02', '2016-05-24 09:30:02', 'f3a6a773-8822-4e53-be19-55e96f275c0e'),
 ('59', 'Denmark', 'DK', '0', '2016-05-24 09:30:02', '2016-05-24 09:30:02', 'bdfd7259-fa7f-4da6-abd1-0fdb4510d4d9'),
 ('60', 'Dominica', 'DM', '0', '2016-05-24 09:30:02', '2016-05-24 09:30:02', 'e9806ca5-acd3-459a-9ed8-8cc100236836'),
 ('61', 'Dominican Republic', 'DO', '0', '2016-05-24 09:30:02', '2016-05-24 09:30:02', 'a4c0db1c-d441-437f-a9b6-38335f665cb4'),
 ('62', 'Algeria', 'DZ', '0', '2016-05-24 09:30:02', '2016-05-24 09:30:02', 'ad9d8e85-9aff-4900-856a-1fb878d8bafc'),
 ('63', 'Ecuador', 'EC', '0', '2016-05-24 09:30:02', '2016-05-24 09:30:02', 'ed22d736-376e-417a-baab-b0cd51fe9a73'),
 ('64', 'Estonia', 'EE', '0', '2016-05-24 09:30:02', '2016-05-24 09:30:02', '1e3c24f9-97a7-495c-bd64-081a13a3c12e'),
 ('65', 'Egypt', 'EG', '0', '2016-05-24 09:30:02', '2016-05-24 09:30:02', 'dc51713a-e936-43e4-9ce6-ca8db9eb9e4b'),
 ('66', 'Western Sahara', 'EH', '0', '2016-05-24 09:30:02', '2016-05-24 09:30:02', '47fdb3c7-cf70-44b8-8aa8-213a0baf4bb8'),
 ('67', 'Eritrea', 'ER', '0', '2016-05-24 09:30:02', '2016-05-24 09:30:02', '48e19526-faf3-4621-944c-75024410aae6'),
 ('68', 'Spain', 'ES', '0', '2016-05-24 09:30:02', '2016-05-24 09:30:02', 'be9a45b2-2fac-442d-9dfe-85fa05d64cea'),
 ('69', 'Ethiopia', 'ET', '0', '2016-05-24 09:30:02', '2016-05-24 09:30:02', '7fe32d03-4633-489a-8a7d-e27d18a8212f'),
 ('70', 'Finland', 'FI', '0', '2016-05-24 09:30:02', '2016-05-24 09:30:02', 'b984fb8e-146b-44ad-b362-7c26c3cc9b30'),
 ('71', 'Fiji', 'FJ', '0', '2016-05-24 09:30:02', '2016-05-24 09:30:02', '0349a057-50f9-4b33-9f71-d59b26d1e364'),
 ('72', 'Falkland Islands (Malvinas)', 'FK', '0', '2016-05-24 09:30:02', '2016-05-24 09:30:02', '6f134d39-912f-4dee-9b6e-a87cfeb6b675'),
 ('73', 'Micronesia', 'FM', '0', '2016-05-24 09:30:02', '2016-05-24 09:30:02', 'b93266b0-0f44-419a-a65d-599bea36fc4e'),
 ('74', 'Faroe Islands', 'FO', '0', '2016-05-24 09:30:02', '2016-05-24 09:30:02', '15a8c7b7-6972-4b9e-9b99-1d2688ffc9ef'),
 ('75', 'France', 'FR', '0', '2016-05-24 09:30:02', '2016-05-24 09:30:02', 'f5d5e264-6f4b-4b4f-9aec-0995533320c0'),
 ('76', 'Gabon', 'GA', '0', '2016-05-24 09:30:02', '2016-05-24 09:30:02', 'de37f133-2823-4da1-8e56-7d177f28ab9a'),
 ('77', 'United Kingdom', 'GB', '0', '2016-05-24 09:30:02', '2016-05-24 09:30:02', '87d0cd89-cadd-481a-b6d0-bf706a79b318'),
 ('78', 'Grenada', 'GD', '0', '2016-05-24 09:30:02', '2016-05-24 09:30:02', 'd0ae111f-6c48-4812-8f2a-526ed3608739'),
 ('79', 'Georgia', 'GE', '0', '2016-05-24 09:30:02', '2016-05-24 09:30:02', '38a9b2ae-8298-41a2-90c0-e3ca2021fcea'),
 ('80', 'French Guiana', 'GF', '0', '2016-05-24 09:30:02', '2016-05-24 09:30:02', '54c2c8e8-4be2-4e8f-9021-6d7f06fa2219'),
 ('81', 'Guernsey', 'GG', '0', '2016-05-24 09:30:02', '2016-05-24 09:30:02', '36e66e86-7444-4583-ba90-c072eead53b9'),
 ('82', 'Ghana', 'GH', '0', '2016-05-24 09:30:02', '2016-05-24 09:30:02', '9c2cc00e-912f-4fef-8f0b-51f92a2b0259'),
 ('83', 'Gibraltar', 'GI', '0', '2016-05-24 09:30:02', '2016-05-24 09:30:02', '63a910fb-0f00-471b-b3e1-b51c66043870'),
 ('84', 'Greenland', 'GL', '0', '2016-05-24 09:30:02', '2016-05-24 09:30:02', '40873abf-3ba2-40ad-81bb-c7f24a02ff23'),
 ('85', 'Gambia', 'GM', '0', '2016-05-24 09:30:02', '2016-05-24 09:30:02', '6c9d7669-4c44-4ae5-b636-c06333c710ba'),
 ('86', 'Guinea', 'GN', '0', '2016-05-24 09:30:02', '2016-05-24 09:30:02', '0c002492-d331-4e4c-b107-bd1766613915'),
 ('87', 'Guadeloupe', 'GP', '0', '2016-05-24 09:30:02', '2016-05-24 09:30:02', 'dac92207-f79a-4940-baeb-d0bdc0506e46'),
 ('88', 'Equatorial Guinea', 'GQ', '0', '2016-05-24 09:30:02', '2016-05-24 09:30:02', '05585bcb-a0f0-4ed7-b5ee-dc8676b62596'),
 ('89', 'Greece', 'GR', '0', '2016-05-24 09:30:02', '2016-05-24 09:30:02', '8ad3bb02-465b-472d-ac24-b798dfe3011c'),
 ('90', 'S. Georgia and S. Sandwich Isls.', 'GS', '0', '2016-05-24 09:30:02', '2016-05-24 09:30:02', '77d1ce43-719a-41df-bd63-9793f9f91ed7'),
 ('91', 'Guatemala', 'GT', '0', '2016-05-24 09:30:02', '2016-05-24 09:30:02', '94158089-ea62-4703-856c-57860c3dbad7'),
 ('92', 'Guam', 'GU', '0', '2016-05-24 09:30:02', '2016-05-24 09:30:02', '469cf6ee-622a-4d76-94c2-6f1e5f7f8671'),
 ('93', 'Guinea-Bissau', 'GW', '0', '2016-05-24 09:30:02', '2016-05-24 09:30:02', '13111437-b0be-42c1-9aef-3832058a2dfe'),
 ('94', 'Guyana', 'GY', '0', '2016-05-24 09:30:02', '2016-05-24 09:30:02', 'ca2a500a-ae63-49a2-bbb7-fd68a1c3f5bd'),
 ('95', 'Hong Kong', 'HK', '0', '2016-05-24 09:30:02', '2016-05-24 09:30:02', '014271fa-d076-4371-89d4-75232b2d1b19'),
 ('96', 'Heard and McDonald Islands', 'HM', '0', '2016-05-24 09:30:02', '2016-05-24 09:30:02', 'c4b600b9-3c43-4b2f-b9e6-c57141593f9a'),
 ('97', 'Honduras', 'HN', '0', '2016-05-24 09:30:02', '2016-05-24 09:30:02', '53423f28-bbee-4c11-8b63-38dfda254f36'),
 ('98', 'Croatia (Hrvatska)', 'HR', '0', '2016-05-24 09:30:02', '2016-05-24 09:30:02', '1b3e0364-40ae-4d9c-a9c2-327f80bd8bd2'),
 ('99', 'Haiti', 'HT', '0', '2016-05-24 09:30:02', '2016-05-24 09:30:02', 'e6a78a28-fe84-49ca-bfa9-45fb4196bdc9'),
 ('100', 'Hungary', 'HU', '0', '2016-05-24 09:30:02', '2016-05-24 09:30:02', 'e7f66aac-6131-4794-b808-4c59e90e3e9d');
INSERT INTO `craft_commerce_countries` (`id`, `name`, `iso`, `stateRequired`, `dateCreated`, `dateUpdated`, `uid`) VALUES
 ('101', 'Indonesia', 'ID', '0', '2016-05-24 09:30:02', '2016-05-24 09:30:02', '79b7a3c5-383f-42cd-8320-fbc7443de57b'),
 ('102', 'Ireland', 'IE', '0', '2016-05-24 09:30:02', '2016-05-24 09:30:02', '21aa8e91-cbe7-47e3-a642-b45925e9e9b5'),
 ('103', 'Israel', 'IL', '0', '2016-05-24 09:30:02', '2016-05-24 09:30:02', '678d7114-07fb-4049-a526-55b0d27883fc'),
 ('104', 'Isle Of Man', 'IM', '0', '2016-05-24 09:30:02', '2016-05-24 09:30:02', '24a788d1-1756-450b-a876-cbde09dfb9f9'),
 ('105', 'India', 'IN', '0', '2016-05-24 09:30:02', '2016-05-24 09:30:02', 'e038fc5f-458f-4459-96f2-4b1cba3e8888'),
 ('106', 'British Indian Ocean Territory', 'IO', '0', '2016-05-24 09:30:02', '2016-05-24 09:30:02', 'b79063cc-d4b0-4fb1-afa8-d3610c225b33'),
 ('107', 'Iraq', 'IQ', '0', '2016-05-24 09:30:02', '2016-05-24 09:30:02', '79765da3-90b2-4b60-a3eb-64c8077c4d99'),
 ('108', 'Iran', 'IR', '0', '2016-05-24 09:30:02', '2016-05-24 09:30:02', 'bbd30d04-0309-4312-92e6-e841af4f2d92'),
 ('109', 'Iceland', 'IS', '0', '2016-05-24 09:30:02', '2016-05-24 09:30:02', 'f246e82d-b452-4b37-a77b-3124bcda815a'),
 ('110', 'Italy', 'IT', '0', '2016-05-24 09:30:02', '2016-05-24 09:30:02', '7084c07e-e77b-4472-aee9-559ff1f31900'),
 ('111', 'Jersey', 'JE', '0', '2016-05-24 09:30:02', '2016-05-24 09:30:02', 'b2393fa1-d37d-4363-b6fc-1f6c63ff6529'),
 ('112', 'Jamaica', 'JM', '0', '2016-05-24 09:30:02', '2016-05-24 09:30:02', 'abd698f3-1132-4931-b4a0-427ca25ab6a1'),
 ('113', 'Jordan', 'JO', '0', '2016-05-24 09:30:02', '2016-05-24 09:30:02', '014c6c0b-de9e-4bef-ba64-246279d9ba33'),
 ('114', 'Japan', 'JP', '0', '2016-05-24 09:30:02', '2016-05-24 09:30:02', '315345c4-2f84-4c22-be60-3d359b145e38'),
 ('115', 'Kenya', 'KE', '0', '2016-05-24 09:30:02', '2016-05-24 09:30:02', 'ec9a84fb-18fd-4e51-8280-cf1abd4a6191'),
 ('116', 'Kyrgyzstan', 'KG', '0', '2016-05-24 09:30:02', '2016-05-24 09:30:02', 'c801922a-49fa-4cea-8228-0e5eb0c5053b'),
 ('117', 'Cambodia', 'KH', '0', '2016-05-24 09:30:02', '2016-05-24 09:30:02', '8cae003b-093c-4bb3-8c64-af27dfa8c456'),
 ('118', 'Kiribati', 'KI', '0', '2016-05-24 09:30:02', '2016-05-24 09:30:02', '3f4e5df9-4843-4ccf-b516-5ef065927af9'),
 ('119', 'Comoros', 'KM', '0', '2016-05-24 09:30:02', '2016-05-24 09:30:02', 'a8e42f54-1e16-48c0-ae86-276cad0c4e55'),
 ('120', 'Saint Kitts and Nevis', 'KN', '0', '2016-05-24 09:30:02', '2016-05-24 09:30:02', '619137e2-a2eb-456c-8474-b9a6ac7f9fee'),
 ('121', 'Korea (North)', 'KP', '0', '2016-05-24 09:30:02', '2016-05-24 09:30:02', '672fc302-f5e6-4c03-b2c3-0b2a2ef4535c'),
 ('122', 'Korea (South)', 'KR', '0', '2016-05-24 09:30:02', '2016-05-24 09:30:02', '4db288e5-34ef-47ac-93b6-c3c2528c6c15'),
 ('123', 'Kuwait', 'KW', '0', '2016-05-24 09:30:02', '2016-05-24 09:30:02', '2d67487c-19e9-4999-98dc-8f5c65341cee'),
 ('124', 'Cayman Islands', 'KY', '0', '2016-05-24 09:30:02', '2016-05-24 09:30:02', 'bbdf0535-8880-4601-be96-a212a513ed5b'),
 ('125', 'Kazakhstan', 'KZ', '0', '2016-05-24 09:30:02', '2016-05-24 09:30:02', '544a454f-7d97-4135-9d37-26cdd7f7ac84'),
 ('126', 'Laos', 'LA', '0', '2016-05-24 09:30:02', '2016-05-24 09:30:02', 'f94c50c4-f0b5-4fda-bf14-8f90c965986c'),
 ('127', 'Lebanon', 'LB', '0', '2016-05-24 09:30:02', '2016-05-24 09:30:02', '6cf30747-62c0-4dab-92b3-2137690dbf9c'),
 ('128', 'Saint Lucia', 'LC', '0', '2016-05-24 09:30:02', '2016-05-24 09:30:02', 'a3698cde-cce5-4ff8-8a0b-88cb6bbb2587'),
 ('129', 'Liechtenstein', 'LI', '0', '2016-05-24 09:30:02', '2016-05-24 09:30:02', 'f2ee2efb-0c6d-4a8b-b647-2b66d6546bcd'),
 ('130', 'Sri Lanka', 'LK', '0', '2016-05-24 09:30:02', '2016-05-24 09:30:02', '1098b2cd-c720-4f6d-99d4-a5ee1b37526d'),
 ('131', 'Liberia', 'LR', '0', '2016-05-24 09:30:02', '2016-05-24 09:30:02', '249283e4-ed01-459e-bf57-c2736e9f5f78'),
 ('132', 'Lesotho', 'LS', '0', '2016-05-24 09:30:02', '2016-05-24 09:30:02', '167aa072-1d6b-4de0-8ef4-a85d09da9516'),
 ('133', 'Lithuania', 'LT', '0', '2016-05-24 09:30:02', '2016-05-24 09:30:02', '7c0c16bf-d802-42cc-aeee-c23223a1eb62'),
 ('134', 'Luxembourg', 'LU', '0', '2016-05-24 09:30:02', '2016-05-24 09:30:02', 'c5daf0df-dc66-45d8-a3ac-8cbae74ed1d0'),
 ('135', 'Latvia', 'LV', '0', '2016-05-24 09:30:02', '2016-05-24 09:30:02', '7ace9b35-738a-40ab-a7d2-90cc02732f89'),
 ('136', 'Libya', 'LY', '0', '2016-05-24 09:30:02', '2016-05-24 09:30:02', 'fb1b08f6-5960-4536-bdf6-9a52994a5311'),
 ('137', 'Morocco', 'MA', '0', '2016-05-24 09:30:02', '2016-05-24 09:30:02', '7bb6c9db-e194-4b05-aac5-1d220ea31591'),
 ('138', 'Monaco', 'MC', '0', '2016-05-24 09:30:02', '2016-05-24 09:30:02', '7ff7d613-c0c5-45ca-b9a5-5475dcf13383'),
 ('139', 'Moldova', 'MD', '0', '2016-05-24 09:30:02', '2016-05-24 09:30:02', '1994591e-b588-407b-8139-8e4ca792e8d2'),
 ('140', 'Montenegro', 'ME', '0', '2016-05-24 09:30:02', '2016-05-24 09:30:02', '73c8bdf0-9f3e-4137-aa8c-398f6a5ca2fc'),
 ('141', 'Saint Martin (French part)', 'MF', '0', '2016-05-24 09:30:02', '2016-05-24 09:30:02', 'a0f5b6d8-f37f-45b5-9281-522fb32bca46'),
 ('142', 'Madagascar', 'MG', '0', '2016-05-24 09:30:02', '2016-05-24 09:30:02', '3302804d-f19f-443b-8469-85071ad2fb44'),
 ('143', 'Marshall Islands', 'MH', '0', '2016-05-24 09:30:02', '2016-05-24 09:30:02', 'f6dd920c-b72f-4b79-a8de-0462922c1088'),
 ('144', 'Macedonia', 'MK', '0', '2016-05-24 09:30:02', '2016-05-24 09:30:02', '68701651-f5b0-4fed-91e5-a4a5fc3b6038'),
 ('145', 'Mali', 'ML', '0', '2016-05-24 09:30:02', '2016-05-24 09:30:02', '832f21da-4eae-423d-8238-e8b504ecdff6'),
 ('146', 'Burma (Myanmar)', 'MM', '0', '2016-05-24 09:30:02', '2016-05-24 09:30:02', '75309bad-e8d2-4f46-af7e-278f34ab9761'),
 ('147', 'Mongolia', 'MN', '0', '2016-05-24 09:30:02', '2016-05-24 09:30:02', '3124ff5a-a847-45b8-bd9b-423de0317007'),
 ('148', 'Macau', 'MO', '0', '2016-05-24 09:30:02', '2016-05-24 09:30:02', 'a65cbbac-b60b-415a-9ad6-53d857778935'),
 ('149', 'Northern Mariana Islands', 'MP', '0', '2016-05-24 09:30:02', '2016-05-24 09:30:02', '1bcdc08c-0b52-401a-94e3-6c53c8c01396'),
 ('150', 'Martinique', 'MQ', '0', '2016-05-24 09:30:02', '2016-05-24 09:30:02', '9e050e85-e6dd-41ff-957e-4e9637eaed83'),
 ('151', 'Mauritania', 'MR', '0', '2016-05-24 09:30:02', '2016-05-24 09:30:02', 'fb92654f-08e7-495a-a874-976f504b6fbe'),
 ('152', 'Montserrat', 'MS', '0', '2016-05-24 09:30:02', '2016-05-24 09:30:02', '36d1a2bb-0bd0-43ac-8f16-5c824103667a'),
 ('153', 'Malta', 'MT', '0', '2016-05-24 09:30:02', '2016-05-24 09:30:02', 'e18c3643-4371-47ce-892e-a92d78433454'),
 ('154', 'Mauritius', 'MU', '0', '2016-05-24 09:30:02', '2016-05-24 09:30:02', '17c21c33-03e2-4018-a047-4481f9e261f9'),
 ('155', 'Maldives', 'MV', '0', '2016-05-24 09:30:02', '2016-05-24 09:30:02', 'bb72d609-154f-4d7f-9ebf-ecbb999ab21f'),
 ('156', 'Malawi', 'MW', '0', '2016-05-24 09:30:02', '2016-05-24 09:30:02', '6ed8ec79-bc0b-46b7-9118-093bf0acb91e'),
 ('157', 'Mexico', 'MX', '0', '2016-05-24 09:30:02', '2016-05-24 09:30:02', 'b26a8a47-4ec6-4f4a-8d30-2d72318a43ab'),
 ('158', 'Malaysia', 'MY', '0', '2016-05-24 09:30:02', '2016-05-24 09:30:02', '552386ba-d1d5-4c3e-b372-8235e7d51b27'),
 ('159', 'Mozambique', 'MZ', '0', '2016-05-24 09:30:02', '2016-05-24 09:30:02', '186d210c-4354-4a45-9416-70f5241e7c6f'),
 ('160', 'Namibia', 'NA', '0', '2016-05-24 09:30:02', '2016-05-24 09:30:02', '735d4c52-5490-48e3-9e48-f4d53b612c9e'),
 ('161', 'New Caledonia', 'NC', '0', '2016-05-24 09:30:02', '2016-05-24 09:30:02', 'c1410608-6b60-4273-967d-d13e5802a8db'),
 ('162', 'Niger', 'NE', '0', '2016-05-24 09:30:02', '2016-05-24 09:30:02', 'f642790d-b2d7-49bf-b005-6f2de946bc2a'),
 ('163', 'Norfolk Island', 'NF', '0', '2016-05-24 09:30:02', '2016-05-24 09:30:02', 'a2949f53-edc1-40be-9bb1-f760a11a8742'),
 ('164', 'Nigeria', 'NG', '0', '2016-05-24 09:30:02', '2016-05-24 09:30:02', '93f657c8-786d-4d7d-a0ca-ae1380db9d12'),
 ('165', 'Nicaragua', 'NI', '0', '2016-05-24 09:30:02', '2016-05-24 09:30:02', '65f7f797-0903-4511-8240-35f17e383e5c'),
 ('166', 'Netherlands', 'NL', '0', '2016-05-24 09:30:02', '2016-05-24 09:30:02', 'a35c549b-c68e-4cae-b098-5c60b67de66c'),
 ('167', 'Norway', 'NO', '0', '2016-05-24 09:30:02', '2016-05-24 09:30:02', 'c2557bb3-53db-46b4-9b75-deeda378ff1f'),
 ('168', 'Nepal', 'NP', '0', '2016-05-24 09:30:02', '2016-05-24 09:30:02', 'f66960f2-b036-4830-9a83-4e08917282a0'),
 ('169', 'Nauru', 'NR', '0', '2016-05-24 09:30:02', '2016-05-24 09:30:02', '8508188d-613c-4c1e-a82c-934ae1e3c90a'),
 ('170', 'Niue', 'NU', '0', '2016-05-24 09:30:02', '2016-05-24 09:30:02', '8bb6eb9b-66e1-42f0-babc-89205c1cfb6c'),
 ('171', 'New Zealand', 'NZ', '0', '2016-05-24 09:30:02', '2016-05-24 09:30:02', 'a10370ca-4db5-4b3c-bfdc-a0d5067b278f'),
 ('172', 'Oman', 'OM', '0', '2016-05-24 09:30:02', '2016-05-24 09:30:02', '84411b02-ced4-4164-a740-2891adbba127'),
 ('173', 'Panama', 'PA', '0', '2016-05-24 09:30:02', '2016-05-24 09:30:02', '9c33ff73-ea9a-4b14-9bc8-4a02ea7cb881'),
 ('174', 'Peru', 'PE', '0', '2016-05-24 09:30:02', '2016-05-24 09:30:02', '33b59a84-ca18-4c0f-ae59-9361482802b7'),
 ('175', 'French Polynesia', 'PF', '0', '2016-05-24 09:30:02', '2016-05-24 09:30:02', '17313240-db45-4ee4-ae57-8691c13d95af'),
 ('176', 'Papua New Guinea', 'PG', '0', '2016-05-24 09:30:02', '2016-05-24 09:30:02', '4eed3b37-fcd9-4b1b-af89-34d08c9fccc0'),
 ('177', 'Philippines', 'PH', '0', '2016-05-24 09:30:02', '2016-05-24 09:30:02', '45f0d97b-89bd-498d-9b8f-caeb56d007a6'),
 ('178', 'Pakistan', 'PK', '0', '2016-05-24 09:30:02', '2016-05-24 09:30:02', 'bd509973-1a0c-417d-a6c9-cd99357c6987'),
 ('179', 'Poland', 'PL', '0', '2016-05-24 09:30:02', '2016-05-24 09:30:02', '20a5faaf-b372-4ee9-9e5e-babe03e7f793'),
 ('180', 'St. Pierre and Miquelon', 'PM', '0', '2016-05-24 09:30:02', '2016-05-24 09:30:02', 'ac444aae-68fb-42ab-8b1d-a01777049823'),
 ('181', 'Pitcairn', 'PN', '0', '2016-05-24 09:30:02', '2016-05-24 09:30:02', 'b4d38534-f3b5-4dae-add9-754790c8dc21'),
 ('182', 'Puerto Rico', 'PR', '0', '2016-05-24 09:30:02', '2016-05-24 09:30:02', 'eecd5e2d-4985-4170-8ddc-2efe0a6c5830'),
 ('183', 'Palestinian Territory, Occupied', 'PS', '0', '2016-05-24 09:30:02', '2016-05-24 09:30:02', 'a9b80c4b-1696-4d32-9dcb-7782f1d74e6e'),
 ('184', 'Portugal', 'PT', '0', '2016-05-24 09:30:02', '2016-05-24 09:30:02', '8b3e1480-7c0a-492a-8b40-520c9c0d8669'),
 ('185', 'Palau', 'PW', '0', '2016-05-24 09:30:02', '2016-05-24 09:30:02', '4da7ef8c-3301-488f-8893-50f67dc713b3'),
 ('186', 'Paraguay', 'PY', '0', '2016-05-24 09:30:02', '2016-05-24 09:30:02', '0a6f9037-5c61-4838-856f-cc70e6e5a563'),
 ('187', 'Qatar', 'QA', '0', '2016-05-24 09:30:02', '2016-05-24 09:30:02', '923b0182-b0d0-4e86-bbcd-037d9bbcd631'),
 ('188', 'Reunion', 'RE', '0', '2016-05-24 09:30:02', '2016-05-24 09:30:02', 'a3e65bab-5112-4307-a505-0a4eafa9d2d0'),
 ('189', 'Romania', 'RO', '0', '2016-05-24 09:30:02', '2016-05-24 09:30:02', 'ba791e37-090b-4afa-92dc-dd4f6c93b1c0'),
 ('190', 'Republic of Serbia', 'RS', '0', '2016-05-24 09:30:02', '2016-05-24 09:30:02', '685cf5e4-2b9f-4fec-ac7f-3249b5f91655'),
 ('191', 'Russia', 'RU', '0', '2016-05-24 09:30:02', '2016-05-24 09:30:02', '7797c379-dc3b-4007-99af-9488fa155bd9'),
 ('192', 'Rwanda', 'RW', '0', '2016-05-24 09:30:02', '2016-05-24 09:30:02', '3761fad9-7467-4c1f-ba66-1eb1c7554464'),
 ('193', 'Saudi Arabia', 'SA', '0', '2016-05-24 09:30:02', '2016-05-24 09:30:02', '3748dff3-6f93-4103-9b86-e4196c6fc26c'),
 ('194', 'Solomon Islands', 'SB', '0', '2016-05-24 09:30:02', '2016-05-24 09:30:02', '49a48aec-d46a-47d9-934c-6f2ee11a9479'),
 ('195', 'Seychelles', 'SC', '0', '2016-05-24 09:30:02', '2016-05-24 09:30:02', 'efb6bb0a-a506-438e-aea7-604e542c83a0'),
 ('196', 'Sudan', 'SD', '0', '2016-05-24 09:30:02', '2016-05-24 09:30:02', '2d026384-113f-440c-a64e-7e6b5c7e9c29'),
 ('197', 'Sweden', 'SE', '0', '2016-05-24 09:30:02', '2016-05-24 09:30:02', '8b30751a-5ae4-4ac6-b895-695fef35cfef'),
 ('198', 'Singapore', 'SG', '0', '2016-05-24 09:30:02', '2016-05-24 09:30:02', 'b20887fb-aa2e-4d16-b52b-2d8e054d73fd'),
 ('199', 'St. Helena', 'SH', '0', '2016-05-24 09:30:02', '2016-05-24 09:30:02', '6c9d907e-783d-4fab-ac6b-b559421f52a1'),
 ('200', 'Slovenia', 'SI', '0', '2016-05-24 09:30:02', '2016-05-24 09:30:02', 'c309421d-e56d-4686-8e02-842415674352');
INSERT INTO `craft_commerce_countries` (`id`, `name`, `iso`, `stateRequired`, `dateCreated`, `dateUpdated`, `uid`) VALUES
 ('201', 'Svalbard and Jan Mayen Islands', 'SJ', '0', '2016-05-24 09:30:02', '2016-05-24 09:30:02', 'c8489094-1c73-4a2f-9faa-8f997b67db44'),
 ('202', 'Slovak Republic', 'SK', '0', '2016-05-24 09:30:02', '2016-05-24 09:30:02', '7fa75829-f806-4968-9f88-22707454581f'),
 ('203', 'Sierra Leone', 'SL', '0', '2016-05-24 09:30:02', '2016-05-24 09:30:02', '080badc2-a421-4f7f-897d-777567f99424'),
 ('204', 'San Marino', 'SM', '0', '2016-05-24 09:30:02', '2016-05-24 09:30:02', '25f846fd-759c-47c6-b6d9-3f2f24d22844'),
 ('205', 'Senegal', 'SN', '0', '2016-05-24 09:30:02', '2016-05-24 09:30:02', '4903b9fb-35ae-4474-863c-225fd03a4f2e'),
 ('206', 'Somalia', 'SO', '0', '2016-05-24 09:30:02', '2016-05-24 09:30:02', 'a5c2745f-4f2d-4280-a889-693ebc8c9045'),
 ('207', 'Suriname', 'SR', '0', '2016-05-24 09:30:02', '2016-05-24 09:30:02', '231ea905-fadf-4a06-afbe-b3ed3a7ac31f'),
 ('208', 'South Sudan', 'SS', '0', '2016-05-24 09:30:02', '2016-05-24 09:30:02', '12b618f6-4e06-47aa-b054-03c284006c92'),
 ('209', 'Sao Tome and Principe', 'ST', '0', '2016-05-24 09:30:02', '2016-05-24 09:30:02', '62a80749-e3c5-4d9b-8ce0-dbc667f67650'),
 ('210', 'El Salvador', 'SV', '0', '2016-05-24 09:30:02', '2016-05-24 09:30:02', '964a976d-f398-4528-a1da-7ea9041dc3a3'),
 ('211', 'Sint Maarten (Dutch part)', 'SX', '0', '2016-05-24 09:30:02', '2016-05-24 09:30:02', 'fdafcbe0-fde0-4cd7-887b-750eb87e3ed3'),
 ('212', 'Syria', 'SY', '0', '2016-05-24 09:30:02', '2016-05-24 09:30:02', 'd71f60cc-f2b1-4b7c-abbd-9a35ee3efa3c'),
 ('213', 'Swaziland', 'SZ', '0', '2016-05-24 09:30:02', '2016-05-24 09:30:02', 'dd048af8-f5c9-498f-badb-0ddab59c13e9'),
 ('214', 'Turks and Caicos Islands', 'TC', '0', '2016-05-24 09:30:02', '2016-05-24 09:30:02', '72566c06-e4db-4e87-99a4-57eb2965326a'),
 ('215', 'Chad', 'TD', '0', '2016-05-24 09:30:02', '2016-05-24 09:30:02', '0df64d5d-fa76-4bee-9b01-c9298360747a'),
 ('216', 'French Southern Territories', 'TF', '0', '2016-05-24 09:30:02', '2016-05-24 09:30:02', 'd62c425d-534c-4ad8-9147-f34f5bff19f2'),
 ('217', 'Togo', 'TG', '0', '2016-05-24 09:30:02', '2016-05-24 09:30:02', '067c96db-8e18-487c-aa30-01006d6d06a1'),
 ('218', 'Thailand', 'TH', '0', '2016-05-24 09:30:02', '2016-05-24 09:30:02', 'b13116f5-d26a-4f3b-8519-7a08dacb4496'),
 ('219', 'Tajikistan', 'TJ', '0', '2016-05-24 09:30:02', '2016-05-24 09:30:02', 'ce110407-2870-4bdd-9732-5bc97bedb351'),
 ('220', 'Tokelau', 'TK', '0', '2016-05-24 09:30:02', '2016-05-24 09:30:02', '03bd259d-6abf-44a7-b3ca-e623ffef7aad'),
 ('221', 'Timor-Leste', 'TL', '0', '2016-05-24 09:30:02', '2016-05-24 09:30:02', 'f20b5f36-6396-4bb5-bd32-e9d87595a972'),
 ('222', 'Turkmenistan', 'TM', '0', '2016-05-24 09:30:02', '2016-05-24 09:30:02', '8a8d5615-7529-45df-a0a2-5830d115651c'),
 ('223', 'Tunisia', 'TN', '0', '2016-05-24 09:30:02', '2016-05-24 09:30:02', '8be3ec15-53a6-4430-b5cc-0e29c9122bb0'),
 ('224', 'Tonga', 'TO', '0', '2016-05-24 09:30:02', '2016-05-24 09:30:02', '1cf19153-dc4c-49c6-ac6f-b66bfb0a0cb1'),
 ('225', 'Turkey', 'TR', '0', '2016-05-24 09:30:02', '2016-05-24 09:30:02', '31b4addf-8edc-477c-8407-52bc96ff4f55'),
 ('226', 'Trinidad and Tobago', 'TT', '0', '2016-05-24 09:30:02', '2016-05-24 09:30:02', '8f83cc58-7eef-42e6-8831-a45e2184155c'),
 ('227', 'Tuvalu', 'TV', '0', '2016-05-24 09:30:02', '2016-05-24 09:30:02', 'a3a3afdd-f677-4945-8815-c74d441171cc'),
 ('228', 'Taiwan', 'TW', '0', '2016-05-24 09:30:02', '2016-05-24 09:30:02', '92227937-4da2-4289-8d60-fe6e1e6d6abe'),
 ('229', 'Tanzania', 'TZ', '0', '2016-05-24 09:30:02', '2016-05-24 09:30:02', '01e009b1-e1f3-4940-afa2-b15753ce6b7f'),
 ('230', 'Ukraine', 'UA', '0', '2016-05-24 09:30:02', '2016-05-24 09:30:02', 'f7b8109a-cd75-4163-9bfc-a614ced1dfb3'),
 ('231', 'Uganda', 'UG', '0', '2016-05-24 09:30:02', '2016-05-24 09:30:02', '5e475a7f-c62a-4a44-aa18-4dffc8a9e969'),
 ('232', 'United States Minor Outlying Islands', 'UM', '0', '2016-05-24 09:30:02', '2016-05-24 09:30:02', 'aa79a9e5-6238-49b5-be3e-3596690bd762'),
 ('233', 'United States', 'US', '0', '2016-05-24 09:30:02', '2016-05-24 09:30:02', 'f87bddad-cdca-4616-bc55-c5447ac75dde'),
 ('234', 'Uruguay', 'UY', '0', '2016-05-24 09:30:02', '2016-05-24 09:30:02', '949565e6-6510-4661-9aeb-9f989291dc28'),
 ('235', 'Uzbekistan', 'UZ', '0', '2016-05-24 09:30:02', '2016-05-24 09:30:02', '1c89fba7-01b2-4629-bc08-d60d1abe3cc1'),
 ('236', 'Vatican City State (Holy See)', 'VA', '0', '2016-05-24 09:30:02', '2016-05-24 09:30:02', 'fe2d4c2d-1301-4055-afa7-002fc08e65c4'),
 ('237', 'Saint Vincent and the Grenadines', 'VC', '0', '2016-05-24 09:30:02', '2016-05-24 09:30:02', '63bc724c-611a-4f13-8c8f-77f7405fd3b7'),
 ('238', 'Venezuela', 'VE', '0', '2016-05-24 09:30:02', '2016-05-24 09:30:02', '29219e5a-4c66-4d02-9eb2-423558718889'),
 ('239', 'Virgin Islands (British)', 'VG', '0', '2016-05-24 09:30:02', '2016-05-24 09:30:02', '0ac9737a-16f5-4d6b-ab15-2b8e3b1107e8'),
 ('240', 'Virgin Islands (U.S.)', 'VI', '0', '2016-05-24 09:30:02', '2016-05-24 09:30:02', 'edf4ceda-d9d0-4006-bde7-65c82b67d921'),
 ('241', 'Viet Nam', 'VN', '0', '2016-05-24 09:30:02', '2016-05-24 09:30:02', 'e8cb5fe8-74bd-4cef-b893-4fbd6ea18e3f'),
 ('242', 'Vanuatu', 'VU', '0', '2016-05-24 09:30:02', '2016-05-24 09:30:02', 'a101ffc1-8e9b-42c5-9c28-f147bb2a3df9'),
 ('243', 'Wallis and Futuna Islands', 'WF', '0', '2016-05-24 09:30:02', '2016-05-24 09:30:02', 'e1c6630b-ba53-4891-9a67-09804232d74d'),
 ('244', 'Samoa', 'WS', '0', '2016-05-24 09:30:02', '2016-05-24 09:30:02', 'fc7942c2-05ae-40ae-b4df-92e7fd3c836f'),
 ('245', 'Yemen', 'YE', '0', '2016-05-24 09:30:02', '2016-05-24 09:30:02', '09a488d1-040b-4bad-89ec-a4745faeaad2'),
 ('246', 'Mayotte', 'YT', '0', '2016-05-24 09:30:02', '2016-05-24 09:30:02', 'c6c4e571-ddae-4335-853d-148817c37d19'),
 ('247', 'South Africa', 'ZA', '0', '2016-05-24 09:30:02', '2016-05-24 09:30:02', '35d8c046-65f8-4099-9328-48f558079bb7'),
 ('248', 'Zambia', 'ZM', '0', '2016-05-24 09:30:02', '2016-05-24 09:30:02', 'e5120652-a69d-431d-ac48-fc3c5d3e2645'),
 ('249', 'Zimbabwe', 'ZW', '0', '2016-05-24 09:30:02', '2016-05-24 09:30:02', '49e3718f-8417-4a59-9c6f-4fa59d3d7895');



DROP TABLE IF EXISTS `craft_commerce_customer_discountuses`;


--
-- Schema for table `craft_commerce_customer_discountuses`
--
CREATE TABLE `craft_commerce_customer_discountuses` (
  `id` int(11) NOT NULL AUTO_INCREMENT,
  `discountId` int(10) NOT NULL,
  `customerId` int(10) NOT NULL,
  `uses` int(10) unsigned NOT NULL,
  `dateCreated` datetime NOT NULL,
  `dateUpdated` datetime NOT NULL,
  `uid` char(36) COLLATE utf8_unicode_ci NOT NULL DEFAULT '0',
  PRIMARY KEY (`id`),
  UNIQUE KEY `craft_commerce_customer_discountuses_customerId_discountId_unq_i` (`customerId`,`discountId`),
  KEY `craft_commerce_customer_discountuses_discountId_fk` (`discountId`)
) ENGINE=InnoDB DEFAULT CHARSET=utf8 COLLATE=utf8_unicode_ci;

DROP TABLE IF EXISTS `craft_commerce_customers`;


--
-- Schema for table `craft_commerce_customers`
--
CREATE TABLE `craft_commerce_customers` (
  `id` int(11) NOT NULL AUTO_INCREMENT,
  `userId` int(11) DEFAULT NULL,
  `email` varchar(255) COLLATE utf8_unicode_ci DEFAULT NULL,
  `lastUsedBillingAddressId` int(10) DEFAULT NULL,
  `lastUsedShippingAddressId` int(10) DEFAULT NULL,
  `dateCreated` datetime NOT NULL,
  `dateUpdated` datetime NOT NULL,
  `uid` char(36) COLLATE utf8_unicode_ci NOT NULL DEFAULT '0',
  PRIMARY KEY (`id`),
  KEY `craft_commerce_customers_userId_fk` (`userId`)
) ENGINE=InnoDB AUTO_INCREMENT=87 DEFAULT CHARSET=utf8 COLLATE=utf8_unicode_ci;

--
-- Data for table `craft_commerce_customers`
--

INSERT INTO `craft_commerce_customers` (`id`, `userId`, `email`, `lastUsedBillingAddressId`, `lastUsedShippingAddressId`, `dateCreated`, `dateUpdated`, `uid`) VALUES
 ('1', '1', 'mb@18digital.dk', '1', '1', '2016-05-24 09:39:26', '2016-07-07 10:08:38', 'e35ae8d3-be0a-4265-8642-42bded15b10a'),
 ('3', NULL, 'martin@beuschau.dk', NULL, NULL, '2016-05-24 12:57:57', '2016-05-24 13:46:41', '87984a92-ebce-4a56-a6fc-ee961354f846'),
 ('5', NULL, 'mb@18digital.dk', NULL, NULL, '2016-05-24 14:09:38', '2016-05-24 14:09:50', 'b02fedd7-f794-4aeb-bd16-e13cd5467ec9'),
 ('6', NULL, 'mb@18digital.dk', '21', '21', '2016-05-24 20:27:57', '2016-05-24 20:29:52', '65e62da6-2b92-4e0f-a358-116829ebbf12'),
 ('7', NULL, 'martin@beuschau.dk', '30', '30', '2016-05-25 12:36:48', '2016-05-25 13:59:06', '726eda72-5c10-4ac9-b6d0-f124c4f42234'),
 ('8', NULL, 'mb@18digital.dk', NULL, NULL, '2016-05-25 17:32:59', '2016-05-25 17:33:09', '25f97d4e-f008-43ec-bd91-64c30f96180f'),
 ('9', NULL, 'mb@18digital.dk', NULL, NULL, '2016-05-25 17:34:54', '2016-05-25 17:35:00', '4cc743cf-bc81-4513-9ba3-5781aadcf923'),
 ('11', NULL, 'louise@beuschau.dk', '61', '61', '2016-05-25 18:53:22', '2016-05-25 18:54:32', 'c603404f-e05d-4927-9a09-c3ebe9499374'),
 ('14', NULL, 'martin@beuschau.dk', NULL, NULL, '2016-05-30 06:51:05', '2016-05-30 06:51:34', '634318a7-a940-4b67-9394-736aab47e6c4'),
 ('15', NULL, 'mb@18digital.dk', NULL, NULL, '2016-05-30 08:18:08', '2016-05-30 08:18:14', '994b21c1-a66d-4cb3-87d4-3d90c8f3844d'),
 ('16', NULL, 'mb@18digital.dk', NULL, NULL, '2016-05-30 12:06:14', '2016-05-30 13:55:49', '0a6b6d31-e3b5-4a18-9eef-b84163aea630'),
 ('18', NULL, 'mb@18digital.dk', '74', '74', '2016-05-31 07:52:11', '2016-05-31 07:52:40', '751a31e0-e1e5-4b77-85cf-0b3a0dbf9635'),
 ('19', NULL, 'mb@18digital.dk', '77', '77', '2016-05-31 08:04:33', '2016-05-31 08:05:07', '8359f435-72aa-4d6c-8a57-570f62167ae8'),
 ('20', NULL, 'mb@18digital.dk', NULL, NULL, '2016-05-31 08:06:42', '2016-05-31 08:06:49', '34898a97-73f0-425b-a407-cc98a0ea2d5f'),
 ('24', NULL, 'martin@beuschau.dk', NULL, NULL, '2016-06-01 13:34:12', '2016-06-01 13:36:10', 'eb5ac5ac-fb0b-4153-8d71-bbec3f6465bd'),
 ('28', NULL, 'mb@18digital.dk', NULL, NULL, '2016-06-02 06:57:54', '2016-06-02 07:04:31', 'af1931d3-9aeb-4eff-a200-ba4b10a322b9'),
 ('29', NULL, 'mb@18digital.dk', NULL, NULL, '2016-06-02 08:55:16', '2016-06-02 09:07:39', '085a3eb4-d5e3-43ba-8e20-3b2c9cad1492'),
 ('30', NULL, 'mb@18digital.dk', '86', '86', '2016-06-03 06:20:56', '2016-06-03 08:38:15', 'a5cb57d0-71f9-4046-97d6-54658e1a8397'),
 ('31', NULL, 'mb@18digital.dk', '89', '89', '2016-06-03 08:41:10', '2016-06-03 08:43:50', 'e3abc00b-2706-42be-b1f9-d3fa1c3b421c'),
 ('32', NULL, 'mb@18digital.dk', '92', '92', '2016-06-03 08:45:57', '2016-06-03 08:46:26', '492aef3a-1c9b-4815-a329-c319503e2b81'),
 ('33', NULL, 'mb@18digital.dk', NULL, NULL, '2016-06-03 08:54:19', '2016-06-03 08:54:25', '8d566264-e775-4dd9-b6f2-f257770a9474'),
 ('34', NULL, 'mb@18digital.dk', NULL, NULL, '2016-06-03 14:18:48', '2016-06-03 14:18:55', '5afbf6b7-8a36-4589-b462-dfb020fed9d7'),
 ('35', NULL, 'mb@18digital.dk', NULL, NULL, '2016-06-06 12:11:23', '2016-06-06 13:00:22', '20c5204d-7990-4901-b267-082397bae5ea'),
 ('36', NULL, 'mb@18digital.dk', '109', '109', '2016-06-06 14:43:15', '2016-06-06 14:49:15', '11b75542-cda9-42d4-9df2-e7a71c7426be'),
 ('37', NULL, 'mb@18digital.dk', NULL, NULL, '2016-06-06 14:50:49', '2016-06-06 14:50:57', 'e9da0bea-50bc-4abd-82db-c0f1d7d784ca'),
 ('39', NULL, 'mb@18digital.dk', NULL, NULL, '2016-06-08 20:43:20', '2016-06-08 20:43:28', '7e29a352-fe39-4b0a-948a-0f7ad2e2a7d3'),
 ('42', NULL, 'mb@18digital.dk', '118', '118', '2016-06-10 07:05:18', '2016-06-10 07:06:04', '9972b4ed-840c-4373-a7dd-f3d0eff51278'),
 ('43', NULL, 'mb@18digital.dk', NULL, NULL, '2016-06-10 07:17:22', '2016-06-10 08:07:16', '45de561b-4f09-4b92-8a2f-b483524b5750'),
 ('45', NULL, 'mb@18digital.dk', NULL, NULL, '2016-06-10 13:56:41', '2016-06-10 13:56:59', '0ff2ed37-26d3-4fa0-b7fb-b4250ba50453'),
 ('48', NULL, 'mb@18digital.dk', '132', '132', '2016-06-14 07:20:41', '2016-06-14 07:43:21', '9c4aa060-6d6f-42bc-95ad-214d3ae7eff6'),
 ('49', NULL, 'mb@18digital.dk', '135', '135', '2016-06-14 07:48:41', '2016-06-14 07:49:12', '01609120-d5fc-4d39-8f63-6dda7936d2df'),
 ('50', NULL, 'mb@18digital.dk', '138', '138', '2016-06-14 07:54:23', '2016-06-14 07:54:51', '018290da-8621-4f5c-a766-5aaf7086db04'),
 ('51', NULL, 'mb@18digital.dk', '141', '141', '2016-06-14 08:03:50', '2016-06-14 08:04:39', '716eaa6e-38ae-421e-8611-4a912b744b23'),
 ('52', NULL, 'martin@beuschau.dk', '144', '144', '2016-06-14 08:31:03', '2016-06-14 08:31:35', '7a1480c8-53f0-442e-8fb4-33b88d43dee8'),
 ('53', NULL, 'martin@beuschau.dk', '147', '147', '2016-06-14 08:33:50', '2016-06-14 08:34:19', 'd79200a4-1404-43c3-8716-f93770454c81'),
 ('54', NULL, 'martin@beuschau.dk', '150', '150', '2016-06-14 08:38:12', '2016-06-14 08:39:43', '4b50badf-6c35-4920-ae60-997fb6fa0fef'),
 ('55', NULL, 'mb@18digital.dk', '153', '153', '2016-06-14 08:44:20', '2016-06-14 08:45:03', '5cd81bdb-59eb-4fb9-8ac9-ead21a7e0b13'),
 ('56', NULL, 'mb@18digital.dk', '156', '156', '2016-06-14 08:54:33', '2016-06-14 08:55:14', 'bded3e53-c899-4aa3-beb6-e6979057018d'),
 ('57', NULL, 'mb@18digital.dk', '159', '159', '2016-06-14 08:57:06', '2016-06-14 08:57:40', '5c2a2fe5-458d-4dfe-bd00-4fbdac434f07'),
 ('58', NULL, 'mb@18digital.dk', '162', '162', '2016-06-14 08:58:32', '2016-06-14 08:59:11', '269d0ad8-1788-45cc-ab5d-e5b4112a7cf9'),
 ('59', NULL, 'mb@18digital.dk', NULL, NULL, '2016-06-14 09:06:28', '2016-06-14 09:06:46', '42831447-10e2-4edf-9457-ec4844f23a52'),
 ('60', NULL, 'mb@18digital.dk', '188', '188', '2016-06-14 14:13:30', '2016-06-14 14:14:11', 'c1c192ae-84d5-4847-882f-ae63b65a174e'),
 ('61', NULL, 'mb@18digital.dk', '191', '191', '2016-06-14 14:14:57', '2016-06-14 14:15:36', 'eec9d72a-f897-48f3-b0d2-58c42a3ef925'),
 ('64', NULL, 'mb@18digital.dk', NULL, NULL, '2016-06-27 06:08:15', '2016-06-27 06:08:32', '0e7f289b-d4d1-4d72-a3f8-d46563cc8ec6'),
 ('66', '190', 'kkr@darfo.dk', NULL, NULL, '2016-06-27 09:54:08', '2016-06-27 09:54:08', 'aaa233ca-fe4d-42fc-a5d0-60f2839a6e82'),
 ('67', NULL, 'mb@18digital.dk', NULL, NULL, '2016-06-27 12:16:51', '2016-06-27 12:16:59', '3dbec2a2-e432-4d6f-9742-8dc0b6d30042'),
 ('70', NULL, 'mb@18digital.dk', '200', '200', '2016-07-04 10:16:32', '2016-07-04 14:18:15', 'c68af80a-32aa-4e8c-a9de-6f544da9da89'),
 ('72', NULL, 'martin@beuschau.dk', NULL, NULL, '2016-07-04 15:27:36', '2016-07-04 15:28:40', 'f7b2314d-7ace-420c-965e-c99b8799db3e'),
 ('74', NULL, 'john@test.dk', NULL, NULL, '2016-07-05 15:03:01', '2016-07-05 15:06:34', 'b41eb139-adf0-4d06-be43-30f4e834a26b'),
 ('75', NULL, 'martin@beuschau.dk', '8', '8', '2016-07-06 09:01:00', '2016-07-06 09:01:40', 'fdbdfe3c-2858-45ee-a0f6-3daf0bb98b54'),
 ('76', NULL, 'mb@18digital.dk', '11', '11', '2016-07-06 09:16:15', '2016-07-06 09:16:50', '168e8069-050e-45a3-ae54-8c769be86beb'),
 ('77', NULL, 'mb@18digital.dk', '14', '14', '2016-07-06 09:18:08', '2016-07-06 09:18:37', 'a1b7b23c-ae36-4c58-8107-8f3823af4dac'),
 ('78', NULL, 'mb@18digital.dk', '17', '17', '2016-07-06 09:22:09', '2016-07-06 09:23:03', '418b25a7-4c62-41c8-88e1-35143d493305'),
 ('79', NULL, 'mb@18digital.dk', '20', '20', '2016-07-06 09:27:30', '2016-07-06 09:28:00', 'aa8301b4-870a-4bf5-a4ce-cceee6cfb67a'),
 ('80', NULL, 'martin@beuschau.dk', '24', '24', '2016-07-06 09:34:00', '2016-07-06 09:42:44', '58b23a7f-f23b-4d23-8b8b-4970d79def59'),
 ('81', NULL, 'mb@18digital.dk', '27', '27', '2016-07-06 09:44:03', '2016-07-06 09:44:30', 'bcb698a1-29c9-44d9-b716-fbff8652c11a'),
 ('82', NULL, 'mb@18digital.dk', '30', '30', '2016-07-06 09:46:46', '2016-07-06 09:47:17', '36c2d2d9-6397-4649-bff0-187addaf8736'),
 ('83', NULL, 'mb@18digital.dk', '33', '33', '2016-07-06 09:51:36', '2016-07-06 09:52:38', '29f1e96b-e7b7-4f88-92a7-1d00f9a5a511'),
 ('84', NULL, 'mb@18digital.dk', NULL, NULL, '2016-07-06 09:55:54', '2016-07-06 09:57:41', 'fbf6600a-ed8a-4936-b5cf-3b653e687dcd'),
 ('85', NULL, 'martin@beuschau.dk', '57', '57', '2016-07-07 08:37:12', '2016-07-07 08:37:40', '97990520-07b5-462d-8d4e-529a30fc81c5'),
 ('86', NULL, 'martin@beuschau.dk', NULL, NULL, '2016-07-16 12:16:47', '2016-07-16 12:22:20', 'e03eb34c-1169-4423-b995-4b1b223af427');



DROP TABLE IF EXISTS `craft_commerce_customers_addresses`;


--
-- Schema for table `craft_commerce_customers_addresses`
--
CREATE TABLE `craft_commerce_customers_addresses` (
  `id` int(11) NOT NULL AUTO_INCREMENT,
  `customerId` int(11) NOT NULL,
  `addressId` int(11) NOT NULL,
  `dateCreated` datetime NOT NULL,
  `dateUpdated` datetime NOT NULL,
  `uid` char(36) COLLATE utf8_unicode_ci NOT NULL DEFAULT '0',
  PRIMARY KEY (`id`),
  UNIQUE KEY `craft_commerce_customers_addresses_customerId_addressId_unq_idx` (`customerId`,`addressId`),
  KEY `craft_commerce_customers_addresses_customerId_idx` (`customerId`),
  KEY `craft_commerce_customers_addresses_addressId_idx` (`addressId`)
) ENGINE=InnoDB AUTO_INCREMENT=80 DEFAULT CHARSET=utf8 COLLATE=utf8_unicode_ci;

--
-- Data for table `craft_commerce_customers_addresses`
--

INSERT INTO `craft_commerce_customers_addresses` (`id`, `customerId`, `addressId`, `dateCreated`, `dateUpdated`, `uid`) VALUES
 ('66', '1', '1', '2016-07-05 20:18:11', '2016-07-20 10:33:57', '43917d6f-ba2f-43c2-a978-761391d2e04f'),
 ('67', '75', '8', '2016-07-06 09:01:17', '2016-07-06 09:01:17', '52127115-d9ea-46eb-8b2a-6fa98b836410'),
 ('68', '76', '11', '2016-07-06 09:16:26', '2016-07-06 09:16:26', 'bbb857fe-c3eb-4ac0-8a0e-d184994de2f1'),
 ('69', '77', '14', '2016-07-06 09:18:19', '2016-07-06 09:18:19', '34e2d494-c9b4-4440-8078-c459f045ce72'),
 ('70', '78', '17', '2016-07-06 09:22:42', '2016-07-06 09:22:42', '9b37e584-68be-4cb9-9103-62a77851261a'),
 ('71', '79', '20', '2016-07-06 09:27:40', '2016-07-06 09:27:40', '6e76c25e-865d-496c-b9b0-52fd0fdb640b'),
 ('72', '80', '23', '2016-07-06 09:34:19', '2016-07-06 09:34:19', '0e18d1c1-467d-4b0c-9c5c-bc462ae23f05'),
 ('73', '80', '24', '2016-07-06 09:42:25', '2016-07-06 09:42:25', '99d5e387-d5e9-43fd-925d-7640b301716b'),
 ('74', '81', '27', '2016-07-06 09:44:12', '2016-07-06 09:44:12', 'b6e1a608-f8f4-412a-82ce-6df0c1ccaeba'),
 ('75', '82', '30', '2016-07-06 09:46:59', '2016-07-06 09:46:59', '5539bc53-2762-45d7-8627-a908e3c8bedb'),
 ('76', '83', '33', '2016-07-06 09:52:20', '2016-07-06 09:52:20', 'dca26f06-e884-49cc-a6b8-8be2a8f9f9c1'),
 ('77', '84', '36', '2016-07-06 09:57:50', '2016-07-06 09:57:50', '37b29c32-1706-4a52-9c1e-ca35f1434426'),
 ('78', '85', '57', '2016-07-07 08:37:23', '2016-07-07 08:37:23', 'a4d999b0-3dce-47cf-b62e-80ae09be9f81'),
 ('79', '86', '66', '2016-07-16 12:22:29', '2016-07-16 12:22:29', '8c1d3755-1ba8-4f34-99ef-e7fa461d665f');



DROP TABLE IF EXISTS `craft_commerce_discount_products`;


--
-- Schema for table `craft_commerce_discount_products`
--
CREATE TABLE `craft_commerce_discount_products` (
  `id` int(11) NOT NULL AUTO_INCREMENT,
  `discountId` int(10) NOT NULL,
  `productId` int(10) NOT NULL,
  `dateCreated` datetime NOT NULL,
  `dateUpdated` datetime NOT NULL,
  `uid` char(36) COLLATE utf8_unicode_ci NOT NULL DEFAULT '0',
  PRIMARY KEY (`id`),
  UNIQUE KEY `craft_commerce_discount_products_discountId_productId_unq_idx` (`discountId`,`productId`),
  KEY `craft_commerce_discount_products_productId_fk` (`productId`)
) ENGINE=InnoDB DEFAULT CHARSET=utf8 COLLATE=utf8_unicode_ci;

DROP TABLE IF EXISTS `craft_commerce_discount_producttypes`;


--
-- Schema for table `craft_commerce_discount_producttypes`
--
CREATE TABLE `craft_commerce_discount_producttypes` (
  `id` int(11) NOT NULL AUTO_INCREMENT,
  `discountId` int(10) NOT NULL,
  `productTypeId` int(10) NOT NULL,
  `dateCreated` datetime NOT NULL,
  `dateUpdated` datetime NOT NULL,
  `uid` char(36) COLLATE utf8_unicode_ci NOT NULL DEFAULT '0',
  PRIMARY KEY (`id`),
  UNIQUE KEY `craft_commerc_discoun_producttype_discountI_productTypeI_unq_idx` (`discountId`,`productTypeId`),
  KEY `craft_commerce_discount_producttypes_productTypeId_fk` (`productTypeId`)
) ENGINE=InnoDB DEFAULT CHARSET=utf8 COLLATE=utf8_unicode_ci;

DROP TABLE IF EXISTS `craft_commerce_discount_usergroups`;


--
-- Schema for table `craft_commerce_discount_usergroups`
--
CREATE TABLE `craft_commerce_discount_usergroups` (
  `id` int(11) NOT NULL AUTO_INCREMENT,
  `discountId` int(10) NOT NULL,
  `userGroupId` int(10) NOT NULL,
  `dateCreated` datetime NOT NULL,
  `dateUpdated` datetime NOT NULL,
  `uid` char(36) COLLATE utf8_unicode_ci NOT NULL DEFAULT '0',
  PRIMARY KEY (`id`),
  UNIQUE KEY `craft_commerce_discount_usergroups_discountId_userGroupId_unq_id` (`discountId`,`userGroupId`),
  KEY `craft_commerce_discount_usergroups_userGroupId_fk` (`userGroupId`)
) ENGINE=InnoDB DEFAULT CHARSET=utf8 COLLATE=utf8_unicode_ci;

DROP TABLE IF EXISTS `craft_commerce_discounts`;


--
-- Schema for table `craft_commerce_discounts`
--
CREATE TABLE `craft_commerce_discounts` (
  `id` int(11) NOT NULL AUTO_INCREMENT,
  `name` varchar(255) COLLATE utf8_unicode_ci NOT NULL,
  `description` text COLLATE utf8_unicode_ci,
  `code` varchar(255) COLLATE utf8_unicode_ci DEFAULT NULL,
  `perUserLimit` int(10) unsigned NOT NULL DEFAULT '0',
  `perEmailLimit` int(11) DEFAULT '0',
  `totalUseLimit` int(10) unsigned NOT NULL DEFAULT '0',
  `totalUses` int(10) unsigned NOT NULL DEFAULT '0',
  `dateFrom` datetime DEFAULT NULL,
  `dateTo` datetime DEFAULT NULL,
  `purchaseTotal` int(10) NOT NULL DEFAULT '0',
  `purchaseQty` int(10) NOT NULL DEFAULT '0',
  `baseDiscount` decimal(14,4) NOT NULL DEFAULT '0.0000',
  `perItemDiscount` decimal(14,4) NOT NULL DEFAULT '0.0000',
  `percentDiscount` decimal(14,4) NOT NULL DEFAULT '0.0000',
  `excludeOnSale` tinyint(1) unsigned NOT NULL DEFAULT '0',
  `freeShipping` tinyint(1) unsigned NOT NULL DEFAULT '0',
  `allGroups` tinyint(1) unsigned NOT NULL DEFAULT '0',
  `allProducts` tinyint(1) unsigned NOT NULL DEFAULT '0',
  `allProductTypes` tinyint(1) unsigned NOT NULL DEFAULT '0',
  `enabled` tinyint(1) unsigned NOT NULL DEFAULT '1',
  `dateCreated` datetime NOT NULL,
  `dateUpdated` datetime NOT NULL,
  `uid` char(36) COLLATE utf8_unicode_ci NOT NULL DEFAULT '0',
  PRIMARY KEY (`id`),
  UNIQUE KEY `craft_commerce_discounts_code_unq_idx` (`code`),
  KEY `craft_commerce_discounts_dateFrom_idx` (`dateFrom`),
  KEY `craft_commerce_discounts_dateTo_idx` (`dateTo`)
) ENGINE=InnoDB DEFAULT CHARSET=utf8 COLLATE=utf8_unicode_ci;

DROP TABLE IF EXISTS `craft_commerce_emails`;


--
-- Schema for table `craft_commerce_emails`
--
CREATE TABLE `craft_commerce_emails` (
  `id` int(11) NOT NULL AUTO_INCREMENT,
  `name` varchar(255) COLLATE utf8_unicode_ci NOT NULL,
  `subject` varchar(255) COLLATE utf8_unicode_ci NOT NULL,
  `to` varchar(255) COLLATE utf8_unicode_ci NOT NULL,
  `bcc` varchar(255) COLLATE utf8_unicode_ci DEFAULT NULL,
  `enabled` tinyint(1) unsigned NOT NULL DEFAULT '0',
  `templatePath` varchar(255) COLLATE utf8_unicode_ci NOT NULL,
  `dateCreated` datetime NOT NULL,
  `dateUpdated` datetime NOT NULL,
  `uid` char(36) COLLATE utf8_unicode_ci NOT NULL DEFAULT '0',
  PRIMARY KEY (`id`)
) ENGINE=InnoDB AUTO_INCREMENT=3 DEFAULT CHARSET=utf8 COLLATE=utf8_unicode_ci;

--
-- Data for table `craft_commerce_emails`
--

INSERT INTO `craft_commerce_emails` (`id`, `name`, `subject`, `to`, `bcc`, `enabled`, `templatePath`, `dateCreated`, `dateUpdated`, `uid`) VALUES
 ('1', 'Order Recieved Notification', 'Order fra Elektronikforsikring.dk #{{order.id}}', '{{order.email}}', 'acl@netcompany.com', '1', 'commerce/_emails/orderRecieved', '2016-05-24 20:32:34', '2016-06-14 12:05:55', 'c9e82a17-296f-4dd5-8220-2f6a08505661'),
 ('2', 'Navision Order', 'Navision Order #{{order.id}}', 'acl@netcompany.com', '', '1', 'commerce/_emails/navisionOrder	', '2016-05-25 18:18:19', '2016-06-14 11:30:28', 'ec589c14-290c-47c2-a425-dc619298064a');



DROP TABLE IF EXISTS `craft_commerce_lineitems`;


--
-- Schema for table `craft_commerce_lineitems`
--
CREATE TABLE `craft_commerce_lineitems` (
  `id` int(11) NOT NULL AUTO_INCREMENT,
  `orderId` int(11) NOT NULL,
  `purchasableId` int(11) DEFAULT NULL,
  `options` text COLLATE utf8_unicode_ci,
  `optionsSignature` varchar(255) COLLATE utf8_unicode_ci NOT NULL,
  `price` decimal(14,4) unsigned NOT NULL,
  `saleAmount` decimal(14,4) NOT NULL DEFAULT '0.0000',
  `salePrice` decimal(14,4) NOT NULL DEFAULT '0.0000',
  `tax` decimal(14,4) NOT NULL DEFAULT '0.0000',
  `taxIncluded` decimal(14,4) NOT NULL DEFAULT '0.0000',
  `shippingCost` decimal(14,4) unsigned NOT NULL DEFAULT '0.0000',
  `discount` decimal(14,4) NOT NULL DEFAULT '0.0000',
  `weight` decimal(14,4) unsigned NOT NULL DEFAULT '0.0000',
  `height` decimal(14,4) unsigned NOT NULL DEFAULT '0.0000',
  `length` decimal(14,4) unsigned NOT NULL DEFAULT '0.0000',
  `width` decimal(14,4) unsigned NOT NULL DEFAULT '0.0000',
  `total` decimal(14,4) unsigned NOT NULL DEFAULT '0.0000',
  `qty` int(10) unsigned NOT NULL,
  `note` text COLLATE utf8_unicode_ci,
  `snapshot` text COLLATE utf8_unicode_ci NOT NULL,
  `taxCategoryId` int(10) NOT NULL,
  `dateCreated` datetime NOT NULL,
  `dateUpdated` datetime NOT NULL,
  `uid` char(36) COLLATE utf8_unicode_ci NOT NULL DEFAULT '0',
  PRIMARY KEY (`id`),
  UNIQUE KEY `craf_commerc_lineitem_orderI_purchasableI_optionsSignatu_unq_idx` (`orderId`,`purchasableId`,`optionsSignature`),
  KEY `craft_commerce_lineitems_purchasableId_fk` (`purchasableId`),
  KEY `craft_commerce_lineitems_taxCategoryId_fk` (`taxCategoryId`)
) ENGINE=InnoDB AUTO_INCREMENT=204 DEFAULT CHARSET=utf8 COLLATE=utf8_unicode_ci;

--
-- Data for table `craft_commerce_lineitems`
--

INSERT INTO `craft_commerce_lineitems` (`id`, `orderId`, `purchasableId`, `options`, `optionsSignature`, `price`, `saleAmount`, `salePrice`, `tax`, `taxIncluded`, `shippingCost`, `discount`, `weight`, `height`, `length`, `width`, `total`, `qty`, `note`, `snapshot`, `taxCategoryId`, `dateCreated`, `dateUpdated`, `uid`) VALUES
 ('201', '100087', '281', '[]', 'd751713988987e9331980363e24189ce', '99.0000', '0.0000', '99.0000', '0.0000', '0.0000', '82.0000', '0.0000', '0.0000', '0.0000', '0.0000', '0.0000', '181.0000', '1', NULL, '{\"id\":\"281\",\"enabled\":\"1\",\"archived\":\"0\",\"locale\":\"da\",\"localeEnabled\":\"1\",\"slug\":\"elektronikforsikring\",\"uri\":null,\"dateCreated\":\"2016-07-01 11:22:52\",\"dateUpdated\":\"2016-07-05 18:23:52\",\"root\":null,\"lft\":null,\"rgt\":null,\"level\":null,\"searchScore\":null,\"postDate\":\"2016-07-01 11:22:00\",\"expiryDate\":null,\"promotable\":\"0\",\"typeId\":\"1\",\"sku\":\"el\",\"taxCategoryId\":\"2\",\"price\":\"99.0000\",\"description\":\"Elektronikforsikring\",\"purchasableId\":\"281\",\"cpEditUrl\":\"#\",\"options\":[]}', '2', '2016-07-07 10:05:54', '2016-07-07 10:06:18', 'f379a383-0213-42ee-8e74-5df18118c1ca'),
 ('202', '100089', '281', '[]', 'd751713988987e9331980363e24189ce', '99.0000', '0.0000', '99.0000', '0.0000', '0.0000', '82.0000', '0.0000', '0.0000', '0.0000', '0.0000', '0.0000', '181.0000', '1', NULL, '{\"id\":\"281\",\"enabled\":\"1\",\"archived\":\"0\",\"locale\":\"da\",\"localeEnabled\":\"1\",\"slug\":\"elektronikforsikring\",\"uri\":null,\"dateCreated\":\"2016-07-01 11:22:52\",\"dateUpdated\":\"2016-07-05 18:23:52\",\"root\":null,\"lft\":null,\"rgt\":null,\"level\":null,\"searchScore\":null,\"postDate\":\"2016-07-01 11:22:00\",\"expiryDate\":null,\"promotable\":\"0\",\"typeId\":\"1\",\"sku\":\"el\",\"taxCategoryId\":\"2\",\"price\":\"99.0000\",\"description\":\"Elektronikforsikring\",\"purchasableId\":\"281\",\"cpEditUrl\":\"#\",\"options\":[]}', '2', '2016-07-07 10:06:27', '2016-07-07 10:07:16', '8ad4f982-75e2-4ae4-837f-15a7af7a6292'),
 ('203', '100091', '281', '[]', 'd751713988987e9331980363e24189ce', '99.0000', '0.0000', '99.0000', '0.0000', '0.0000', '82.0000', '0.0000', '0.0000', '0.0000', '0.0000', '0.0000', '181.0000', '1', NULL, '{\"id\":\"281\",\"enabled\":\"1\",\"archived\":\"0\",\"locale\":\"da\",\"localeEnabled\":\"1\",\"slug\":\"elektronikforsikring\",\"uri\":null,\"dateCreated\":\"2016-07-01 11:22:52\",\"dateUpdated\":\"2016-07-05 18:23:52\",\"root\":null,\"lft\":null,\"rgt\":null,\"level\":null,\"searchScore\":null,\"postDate\":\"2016-07-01 11:22:00\",\"expiryDate\":null,\"promotable\":\"0\",\"typeId\":\"1\",\"sku\":\"el\",\"taxCategoryId\":\"2\",\"price\":\"99.0000\",\"description\":\"Elektronikforsikring\",\"purchasableId\":\"281\",\"cpEditUrl\":\"#\",\"options\":[]}', '2', '2016-07-07 10:07:51', '2016-07-07 10:08:35', '18c01ab5-1f01-497a-80e1-284a289c7bfd');



DROP TABLE IF EXISTS `craft_commerce_orderadjustments`;


--
-- Schema for table `craft_commerce_orderadjustments`
--
CREATE TABLE `craft_commerce_orderadjustments` (
  `id` int(11) NOT NULL AUTO_INCREMENT,
  `type` varchar(255) COLLATE utf8_unicode_ci NOT NULL,
  `name` varchar(255) COLLATE utf8_unicode_ci DEFAULT NULL,
  `description` varchar(255) COLLATE utf8_unicode_ci DEFAULT NULL,
  `amount` decimal(14,4) NOT NULL,
  `included` tinyint(1) unsigned NOT NULL DEFAULT '0',
  `optionsJson` text COLLATE utf8_unicode_ci NOT NULL,
  `orderId` int(10) NOT NULL,
  `dateCreated` datetime NOT NULL,
  `dateUpdated` datetime NOT NULL,
  `uid` char(36) COLLATE utf8_unicode_ci NOT NULL DEFAULT '0',
  PRIMARY KEY (`id`),
  KEY `craft_commerce_orderadjustments_orderId_idx` (`orderId`)
) ENGINE=InnoDB DEFAULT CHARSET=utf8 COLLATE=utf8_unicode_ci;

DROP TABLE IF EXISTS `craft_commerce_orderhistories`;


--
-- Schema for table `craft_commerce_orderhistories`
--
CREATE TABLE `craft_commerce_orderhistories` (
  `id` int(11) NOT NULL AUTO_INCREMENT,
  `prevStatusId` int(11) DEFAULT NULL,
  `newStatusId` int(11) DEFAULT NULL,
  `orderId` int(10) NOT NULL,
  `customerId` int(10) NOT NULL,
  `message` text COLLATE utf8_unicode_ci,
  `dateCreated` datetime NOT NULL,
  `dateUpdated` datetime NOT NULL,
  `uid` char(36) COLLATE utf8_unicode_ci NOT NULL DEFAULT '0',
  PRIMARY KEY (`id`),
  KEY `craft_commerce_orderhistories_orderId_fk` (`orderId`),
  KEY `craft_commerce_orderhistories_prevStatusId_fk` (`prevStatusId`),
  KEY `craft_commerce_orderhistories_newStatusId_fk` (`newStatusId`),
  KEY `craft_commerce_orderhistories_customerId_fk` (`customerId`)
) ENGINE=InnoDB AUTO_INCREMENT=124 DEFAULT CHARSET=utf8 COLLATE=utf8_unicode_ci;

--
-- Data for table `craft_commerce_orderhistories`
--

INSERT INTO `craft_commerce_orderhistories` (`id`, `prevStatusId`, `newStatusId`, `orderId`, `customerId`, `message`, `dateCreated`, `dateUpdated`, `uid`) VALUES
 ('121', NULL, '2', '100087', '1', NULL, '2016-07-07 10:06:18', '2016-07-07 10:06:18', '3f4f382b-dede-42fe-a78c-0593197e8658'),
 ('122', NULL, '2', '100089', '1', NULL, '2016-07-07 10:07:16', '2016-07-07 10:07:16', '4d07024c-908c-4686-bd77-afc4d529e365'),
 ('123', NULL, '2', '100091', '1', NULL, '2016-07-07 10:08:35', '2016-07-07 10:08:35', 'c22da3c3-bfb3-4803-89d7-2352717fdb77');



DROP TABLE IF EXISTS `craft_commerce_orders`;


--
-- Schema for table `craft_commerce_orders`
--
CREATE TABLE `craft_commerce_orders` (
  `billingAddressId` int(11) DEFAULT NULL,
  `shippingAddressId` int(11) DEFAULT NULL,
  `paymentMethodId` int(11) DEFAULT NULL,
  `customerId` int(11) DEFAULT NULL,
  `id` int(11) NOT NULL,
  `orderStatusId` int(11) DEFAULT NULL,
  `number` varchar(32) COLLATE utf8_unicode_ci DEFAULT NULL,
  `couponCode` varchar(255) COLLATE utf8_unicode_ci DEFAULT NULL,
  `itemTotal` decimal(14,4) DEFAULT '0.0000',
  `baseDiscount` decimal(14,4) DEFAULT '0.0000',
  `baseShippingCost` decimal(14,4) DEFAULT '0.0000',
  `totalPrice` decimal(14,4) DEFAULT '0.0000',
  `totalPaid` decimal(14,4) DEFAULT '0.0000',
  `email` varchar(255) COLLATE utf8_unicode_ci DEFAULT NULL,
  `isCompleted` tinyint(1) unsigned NOT NULL DEFAULT '0',
  `dateOrdered` datetime DEFAULT NULL,
  `datePaid` datetime DEFAULT NULL,
  `currency` varchar(255) COLLATE utf8_unicode_ci DEFAULT NULL,
  `lastIp` varchar(255) COLLATE utf8_unicode_ci DEFAULT NULL,
  `message` varchar(255) COLLATE utf8_unicode_ci DEFAULT NULL,
  `returnUrl` varchar(255) COLLATE utf8_unicode_ci DEFAULT NULL,
  `cancelUrl` varchar(255) COLLATE utf8_unicode_ci DEFAULT NULL,
  `shippingMethod` varchar(255) COLLATE utf8_unicode_ci DEFAULT NULL,
  `dateCreated` datetime NOT NULL,
  `dateUpdated` datetime NOT NULL,
  `uid` char(36) COLLATE utf8_unicode_ci NOT NULL DEFAULT '0',
  PRIMARY KEY (`id`),
  KEY `craft_commerce_orders_number_idx` (`number`),
  KEY `craft_commerce_orders_billingAddressId_fk` (`billingAddressId`),
  KEY `craft_commerce_orders_shippingAddressId_fk` (`shippingAddressId`),
  KEY `craft_commerce_orders_paymentMethodId_fk` (`paymentMethodId`),
  KEY `craft_commerce_orders_customerId_fk` (`customerId`),
  KEY `craft_commerce_orders_orderStatusId_fk` (`orderStatusId`)
) ENGINE=InnoDB DEFAULT CHARSET=utf8 COLLATE=utf8_unicode_ci;

--
-- Data for table `craft_commerce_orders`
--

INSERT INTO `craft_commerce_orders` (`billingAddressId`, `shippingAddressId`, `paymentMethodId`, `customerId`, `id`, `orderStatusId`, `number`, `couponCode`, `itemTotal`, `baseDiscount`, `baseShippingCost`, `totalPrice`, `totalPaid`, `email`, `isCompleted`, `dateOrdered`, `datePaid`, `currency`, `lastIp`, `message`, `returnUrl`, `cancelUrl`, `shippingMethod`, `dateCreated`, `dateUpdated`, `uid`) VALUES
 ('60', '61', '15', '1', '100087', '3', '2099b9d14b757c499eb7ea0e152a3369', NULL, '181.0000', '0.0000', '0.0000', '181.0000', '181.0000', 'mb@18digital.dk', '1', '2016-07-07 10:06:18', '2016-07-07 10:06:18', 'DKK', NULL, NULL, '/commerce/customer/order?number=2099b9d14b757c499eb7ea0e152a3369', '/commerce/checkout/payment', NULL, '2016-07-07 10:05:54', '2016-08-08 07:38:18', '5e790ddc-0122-4ac0-8a7e-4dafa4ffa58b'),
 ('62', '63', '15', '1', '100089', '3', 'fd63448a4f1ca2a7429c150d3ebf7ad8', NULL, '181.0000', '0.0000', '0.0000', '181.0000', '181.0000', 'mb@18digital.dk', '1', '2016-07-07 10:07:16', '2016-07-07 10:07:16', 'DKK', NULL, NULL, '/commerce/customer/order?number=fd63448a4f1ca2a7429c150d3ebf7ad8', '/commerce/checkout/payment', NULL, '2016-07-07 10:06:27', '2016-08-08 07:38:18', '0eb71214-6167-460c-be0a-5901eea6ab84'),
 ('64', '65', '15', '1', '100091', '3', 'e8c5f0f6d66ca9fffe6ccd21e39e6a03', NULL, '181.0000', '0.0000', '0.0000', '181.0000', '181.0000', 'mb@18digital.dk', '1', '2016-07-07 10:08:35', '2016-07-07 10:08:35', 'DKK', NULL, NULL, '/commerce/customer/order?number=e8c5f0f6d66ca9fffe6ccd21e39e6a03', '/commerce/checkout/payment', NULL, '2016-07-07 10:07:51', '2016-08-08 07:38:18', 'fdcaee3e-6ea7-40c7-9d73-8053876f3b3e'),
 ('1', '1', '15', '1', '100093', NULL, '3a27ecc97b69109674e1f8901190882b', NULL, '0.0000', '0.0000', '0.0000', '0.0000', '0.0000', 'mb@18digital.dk', '0', NULL, NULL, 'DKK', NULL, NULL, '/commerce/customer/order?number=3a27ecc97b69109674e1f8901190882b', '/commerce/checkout/payment', NULL, '2016-07-16 09:59:42', '2016-07-20 10:49:50', '6c2f273f-445a-42ff-b9da-edadaa15f54f');



DROP TABLE IF EXISTS `craft_commerce_ordersettings`;


--
-- Schema for table `craft_commerce_ordersettings`
--
CREATE TABLE `craft_commerce_ordersettings` (
  `id` int(11) NOT NULL AUTO_INCREMENT,
  `fieldLayoutId` int(11) DEFAULT NULL,
  `name` varchar(255) COLLATE utf8_unicode_ci NOT NULL,
  `handle` varchar(255) COLLATE utf8_unicode_ci NOT NULL,
  `dateCreated` datetime NOT NULL,
  `dateUpdated` datetime NOT NULL,
  `uid` char(36) COLLATE utf8_unicode_ci NOT NULL DEFAULT '0',
  PRIMARY KEY (`id`),
  UNIQUE KEY `craft_commerce_ordersettings_handle_unq_idx` (`handle`),
  KEY `craft_commerce_ordersettings_fieldLayoutId_fk` (`fieldLayoutId`)
) ENGINE=InnoDB AUTO_INCREMENT=2 DEFAULT CHARSET=utf8 COLLATE=utf8_unicode_ci;

--
-- Data for table `craft_commerce_ordersettings`
--

INSERT INTO `craft_commerce_ordersettings` (`id`, `fieldLayoutId`, `name`, `handle`, `dateCreated`, `dateUpdated`, `uid`) VALUES
 ('1', '110', 'Order', 'order', '2016-05-24 09:30:02', '2016-07-05 19:39:02', '1a4ad849-ea64-4765-86c4-932ee1e8d9e8');



DROP TABLE IF EXISTS `craft_commerce_orderstatus_emails`;


--
-- Schema for table `craft_commerce_orderstatus_emails`
--
CREATE TABLE `craft_commerce_orderstatus_emails` (
  `id` int(11) NOT NULL AUTO_INCREMENT,
  `orderStatusId` int(11) NOT NULL,
  `emailId` int(11) NOT NULL,
  `dateCreated` datetime NOT NULL,
  `dateUpdated` datetime NOT NULL,
  `uid` char(36) COLLATE utf8_unicode_ci NOT NULL DEFAULT '0',
  PRIMARY KEY (`id`),
  KEY `craft_commerce_orderstatus_emails_orderStatusId_fk` (`orderStatusId`),
  KEY `craft_commerce_orderstatus_emails_emailId_fk` (`emailId`)
) ENGINE=InnoDB AUTO_INCREMENT=3 DEFAULT CHARSET=utf8 COLLATE=utf8_unicode_ci;

--
-- Data for table `craft_commerce_orderstatus_emails`
--

INSERT INTO `craft_commerce_orderstatus_emails` (`id`, `orderStatusId`, `emailId`, `dateCreated`, `dateUpdated`, `uid`) VALUES
 ('2', '2', '1', '2016-05-24 21:00:00', '2016-05-24 21:00:00', '7e30e6e7-8529-4e2f-975c-391e5a68a26b');



DROP TABLE IF EXISTS `craft_commerce_orderstatuses`;


--
-- Schema for table `craft_commerce_orderstatuses`
--
CREATE TABLE `craft_commerce_orderstatuses` (
  `id` int(11) NOT NULL AUTO_INCREMENT,
  `name` varchar(255) COLLATE utf8_unicode_ci NOT NULL,
  `handle` varchar(255) COLLATE utf8_unicode_ci NOT NULL,
  `color` enum('green','orange','red','blue','yellow','pink','purple','turquoise','light','grey','black') COLLATE utf8_unicode_ci NOT NULL DEFAULT 'green',
  `sortOrder` int(10) DEFAULT NULL,
  `default` tinyint(1) unsigned NOT NULL DEFAULT '0',
  `dateCreated` datetime NOT NULL,
  `dateUpdated` datetime NOT NULL,
  `uid` char(36) COLLATE utf8_unicode_ci NOT NULL DEFAULT '0',
  PRIMARY KEY (`id`)
) ENGINE=InnoDB AUTO_INCREMENT=4 DEFAULT CHARSET=utf8 COLLATE=utf8_unicode_ci;

--
-- Data for table `craft_commerce_orderstatuses`
--

INSERT INTO `craft_commerce_orderstatuses` (`id`, `name`, `handle`, `color`, `sortOrder`, `default`, `dateCreated`, `dateUpdated`, `uid`) VALUES
 ('1', 'Processing', 'processing', 'green', '2', '0', '2016-05-24 09:30:02', '2016-05-24 20:57:40', '1075b6f1-33db-4295-a70d-ef8042ddb808'),
 ('2', 'Shipped', 'shipped', 'blue', '1', '1', '2016-05-24 09:30:02', '2016-05-24 21:00:00', 'c13ade3d-2f6b-4fab-8979-15563ecffaf0'),
 ('3', 'Navision', 'navision', 'turquoise', '999', '0', '2016-06-28 08:56:39', '2016-06-28 08:56:39', '15ce5e40-9d4b-4215-af20-3b647aae50f5');



DROP TABLE IF EXISTS `craft_commerce_paymentmethods`;


--
-- Schema for table `craft_commerce_paymentmethods`
--
CREATE TABLE `craft_commerce_paymentmethods` (
  `id` int(11) NOT NULL AUTO_INCREMENT,
  `class` varchar(255) COLLATE utf8_unicode_ci NOT NULL,
  `name` varchar(255) COLLATE utf8_unicode_ci NOT NULL,
  `settings` text COLLATE utf8_unicode_ci,
  `paymentType` enum('authorize','purchase') COLLATE utf8_unicode_ci NOT NULL DEFAULT 'purchase',
  `frontendEnabled` tinyint(1) unsigned NOT NULL DEFAULT '0',
  `isArchived` tinyint(1) unsigned NOT NULL DEFAULT '0',
  `dateArchived` datetime DEFAULT NULL,
  `sortOrder` int(10) DEFAULT NULL,
  `dateCreated` datetime NOT NULL,
  `dateUpdated` datetime NOT NULL,
  `uid` char(36) COLLATE utf8_unicode_ci NOT NULL DEFAULT '0',
  PRIMARY KEY (`id`),
  UNIQUE KEY `craft_commerce_paymentmethods_name_unq_idx` (`name`)
) ENGINE=InnoDB AUTO_INCREMENT=16 DEFAULT CHARSET=utf8 COLLATE=utf8_unicode_ci;

--
-- Data for table `craft_commerce_paymentmethods`
--

INSERT INTO `craft_commerce_paymentmethods` (`id`, `class`, `name`, `settings`, `paymentType`, `frontendEnabled`, `isArchived`, `dateArchived`, `sortOrder`, `dateCreated`, `dateUpdated`, `uid`) VALUES
 ('15', 'Epay', 'Epay.dk', '{\"merchantnumber\":\"8024755\",\"secret\":\"\",\"language\":\"1\",\"ownreceipt\":\"1\",\"paymentcollection\":\"\",\"lockpaymentcollection\":\"\",\"windowstate\":\"3\",\"mobile\":\"1\",\"ordertext\":\"\",\"group\":\"\",\"description\":\"\",\"googletracker\":\"\",\"timeout\":\"\"}', 'purchase', '1', '0', NULL, NULL, '2016-06-21 06:01:32', '2016-07-06 12:21:07', 'ce84c422-5273-439c-a006-0c9b8b3f7ee6');



DROP TABLE IF EXISTS `craft_commerce_products`;


--
-- Schema for table `craft_commerce_products`
--
CREATE TABLE `craft_commerce_products` (
  `id` int(11) NOT NULL,
  `typeId` int(11) DEFAULT NULL,
  `taxCategoryId` int(11) NOT NULL,
  `postDate` datetime DEFAULT NULL,
  `expiryDate` datetime DEFAULT NULL,
  `promotable` tinyint(1) unsigned NOT NULL DEFAULT '0',
  `freeShipping` tinyint(1) unsigned NOT NULL DEFAULT '0',
  `defaultVariantId` int(10) DEFAULT NULL,
  `defaultSku` varchar(255) COLLATE utf8_unicode_ci DEFAULT NULL,
  `defaultPrice` decimal(14,4) DEFAULT NULL,
  `defaultHeight` decimal(14,4) DEFAULT NULL,
  `defaultLength` decimal(14,4) DEFAULT NULL,
  `defaultWidth` decimal(14,4) DEFAULT NULL,
  `defaultWeight` decimal(14,4) DEFAULT NULL,
  `dateCreated` datetime NOT NULL,
  `dateUpdated` datetime NOT NULL,
  `uid` char(36) COLLATE utf8_unicode_ci NOT NULL DEFAULT '0',
  PRIMARY KEY (`id`),
  KEY `craft_commerce_products_typeId_idx` (`typeId`),
  KEY `craft_commerce_products_postDate_idx` (`postDate`),
  KEY `craft_commerce_products_expiryDate_idx` (`expiryDate`),
  KEY `craft_commerce_products_taxCategoryId_fk` (`taxCategoryId`)
) ENGINE=InnoDB DEFAULT CHARSET=utf8 COLLATE=utf8_unicode_ci;

DROP TABLE IF EXISTS `craft_commerce_producttypes`;


--
-- Schema for table `craft_commerce_producttypes`
--
CREATE TABLE `craft_commerce_producttypes` (
  `id` int(11) NOT NULL AUTO_INCREMENT,
  `fieldLayoutId` int(11) DEFAULT NULL,
  `variantFieldLayoutId` int(11) DEFAULT NULL,
  `name` varchar(255) COLLATE utf8_unicode_ci NOT NULL,
  `handle` varchar(255) COLLATE utf8_unicode_ci NOT NULL,
  `hasUrls` tinyint(1) unsigned NOT NULL DEFAULT '0',
  `hasDimensions` tinyint(1) unsigned NOT NULL DEFAULT '0',
  `hasVariants` tinyint(1) unsigned NOT NULL DEFAULT '0',
  `hasVariantTitleField` tinyint(1) unsigned NOT NULL DEFAULT '1',
  `titleFormat` varchar(255) COLLATE utf8_unicode_ci NOT NULL,
  `skuFormat` varchar(255) COLLATE utf8_unicode_ci DEFAULT NULL,
  `template` varchar(500) COLLATE utf8_unicode_ci DEFAULT NULL,
  `dateCreated` datetime NOT NULL,
  `dateUpdated` datetime NOT NULL,
  `uid` char(36) COLLATE utf8_unicode_ci NOT NULL DEFAULT '0',
  PRIMARY KEY (`id`),
  UNIQUE KEY `craft_commerce_producttypes_handle_unq_idx` (`handle`),
  KEY `craft_commerce_producttypes_fieldLayoutId_fk` (`fieldLayoutId`),
  KEY `craft_commerce_producttypes_variantFieldLayoutId_fk` (`variantFieldLayoutId`)
) ENGINE=InnoDB AUTO_INCREMENT=2 DEFAULT CHARSET=utf8 COLLATE=utf8_unicode_ci;

--
-- Data for table `craft_commerce_producttypes`
--

INSERT INTO `craft_commerce_producttypes` (`id`, `fieldLayoutId`, `variantFieldLayoutId`, `name`, `handle`, `hasUrls`, `hasDimensions`, `hasVariants`, `hasVariantTitleField`, `titleFormat`, `skuFormat`, `template`, `dateCreated`, `dateUpdated`, `uid`) VALUES
 ('1', '47', '48', 'Forsikring', 'insurrence', '1', '0', '0', '0', '{product.title}', '', 'commerce/products/_product', '2016-05-24 09:30:02', '2016-05-26 12:03:51', 'fb78fba2-78c4-47a0-94b6-8699ca5ebf42');



DROP TABLE IF EXISTS `craft_commerce_producttypes_i18n`;


--
-- Schema for table `craft_commerce_producttypes_i18n`
--
CREATE TABLE `craft_commerce_producttypes_i18n` (
  `id` int(11) NOT NULL AUTO_INCREMENT,
  `productTypeId` int(11) NOT NULL,
  `locale` char(12) COLLATE utf8_unicode_ci NOT NULL,
  `urlFormat` text COLLATE utf8_unicode_ci,
  `dateCreated` datetime NOT NULL,
  `dateUpdated` datetime NOT NULL,
  `uid` char(36) COLLATE utf8_unicode_ci NOT NULL DEFAULT '0',
  PRIMARY KEY (`id`),
  UNIQUE KEY `craft_commerce_producttypes_i18n_productTypeId_locale_unq_idx` (`productTypeId`,`locale`),
  KEY `craft_commerce_producttypes_i18n_locale_fk` (`locale`)
) ENGINE=InnoDB AUTO_INCREMENT=2 DEFAULT CHARSET=utf8 COLLATE=utf8_unicode_ci;

--
-- Data for table `craft_commerce_producttypes_i18n`
--

INSERT INTO `craft_commerce_producttypes_i18n` (`id`, `productTypeId`, `locale`, `urlFormat`, `dateCreated`, `dateUpdated`, `uid`) VALUES
 ('1', '1', 'da', 'commerce/products/{slug}', '2016-05-24 09:30:02', '2016-05-24 09:30:02', '0fe2febe-5a93-4bdc-b764-36d7cc647a97');



DROP TABLE IF EXISTS `craft_commerce_purchasables`;


--
-- Schema for table `craft_commerce_purchasables`
--
CREATE TABLE `craft_commerce_purchasables` (
  `id` int(11) NOT NULL,
  `sku` varchar(255) COLLATE utf8_unicode_ci NOT NULL,
  `price` decimal(14,4) NOT NULL,
  `dateCreated` datetime NOT NULL,
  `dateUpdated` datetime NOT NULL,
  `uid` char(36) COLLATE utf8_unicode_ci NOT NULL DEFAULT '0',
  PRIMARY KEY (`id`),
  UNIQUE KEY `craft_commerce_purchasables_sku_unq_idx` (`sku`)
) ENGINE=InnoDB DEFAULT CHARSET=utf8 COLLATE=utf8_unicode_ci;

--
-- Data for table `craft_commerce_purchasables`
--

INSERT INTO `craft_commerce_purchasables` (`id`, `sku`, `price`, `dateCreated`, `dateUpdated`, `uid`) VALUES
 ('281', 'el', '99.0000', '2016-07-01 11:22:52', '2016-07-20 09:21:10', '8bbe2654-a465-4af5-882d-16c8280d31bc');



DROP TABLE IF EXISTS `craft_commerce_sale_products`;


--
-- Schema for table `craft_commerce_sale_products`
--
CREATE TABLE `craft_commerce_sale_products` (
  `id` int(11) NOT NULL AUTO_INCREMENT,
  `saleId` int(10) NOT NULL,
  `productId` int(10) NOT NULL,
  `dateCreated` datetime NOT NULL,
  `dateUpdated` datetime NOT NULL,
  `uid` char(36) COLLATE utf8_unicode_ci NOT NULL DEFAULT '0',
  PRIMARY KEY (`id`),
  UNIQUE KEY `craft_commerce_sale_products_saleId_productId_unq_idx` (`saleId`,`productId`),
  KEY `craft_commerce_sale_products_productId_fk` (`productId`)
) ENGINE=InnoDB DEFAULT CHARSET=utf8 COLLATE=utf8_unicode_ci;

DROP TABLE IF EXISTS `craft_commerce_sale_producttypes`;


--
-- Schema for table `craft_commerce_sale_producttypes`
--
CREATE TABLE `craft_commerce_sale_producttypes` (
  `id` int(11) NOT NULL AUTO_INCREMENT,
  `saleId` int(10) NOT NULL,
  `productTypeId` int(10) NOT NULL,
  `dateCreated` datetime NOT NULL,
  `dateUpdated` datetime NOT NULL,
  `uid` char(36) COLLATE utf8_unicode_ci NOT NULL DEFAULT '0',
  PRIMARY KEY (`id`),
  UNIQUE KEY `craft_commerce_sale_producttypes_saleId_productTypeId_unq_idx` (`saleId`,`productTypeId`),
  KEY `craft_commerce_sale_producttypes_productTypeId_fk` (`productTypeId`)
) ENGINE=InnoDB DEFAULT CHARSET=utf8 COLLATE=utf8_unicode_ci;

DROP TABLE IF EXISTS `craft_commerce_sale_usergroups`;


--
-- Schema for table `craft_commerce_sale_usergroups`
--
CREATE TABLE `craft_commerce_sale_usergroups` (
  `id` int(11) NOT NULL AUTO_INCREMENT,
  `saleId` int(10) NOT NULL,
  `userGroupId` int(10) NOT NULL,
  `dateCreated` datetime NOT NULL,
  `dateUpdated` datetime NOT NULL,
  `uid` char(36) COLLATE utf8_unicode_ci NOT NULL DEFAULT '0',
  PRIMARY KEY (`id`),
  UNIQUE KEY `craft_commerce_sale_usergroups_saleId_userGroupId_unq_idx` (`saleId`,`userGroupId`),
  KEY `craft_commerce_sale_usergroups_userGroupId_fk` (`userGroupId`)
) ENGINE=InnoDB DEFAULT CHARSET=utf8 COLLATE=utf8_unicode_ci;

DROP TABLE IF EXISTS `craft_commerce_sales`;


--
-- Schema for table `craft_commerce_sales`
--
CREATE TABLE `craft_commerce_sales` (
  `id` int(11) NOT NULL AUTO_INCREMENT,
  `name` varchar(255) COLLATE utf8_unicode_ci NOT NULL,
  `description` text COLLATE utf8_unicode_ci,
  `dateFrom` datetime DEFAULT NULL,
  `dateTo` datetime DEFAULT NULL,
  `discountType` enum('percent','flat') COLLATE utf8_unicode_ci NOT NULL,
  `discountAmount` decimal(14,4) NOT NULL,
  `allGroups` tinyint(1) unsigned NOT NULL DEFAULT '0',
  `allProducts` tinyint(1) unsigned NOT NULL DEFAULT '0',
  `allProductTypes` tinyint(1) unsigned NOT NULL DEFAULT '0',
  `enabled` tinyint(1) unsigned NOT NULL DEFAULT '1',
  `dateCreated` datetime NOT NULL,
  `dateUpdated` datetime NOT NULL,
  `uid` char(36) COLLATE utf8_unicode_ci NOT NULL DEFAULT '0',
  PRIMARY KEY (`id`)
) ENGINE=InnoDB DEFAULT CHARSET=utf8 COLLATE=utf8_unicode_ci;

DROP TABLE IF EXISTS `craft_commerce_shippingmethods`;


--
-- Schema for table `craft_commerce_shippingmethods`
--
CREATE TABLE `craft_commerce_shippingmethods` (
  `id` int(11) NOT NULL AUTO_INCREMENT,
  `name` varchar(255) COLLATE utf8_unicode_ci NOT NULL,
  `handle` varchar(255) COLLATE utf8_unicode_ci NOT NULL,
  `enabled` tinyint(1) unsigned NOT NULL DEFAULT '1',
  `dateCreated` datetime NOT NULL,
  `dateUpdated` datetime NOT NULL,
  `uid` char(36) COLLATE utf8_unicode_ci NOT NULL DEFAULT '0',
  PRIMARY KEY (`id`),
  UNIQUE KEY `craft_commerce_shippingmethods_name_unq_idx` (`name`)
) ENGINE=InnoDB AUTO_INCREMENT=2 DEFAULT CHARSET=utf8 COLLATE=utf8_unicode_ci;

--
-- Data for table `craft_commerce_shippingmethods`
--

INSERT INTO `craft_commerce_shippingmethods` (`id`, `name`, `handle`, `enabled`, `dateCreated`, `dateUpdated`, `uid`) VALUES
 ('1', 'post', 'post', '1', '2016-07-04 16:15:41', '2016-07-04 16:16:07', '16a7b8f0-d1d9-42ec-aed0-d1e738745807');



DROP TABLE IF EXISTS `craft_commerce_shippingrules`;


--
-- Schema for table `craft_commerce_shippingrules`
--
CREATE TABLE `craft_commerce_shippingrules` (
  `id` int(11) NOT NULL AUTO_INCREMENT,
  `shippingZoneId` int(11) DEFAULT NULL,
  `name` varchar(255) COLLATE utf8_unicode_ci NOT NULL,
  `description` varchar(255) COLLATE utf8_unicode_ci DEFAULT NULL,
  `methodId` int(10) NOT NULL,
  `priority` int(10) NOT NULL DEFAULT '0',
  `enabled` tinyint(1) unsigned NOT NULL DEFAULT '1',
  `minQty` int(10) NOT NULL DEFAULT '0',
  `maxQty` int(10) NOT NULL DEFAULT '0',
  `minTotal` decimal(14,4) NOT NULL DEFAULT '0.0000',
  `maxTotal` decimal(14,4) NOT NULL DEFAULT '0.0000',
  `minWeight` decimal(14,4) NOT NULL DEFAULT '0.0000',
  `maxWeight` decimal(14,4) NOT NULL DEFAULT '0.0000',
  `baseRate` decimal(14,4) NOT NULL DEFAULT '0.0000',
  `perItemRate` decimal(14,4) NOT NULL DEFAULT '0.0000',
  `weightRate` decimal(14,4) NOT NULL DEFAULT '0.0000',
  `percentageRate` decimal(14,4) NOT NULL DEFAULT '0.0000',
  `minRate` decimal(14,4) NOT NULL DEFAULT '0.0000',
  `maxRate` decimal(14,4) NOT NULL DEFAULT '0.0000',
  `dateCreated` datetime NOT NULL,
  `dateUpdated` datetime NOT NULL,
  `uid` char(36) COLLATE utf8_unicode_ci NOT NULL DEFAULT '0',
  PRIMARY KEY (`id`),
  UNIQUE KEY `craft_commerce_shippingrules_name_unq_idx` (`name`),
  KEY `craft_commerce_shippingrules_methodId_idx` (`methodId`),
  KEY `craft_commerce_shippingrules_shippingZoneId_fk` (`shippingZoneId`)
) ENGINE=InnoDB AUTO_INCREMENT=2 DEFAULT CHARSET=utf8 COLLATE=utf8_unicode_ci;

--
-- Data for table `craft_commerce_shippingrules`
--

INSERT INTO `craft_commerce_shippingrules` (`id`, `shippingZoneId`, `name`, `description`, `methodId`, `priority`, `enabled`, `minQty`, `maxQty`, `minTotal`, `maxTotal`, `minWeight`, `maxWeight`, `baseRate`, `perItemRate`, `weightRate`, `percentageRate`, `minRate`, `maxRate`, `dateCreated`, `dateUpdated`, `uid`) VALUES
 ('1', '1', 'ship', '', '1', '1', '1', '0', '0', '0.0000', '0.0000', '0.0000', '0.0000', '100.0000', '0.0000', '0.0000', '0.0000', '0.0000', '0.0000', '2016-07-04 16:16:01', '2016-07-04 16:16:01', '0d6773ca-0b46-432f-8b03-a3894184eae8');



DROP TABLE IF EXISTS `craft_commerce_shippingzone_countries`;


--
-- Schema for table `craft_commerce_shippingzone_countries`
--
CREATE TABLE `craft_commerce_shippingzone_countries` (
  `id` int(11) NOT NULL AUTO_INCREMENT,
  `shippingZoneId` int(11) NOT NULL,
  `countryId` int(11) NOT NULL,
  `dateCreated` datetime NOT NULL,
  `dateUpdated` datetime NOT NULL,
  `uid` char(36) COLLATE utf8_unicode_ci NOT NULL DEFAULT '0',
  PRIMARY KEY (`id`),
  UNIQUE KEY `craft_commerc_shippingzon_countrie_shippingZoneI_countryI_unq_id` (`shippingZoneId`,`countryId`),
  KEY `craft_commerce_shippingzone_countries_shippingZoneId_idx` (`shippingZoneId`),
  KEY `craft_commerce_shippingzone_countries_countryId_idx` (`countryId`)
) ENGINE=InnoDB AUTO_INCREMENT=2 DEFAULT CHARSET=utf8 COLLATE=utf8_unicode_ci;

--
-- Data for table `craft_commerce_shippingzone_countries`
--

INSERT INTO `craft_commerce_shippingzone_countries` (`id`, `shippingZoneId`, `countryId`, `dateCreated`, `dateUpdated`, `uid`) VALUES
 ('1', '1', '59', '2016-07-04 16:15:28', '2016-07-04 16:15:28', 'e41c46c4-8256-4992-9250-ff818dd5e15d');



DROP TABLE IF EXISTS `craft_commerce_shippingzone_states`;


--
-- Schema for table `craft_commerce_shippingzone_states`
--
CREATE TABLE `craft_commerce_shippingzone_states` (
  `id` int(11) NOT NULL AUTO_INCREMENT,
  `shippingZoneId` int(11) NOT NULL,
  `stateId` int(11) NOT NULL,
  `dateCreated` datetime NOT NULL,
  `dateUpdated` datetime NOT NULL,
  `uid` char(36) COLLATE utf8_unicode_ci NOT NULL DEFAULT '0',
  PRIMARY KEY (`id`),
  UNIQUE KEY `craft_commerce_shippingzone_states_shippingZoneId_stateId_unq_id` (`shippingZoneId`,`stateId`),
  KEY `craft_commerce_shippingzone_states_shippingZoneId_idx` (`shippingZoneId`),
  KEY `craft_commerce_shippingzone_states_stateId_idx` (`stateId`)
) ENGINE=InnoDB DEFAULT CHARSET=utf8 COLLATE=utf8_unicode_ci;

DROP TABLE IF EXISTS `craft_commerce_shippingzones`;


--
-- Schema for table `craft_commerce_shippingzones`
--
CREATE TABLE `craft_commerce_shippingzones` (
  `id` int(11) NOT NULL AUTO_INCREMENT,
  `name` varchar(255) COLLATE utf8_unicode_ci NOT NULL,
  `description` varchar(255) COLLATE utf8_unicode_ci DEFAULT NULL,
  `countryBased` tinyint(1) unsigned NOT NULL DEFAULT '1',
  `dateCreated` datetime NOT NULL,
  `dateUpdated` datetime NOT NULL,
  `uid` char(36) COLLATE utf8_unicode_ci NOT NULL DEFAULT '0',
  PRIMARY KEY (`id`),
  UNIQUE KEY `craft_commerce_shippingzones_name_unq_idx` (`name`)
) ENGINE=InnoDB AUTO_INCREMENT=2 DEFAULT CHARSET=utf8 COLLATE=utf8_unicode_ci;

--
-- Data for table `craft_commerce_shippingzones`
--

INSERT INTO `craft_commerce_shippingzones` (`id`, `name`, `description`, `countryBased`, `dateCreated`, `dateUpdated`, `uid`) VALUES
 ('1', 'Shipping', '', '1', '2016-07-04 16:15:28', '2016-07-04 16:15:28', 'b356bd39-9478-466c-8d81-2e3351991d01');



DROP TABLE IF EXISTS `craft_commerce_states`;


--
-- Schema for table `craft_commerce_states`
--
CREATE TABLE `craft_commerce_states` (
  `id` int(11) NOT NULL AUTO_INCREMENT,
  `name` varchar(255) COLLATE utf8_unicode_ci NOT NULL,
  `abbreviation` varchar(255) COLLATE utf8_unicode_ci DEFAULT NULL,
  `countryId` int(10) NOT NULL,
  `dateCreated` datetime NOT NULL,
  `dateUpdated` datetime NOT NULL,
  `uid` char(36) COLLATE utf8_unicode_ci NOT NULL DEFAULT '0',
  PRIMARY KEY (`id`),
  UNIQUE KEY `craft_commerce_states_name_countryId_unq_idx` (`name`,`countryId`),
  KEY `craft_commerce_states_countryId_fk` (`countryId`)
) ENGINE=InnoDB AUTO_INCREMENT=73 DEFAULT CHARSET=utf8 COLLATE=utf8_unicode_ci;

--
-- Data for table `craft_commerce_states`
--

INSERT INTO `craft_commerce_states` (`id`, `name`, `abbreviation`, `countryId`, `dateCreated`, `dateUpdated`, `uid`) VALUES
 ('1', 'Australian Capital Territory', 'ACT', '13', '2016-05-24 09:30:02', '2016-05-24 09:30:02', 'db23463f-4984-460a-b939-f880b9cb5409'),
 ('2', 'New South Wales', 'NSW', '13', '2016-05-24 09:30:02', '2016-05-24 09:30:02', 'e04ff0d0-0a68-4a26-a9da-661eb20a7099'),
 ('3', 'Northern Territory', 'NT', '13', '2016-05-24 09:30:02', '2016-05-24 09:30:02', 'cca43d5f-80b5-4d36-b366-3130821792fc'),
 ('4', 'Queensland', 'QLD', '13', '2016-05-24 09:30:02', '2016-05-24 09:30:02', '0c121b9a-7ee5-46e3-a6f7-c39ea854f7d8'),
 ('5', 'South Australia', 'SA', '13', '2016-05-24 09:30:02', '2016-05-24 09:30:02', 'b869b909-cd70-43ee-a53b-8e83651330f4'),
 ('6', 'Tasmania', 'TAS', '13', '2016-05-24 09:30:02', '2016-05-24 09:30:02', '52a8f24b-ec88-4eb0-8df0-d3227dc97726'),
 ('7', 'Victoria', 'VIC', '13', '2016-05-24 09:30:02', '2016-05-24 09:30:02', 'c4b79271-1f42-4711-a930-9596da0d12af'),
 ('8', 'Western Australia', 'WA', '13', '2016-05-24 09:30:02', '2016-05-24 09:30:02', 'c199f12b-7ce4-4af8-b1c2-0b1951a6dde0'),
 ('9', 'Alberta', 'AB', '38', '2016-05-24 09:30:02', '2016-05-24 09:30:02', '91cea220-9611-4d47-bc90-b83aedb6f624'),
 ('10', 'British Columbia', 'BC', '38', '2016-05-24 09:30:02', '2016-05-24 09:30:02', '1d064cd0-0beb-452b-9b11-5e571df9bd40'),
 ('11', 'Manitoba', 'MB', '38', '2016-05-24 09:30:02', '2016-05-24 09:30:02', '66c8679a-646f-4484-9fc3-996f9f559a1f'),
 ('12', 'New Brunswick', 'NB', '38', '2016-05-24 09:30:02', '2016-05-24 09:30:02', '2f813dcd-a43f-4ede-9f8c-1b46fe50ed49'),
 ('13', 'Newfoundland and Labrador', 'NL', '38', '2016-05-24 09:30:02', '2016-05-24 09:30:02', '26a18653-1ce7-41e8-9bb3-b7d8b1b8f634'),
 ('14', 'Northwest Territories', 'NT', '38', '2016-05-24 09:30:02', '2016-05-24 09:30:02', 'c31c7662-7a94-467d-9611-d8bff9b32922'),
 ('15', 'Nova Scotia', 'NS', '38', '2016-05-24 09:30:02', '2016-05-24 09:30:02', 'c2432c09-278d-4e4b-8dd6-b7c0fc34127a'),
 ('16', 'Nunavut', 'NU', '38', '2016-05-24 09:30:02', '2016-05-24 09:30:02', 'b8f32f33-1658-4d15-b1bf-19bf88650ab4'),
 ('17', 'Ontario', 'ON', '38', '2016-05-24 09:30:02', '2016-05-24 09:30:02', '64702b9a-ea02-430b-bd03-dd6d35559faf'),
 ('18', 'Prince Edward Island', 'PE', '38', '2016-05-24 09:30:02', '2016-05-24 09:30:02', '0f66f47b-75a3-4b8a-8fa6-da6aa42eefcc'),
 ('19', 'Quebec', 'QC', '38', '2016-05-24 09:30:02', '2016-05-24 09:30:02', '3290e91e-66c8-4ae3-b4bd-4de9bccf0256'),
 ('20', 'Saskatchewan', 'SK', '38', '2016-05-24 09:30:02', '2016-05-24 09:30:02', 'b7557c03-b634-4765-adef-b4fbbe9157eb'),
 ('21', 'Yukon', 'YT', '38', '2016-05-24 09:30:02', '2016-05-24 09:30:02', '76f1b6a5-6166-4dc0-bf38-7e17018914d3'),
 ('22', 'Alabama', 'AL', '233', '2016-05-24 09:30:02', '2016-05-24 09:30:02', '9948f8c8-8cac-4264-8562-447a18fa9125'),
 ('23', 'Alaska', 'AK', '233', '2016-05-24 09:30:02', '2016-05-24 09:30:02', '4c94f570-f45b-4657-9250-d9294e1ea84e'),
 ('24', 'Arizona', 'AZ', '233', '2016-05-24 09:30:02', '2016-05-24 09:30:02', 'b740d8f8-a762-495f-ae15-e875cf569d45'),
 ('25', 'Arkansas', 'AR', '233', '2016-05-24 09:30:02', '2016-05-24 09:30:02', '1d1ce977-0676-4ac7-95d8-d01cb6af41a1'),
 ('26', 'California', 'CA', '233', '2016-05-24 09:30:02', '2016-05-24 09:30:02', '79d36b29-46f0-4783-8b17-7cead51b0fc6'),
 ('27', 'Colorado', 'CO', '233', '2016-05-24 09:30:02', '2016-05-24 09:30:02', '77dd6c58-b8a8-4040-ba04-7590b2670a8b'),
 ('28', 'Connecticut', 'CT', '233', '2016-05-24 09:30:02', '2016-05-24 09:30:02', 'e5fe4b39-927f-40c7-94f9-cda5d9322c90'),
 ('29', 'Delaware', 'DE', '233', '2016-05-24 09:30:02', '2016-05-24 09:30:02', '0205227a-33a0-4d1e-a884-76b86762e9cf'),
 ('30', 'District of Columbia', 'DC', '233', '2016-05-24 09:30:02', '2016-05-24 09:30:02', 'b58e042f-d6d2-45cb-8f87-49aa6f1ac819'),
 ('31', 'Florida', 'FL', '233', '2016-05-24 09:30:02', '2016-05-24 09:30:02', 'ea7311fc-9a74-47d5-b895-28808cbf590e'),
 ('32', 'Georgia', 'GA', '233', '2016-05-24 09:30:02', '2016-05-24 09:30:02', '491e7f8d-0914-4cfe-9ab2-95d0f42fdfb7'),
 ('33', 'Hawaii', 'HI', '233', '2016-05-24 09:30:02', '2016-05-24 09:30:02', '2476b2d6-836f-4c3b-a9cf-381ce83ded57'),
 ('34', 'Idaho', 'ID', '233', '2016-05-24 09:30:02', '2016-05-24 09:30:02', '45c49a67-ceb0-4042-b5be-79ff6a2e5582'),
 ('35', 'Illinois', 'IL', '233', '2016-05-24 09:30:02', '2016-05-24 09:30:02', '2235f560-c7ac-42f3-a850-9a2eeb690a45'),
 ('36', 'Indiana', 'IN', '233', '2016-05-24 09:30:02', '2016-05-24 09:30:02', '1bcca03a-b00c-4356-9526-229089b1a094'),
 ('37', 'Iowa', 'IA', '233', '2016-05-24 09:30:02', '2016-05-24 09:30:02', 'f2dd7055-dc76-4966-94d3-c3419d122ba2'),
 ('38', 'Kansas', 'KS', '233', '2016-05-24 09:30:02', '2016-05-24 09:30:02', '275696d3-88cc-43f2-a185-da346190cd8d'),
 ('39', 'Kentucky', 'KY', '233', '2016-05-24 09:30:02', '2016-05-24 09:30:02', '070d6128-1007-4bdc-b61b-a9ab3ead1730'),
 ('40', 'Louisiana', 'LA', '233', '2016-05-24 09:30:02', '2016-05-24 09:30:02', 'ff0231d4-52d2-4549-81d9-d4bc893a4ff1'),
 ('41', 'Maine', 'ME', '233', '2016-05-24 09:30:02', '2016-05-24 09:30:02', 'f823c7e0-5fac-4d8d-ad72-8529f646ef96'),
 ('42', 'Maryland', 'MD', '233', '2016-05-24 09:30:02', '2016-05-24 09:30:02', '9b9d3fad-15f2-4f2e-bfb0-d58ca0a06d26'),
 ('43', 'Massachusetts', 'MA', '233', '2016-05-24 09:30:02', '2016-05-24 09:30:02', 'c31b4b62-ef2d-42d7-b3df-a5bd4185eec6'),
 ('44', 'Michigan', 'MI', '233', '2016-05-24 09:30:02', '2016-05-24 09:30:02', 'd5feac3c-1a4e-4468-8a7f-b4a39d1bdf18'),
 ('45', 'Minnesota', 'MN', '233', '2016-05-24 09:30:02', '2016-05-24 09:30:02', 'ab6176dc-6449-4f7b-9807-aa142a4f2bbe'),
 ('46', 'Mississippi', 'MS', '233', '2016-05-24 09:30:02', '2016-05-24 09:30:02', '3eb7d4e5-c23e-4779-af53-6b180b995bb5'),
 ('47', 'Missouri', 'MO', '233', '2016-05-24 09:30:02', '2016-05-24 09:30:02', '6b001a65-d5d3-4b62-b17f-b53d3399dccd'),
 ('48', 'Montana', 'MT', '233', '2016-05-24 09:30:02', '2016-05-24 09:30:02', '3d2a385f-386a-4e81-ae86-6b6be3cdf317'),
 ('49', 'Nebraska', 'NE', '233', '2016-05-24 09:30:02', '2016-05-24 09:30:02', '674f2dbc-138e-49ef-9d47-bee2cceaea61'),
 ('50', 'Nevada', 'NV', '233', '2016-05-24 09:30:02', '2016-05-24 09:30:02', '50bf1232-bf2e-4787-b81f-006943f61f9c'),
 ('51', 'New Hampshire', 'NH', '233', '2016-05-24 09:30:02', '2016-05-24 09:30:02', 'cda64f48-3b72-4dd5-a10a-665fa0283cc3'),
 ('52', 'New Jersey', 'NJ', '233', '2016-05-24 09:30:02', '2016-05-24 09:30:02', 'd87af648-3252-4f67-ac18-43442145e0e3'),
 ('53', 'New Mexico', 'NM', '233', '2016-05-24 09:30:02', '2016-05-24 09:30:02', 'f94f94dd-e5a2-44eb-9180-fdd5f61d8040'),
 ('54', 'New York', 'NY', '233', '2016-05-24 09:30:02', '2016-05-24 09:30:02', '2df4b2da-c108-4806-b6d2-217b112d761d'),
 ('55', 'North Carolina', 'NC', '233', '2016-05-24 09:30:02', '2016-05-24 09:30:02', 'a42922e2-640f-40cd-aad1-07eb0216b883'),
 ('56', 'North Dakota', 'ND', '233', '2016-05-24 09:30:02', '2016-05-24 09:30:02', '5c68e8ac-2c1d-4a31-bc41-008306d8befb'),
 ('57', 'Ohio', 'OH', '233', '2016-05-24 09:30:02', '2016-05-24 09:30:02', '1a97ecaa-0212-429c-a9e4-1711a2a1c166'),
 ('58', 'Oklahoma', 'OK', '233', '2016-05-24 09:30:02', '2016-05-24 09:30:02', 'be042d9a-5470-4179-8a5b-8ba80e880523'),
 ('59', 'Oregon', 'OR', '233', '2016-05-24 09:30:02', '2016-05-24 09:30:02', 'e571f418-901e-4ff2-9316-1767bdd9fd89'),
 ('60', 'Pennsylvania', 'PA', '233', '2016-05-24 09:30:02', '2016-05-24 09:30:02', 'c8841aad-ee87-4928-8e4d-0d5d68307328'),
 ('61', 'Rhode Island', 'RI', '233', '2016-05-24 09:30:02', '2016-05-24 09:30:02', 'b796d766-9bfd-4655-b407-ebf333affa0a'),
 ('62', 'South Carolina', 'SC', '233', '2016-05-24 09:30:02', '2016-05-24 09:30:02', 'd6e488a4-809e-4036-a095-eff8d9ed8071'),
 ('63', 'South Dakota', 'SD', '233', '2016-05-24 09:30:02', '2016-05-24 09:30:02', 'e994f7ed-db55-42c9-be66-ba4d0811ebae'),
 ('64', 'Tennessee', 'TN', '233', '2016-05-24 09:30:02', '2016-05-24 09:30:02', 'cc073aff-cda2-42bd-bef6-e7e9cc0d9912'),
 ('65', 'Texas', 'TX', '233', '2016-05-24 09:30:02', '2016-05-24 09:30:02', '3777acee-1067-44bd-9d05-40303184dac9'),
 ('66', 'Utah', 'UT', '233', '2016-05-24 09:30:02', '2016-05-24 09:30:02', '17d86955-03ab-43fe-90cd-b27481a5368f'),
 ('67', 'Vermont', 'VT', '233', '2016-05-24 09:30:02', '2016-05-24 09:30:02', '315d031d-32a2-44a0-a59f-a874f68fbd2e'),
 ('68', 'Virginia', 'VA', '233', '2016-05-24 09:30:02', '2016-05-24 09:30:02', '61f7d9b5-a5d0-48d6-973e-d2b027490086'),
 ('69', 'Washington', 'WA', '233', '2016-05-24 09:30:02', '2016-05-24 09:30:02', 'bf186b44-9561-4a18-973b-0cd465f6ee8f'),
 ('70', 'West Virginia', 'WV', '233', '2016-05-24 09:30:02', '2016-05-24 09:30:02', '2c3f3a2b-0a95-4bd9-88f3-5a4523d38ed1'),
 ('71', 'Wisconsin', 'WI', '233', '2016-05-24 09:30:02', '2016-05-24 09:30:02', '28cec49d-a2bb-484d-9cc8-d274cb6d6e1c'),
 ('72', 'Wyoming', 'WY', '233', '2016-05-24 09:30:02', '2016-05-24 09:30:02', '6afc411c-9b81-4463-80ee-3a90351b9b3a');



DROP TABLE IF EXISTS `craft_commerce_taxcategories`;


--
-- Schema for table `craft_commerce_taxcategories`
--
CREATE TABLE `craft_commerce_taxcategories` (
  `id` int(11) NOT NULL AUTO_INCREMENT,
  `name` varchar(255) COLLATE utf8_unicode_ci NOT NULL,
  `handle` varchar(255) COLLATE utf8_unicode_ci NOT NULL,
  `description` varchar(255) COLLATE utf8_unicode_ci DEFAULT NULL,
  `default` tinyint(1) unsigned NOT NULL DEFAULT '0',
  `dateCreated` datetime NOT NULL,
  `dateUpdated` datetime NOT NULL,
  `uid` char(36) COLLATE utf8_unicode_ci NOT NULL DEFAULT '0',
  PRIMARY KEY (`id`),
  UNIQUE KEY `craft_commerce_taxcategories_handle_unq_idx` (`handle`)
) ENGINE=InnoDB AUTO_INCREMENT=4 DEFAULT CHARSET=utf8 COLLATE=utf8_unicode_ci;

--
-- Data for table `craft_commerce_taxcategories`
--

INSERT INTO `craft_commerce_taxcategories` (`id`, `name`, `handle`, `description`, `default`, `dateCreated`, `dateUpdated`, `uid`) VALUES
 ('2', 'Dansk Moms', 'danskMoms', '', '0', '2016-07-04 16:11:59', '2016-07-20 08:49:19', '552f652c-f022-4757-ba10-eae531748db7'),
 ('3', 'Moms', 'moms', '', '1', '2016-07-20 09:14:21', '2016-07-20 09:14:21', '1802d3aa-e104-4c4b-a868-f1fa2bfc97c0');



DROP TABLE IF EXISTS `craft_commerce_taxrates`;


--
-- Schema for table `craft_commerce_taxrates`
--
CREATE TABLE `craft_commerce_taxrates` (
  `id` int(11) NOT NULL AUTO_INCREMENT,
  `taxZoneId` int(11) NOT NULL,
  `taxCategoryId` int(11) NOT NULL,
  `name` varchar(255) COLLATE utf8_unicode_ci NOT NULL,
  `rate` decimal(14,4) NOT NULL,
  `include` tinyint(1) unsigned NOT NULL DEFAULT '0',
  `showInLabel` tinyint(1) unsigned NOT NULL DEFAULT '0',
  `taxable` enum('price','shipping','price_shipping') COLLATE utf8_unicode_ci NOT NULL,
  `dateCreated` datetime NOT NULL,
  `dateUpdated` datetime NOT NULL,
  `uid` char(36) COLLATE utf8_unicode_ci NOT NULL DEFAULT '0',
  PRIMARY KEY (`id`),
  KEY `craft_commerce_taxrates_taxZoneId_idx` (`taxZoneId`),
  KEY `craft_commerce_taxrates_taxCategoryId_idx` (`taxCategoryId`)
) ENGINE=InnoDB AUTO_INCREMENT=2 DEFAULT CHARSET=utf8 COLLATE=utf8_unicode_ci;

--
-- Data for table `craft_commerce_taxrates`
--

INSERT INTO `craft_commerce_taxrates` (`id`, `taxZoneId`, `taxCategoryId`, `name`, `rate`, `include`, `showInLabel`, `taxable`, `dateCreated`, `dateUpdated`, `uid`) VALUES
 ('1', '1', '2', 'moms', '0.0500', '1', '1', 'price_shipping', '2016-07-20 08:54:04', '2016-07-20 09:11:39', 'e85ded0d-9e8f-4f10-9c63-33680f6f9385');



DROP TABLE IF EXISTS `craft_commerce_taxzone_countries`;


--
-- Schema for table `craft_commerce_taxzone_countries`
--
CREATE TABLE `craft_commerce_taxzone_countries` (
  `id` int(11) NOT NULL AUTO_INCREMENT,
  `taxZoneId` int(11) NOT NULL,
  `countryId` int(11) NOT NULL,
  `dateCreated` datetime NOT NULL,
  `dateUpdated` datetime NOT NULL,
  `uid` char(36) COLLATE utf8_unicode_ci NOT NULL DEFAULT '0',
  PRIMARY KEY (`id`),
  UNIQUE KEY `craft_commerce_taxzone_countries_taxZoneId_countryId_unq_idx` (`taxZoneId`,`countryId`),
  KEY `craft_commerce_taxzone_countries_taxZoneId_idx` (`taxZoneId`),
  KEY `craft_commerce_taxzone_countries_countryId_idx` (`countryId`)
) ENGINE=InnoDB AUTO_INCREMENT=5 DEFAULT CHARSET=utf8 COLLATE=utf8_unicode_ci;

--
-- Data for table `craft_commerce_taxzone_countries`
--

INSERT INTO `craft_commerce_taxzone_countries` (`id`, `taxZoneId`, `countryId`, `dateCreated`, `dateUpdated`, `uid`) VALUES
 ('4', '1', '59', '2016-07-20 08:49:38', '2016-07-20 08:49:38', '31650b6f-10a1-4c0c-978c-446a13149cb6');



DROP TABLE IF EXISTS `craft_commerce_taxzone_states`;


--
-- Schema for table `craft_commerce_taxzone_states`
--
CREATE TABLE `craft_commerce_taxzone_states` (
  `id` int(11) NOT NULL AUTO_INCREMENT,
  `taxZoneId` int(11) NOT NULL,
  `stateId` int(11) NOT NULL,
  `dateCreated` datetime NOT NULL,
  `dateUpdated` datetime NOT NULL,
  `uid` char(36) COLLATE utf8_unicode_ci NOT NULL DEFAULT '0',
  PRIMARY KEY (`id`),
  UNIQUE KEY `craft_commerce_taxzone_states_taxZoneId_stateId_unq_idx` (`taxZoneId`,`stateId`),
  KEY `craft_commerce_taxzone_states_taxZoneId_idx` (`taxZoneId`),
  KEY `craft_commerce_taxzone_states_stateId_idx` (`stateId`)
) ENGINE=InnoDB DEFAULT CHARSET=utf8 COLLATE=utf8_unicode_ci;

DROP TABLE IF EXISTS `craft_commerce_taxzones`;


--
-- Schema for table `craft_commerce_taxzones`
--
CREATE TABLE `craft_commerce_taxzones` (
  `id` int(11) NOT NULL AUTO_INCREMENT,
  `name` varchar(255) COLLATE utf8_unicode_ci NOT NULL,
  `description` varchar(255) COLLATE utf8_unicode_ci DEFAULT NULL,
  `countryBased` tinyint(1) unsigned NOT NULL DEFAULT '1',
  `default` tinyint(1) unsigned NOT NULL DEFAULT '0',
  `dateCreated` datetime NOT NULL,
  `dateUpdated` datetime NOT NULL,
  `uid` char(36) COLLATE utf8_unicode_ci NOT NULL DEFAULT '0',
  PRIMARY KEY (`id`),
  UNIQUE KEY `craft_commerce_taxzones_name_unq_idx` (`name`)
) ENGINE=InnoDB AUTO_INCREMENT=2 DEFAULT CHARSET=utf8 COLLATE=utf8_unicode_ci;

--
-- Data for table `craft_commerce_taxzones`
--

INSERT INTO `craft_commerce_taxzones` (`id`, `name`, `description`, `countryBased`, `default`, `dateCreated`, `dateUpdated`, `uid`) VALUES
 ('1', 'moms', '', '1', '1', '2016-07-04 08:22:06', '2016-07-20 08:49:38', '60e09973-700a-4daa-92b9-c16ae23a79f0');



DROP TABLE IF EXISTS `craft_commerce_transactions`;


--
-- Schema for table `craft_commerce_transactions`
--
CREATE TABLE `craft_commerce_transactions` (
  `id` int(11) NOT NULL AUTO_INCREMENT,
  `parentId` int(11) DEFAULT NULL,
  `paymentMethodId` int(11) DEFAULT NULL,
  `userId` int(11) DEFAULT NULL,
  `hash` varchar(32) COLLATE utf8_unicode_ci DEFAULT NULL,
  `type` enum('authorize','capture','purchase','refund') COLLATE utf8_unicode_ci NOT NULL,
  `amount` decimal(17,4) DEFAULT NULL,
  `status` enum('pending','redirect','success','failed') COLLATE utf8_unicode_ci NOT NULL,
  `reference` varchar(255) COLLATE utf8_unicode_ci DEFAULT NULL,
  `message` text COLLATE utf8_unicode_ci,
  `response` text COLLATE utf8_unicode_ci,
  `orderId` int(10) NOT NULL,
  `dateCreated` datetime NOT NULL,
  `dateUpdated` datetime NOT NULL,
  `uid` char(36) COLLATE utf8_unicode_ci NOT NULL DEFAULT '0',
  PRIMARY KEY (`id`),
  KEY `craft_commerce_transactions_parentId_fk` (`parentId`),
  KEY `craft_commerce_transactions_paymentMethodId_fk` (`paymentMethodId`),
  KEY `craft_commerce_transactions_orderId_fk` (`orderId`),
  KEY `craft_commerce_transactions_userId_fk` (`userId`)
) ENGINE=InnoDB AUTO_INCREMENT=282 DEFAULT CHARSET=utf8 COLLATE=utf8_unicode_ci;

--
-- Data for table `craft_commerce_transactions`
--

INSERT INTO `craft_commerce_transactions` (`id`, `parentId`, `paymentMethodId`, `userId`, `hash`, `type`, `amount`, `status`, `reference`, `message`, `response`, `orderId`, `dateCreated`, `dateUpdated`, `uid`) VALUES
 ('277', NULL, '15', '1', '64442f1ef63f225536234f72f6b26742', 'purchase', '181.0000', 'success', '74707882', NULL, NULL, '100087', '2016-07-07 10:06:06', '2016-07-07 10:06:18', 'c2798cb6-36d9-427b-9923-57d5cbc4b2ce'),
 ('278', NULL, '15', '1', '1db410f26898b3baf26a3a686345cd7c', 'purchase', '181.0000', 'success', '74707949', NULL, NULL, '100089', '2016-07-07 10:07:06', '2016-07-07 10:07:16', '6da3df85-7a25-45c0-8c12-a4cffa968627'),
 ('279', NULL, '15', '1', '41d9998662ea147053e6a4c478649888', 'purchase', '181.0000', 'success', '74708038', NULL, NULL, '100091', '2016-07-07 10:08:26', '2016-07-07 10:08:35', '9a0c7a36-0cca-4e81-a105-459e34265d0f'),
 ('280', NULL, '15', '1', '46e793516e898b46d8829d50ede6da46', 'purchase', '151.0000', 'redirect', NULL, NULL, NULL, '100093', '2016-07-16 11:02:22', '2016-07-16 11:02:22', 'f6e915dd-5952-4703-bfbd-a93d79051823'),
 ('281', NULL, '15', '1', '346bf326efd65a4f57274e2db8ed78b8', 'purchase', '138.0000', 'redirect', NULL, NULL, NULL, '100093', '2016-07-20 10:21:04', '2016-07-20 10:21:04', 'e74e5174-68a0-4c55-a7b3-0fd7d2e793eb');



DROP TABLE IF EXISTS `craft_commerce_variants`;


--
-- Schema for table `craft_commerce_variants`
--
CREATE TABLE `craft_commerce_variants` (
  `productId` int(11) DEFAULT NULL,
  `id` int(11) NOT NULL,
  `sku` varchar(255) COLLATE utf8_unicode_ci NOT NULL,
  `isDefault` tinyint(1) unsigned NOT NULL DEFAULT '0',
  `price` decimal(14,4) NOT NULL,
  `sortOrder` int(10) DEFAULT NULL,
  `width` decimal(14,4) DEFAULT NULL,
  `height` decimal(14,4) DEFAULT NULL,
  `length` decimal(14,4) DEFAULT NULL,
  `weight` decimal(14,4) DEFAULT NULL,
  `stock` int(10) NOT NULL DEFAULT '0',
  `unlimitedStock` tinyint(1) unsigned NOT NULL DEFAULT '0',
  `minQty` int(10) DEFAULT NULL,
  `maxQty` int(10) DEFAULT NULL,
  `dateCreated` datetime NOT NULL,
  `dateUpdated` datetime NOT NULL,
  `uid` char(36) COLLATE utf8_unicode_ci NOT NULL DEFAULT '0',
  PRIMARY KEY (`id`),
  UNIQUE KEY `craft_commerce_variants_sku_unq_idx` (`sku`),
  KEY `craft_commerce_variants_productId_fk` (`productId`)
) ENGINE=InnoDB DEFAULT CHARSET=utf8 COLLATE=utf8_unicode_ci;

DROP TABLE IF EXISTS `craft_content`;


--
-- Schema for table `craft_content`
--
CREATE TABLE `craft_content` (
  `id` int(11) NOT NULL AUTO_INCREMENT,
  `elementId` int(11) NOT NULL,
  `locale` char(12) COLLATE utf8_unicode_ci NOT NULL,
  `title` varchar(255) COLLATE utf8_unicode_ci DEFAULT NULL,
  `field_body` text COLLATE utf8_unicode_ci,
  `field_efFirstname` text COLLATE utf8_unicode_ci,
  `field_efLastname` text COLLATE utf8_unicode_ci,
  `field_adresse` text COLLATE utf8_unicode_ci,
  `field_postnr` text COLLATE utf8_unicode_ci,
  `field_eMail` text COLLATE utf8_unicode_ci,
  `field_bekraeftEmail` text COLLATE utf8_unicode_ci,
  `field_vejnr` text COLLATE utf8_unicode_ci,
  `field_telefonnr` text COLLATE utf8_unicode_ci,
  `field_newsletter` varchar(255) COLLATE utf8_unicode_ci DEFAULT NULL,
  `field_produktBeskrivelse` text COLLATE utf8_unicode_ci,
  `field_abonnement` tinyint(1) unsigned NOT NULL DEFAULT '0',
  `field_supplier` text COLLATE utf8_unicode_ci,
  `field_question` text COLLATE utf8_unicode_ci,
  `field_categori` varchar(255) COLLATE utf8_unicode_ci DEFAULT NULL,
  `field_pageTeaser` text COLLATE utf8_unicode_ci,
  `field_pageTitle` text COLLATE utf8_unicode_ci,
  `field_purchaseOrder` text COLLATE utf8_unicode_ci,
  `field_txnfee` text COLLATE utf8_unicode_ci,
  `field_paymenttype` text COLLATE utf8_unicode_ci,
  `dateCreated` datetime NOT NULL,
  `dateUpdated` datetime NOT NULL,
  `uid` char(36) COLLATE utf8_unicode_ci NOT NULL DEFAULT '0',
  PRIMARY KEY (`id`),
  UNIQUE KEY `craft_content_elementId_locale_unq_idx` (`elementId`,`locale`),
  KEY `craft_content_title_idx` (`title`),
  KEY `craft_content_locale_fk` (`locale`)
) ENGINE=InnoDB AUTO_INCREMENT=189 DEFAULT CHARSET=utf8 COLLATE=utf8_unicode_ci;

--
-- Data for table `craft_content`
--

INSERT INTO `craft_content` (`id`, `elementId`, `locale`, `title`, `field_body`, `field_efFirstname`, `field_efLastname`, `field_adresse`, `field_postnr`, `field_eMail`, `field_bekraeftEmail`, `field_vejnr`, `field_telefonnr`, `field_newsletter`, `field_produktBeskrivelse`, `field_abonnement`, `field_supplier`, `field_question`, `field_categori`, `field_pageTeaser`, `field_pageTitle`, `field_purchaseOrder`, `field_txnfee`, `field_paymenttype`, `dateCreated`, `dateUpdated`, `uid`) VALUES
 ('1', '1', 'da', NULL, NULL, NULL, NULL, NULL, NULL, NULL, NULL, NULL, '0', NULL, NULL, '0', NULL, NULL, NULL, NULL, NULL, NULL, NULL, NULL, '2016-03-30 12:09:18', '2016-05-25 19:30:22', '3da0659e-8ea0-41ad-8032-5fdcce92e974'),
 ('2', '2', 'da', 'Welcome to Elektronikforsikring.dev!', '<p>It’s true, this site doesn’t have a whole lot of content yet, but don’t worry. Our web developers have just installed the CMS, and they’re setting things up for the content editors this very moment. Soon Elektronikforsikring.dev will be an oasis of fresh perspectives, sharp analyses, and astute opinions that will keep you coming back again and again.</p>', NULL, NULL, NULL, NULL, NULL, NULL, NULL, '0', NULL, NULL, '0', NULL, NULL, NULL, NULL, NULL, NULL, NULL, NULL, '2016-03-30 12:09:21', '2016-06-21 07:44:28', '40d1f240-2b72-4453-ab59-846293b4332c'),
 ('3', '3', 'da', 'Jeg hedder Karina', '<p>Craft is the CMS that’s powering Elektronikforsikring.dev. It’s beautiful, powerful, flexible, and easy-to-use, and it’s made by Pixel &amp; Tonic. We can’t wait to dive in and see what it’s capable of!</p>\n\n<!--pagebreak-->\n\n<p>This is even more captivating content, which you couldn’t see on the News index page because it was entered after a Page Break, and the News index template only likes to show the content on the first page.</p>\n\n<p>Craft: a nice alternative to Word, if you’re making a website.</p>', NULL, NULL, NULL, NULL, NULL, NULL, NULL, '0', NULL, NULL, '0', NULL, NULL, NULL, NULL, NULL, NULL, NULL, NULL, '2016-03-30 12:09:21', '2016-06-10 10:02:14', '9bb9100d-d9a8-4535-9d5e-9d8fdc1ea5ad'),
 ('4', '5', 'da', 'Orderconfirm', '<h1>Tak for din bestilling.</h1>\n\n<p>Vi har modtaget din ordre og er allerede i gang med at behandle den.</p>\n\n\n\n<p>Vi har også sendt dig en bekræftelse på den indtastet e-mail. Din forsikring er gældende med det samme. Når ordren er færdigbehandlet, så sender vi den officielle police. <br /></p>\n\n\n\n\n\n<p>Med venlig hilsen</p>\n\n\n\n\n\n\n\n<p>Kundeservicechef<br />Karina Byrdal</p>', NULL, NULL, NULL, NULL, NULL, NULL, NULL, '0', NULL, NULL, '0', NULL, NULL, NULL, NULL, NULL, NULL, NULL, NULL, '2016-05-13 10:59:37', '2016-06-02 07:17:44', '5772783c-23b4-4b2e-b51f-6027c42f06a6'),
 ('15', '95', 'da', 'Folder', NULL, NULL, NULL, NULL, NULL, NULL, NULL, NULL, NULL, '[\"\"]', NULL, '0', NULL, NULL, NULL, NULL, NULL, NULL, NULL, NULL, '2016-05-24 10:34:44', '2016-05-24 10:34:51', '17804350-0bec-4b74-ae34-f78f4ee0569f'),
 ('43', '123', 'da', 'Folder', NULL, NULL, NULL, NULL, NULL, NULL, NULL, NULL, NULL, '[\"\"]', NULL, '0', NULL, NULL, NULL, NULL, NULL, NULL, NULL, NULL, '2016-05-26 11:57:20', '2016-07-05 12:32:12', '965140ab-4fd0-407f-9756-934b8896975d'),
 ('50', '130', 'da', NULL, NULL, NULL, NULL, NULL, NULL, NULL, NULL, NULL, NULL, '[\"\"]', NULL, '0', '[{\"col5\":\"F\\u00f8tex\"},{\"col5\":\"Wupti\"},{\"col5\":\"Bilka.dk\"},{\"col5\":\"Bilka\"},{\"col5\":\"Andet\"}]', NULL, NULL, NULL, NULL, NULL, NULL, NULL, '2016-06-01 13:39:24', '2016-06-10 09:55:13', 'c1354cf8-67fc-40ca-8063-01ae82164e2d'),
 ('53', '133', 'da', 'Bilka', NULL, NULL, NULL, NULL, NULL, NULL, NULL, NULL, NULL, '[\"\"]', NULL, '0', NULL, NULL, NULL, NULL, NULL, NULL, NULL, NULL, '2016-06-02 07:50:37', '2016-07-05 12:32:11', 'd29f2365-3a05-426d-a7fc-27755dd0f8c8'),
 ('98', '178', 'da', NULL, NULL, NULL, NULL, NULL, NULL, NULL, NULL, NULL, NULL, '[\"\"]', NULL, '0', NULL, NULL, NULL, NULL, NULL, NULL, NULL, NULL, '2016-06-21 06:07:07', '2016-06-27 06:23:53', '550feab2-cd9a-4623-8e39-c9178ad29f83'),
 ('99', '179', 'da', 'Fordele', NULL, NULL, NULL, NULL, NULL, NULL, NULL, NULL, NULL, '[\"\"]', NULL, '0', NULL, NULL, NULL, NULL, NULL, NULL, NULL, NULL, '2016-06-22 11:13:44', '2016-06-22 11:13:44', 'd6596690-080e-49f2-9076-064d1a8084b7'),
 ('100', '180', 'da', 'Koster den virkelig kun 99 kr./md.?', NULL, NULL, NULL, NULL, NULL, NULL, NULL, NULL, NULL, '[\"\"]', NULL, '0', NULL, 'Koster den virkelig kun 99 kr./md.?', 'fordele', NULL, NULL, NULL, NULL, NULL, '2016-06-23 13:27:09', '2016-06-29 09:06:00', '63246f62-b3e6-493d-8e58-84410012954a'),
 ('101', '183', 'da', 'Hvorfor skal jeg købe Elektronikforsikring hos Danrisk?', NULL, NULL, NULL, NULL, NULL, NULL, NULL, NULL, NULL, '[\"\"]', NULL, '0', NULL, 'Hvorfor skal jeg købe Elektronikforsikring hos Danrisk?', 'pris', NULL, NULL, NULL, NULL, NULL, '2016-06-23 13:52:47', '2016-06-29 09:06:00', 'c155bb13-22d7-426a-8cc8-6b8bd3a99f7a'),
 ('102', '190', 'da', NULL, NULL, NULL, NULL, NULL, NULL, NULL, NULL, NULL, NULL, '[\"\"]', NULL, '0', NULL, NULL, NULL, NULL, NULL, NULL, NULL, NULL, '2016-06-27 09:52:24', '2016-06-27 09:52:57', 'f6ee8896-e66c-4b2b-8632-11737102bc9c'),
 ('105', '196', 'da', ' 	Hvis jeg har flere skader, vil der så komme en selvrisiko ?', NULL, NULL, NULL, NULL, NULL, NULL, NULL, NULL, NULL, '[\"\"]', NULL, '0', NULL, ' 	Hvis jeg har flere skader, vil der så komme en selvrisiko ?', 'fordele', NULL, NULL, NULL, NULL, NULL, '2016-06-28 11:45:18', '2016-06-29 09:06:00', '9cabee76-fb10-4211-968d-dbb39483180f'),
 ('106', '198', 'da', ' 	Når der ingen afskrivning er, betyder det så at jeg altid får erstattet for den oprindelige købspris ?', NULL, NULL, NULL, NULL, NULL, NULL, NULL, NULL, NULL, '[\"\"]', NULL, '0', NULL, ' 	Når der ingen afskrivning er, betyder det så at jeg altid får erstattet for den oprindelige købspris ?', 'daekning', NULL, NULL, NULL, NULL, NULL, '2016-06-28 11:49:23', '2016-06-29 09:06:00', 'f498fd1b-8ce6-48d9-82d5-aa9ee6d7d40e'),
 ('107', '203', 'da', ' 	Hvilke produkter er omfattet af forsikringen, er det alle ?', NULL, NULL, NULL, NULL, NULL, NULL, NULL, NULL, NULL, '[\"\"]', NULL, '0', NULL, ' 	Hvilke produkter er omfattet af forsikringen, er det alle ?', 'fordele', NULL, NULL, NULL, NULL, NULL, '2016-06-28 11:51:03', '2016-06-29 09:06:00', 'e1b33ea0-b9c9-42ab-bee9-7ff14d8cb250'),
 ('108', '206', 'da', ' 	Hvor længe dækker forsikringen mine produkter ?', NULL, NULL, NULL, NULL, NULL, NULL, NULL, NULL, NULL, '[\"\"]', NULL, '0', NULL, ' 	Hvor længe dækker forsikringen mine produkter ?', 'betingelser', NULL, NULL, NULL, NULL, NULL, '2016-06-28 11:53:18', '2016-06-29 09:06:01', '7a00e960-26f7-4be7-8393-928186bcc19e'),
 ('109', '209', 'da', ' Hvis jeg køber en forsikring i dag, vil mine produkter i hjemmet så være dækket med det samme ?', NULL, NULL, NULL, NULL, NULL, NULL, NULL, NULL, NULL, '[\"\"]', NULL, '0', NULL, ' Hvis jeg køber en forsikring i dag, vil mine produkter i hjemmet så være dækket med det samme ?', 'daekning', NULL, NULL, NULL, NULL, NULL, '2016-06-28 11:54:16', '2016-06-29 09:06:01', '5061f143-9984-419b-8665-81b73d89b8fc'),
 ('110', '210', 'da', ' Dækker forsikringen hvis jeg eksempel har mit kamera  med på ferie uden for Danmark ?', NULL, NULL, NULL, NULL, NULL, NULL, NULL, NULL, NULL, '[\"\"]', NULL, '0', NULL, ' Dækker forsikringen hvis jeg eksempel har mit kamera  med på ferie uden for Danmark ?', 'daekning', NULL, NULL, NULL, NULL, NULL, '2016-06-28 12:24:44', '2016-06-29 09:06:01', '0e383aaa-6deb-4176-8cae-8bf279470847'),
 ('111', '212', 'da', ' Dækker forsikringen tyveri ?', NULL, NULL, NULL, NULL, NULL, NULL, NULL, NULL, NULL, '[\"\"]', NULL, '0', NULL, ' Dækker forsikringen tyveri ?', 'daekning', NULL, NULL, NULL, NULL, NULL, '2016-06-28 12:28:37', '2016-06-29 09:06:01', '4719d81b-a1cb-41cd-bb3b-85cbec1c118a'),
 ('112', '215', 'da', ' Jeg har 3 hjemmeboende børn, dækker forsikringen hvis min datter låner min mobil fordi hun skal spille på den, og hun kommer til at tabe den, så skærmen går i stykker ?', NULL, NULL, NULL, NULL, NULL, NULL, NULL, NULL, NULL, '[\"\"]', NULL, '0', NULL, ' Jeg har 3 hjemmeboende børn, dækker forsikringen hvis min datter låner min mobil fordi hun skal spille på den, og hun kommer til at tabe den, så skærmen går i stykker ?', 'daekning', NULL, NULL, NULL, NULL, NULL, '2016-06-28 12:29:53', '2016-06-29 09:06:01', 'c2da10db-6832-42ec-b2f8-fb0d5ee5dbd8'),
 ('113', '218', 'da', ' Hvor længe løber min forsikring ?', NULL, NULL, NULL, NULL, NULL, NULL, NULL, NULL, NULL, '[\"\"]', NULL, '0', NULL, ' Hvor længe løber min forsikring ?', 'fordele', NULL, NULL, NULL, NULL, NULL, '2016-06-28 12:31:32', '2016-06-29 09:06:01', '789163ec-e9f8-4854-889e-4c7a130f8fa9'),
 ('114', '221', 'da', ' Kan jeg opsige min forsikring ?', NULL, NULL, NULL, NULL, NULL, NULL, NULL, NULL, NULL, '[\"\"]', NULL, '0', NULL, ' Kan jeg opsige min forsikring ?', 'betingelser', NULL, NULL, NULL, NULL, NULL, '2016-06-28 12:32:35', '2016-06-29 09:06:01', '75bfdc5c-5f2d-453f-8c27-b954b994e6c6'),
 ('115', '224', 'da', ' Hvad hvis mit produkt går i stykker indenfor den 2-årige reklamationsperiode, skal jeg så også anmelde skaden hos Danrisk ?', NULL, NULL, NULL, NULL, NULL, NULL, NULL, NULL, NULL, '[\"\"]', NULL, '0', NULL, ' Hvad hvis mit produkt går i stykker indenfor den 2-årige reklamationsperiode, skal jeg så også anmelde skaden hos Danrisk ?', 'daekning', NULL, NULL, NULL, NULL, NULL, '2016-06-28 12:33:49', '2016-06-29 09:06:01', 'a5809ccb-5bb5-435c-b2f2-fff1a65d2d8a'),
 ('116', '227', 'da', 'Betingelser', '', NULL, NULL, NULL, NULL, NULL, NULL, NULL, NULL, '[\"\"]', NULL, '0', NULL, NULL, NULL, '<p>Privat</p>', 'Betingelser', NULL, NULL, NULL, '2016-06-29 09:05:44', '2016-06-30 08:44:00', 'd3293d89-a8a8-42af-befb-93cca3e1c031'),
 ('120', '240', 'da', 'Cards', NULL, NULL, NULL, NULL, NULL, NULL, NULL, NULL, NULL, '[\"\"]', NULL, '0', NULL, NULL, NULL, NULL, NULL, NULL, NULL, NULL, '2016-06-30 08:30:56', '2016-07-05 12:32:11', '1cf88a06-7e0d-471f-89ce-2da3882359a9'),
 ('121', '241', 'da', 'Danrisk Logo', NULL, NULL, NULL, NULL, NULL, NULL, NULL, NULL, NULL, '[\"\"]', NULL, '0', NULL, NULL, NULL, NULL, NULL, NULL, NULL, NULL, '2016-06-30 08:30:56', '2016-07-05 12:32:12', 'd9f84bc1-6b72-4cdd-968c-f30e4d95ecf6'),
 ('122', '242', 'da', 'Elektronikforsikring Logo', NULL, NULL, NULL, NULL, NULL, NULL, NULL, NULL, NULL, '[\"\"]', NULL, '0', NULL, NULL, NULL, NULL, NULL, NULL, NULL, NULL, '2016-06-30 08:30:56', '2016-07-05 12:32:12', '71d08b15-d08f-4103-8a9c-4aebdb183ae1'),
 ('123', '243', 'da', 'Faq', NULL, NULL, NULL, NULL, NULL, NULL, NULL, NULL, NULL, '[\"\"]', NULL, '0', NULL, NULL, NULL, NULL, NULL, NULL, NULL, NULL, '2016-06-30 08:30:56', '2016-07-05 12:32:12', '12f9ea17-8752-4a09-ba54-32b6eb492202'),
 ('124', '244', 'da', 'Foto', NULL, NULL, NULL, NULL, NULL, NULL, NULL, NULL, NULL, '[\"\"]', NULL, '0', NULL, NULL, NULL, NULL, NULL, NULL, NULL, NULL, '2016-06-30 08:30:57', '2016-07-05 12:32:12', '31a278ab-c9c4-4a51-9bf3-e37b60743f13'),
 ('125', '245', 'da', 'Girls', NULL, NULL, NULL, NULL, NULL, NULL, NULL, NULL, NULL, '[\"\"]', NULL, '0', NULL, NULL, NULL, NULL, NULL, NULL, NULL, NULL, '2016-06-30 08:30:57', '2016-07-05 12:32:13', '3b908010-ce46-4bdc-9199-4827e31626ec'),
 ('127', '247', 'da', 'Pencil', NULL, NULL, NULL, NULL, NULL, NULL, NULL, NULL, NULL, '[\"\"]', NULL, '0', NULL, NULL, NULL, NULL, NULL, NULL, NULL, NULL, '2016-06-30 08:43:57', '2016-07-05 12:32:13', 'e760d94b-d33e-407b-8e4d-ee8c0649abf6'),
 ('128', '248', 'da', 'Lovpligtige betingelser', '', NULL, NULL, NULL, NULL, NULL, NULL, NULL, NULL, '[\"\"]', NULL, '0', NULL, NULL, NULL, '', 'Lovpligtige betingelser', NULL, NULL, NULL, '2016-06-30 11:14:48', '2016-06-30 11:55:25', '5bc42a31-01ca-486a-94b1-d92e84462d58'),
 ('130', '251', 'da', 'Når skaden er sket', '<p>Her kommer der noget tekst</p>', NULL, NULL, NULL, NULL, NULL, NULL, NULL, NULL, '[\"\"]', NULL, '0', NULL, NULL, NULL, '<p>Elektronikforsikring dækker væsentligt bedre end tillægsdækninger på indboforsikringen</p>', 'Når skaden er sket', NULL, NULL, NULL, '2016-06-30 13:07:51', '2016-07-01 11:05:02', '11cb8d16-4378-4aa5-9492-27edc6619b0b'),
 ('131', '252', 'da', 'Customer', NULL, NULL, NULL, NULL, NULL, NULL, NULL, NULL, NULL, '[\"\"]', NULL, '0', NULL, NULL, NULL, NULL, NULL, NULL, NULL, NULL, '2016-06-30 13:22:30', '2016-07-05 12:32:12', '63a2ce01-5b86-4572-9eef-841cfcaaeb4c'),
 ('132', '254', 'da', 'Handelsbetingelser', '', NULL, NULL, NULL, NULL, NULL, NULL, NULL, NULL, '[\"\"]', NULL, '0', NULL, NULL, NULL, '<p>Her skal der skrives lidt teaser test</p>', 'Handelsbetingelser', NULL, NULL, NULL, '2016-06-30 13:46:35', '2016-07-01 11:05:42', '17b2d5bb-e4ac-4dc5-a73c-b8d011852ba4'),
 ('133', '264', 'da', 'Lovpligtige oplysninger', '', NULL, NULL, NULL, NULL, NULL, NULL, NULL, NULL, '[\"\"]', NULL, '0', NULL, NULL, NULL, '<p>Her skal der skrives lidt teaser test</p>', 'Lovpligtige oplysninger', NULL, NULL, NULL, '2016-06-30 13:56:58', '2016-07-01 11:03:42', 'fc22e672-e224-498e-92e9-56a6620cc327'),
 ('134', '274', 'da', 'Kontakt', '', NULL, NULL, NULL, NULL, NULL, NULL, NULL, NULL, '[\"\"]', NULL, '0', NULL, NULL, NULL, '<p>Vi hører gerne fra dig</p>', 'Kontakt', NULL, NULL, NULL, '2016-07-01 08:35:40', '2016-07-01 09:27:48', '2677a8f5-1f48-4776-a8c2-6319c6b78209'),
 ('135', '275', 'da', 'Mail', NULL, NULL, NULL, NULL, NULL, NULL, NULL, NULL, NULL, '[\"\"]', NULL, '0', NULL, NULL, NULL, NULL, NULL, NULL, NULL, NULL, '2016-07-01 08:38:50', '2016-07-05 12:32:13', 'e101aad2-0065-4f13-8ddf-818a4a97b7ef'),
 ('136', '277', 'da', NULL, NULL, NULL, NULL, NULL, NULL, NULL, NULL, NULL, NULL, '[\"\"]', NULL, '0', NULL, NULL, NULL, NULL, NULL, NULL, NULL, NULL, '2016-07-01 09:47:28', '2016-07-01 10:06:27', '3775418c-1bc5-465d-a696-df01935007ea'),
 ('138', '281', 'da', 'Elektronikforsikring', NULL, NULL, NULL, NULL, NULL, NULL, NULL, NULL, NULL, '[\"\"]', '<p>Vores elektronikforsikring er en abonnementsaftale. Den koster 99 kr./md som trækkes fra dit kreditkort hver den 1. i måneden. Der er ingen selvrisiko og præmien stiger ikke skulle uheldet være ude. Alt elektronik i husstanden der er mindre end 5 år gammelt er dækket. </p>\n\n<p>Med vores elektronikforsikring betaler du kun for det du får. Derfor betaler du for indeværende måned [priceForThisMonth] og for kommende måned 99 kr. Så er du nemlig dækket med det samme. Det er <a href=\"{entry:227:url}\">vigtigt du læser vores abonnementsbetingelser</a> godt igennem. </p>\n\n\n\n\n\n\n\n\n\n\n\n<p>Vores forsikring er et digitalt produkt. Du får derfor tilsendt en police når købet er gennemført. Der hele sker på nogle få minutter. Du får naturligvis også en ordrebekræftelse på dit køb. </p>', '0', NULL, NULL, NULL, NULL, NULL, NULL, NULL, NULL, '2016-07-01 11:22:52', '2016-07-20 09:21:10', '5bc0efa7-147a-4f8e-ab12-40be6ff41ffb'),
 ('144', '290', 'da', NULL, NULL, NULL, NULL, NULL, NULL, NULL, NULL, NULL, NULL, '[\"\"]', NULL, '0', NULL, NULL, NULL, NULL, NULL, NULL, NULL, NULL, '2016-07-04 18:12:55', '2016-07-04 18:32:06', '5c72cf56-aa2f-4154-b8dc-f41a7eb87762'),
 ('145', '291', 'da', NULL, NULL, NULL, NULL, NULL, NULL, NULL, NULL, NULL, NULL, '[\"\"]', NULL, '0', NULL, NULL, NULL, NULL, NULL, NULL, NULL, NULL, '2016-07-04 18:32:32', '2016-07-04 18:32:32', 'f4d52046-7c97-47bd-9cae-33791de7cc81'),
 ('153', '100009', 'da', NULL, NULL, NULL, NULL, NULL, NULL, NULL, NULL, NULL, NULL, '[\"\"]', NULL, '0', NULL, NULL, NULL, NULL, NULL, NULL, NULL, NULL, '2016-07-05 11:57:50', '2016-07-05 14:27:37', '103c5a2d-e83f-4efb-9a57-f736b0755a0b'),
 ('185', '100087', 'da', NULL, NULL, NULL, NULL, NULL, NULL, NULL, NULL, NULL, NULL, '[\"\"]', NULL, '0', NULL, NULL, NULL, NULL, NULL, NULL, NULL, NULL, '2016-07-07 10:05:54', '2016-08-08 07:38:18', 'a4fe4296-b59a-4d0f-88af-c5a7ee6bc28a'),
 ('186', '100089', 'da', NULL, NULL, NULL, NULL, NULL, NULL, NULL, NULL, NULL, NULL, '[\"\"]', NULL, '0', NULL, NULL, NULL, NULL, NULL, NULL, NULL, NULL, '2016-07-07 10:06:27', '2016-08-08 07:38:18', 'ddb75be2-69ca-4e7e-ad72-0c10dfa2c04b'),
 ('187', '100091', 'da', NULL, NULL, NULL, NULL, NULL, NULL, NULL, NULL, NULL, NULL, '[\"\"]', NULL, '0', NULL, NULL, NULL, NULL, NULL, NULL, NULL, NULL, '2016-07-07 10:07:51', '2016-08-08 07:38:17', 'a1ada020-f22b-4e5d-a6fd-a097a439a5a4'),
 ('188', '100093', 'da', NULL, NULL, NULL, NULL, NULL, NULL, NULL, NULL, NULL, NULL, '[\"\"]', NULL, '0', NULL, NULL, NULL, NULL, NULL, NULL, NULL, NULL, '2016-07-16 09:59:42', '2016-07-20 10:49:50', 'f060ec81-a979-4cbe-9da1-425e70782bd1');



DROP TABLE IF EXISTS `craft_deprecationerrors`;


--
-- Schema for table `craft_deprecationerrors`
--
CREATE TABLE `craft_deprecationerrors` (
  `id` int(11) NOT NULL AUTO_INCREMENT,
  `key` varchar(255) COLLATE utf8_unicode_ci NOT NULL,
  `fingerprint` varchar(255) COLLATE utf8_unicode_ci NOT NULL,
  `lastOccurrence` datetime NOT NULL,
  `file` varchar(255) COLLATE utf8_unicode_ci NOT NULL,
  `line` smallint(6) unsigned NOT NULL,
  `class` varchar(255) COLLATE utf8_unicode_ci DEFAULT NULL,
  `method` varchar(255) COLLATE utf8_unicode_ci DEFAULT NULL,
  `template` varchar(255) COLLATE utf8_unicode_ci DEFAULT NULL,
  `templateLine` smallint(6) unsigned DEFAULT NULL,
  `message` varchar(255) COLLATE utf8_unicode_ci DEFAULT NULL,
  `traces` text COLLATE utf8_unicode_ci,
  `dateCreated` datetime NOT NULL,
  `dateUpdated` datetime NOT NULL,
  `uid` char(36) COLLATE utf8_unicode_ci NOT NULL DEFAULT '0',
  PRIMARY KEY (`id`),
  UNIQUE KEY `craft_deprecationerrors_key_fingerprint_unq_idx` (`key`,`fingerprint`)
) ENGINE=InnoDB AUTO_INCREMENT=37 DEFAULT CHARSET=utf8 COLLATE=utf8_unicode_ci;

--
-- Data for table `craft_deprecationerrors`
--

INSERT INTO `craft_deprecationerrors` (`id`, `key`, `fingerprint`, `lastOccurrence`, `file`, `line`, `class`, `method`, `template`, `templateLine`, `message`, `traces`, `dateCreated`, `dateUpdated`, `uid`) VALUES
 ('7', 'Commerce_OrderModel::getItemSubtotalWithSale():removed', 'Craft\\Commerce_OrderModel:379', '2016-07-20 10:49:50', '/Users/beuschau/_sites/elektronikforsikring.dk/craft/plugins/commerce/models/Commerce_OrderModel.php', '379', 'Craft\\Commerce_OrderModel', 'getItemSubtotalWithSale', NULL, NULL, 'You should no longer use `order.itemSubtotalWithSale` for the line item’s subtotal. Use `order.subtotal`. Same goes for order->getItemSubtotalWithSale() in PHP.', '[{\"objectClass\":\"Craft\\\\DeprecatorService\",\"file\":\"\\/Users\\/beuschau\\/_sites\\/elektronikforsikring.dk\\/craft\\/plugins\\/commerce\\/models\\/Commerce_OrderModel.php\",\"line\":379,\"class\":\"Craft\\\\DeprecatorService\",\"method\":\"log\",\"args\":\"\\\"Commerce_OrderModel::getItemSubtotalWithSale():removed\\\", \\\"You should no longer use `order.itemSubtotalWithSale` for the li...\\\"\"},{\"objectClass\":\"Craft\\\\Commerce_OrderModel\",\"file\":\"\\/Users\\/beuschau\\/_sites\\/elektronikforsikring.dk\\/craft\\/plugins\\/commerce\\/services\\/Commerce_OrdersService.php\",\"line\":375,\"class\":\"Craft\\\\Commerce_OrderModel\",\"method\":\"getItemSubtotalWithSale\",\"args\":null},{\"objectClass\":\"Craft\\\\Commerce_OrdersService\",\"file\":\"\\/Users\\/beuschau\\/_sites\\/elektronikforsikring.dk\\/craft\\/plugins\\/commerce\\/services\\/Commerce_OrdersService.php\",\"line\":205,\"class\":\"Craft\\\\Commerce_OrdersService\",\"method\":\"calculateAdjustments\",\"args\":\"Craft\\\\Commerce_OrderModel\"},{\"objectClass\":\"Craft\\\\Commerce_OrdersService\",\"file\":\"\\/Users\\/beuschau\\/_sites\\/elektronikforsikring.dk\\/craft\\/plugins\\/commerce\\/services\\/Commerce_CartService.php\",\"line\":487,\"class\":\"Craft\\\\Commerce_OrdersService\",\"method\":\"saveOrder\",\"args\":\"Craft\\\\Commerce_OrderModel\"},{\"objectClass\":\"Craft\\\\Commerce_CartService\",\"file\":\"\\/Users\\/beuschau\\/_sites\\/elektronikforsikring.dk\\/craft\\/plugins\\/commerce\\/controllers\\/Commerce_CartController.php\",\"line\":128,\"class\":\"Craft\\\\Commerce_CartService\",\"method\":\"clearCart\",\"args\":\"Craft\\\\Commerce_OrderModel\"},{\"objectClass\":\"Craft\\\\Commerce_CartController\",\"file\":\"\\/Users\\/beuschau\\/_sites\\/elektronikforsikring.dk\\/craft\\/app\\/framework\\/web\\/actions\\/CInlineAction.php\",\"line\":49,\"class\":\"Craft\\\\Commerce_CartController\",\"method\":\"actionRemoveAllLineItems\",\"args\":null},{\"objectClass\":\"CInlineAction\",\"file\":\"\\/Users\\/beuschau\\/_sites\\/elektronikforsikring.dk\\/craft\\/app\\/framework\\/web\\/CController.php\",\"line\":308,\"class\":\"CInlineAction\",\"method\":\"runWithParams\",\"args\":\"array(\\\"p\\\" => \\\"shop\\/kurv\\\")\"},{\"objectClass\":\"Craft\\\\Commerce_CartController\",\"file\":\"\\/Users\\/beuschau\\/_sites\\/elektronikforsikring.dk\\/craft\\/app\\/framework\\/web\\/CController.php\",\"line\":286,\"class\":\"CController\",\"method\":\"runAction\",\"args\":\"CInlineAction\"},{\"objectClass\":\"Craft\\\\Commerce_CartController\",\"file\":\"\\/Users\\/beuschau\\/_sites\\/elektronikforsikring.dk\\/craft\\/app\\/framework\\/web\\/CController.php\",\"line\":265,\"class\":\"CController\",\"method\":\"runActionWithFilters\",\"args\":\"CInlineAction, array()\"},{\"objectClass\":\"Craft\\\\Commerce_CartController\",\"file\":\"\\/Users\\/beuschau\\/_sites\\/elektronikforsikring.dk\\/craft\\/app\\/framework\\/web\\/CWebApplication.php\",\"line\":282,\"class\":\"CController\",\"method\":\"run\",\"args\":\"\\\"removeAllLineItems\\\"\"},{\"objectClass\":\"Craft\\\\WebApp\",\"file\":\"\\/Users\\/beuschau\\/_sites\\/elektronikforsikring.dk\\/craft\\/app\\/etc\\/web\\/WebApp.php\",\"line\":815,\"class\":\"CWebApplication\",\"method\":\"runController\",\"args\":\"\\\"commerce\\/cart\\/removeAllLineItems\\\"\"},{\"objectClass\":\"Craft\\\\WebApp\",\"file\":\"\\/Users\\/beuschau\\/_sites\\/elektronikforsikring.dk\\/craft\\/app\\/etc\\/web\\/WebApp.php\",\"line\":285,\"class\":\"Craft\\\\WebApp\",\"method\":\"_processActionRequest\",\"args\":null},{\"objectClass\":\"Craft\\\\WebApp\",\"file\":\"\\/Users\\/beuschau\\/_sites\\/elektronikforsikring.dk\\/craft\\/app\\/framework\\/base\\/CApplication.php\",\"line\":185,\"class\":\"Craft\\\\WebApp\",\"method\":\"processRequest\",\"args\":null},{\"objectClass\":\"Craft\\\\WebApp\",\"file\":\"\\/Users\\/beuschau\\/_sites\\/elektronikforsikring.dk\\/craft\\/app\\/index.php\",\"line\":62,\"class\":\"CApplication\",\"method\":\"run\",\"args\":null},{\"objectClass\":null,\"file\":\"\\/Users\\/beuschau\\/_sites\\/elektronikforsikring.dk\\/public\\/index.php\",\"line\":29,\"class\":null,\"method\":\"require_once\",\"args\":\"\\\"\\/Users\\/beuschau\\/_sites\\/elektronikforsikring.dk\\/craft\\/app\\/index.p...\\\"\"}]', '2016-07-01 11:24:33', '2016-07-20 10:49:50', '1eb18c87-5b9a-4a75-8c6a-d523a51a5d78'),
 ('14', 'Commerce_OrderModel::getItemSubtotalWithSale():removed', '/Users/beuschau/_sites/elektronikforsikring.dk/craft/templates/commerce/kurv/index.html:33', '2016-07-05 17:48:55', '/Users/beuschau/_sites/elektronikforsikring.dk/craft/plugins/commerce/models/Commerce_OrderModel.php', '379', 'Craft\\Commerce_OrderModel', 'getItemSubtotalWithSale', '/Users/beuschau/_sites/elektronikforsikring.dk/craft/templates/commerce/kurv/index.html', '33', 'You should no longer use `order.itemSubtotalWithSale` for the line item’s subtotal. Use `order.subtotal`. Same goes for order->getItemSubtotalWithSale() in PHP.', '[{\"objectClass\":\"Craft\\\\DeprecatorService\",\"file\":\"\\/Users\\/beuschau\\/_sites\\/elektronikforsikring.dk\\/craft\\/plugins\\/commerce\\/models\\/Commerce_OrderModel.php\",\"line\":379,\"class\":\"Craft\\\\DeprecatorService\",\"method\":\"log\",\"args\":\"\\\"Commerce_OrderModel::getItemSubtotalWithSale():removed\\\", \\\"You should no longer use `order.itemSubtotalWithSale` for the li...\\\"\"},{\"objectClass\":\"Craft\\\\Commerce_OrderModel\",\"file\":\"\\/Users\\/beuschau\\/_sites\\/elektronikforsikring.dk\\/craft\\/plugins\\/commerce\\/services\\/Commerce_OrdersService.php\",\"line\":375,\"class\":\"Craft\\\\Commerce_OrderModel\",\"method\":\"getItemSubtotalWithSale\",\"args\":null},{\"objectClass\":\"Craft\\\\Commerce_OrdersService\",\"file\":\"\\/Users\\/beuschau\\/_sites\\/elektronikforsikring.dk\\/craft\\/plugins\\/commerce\\/services\\/Commerce_OrdersService.php\",\"line\":205,\"class\":\"Craft\\\\Commerce_OrdersService\",\"method\":\"calculateAdjustments\",\"args\":\"Craft\\\\Commerce_OrderModel\"},{\"objectClass\":\"Craft\\\\Commerce_OrdersService\",\"file\":\"\\/Users\\/beuschau\\/_sites\\/elektronikforsikring.dk\\/craft\\/plugins\\/commerce\\/services\\/Commerce_CartService.php\",\"line\":361,\"class\":\"Craft\\\\Commerce_OrdersService\",\"method\":\"saveOrder\",\"args\":\"Craft\\\\Commerce_OrderModel\"},{\"objectClass\":\"Craft\\\\Commerce_CartService\",\"file\":\"\\/Users\\/beuschau\\/_sites\\/elektronikforsikring.dk\\/craft\\/plugins\\/commerce\\/variables\\/CommerceVariable.php\",\"line\":67,\"class\":\"Craft\\\\Commerce_CartService\",\"method\":\"getCart\",\"args\":null},{\"objectClass\":\"Craft\\\\CommerceVariable\",\"file\":\"\\/Users\\/beuschau\\/_sites\\/elektronikforsikring.dk\\/craft\\/app\\/vendor\\/twig\\/twig\\/lib\\/Twig\\/Template.php\",\"line\":609,\"class\":\"Craft\\\\CommerceVariable\",\"method\":\"getCart\",\"args\":null},{\"objectClass\":\"__TwigTemplate_db6e73f940798430e3c58cd91c9c38ee50b6cf32049e7af9a163b4c4c0a1e983\",\"file\":\"\\/Users\\/beuschau\\/_sites\\/elektronikforsikring.dk\\/craft\\/app\\/etc\\/templating\\/BaseTemplate.php\",\"line\":64,\"class\":\"Twig_Template\",\"method\":\"getAttribute\",\"args\":\"Craft\\\\CommerceVariable, \\\"cart\\\", array(), \\\"any\\\"\"},{\"objectClass\":\"__TwigTemplate_db6e73f940798430e3c58cd91c9c38ee50b6cf32049e7af9a163b4c4c0a1e983\",\"file\":\"\\/Users\\/beuschau\\/_sites\\/elektronikforsikring.dk\\/craft\\/storage\\/runtime\\/compiled_templates\\/50\\/5098efbef57c26ddead2a2c495a71040c7d1cbd409ea52985d1701c337a2b681.php\",\"line\":69,\"class\":\"Craft\\\\BaseTemplate\",\"method\":\"getAttribute\",\"args\":\"Craft\\\\CommerceVariable, \\\"cart\\\", array()\",\"template\":\"commerce\\/_layouts\\/main\",\"templateLine\":33},{\"objectClass\":\"__TwigTemplate_db6e73f940798430e3c58cd91c9c38ee50b6cf32049e7af9a163b4c4c0a1e983\",\"file\":\"\\/Users\\/beuschau\\/_sites\\/elektronikforsikring.dk\\/craft\\/app\\/vendor\\/twig\\/twig\\/lib\\/Twig\\/Template.php\",\"line\":381,\"class\":\"__TwigTemplate_db6e73f940798430e3c58cd91c9c38ee50b6cf32049e7af9a163b4c4c0a1e983\",\"method\":\"doDisplay\",\"args\":\"array(\\\"matches\\\" => array(\\\"shop\\/kurv\\\"), \\\"user\\\" => Craft\\\\UserModel, \\\"currentUser\\\" => Craft\\\\UserModel, \\\"craft\\\" => Craft\\\\CraftVariable), array(\\\"main\\\" => array(__TwigTemplate_db6e73f940798430e3c58cd91c9c38ee50b6cf32049e7af9a163b4c4c0a1e983, \\\"block_main\\\"), \\\"content\\\" => array(__TwigTemplate_3d871dd27cc1ce875aab6807b61d097491bd19d99475474e2ee7e8af3d569c1d, \\\"block_content\\\"))\"},{\"objectClass\":\"__TwigTemplate_db6e73f940798430e3c58cd91c9c38ee50b6cf32049e7af9a163b4c4c0a1e983\",\"file\":\"\\/Users\\/beuschau\\/_sites\\/elektronikforsikring.dk\\/craft\\/app\\/etc\\/templating\\/BaseTemplate.php\",\"line\":26,\"class\":\"Twig_Template\",\"method\":\"displayWithErrorHandling\",\"args\":\"array(\\\"matches\\\" => array(\\\"shop\\/kurv\\\"), \\\"user\\\" => Craft\\\\UserModel, \\\"currentUser\\\" => Craft\\\\UserModel, \\\"craft\\\" => Craft\\\\CraftVariable), array(\\\"main\\\" => array(__TwigTemplate_db6e73f940798430e3c58cd91c9c38ee50b6cf32049e7af9a163b4c4c0a1e983, \\\"block_main\\\"), \\\"content\\\" => array(__TwigTemplate_3d871dd27cc1ce875aab6807b61d097491bd19d99475474e2ee7e8af3d569c1d, \\\"block_content\\\"))\"},{\"objectClass\":\"__TwigTemplate_db6e73f940798430e3c58cd91c9c38ee50b6cf32049e7af9a163b4c4c0a1e983\",\"file\":\"\\/Users\\/beuschau\\/_sites\\/elektronikforsikring.dk\\/craft\\/app\\/vendor\\/twig\\/twig\\/lib\\/Twig\\/Template.php\",\"line\":355,\"class\":\"Craft\\\\BaseTemplate\",\"method\":\"displayWithErrorHandling\",\"args\":\"array(\\\"matches\\\" => array(\\\"shop\\/kurv\\\"), \\\"user\\\" => Craft\\\\UserModel, \\\"currentUser\\\" => Craft\\\\UserModel, \\\"craft\\\" => Craft\\\\CraftVariable), array(\\\"main\\\" => array(__TwigTemplate_db6e73f940798430e3c58cd91c9c38ee50b6cf32049e7af9a163b4c4c0a1e983, \\\"block_main\\\"), \\\"content\\\" => array(__TwigTemplate_3d871dd27cc1ce875aab6807b61d097491bd19d99475474e2ee7e8af3d569c1d, \\\"block_content\\\"))\"},{\"objectClass\":\"__TwigTemplate_db6e73f940798430e3c58cd91c9c38ee50b6cf32049e7af9a163b4c4c0a1e983\",\"file\":\"\\/Users\\/beuschau\\/_sites\\/elektronikforsikring.dk\\/craft\\/storage\\/runtime\\/compiled_templates\\/ea\\/ea56474abc04eff83618d305f27c9d71fe2794fac0f61da8c2ae926fb40d6abc.php\",\"line\":27,\"class\":\"Twig_Template\",\"method\":\"display\",\"args\":\"array(\\\"matches\\\" => array(\\\"shop\\/kurv\\\"), \\\"user\\\" => Craft\\\\UserModel, \\\"currentUser\\\" => Craft\\\\UserModel, \\\"craft\\\" => Craft\\\\CraftVariable), array(\\\"content\\\" => array(__TwigTemplate_3d871dd27cc1ce875aab6807b61d097491bd19d99475474e2ee7e8af3d569c1d, \\\"block_content\\\"))\",\"template\":\"commerce\\/_layouts\\/main\",\"templateLine\":1},{\"objectClass\":\"__TwigTemplate_3d871dd27cc1ce875aab6807b61d097491bd19d99475474e2ee7e8af3d569c1d\",\"file\":\"\\/Users\\/beuschau\\/_sites\\/elektronikforsikring.dk\\/craft\\/app\\/vendor\\/twig\\/twig\\/lib\\/Twig\\/Template.php\",\"line\":381,\"class\":\"__TwigTemplate_3d871dd27cc1ce875aab6807b61d097491bd19d99475474e2ee7e8af3d569c1d\",\"method\":\"doDisplay\",\"args\":\"array(\\\"matches\\\" => array(\\\"shop\\/kurv\\\"), \\\"user\\\" => Craft\\\\UserModel, \\\"currentUser\\\" => Craft\\\\UserModel, \\\"craft\\\" => Craft\\\\CraftVariable), array(\\\"content\\\" => array(__TwigTemplate_3d871dd27cc1ce875aab6807b61d097491bd19d99475474e2ee7e8af3d569c1d, \\\"block_content\\\"))\"},{\"objectClass\":\"__TwigTemplate_3d871dd27cc1ce875aab6807b61d097491bd19d99475474e2ee7e8af3d569c1d\",\"file\":\"\\/Users\\/beuschau\\/_sites\\/elektronikforsikring.dk\\/craft\\/app\\/etc\\/templating\\/BaseTemplate.php\",\"line\":26,\"class\":\"Twig_Template\",\"method\":\"displayWithErrorHandling\",\"args\":\"array(\\\"matches\\\" => array(\\\"shop\\/kurv\\\"), \\\"user\\\" => Craft\\\\UserModel, \\\"currentUser\\\" => Craft\\\\UserModel, \\\"craft\\\" => Craft\\\\CraftVariable), array(\\\"content\\\" => array(__TwigTemplate_3d871dd27cc1ce875aab6807b61d097491bd19d99475474e2ee7e8af3d569c1d, \\\"block_content\\\"))\"},{\"objectClass\":\"__TwigTemplate_3d871dd27cc1ce875aab6807b61d097491bd19d99475474e2ee7e8af3d569c1d\",\"file\":\"\\/Users\\/beuschau\\/_sites\\/elektronikforsikring.dk\\/craft\\/app\\/vendor\\/twig\\/twig\\/lib\\/Twig\\/Template.php\",\"line\":355,\"class\":\"Craft\\\\BaseTemplate\",\"method\":\"displayWithErrorHandling\",\"args\":\"array(\\\"matches\\\" => array(\\\"shop\\/kurv\\\"), \\\"user\\\" => Craft\\\\UserModel, \\\"currentUser\\\" => Craft\\\\UserModel, \\\"craft\\\" => Craft\\\\CraftVariable), array(\\\"content\\\" => array(__TwigTemplate_3d871dd27cc1ce875aab6807b61d097491bd19d99475474e2ee7e8af3d569c1d, \\\"block_content\\\"))\"},{\"objectClass\":\"__TwigTemplate_3d871dd27cc1ce875aab6807b61d097491bd19d99475474e2ee7e8af3d569c1d\",\"file\":\"\\/Users\\/beuschau\\/_sites\\/elektronikforsikring.dk\\/craft\\/app\\/vendor\\/twig\\/twig\\/lib\\/Twig\\/Template.php\",\"line\":366,\"class\":\"Twig_Template\",\"method\":\"display\",\"args\":\"array(\\\"matches\\\" => array(\\\"shop\\/kurv\\\"))\"},{\"objectClass\":\"__TwigTemplate_3d871dd27cc1ce875aab6807b61d097491bd19d99475474e2ee7e8af3d569c1d\",\"file\":\"\\/Users\\/beuschau\\/_sites\\/elektronikforsikring.dk\\/craft\\/app\\/vendor\\/twig\\/twig\\/lib\\/Twig\\/Environment.php\",\"line\":347,\"class\":\"Twig_Template\",\"method\":\"render\",\"args\":\"array(\\\"matches\\\" => array(\\\"shop\\/kurv\\\"))\"},{\"objectClass\":\"Craft\\\\TwigEnvironment\",\"file\":\"\\/Users\\/beuschau\\/_sites\\/elektronikforsikring.dk\\/craft\\/app\\/services\\/TemplatesService.php\",\"line\":246,\"class\":\"Twig_Environment\",\"method\":\"render\",\"args\":\"\\\"commerce\\/kurv\\/index\\\", array(\\\"matches\\\" => array(\\\"shop\\/kurv\\\"))\"},{\"objectClass\":\"Craft\\\\TemplatesService\",\"file\":\"\\/Users\\/beuschau\\/_sites\\/elektronikforsikring.dk\\/craft\\/app\\/controllers\\/BaseController.php\",\"line\":74,\"class\":\"Craft\\\\TemplatesService\",\"method\":\"render\",\"args\":\"\\\"commerce\\/kurv\\/index\\\", array(\\\"matches\\\" => array(\\\"shop\\/kurv\\\"))\"},{\"objectClass\":\"Craft\\\\TemplatesController\",\"file\":\"\\/Users\\/beuschau\\/_sites\\/elektronikforsikring.dk\\/craft\\/app\\/controllers\\/TemplatesController.php\",\"line\":55,\"class\":\"Craft\\\\BaseController\",\"method\":\"renderTemplate\",\"args\":\"\\\"commerce\\/kurv\\/index\\\", array(\\\"matches\\\" => array(\\\"shop\\/kurv\\\"))\"},{\"objectClass\":\"Craft\\\\TemplatesController\",\"file\":null,\"line\":null,\"class\":\"Craft\\\\TemplatesController\",\"method\":\"actionRender\",\"args\":\"\\\"commerce\\/kurv\\/index\\\", array(\\\"matches\\\" => array(\\\"shop\\/kurv\\\"))\"},{\"objectClass\":\"ReflectionMethod\",\"file\":\"\\/Users\\/beuschau\\/_sites\\/elektronikforsikring.dk\\/craft\\/app\\/framework\\/web\\/actions\\/CAction.php\",\"line\":109,\"class\":\"ReflectionMethod\",\"method\":\"invokeArgs\",\"args\":\"Craft\\\\TemplatesController, array(\\\"commerce\\/kurv\\/index\\\", array(\\\"matches\\\" => array(\\\"shop\\/kurv\\\")))\"},{\"objectClass\":\"CInlineAction\",\"file\":\"\\/Users\\/beuschau\\/_sites\\/elektronikforsikring.dk\\/craft\\/app\\/framework\\/web\\/actions\\/CInlineAction.php\",\"line\":47,\"class\":\"CAction\",\"method\":\"runWithParamsInternal\",\"args\":\"Craft\\\\TemplatesController, ReflectionMethod, array(\\\"p\\\" => \\\"shop\\/kurv\\\", \\\"variables\\\" => array(\\\"matches\\\" => array(\\\"shop\\/kurv\\\")), \\\"template\\\" => \\\"commerce\\/kurv\\/index\\\")\"},{\"objectClass\":\"CInlineAction\",\"file\":\"\\/Users\\/beuschau\\/_sites\\/elektronikforsikring.dk\\/craft\\/app\\/framework\\/web\\/CController.php\",\"line\":308,\"class\":\"CInlineAction\",\"method\":\"runWithParams\",\"args\":\"array(\\\"p\\\" => \\\"shop\\/kurv\\\", \\\"variables\\\" => array(\\\"matches\\\" => array(\\\"shop\\/kurv\\\")), \\\"template\\\" => \\\"commerce\\/kurv\\/index\\\")\"},{\"objectClass\":\"Craft\\\\TemplatesController\",\"file\":\"\\/Users\\/beuschau\\/_sites\\/elektronikforsikring.dk\\/craft\\/app\\/framework\\/web\\/CController.php\",\"line\":286,\"class\":\"CController\",\"method\":\"runAction\",\"args\":\"CInlineAction\"},{\"objectClass\":\"Craft\\\\TemplatesController\",\"file\":\"\\/Users\\/beuschau\\/_sites\\/elektronikforsikring.dk\\/craft\\/app\\/framework\\/web\\/CController.php\",\"line\":265,\"class\":\"CController\",\"method\":\"runActionWithFilters\",\"args\":\"CInlineAction, array()\"},{\"objectClass\":\"Craft\\\\TemplatesController\",\"file\":\"\\/Users\\/beuschau\\/_sites\\/elektronikforsikring.dk\\/craft\\/app\\/framework\\/web\\/CWebApplication.php\",\"line\":282,\"class\":\"CController\",\"method\":\"run\",\"args\":\"\\\"render\\\"\"},{\"objectClass\":\"Craft\\\\WebApp\",\"file\":\"\\/Users\\/beuschau\\/_sites\\/elektronikforsikring.dk\\/craft\\/app\\/framework\\/web\\/CWebApplication.php\",\"line\":141,\"class\":\"CWebApplication\",\"method\":\"runController\",\"args\":\"\\\"templates\\/render\\\"\"},{\"objectClass\":\"Craft\\\\WebApp\",\"file\":\"\\/Users\\/beuschau\\/_sites\\/elektronikforsikring.dk\\/craft\\/app\\/etc\\/web\\/WebApp.php\",\"line\":288,\"class\":\"CWebApplication\",\"method\":\"processRequest\",\"args\":null},{\"objectClass\":\"Craft\\\\WebApp\",\"file\":\"\\/Users\\/beuschau\\/_sites\\/elektronikforsikring.dk\\/craft\\/app\\/framework\\/base\\/CApplication.php\",\"line\":185,\"class\":\"Craft\\\\WebApp\",\"method\":\"processRequest\",\"args\":null},{\"objectClass\":\"Craft\\\\WebApp\",\"file\":\"\\/Users\\/beuschau\\/_sites\\/elektronikforsikring.dk\\/craft\\/app\\/index.php\",\"line\":62,\"class\":\"CApplication\",\"method\":\"run\",\"args\":null},{\"objectClass\":null,\"file\":\"\\/Users\\/beuschau\\/_sites\\/elektronikforsikring.dk\\/public\\/index.php\",\"line\":29,\"class\":null,\"method\":\"require_once\",\"args\":\"\\\"\\/Users\\/beuschau\\/_sites\\/elektronikforsikring.dk\\/craft\\/app\\/index.p...\\\"\"}]', '2016-07-04 10:16:32', '2016-07-05 17:48:55', '89ecbfae-cb3b-4e13-b04c-b8469e0b18ae'),
 ('27', 'Commerce_OrderModel::getItemSubtotalWithSale():removed', '/Users/beuschau/_sites/elektronikforsikring.dk/craft/templates/commerce/checkout/addresses.html:33', '2016-07-04 15:24:21', '/Users/beuschau/_sites/elektronikforsikring.dk/craft/plugins/commerce/models/Commerce_OrderModel.php', '379', 'Craft\\Commerce_OrderModel', 'getItemSubtotalWithSale', '/Users/beuschau/_sites/elektronikforsikring.dk/craft/templates/commerce/checkout/addresses.html', '33', 'You should no longer use `order.itemSubtotalWithSale` for the line item’s subtotal. Use `order.subtotal`. Same goes for order->getItemSubtotalWithSale() in PHP.', '[{\"objectClass\":\"Craft\\\\DeprecatorService\",\"file\":\"\\/Users\\/beuschau\\/_sites\\/elektronikforsikring.dk\\/craft\\/plugins\\/commerce\\/models\\/Commerce_OrderModel.php\",\"line\":379,\"class\":\"Craft\\\\DeprecatorService\",\"method\":\"log\",\"args\":\"\\\"Commerce_OrderModel::getItemSubtotalWithSale():removed\\\", \\\"You should no longer use `order.itemSubtotalWithSale` for the li...\\\"\"},{\"objectClass\":\"Craft\\\\Commerce_OrderModel\",\"file\":\"\\/Users\\/beuschau\\/_sites\\/elektronikforsikring.dk\\/craft\\/plugins\\/commerce\\/services\\/Commerce_OrdersService.php\",\"line\":375,\"class\":\"Craft\\\\Commerce_OrderModel\",\"method\":\"getItemSubtotalWithSale\",\"args\":null},{\"objectClass\":\"Craft\\\\Commerce_OrdersService\",\"file\":\"\\/Users\\/beuschau\\/_sites\\/elektronikforsikring.dk\\/craft\\/plugins\\/commerce\\/services\\/Commerce_OrdersService.php\",\"line\":205,\"class\":\"Craft\\\\Commerce_OrdersService\",\"method\":\"calculateAdjustments\",\"args\":\"Craft\\\\Commerce_OrderModel\"},{\"objectClass\":\"Craft\\\\Commerce_OrdersService\",\"file\":\"\\/Users\\/beuschau\\/_sites\\/elektronikforsikring.dk\\/craft\\/plugins\\/commerce\\/services\\/Commerce_CartService.php\",\"line\":361,\"class\":\"Craft\\\\Commerce_OrdersService\",\"method\":\"saveOrder\",\"args\":\"Craft\\\\Commerce_OrderModel\"},{\"objectClass\":\"Craft\\\\Commerce_CartService\",\"file\":\"\\/Users\\/beuschau\\/_sites\\/elektronikforsikring.dk\\/craft\\/plugins\\/commerce\\/variables\\/CommerceVariable.php\",\"line\":67,\"class\":\"Craft\\\\Commerce_CartService\",\"method\":\"getCart\",\"args\":null},{\"objectClass\":\"Craft\\\\CommerceVariable\",\"file\":\"\\/Users\\/beuschau\\/_sites\\/elektronikforsikring.dk\\/craft\\/app\\/vendor\\/twig\\/twig\\/lib\\/Twig\\/Template.php\",\"line\":609,\"class\":\"Craft\\\\CommerceVariable\",\"method\":\"getCart\",\"args\":null},{\"objectClass\":\"__TwigTemplate_ecd4028ab7ddf241e00b0936a2ed286282b5ad63c636d22ad483f4d555d23b9d\",\"file\":\"\\/Users\\/beuschau\\/_sites\\/elektronikforsikring.dk\\/craft\\/app\\/etc\\/templating\\/BaseTemplate.php\",\"line\":64,\"class\":\"Twig_Template\",\"method\":\"getAttribute\",\"args\":\"Craft\\\\CommerceVariable, \\\"cart\\\", array(), \\\"any\\\"\"},{\"objectClass\":\"__TwigTemplate_ecd4028ab7ddf241e00b0936a2ed286282b5ad63c636d22ad483f4d555d23b9d\",\"file\":\"\\/Users\\/beuschau\\/_sites\\/elektronikforsikring.dk\\/craft\\/storage\\/runtime\\/compiled_templates\\/e0\\/e0d0b7ef9efb0c0acbb7c06d3d50e2724a97a61dea26b0eb8a3489ebc70c64a0.php\",\"line\":68,\"class\":\"Craft\\\\BaseTemplate\",\"method\":\"getAttribute\",\"args\":\"Craft\\\\CommerceVariable, \\\"cart\\\", array()\",\"template\":\"commerce\\/_layouts\\/main\",\"templateLine\":33},{\"objectClass\":\"__TwigTemplate_ecd4028ab7ddf241e00b0936a2ed286282b5ad63c636d22ad483f4d555d23b9d\",\"file\":\"\\/Users\\/beuschau\\/_sites\\/elektronikforsikring.dk\\/craft\\/app\\/vendor\\/twig\\/twig\\/lib\\/Twig\\/Template.php\",\"line\":381,\"class\":\"__TwigTemplate_ecd4028ab7ddf241e00b0936a2ed286282b5ad63c636d22ad483f4d555d23b9d\",\"method\":\"doDisplay\",\"args\":\"array(\\\"user\\\" => Craft\\\\UserModel, \\\"currentUser\\\" => Craft\\\\UserModel, \\\"craft\\\" => Craft\\\\CraftVariable, \\\"blx\\\" => Craft\\\\CraftVariable), array(\\\"content\\\" => array(__TwigTemplate_324c03510a0069e94facc88487825e08804dfb8debdc3c8045381789e62a8b62, \\\"block_content\\\"), \\\"header\\\" => array(__TwigTemplate_5a61cf554ffca465d4d0b2771e72f87c156ad7438620b9a2b8282c5de949a607, \\\"block_header\\\"), \\\"main\\\" => array(__TwigTemplate_5a61cf554ffca465d4d0b2771e72f87c156ad7438620b9a2b8282c5de949a607, \\\"block_main\\\"))\"},{\"objectClass\":\"__TwigTemplate_ecd4028ab7ddf241e00b0936a2ed286282b5ad63c636d22ad483f4d555d23b9d\",\"file\":\"\\/Users\\/beuschau\\/_sites\\/elektronikforsikring.dk\\/craft\\/app\\/etc\\/templating\\/BaseTemplate.php\",\"line\":26,\"class\":\"Twig_Template\",\"method\":\"displayWithErrorHandling\",\"args\":\"array(\\\"user\\\" => Craft\\\\UserModel, \\\"currentUser\\\" => Craft\\\\UserModel, \\\"craft\\\" => Craft\\\\CraftVariable, \\\"blx\\\" => Craft\\\\CraftVariable), array(\\\"content\\\" => array(__TwigTemplate_324c03510a0069e94facc88487825e08804dfb8debdc3c8045381789e62a8b62, \\\"block_content\\\"), \\\"header\\\" => array(__TwigTemplate_5a61cf554ffca465d4d0b2771e72f87c156ad7438620b9a2b8282c5de949a607, \\\"block_header\\\"), \\\"main\\\" => array(__TwigTemplate_5a61cf554ffca465d4d0b2771e72f87c156ad7438620b9a2b8282c5de949a607, \\\"block_main\\\"))\"},{\"objectClass\":\"__TwigTemplate_ecd4028ab7ddf241e00b0936a2ed286282b5ad63c636d22ad483f4d555d23b9d\",\"file\":\"\\/Users\\/beuschau\\/_sites\\/elektronikforsikring.dk\\/craft\\/app\\/vendor\\/twig\\/twig\\/lib\\/Twig\\/Template.php\",\"line\":355,\"class\":\"Craft\\\\BaseTemplate\",\"method\":\"displayWithErrorHandling\",\"args\":\"array(\\\"user\\\" => Craft\\\\UserModel, \\\"currentUser\\\" => Craft\\\\UserModel, \\\"craft\\\" => Craft\\\\CraftVariable, \\\"blx\\\" => Craft\\\\CraftVariable), array(\\\"content\\\" => array(__TwigTemplate_324c03510a0069e94facc88487825e08804dfb8debdc3c8045381789e62a8b62, \\\"block_content\\\"), \\\"header\\\" => array(__TwigTemplate_5a61cf554ffca465d4d0b2771e72f87c156ad7438620b9a2b8282c5de949a607, \\\"block_header\\\"), \\\"main\\\" => array(__TwigTemplate_5a61cf554ffca465d4d0b2771e72f87c156ad7438620b9a2b8282c5de949a607, \\\"block_main\\\"))\"},{\"objectClass\":\"__TwigTemplate_ecd4028ab7ddf241e00b0936a2ed286282b5ad63c636d22ad483f4d555d23b9d\",\"file\":\"\\/Users\\/beuschau\\/_sites\\/elektronikforsikring.dk\\/craft\\/storage\\/runtime\\/compiled_templates\\/7c\\/7cf001a57dd95978457c67614b99c7af82dcc6aff9571f40bfe233e3dadfaf4e.php\",\"line\":29,\"class\":\"Twig_Template\",\"method\":\"display\",\"args\":\"array(\\\"user\\\" => Craft\\\\UserModel, \\\"currentUser\\\" => Craft\\\\UserModel, \\\"craft\\\" => Craft\\\\CraftVariable, \\\"blx\\\" => Craft\\\\CraftVariable), array(\\\"header\\\" => array(__TwigTemplate_5a61cf554ffca465d4d0b2771e72f87c156ad7438620b9a2b8282c5de949a607, \\\"block_header\\\"), \\\"main\\\" => array(__TwigTemplate_5a61cf554ffca465d4d0b2771e72f87c156ad7438620b9a2b8282c5de949a607, \\\"block_main\\\"), \\\"content\\\" => array(__TwigTemplate_324c03510a0069e94facc88487825e08804dfb8debdc3c8045381789e62a8b62, \\\"block_content\\\"))\",\"template\":\"commerce\\/_layouts\\/main\",\"templateLine\":7},{\"objectClass\":\"__TwigTemplate_5a61cf554ffca465d4d0b2771e72f87c156ad7438620b9a2b8282c5de949a607\",\"file\":\"\\/Users\\/beuschau\\/_sites\\/elektronikforsikring.dk\\/craft\\/app\\/vendor\\/twig\\/twig\\/lib\\/Twig\\/Template.php\",\"line\":381,\"class\":\"__TwigTemplate_5a61cf554ffca465d4d0b2771e72f87c156ad7438620b9a2b8282c5de949a607\",\"method\":\"doDisplay\",\"args\":\"array(\\\"user\\\" => Craft\\\\UserModel, \\\"currentUser\\\" => Craft\\\\UserModel, \\\"craft\\\" => Craft\\\\CraftVariable, \\\"blx\\\" => Craft\\\\CraftVariable), array(\\\"header\\\" => array(__TwigTemplate_5a61cf554ffca465d4d0b2771e72f87c156ad7438620b9a2b8282c5de949a607, \\\"block_header\\\"), \\\"main\\\" => array(__TwigTemplate_5a61cf554ffca465d4d0b2771e72f87c156ad7438620b9a2b8282c5de949a607, \\\"block_main\\\"), \\\"content\\\" => array(__TwigTemplate_324c03510a0069e94facc88487825e08804dfb8debdc3c8045381789e62a8b62, \\\"block_content\\\"))\"},{\"objectClass\":\"__TwigTemplate_5a61cf554ffca465d4d0b2771e72f87c156ad7438620b9a2b8282c5de949a607\",\"file\":\"\\/Users\\/beuschau\\/_sites\\/elektronikforsikring.dk\\/craft\\/app\\/etc\\/templating\\/BaseTemplate.php\",\"line\":26,\"class\":\"Twig_Template\",\"method\":\"displayWithErrorHandling\",\"args\":\"array(\\\"user\\\" => Craft\\\\UserModel, \\\"currentUser\\\" => Craft\\\\UserModel, \\\"craft\\\" => Craft\\\\CraftVariable, \\\"blx\\\" => Craft\\\\CraftVariable), array(\\\"header\\\" => array(__TwigTemplate_5a61cf554ffca465d4d0b2771e72f87c156ad7438620b9a2b8282c5de949a607, \\\"block_header\\\"), \\\"main\\\" => array(__TwigTemplate_5a61cf554ffca465d4d0b2771e72f87c156ad7438620b9a2b8282c5de949a607, \\\"block_main\\\"), \\\"content\\\" => array(__TwigTemplate_324c03510a0069e94facc88487825e08804dfb8debdc3c8045381789e62a8b62, \\\"block_content\\\"))\"},{\"objectClass\":\"__TwigTemplate_5a61cf554ffca465d4d0b2771e72f87c156ad7438620b9a2b8282c5de949a607\",\"file\":\"\\/Users\\/beuschau\\/_sites\\/elektronikforsikring.dk\\/craft\\/app\\/vendor\\/twig\\/twig\\/lib\\/Twig\\/Template.php\",\"line\":355,\"class\":\"Craft\\\\BaseTemplate\",\"method\":\"displayWithErrorHandling\",\"args\":\"array(\\\"user\\\" => Craft\\\\UserModel, \\\"currentUser\\\" => Craft\\\\UserModel, \\\"craft\\\" => Craft\\\\CraftVariable, \\\"blx\\\" => Craft\\\\CraftVariable), array(\\\"header\\\" => array(__TwigTemplate_5a61cf554ffca465d4d0b2771e72f87c156ad7438620b9a2b8282c5de949a607, \\\"block_header\\\"), \\\"main\\\" => array(__TwigTemplate_5a61cf554ffca465d4d0b2771e72f87c156ad7438620b9a2b8282c5de949a607, \\\"block_main\\\"), \\\"content\\\" => array(__TwigTemplate_324c03510a0069e94facc88487825e08804dfb8debdc3c8045381789e62a8b62, \\\"block_content\\\"))\"},{\"objectClass\":\"__TwigTemplate_5a61cf554ffca465d4d0b2771e72f87c156ad7438620b9a2b8282c5de949a607\",\"file\":\"\\/Users\\/beuschau\\/_sites\\/elektronikforsikring.dk\\/craft\\/storage\\/runtime\\/compiled_templates\\/6b\\/6b1a5cb2a53facf8634edddb803aea68c43d49e5452886fd16d1ce848912cf49.php\",\"line\":24,\"class\":\"Twig_Template\",\"method\":\"display\",\"args\":\"array(\\\"user\\\" => Craft\\\\UserModel, \\\"currentUser\\\" => Craft\\\\UserModel, \\\"craft\\\" => Craft\\\\CraftVariable, \\\"blx\\\" => Craft\\\\CraftVariable), array(\\\"content\\\" => array(__TwigTemplate_324c03510a0069e94facc88487825e08804dfb8debdc3c8045381789e62a8b62, \\\"block_content\\\"))\",\"template\":\"commerce\\/_layouts\\/checkout\",\"templateLine\":3},{\"objectClass\":\"__TwigTemplate_324c03510a0069e94facc88487825e08804dfb8debdc3c8045381789e62a8b62\",\"file\":\"\\/Users\\/beuschau\\/_sites\\/elektronikforsikring.dk\\/craft\\/app\\/vendor\\/twig\\/twig\\/lib\\/Twig\\/Template.php\",\"line\":381,\"class\":\"__TwigTemplate_324c03510a0069e94facc88487825e08804dfb8debdc3c8045381789e62a8b62\",\"method\":\"doDisplay\",\"args\":\"array(\\\"user\\\" => Craft\\\\UserModel, \\\"currentUser\\\" => Craft\\\\UserModel, \\\"craft\\\" => Craft\\\\CraftVariable, \\\"blx\\\" => Craft\\\\CraftVariable), array(\\\"content\\\" => array(__TwigTemplate_324c03510a0069e94facc88487825e08804dfb8debdc3c8045381789e62a8b62, \\\"block_content\\\"))\"},{\"objectClass\":\"__TwigTemplate_324c03510a0069e94facc88487825e08804dfb8debdc3c8045381789e62a8b62\",\"file\":\"\\/Users\\/beuschau\\/_sites\\/elektronikforsikring.dk\\/craft\\/app\\/etc\\/templating\\/BaseTemplate.php\",\"line\":26,\"class\":\"Twig_Template\",\"method\":\"displayWithErrorHandling\",\"args\":\"array(\\\"user\\\" => Craft\\\\UserModel, \\\"currentUser\\\" => Craft\\\\UserModel, \\\"craft\\\" => Craft\\\\CraftVariable, \\\"blx\\\" => Craft\\\\CraftVariable), array(\\\"content\\\" => array(__TwigTemplate_324c03510a0069e94facc88487825e08804dfb8debdc3c8045381789e62a8b62, \\\"block_content\\\"))\"},{\"objectClass\":\"__TwigTemplate_324c03510a0069e94facc88487825e08804dfb8debdc3c8045381789e62a8b62\",\"file\":\"\\/Users\\/beuschau\\/_sites\\/elektronikforsikring.dk\\/craft\\/app\\/vendor\\/twig\\/twig\\/lib\\/Twig\\/Template.php\",\"line\":355,\"class\":\"Craft\\\\BaseTemplate\",\"method\":\"displayWithErrorHandling\",\"args\":\"array(\\\"user\\\" => Craft\\\\UserModel, \\\"currentUser\\\" => Craft\\\\UserModel, \\\"craft\\\" => Craft\\\\CraftVariable, \\\"blx\\\" => Craft\\\\CraftVariable), array(\\\"content\\\" => array(__TwigTemplate_324c03510a0069e94facc88487825e08804dfb8debdc3c8045381789e62a8b62, \\\"block_content\\\"))\"},{\"objectClass\":\"__TwigTemplate_324c03510a0069e94facc88487825e08804dfb8debdc3c8045381789e62a8b62\",\"file\":\"\\/Users\\/beuschau\\/_sites\\/elektronikforsikring.dk\\/craft\\/app\\/vendor\\/twig\\/twig\\/lib\\/Twig\\/Template.php\",\"line\":366,\"class\":\"Twig_Template\",\"method\":\"display\",\"args\":\"array()\"},{\"objectClass\":\"__TwigTemplate_324c03510a0069e94facc88487825e08804dfb8debdc3c8045381789e62a8b62\",\"file\":\"\\/Users\\/beuschau\\/_sites\\/elektronikforsikring.dk\\/craft\\/app\\/vendor\\/twig\\/twig\\/lib\\/Twig\\/Environment.php\",\"line\":347,\"class\":\"Twig_Template\",\"method\":\"render\",\"args\":\"array()\"},{\"objectClass\":\"Craft\\\\TwigEnvironment\",\"file\":\"\\/Users\\/beuschau\\/_sites\\/elektronikforsikring.dk\\/craft\\/app\\/services\\/TemplatesService.php\",\"line\":246,\"class\":\"Twig_Environment\",\"method\":\"render\",\"args\":\"\\\"commerce\\/checkout\\/addresses\\\", array()\"},{\"objectClass\":\"Craft\\\\TemplatesService\",\"file\":\"\\/Users\\/beuschau\\/_sites\\/elektronikforsikring.dk\\/craft\\/app\\/controllers\\/BaseController.php\",\"line\":74,\"class\":\"Craft\\\\TemplatesService\",\"method\":\"render\",\"args\":\"\\\"commerce\\/checkout\\/addresses\\\", array()\"},{\"objectClass\":\"Craft\\\\TemplatesController\",\"file\":\"\\/Users\\/beuschau\\/_sites\\/elektronikforsikring.dk\\/craft\\/app\\/controllers\\/TemplatesController.php\",\"line\":55,\"class\":\"Craft\\\\BaseController\",\"method\":\"renderTemplate\",\"args\":\"\\\"commerce\\/checkout\\/addresses\\\", array()\"},{\"objectClass\":\"Craft\\\\TemplatesController\",\"file\":null,\"line\":null,\"class\":\"Craft\\\\TemplatesController\",\"method\":\"actionRender\",\"args\":\"\\\"commerce\\/checkout\\/addresses\\\", array()\"},{\"objectClass\":\"ReflectionMethod\",\"file\":\"\\/Users\\/beuschau\\/_sites\\/elektronikforsikring.dk\\/craft\\/app\\/framework\\/web\\/actions\\/CAction.php\",\"line\":109,\"class\":\"ReflectionMethod\",\"method\":\"invokeArgs\",\"args\":\"Craft\\\\TemplatesController, array(\\\"commerce\\/checkout\\/addresses\\\", array())\"},{\"objectClass\":\"CInlineAction\",\"file\":\"\\/Users\\/beuschau\\/_sites\\/elektronikforsikring.dk\\/craft\\/app\\/framework\\/web\\/actions\\/CInlineAction.php\",\"line\":47,\"class\":\"CAction\",\"method\":\"runWithParamsInternal\",\"args\":\"Craft\\\\TemplatesController, ReflectionMethod, array(\\\"p\\\" => \\\"commerce\\/checkout\\/addresses\\\", \\\"variables\\\" => array(), \\\"template\\\" => \\\"commerce\\/checkout\\/addresses\\\")\"},{\"objectClass\":\"CInlineAction\",\"file\":\"\\/Users\\/beuschau\\/_sites\\/elektronikforsikring.dk\\/craft\\/app\\/framework\\/web\\/CController.php\",\"line\":308,\"class\":\"CInlineAction\",\"method\":\"runWithParams\",\"args\":\"array(\\\"p\\\" => \\\"commerce\\/checkout\\/addresses\\\", \\\"variables\\\" => array(), \\\"template\\\" => \\\"commerce\\/checkout\\/addresses\\\")\"},{\"objectClass\":\"Craft\\\\TemplatesController\",\"file\":\"\\/Users\\/beuschau\\/_sites\\/elektronikforsikring.dk\\/craft\\/app\\/framework\\/web\\/CController.php\",\"line\":286,\"class\":\"CController\",\"method\":\"runAction\",\"args\":\"CInlineAction\"},{\"objectClass\":\"Craft\\\\TemplatesController\",\"file\":\"\\/Users\\/beuschau\\/_sites\\/elektronikforsikring.dk\\/craft\\/app\\/framework\\/web\\/CController.php\",\"line\":265,\"class\":\"CController\",\"method\":\"runActionWithFilters\",\"args\":\"CInlineAction, array()\"},{\"objectClass\":\"Craft\\\\TemplatesController\",\"file\":\"\\/Users\\/beuschau\\/_sites\\/elektronikforsikring.dk\\/craft\\/app\\/framework\\/web\\/CWebApplication.php\",\"line\":282,\"class\":\"CController\",\"method\":\"run\",\"args\":\"\\\"render\\\"\"},{\"objectClass\":\"Craft\\\\WebApp\",\"file\":\"\\/Users\\/beuschau\\/_sites\\/elektronikforsikring.dk\\/craft\\/app\\/framework\\/web\\/CWebApplication.php\",\"line\":141,\"class\":\"CWebApplication\",\"method\":\"runController\",\"args\":\"\\\"templates\\/render\\\"\"},{\"objectClass\":\"Craft\\\\WebApp\",\"file\":\"\\/Users\\/beuschau\\/_sites\\/elektronikforsikring.dk\\/craft\\/app\\/etc\\/web\\/WebApp.php\",\"line\":288,\"class\":\"CWebApplication\",\"method\":\"processRequest\",\"args\":null},{\"objectClass\":\"Craft\\\\WebApp\",\"file\":\"\\/Users\\/beuschau\\/_sites\\/elektronikforsikring.dk\\/craft\\/app\\/framework\\/base\\/CApplication.php\",\"line\":185,\"class\":\"Craft\\\\WebApp\",\"method\":\"processRequest\",\"args\":null},{\"objectClass\":\"Craft\\\\WebApp\",\"file\":\"\\/Users\\/beuschau\\/_sites\\/elektronikforsikring.dk\\/craft\\/app\\/index.php\",\"line\":62,\"class\":\"CApplication\",\"method\":\"run\",\"args\":null},{\"objectClass\":null,\"file\":\"\\/Users\\/beuschau\\/_sites\\/elektronikforsikring.dk\\/public\\/index.php\",\"line\":29,\"class\":null,\"method\":\"require_once\",\"args\":\"\\\"\\/Users\\/beuschau\\/_sites\\/elektronikforsikring.dk\\/craft\\/app\\/index.p...\\\"\"}]', '2016-07-04 15:24:21', '2016-07-04 15:24:21', '47624809-a39b-436b-b305-2f1851e8d884'),
 ('28', 'Commerce_OrderModel::getItemSubtotalWithSale():removed', '/Users/beuschau/_sites/elektronikforsikring.dk/craft/templates/shop/index.html:2', '2016-07-04 15:27:36', '/Users/beuschau/_sites/elektronikforsikring.dk/craft/plugins/commerce/models/Commerce_OrderModel.php', '379', 'Craft\\Commerce_OrderModel', 'getItemSubtotalWithSale', '/Users/beuschau/_sites/elektronikforsikring.dk/craft/templates/shop/index.html', '2', 'You should no longer use `order.itemSubtotalWithSale` for the line item’s subtotal. Use `order.subtotal`. Same goes for order->getItemSubtotalWithSale() in PHP.', '[{\"objectClass\":\"Craft\\\\DeprecatorService\",\"file\":\"\\/Users\\/beuschau\\/_sites\\/elektronikforsikring.dk\\/craft\\/plugins\\/commerce\\/models\\/Commerce_OrderModel.php\",\"line\":379,\"class\":\"Craft\\\\DeprecatorService\",\"method\":\"log\",\"args\":\"\\\"Commerce_OrderModel::getItemSubtotalWithSale():removed\\\", \\\"You should no longer use `order.itemSubtotalWithSale` for the li...\\\"\"},{\"objectClass\":\"Craft\\\\Commerce_OrderModel\",\"file\":\"\\/Users\\/beuschau\\/_sites\\/elektronikforsikring.dk\\/craft\\/plugins\\/commerce\\/services\\/Commerce_OrdersService.php\",\"line\":375,\"class\":\"Craft\\\\Commerce_OrderModel\",\"method\":\"getItemSubtotalWithSale\",\"args\":null},{\"objectClass\":\"Craft\\\\Commerce_OrdersService\",\"file\":\"\\/Users\\/beuschau\\/_sites\\/elektronikforsikring.dk\\/craft\\/plugins\\/commerce\\/services\\/Commerce_OrdersService.php\",\"line\":205,\"class\":\"Craft\\\\Commerce_OrdersService\",\"method\":\"calculateAdjustments\",\"args\":\"Craft\\\\Commerce_OrderModel\"},{\"objectClass\":\"Craft\\\\Commerce_OrdersService\",\"file\":\"\\/Users\\/beuschau\\/_sites\\/elektronikforsikring.dk\\/craft\\/plugins\\/commerce\\/services\\/Commerce_CartService.php\",\"line\":361,\"class\":\"Craft\\\\Commerce_OrdersService\",\"method\":\"saveOrder\",\"args\":\"Craft\\\\Commerce_OrderModel\"},{\"objectClass\":\"Craft\\\\Commerce_CartService\",\"file\":\"\\/Users\\/beuschau\\/_sites\\/elektronikforsikring.dk\\/craft\\/plugins\\/commerce\\/variables\\/CommerceVariable.php\",\"line\":67,\"class\":\"Craft\\\\Commerce_CartService\",\"method\":\"getCart\",\"args\":null},{\"objectClass\":\"Craft\\\\CommerceVariable\",\"file\":\"\\/Users\\/beuschau\\/_sites\\/elektronikforsikring.dk\\/craft\\/app\\/vendor\\/twig\\/twig\\/lib\\/Twig\\/Template.php\",\"line\":609,\"class\":\"Craft\\\\CommerceVariable\",\"method\":\"getCart\",\"args\":null},{\"objectClass\":\"__TwigTemplate_21a65f69e8c10b3c90f1e12bf4d13149cc6000ecaa5a9f713d49985eafdcde69\",\"file\":\"\\/Users\\/beuschau\\/_sites\\/elektronikforsikring.dk\\/craft\\/app\\/etc\\/templating\\/BaseTemplate.php\",\"line\":64,\"class\":\"Twig_Template\",\"method\":\"getAttribute\",\"args\":\"Craft\\\\CommerceVariable, \\\"cart\\\", array(), \\\"any\\\"\"},{\"objectClass\":\"__TwigTemplate_21a65f69e8c10b3c90f1e12bf4d13149cc6000ecaa5a9f713d49985eafdcde69\",\"file\":\"\\/Users\\/beuschau\\/_sites\\/elektronikforsikring.dk\\/craft\\/storage\\/runtime\\/compiled_templates\\/d4\\/d4a92790c8f478100d36fdb57e9eb486e1f445fb37cb697d6f567a6e85b461a1.php\",\"line\":25,\"class\":\"Craft\\\\BaseTemplate\",\"method\":\"getAttribute\",\"args\":\"Craft\\\\CommerceVariable, \\\"cart\\\", array()\",\"template\":\"\\/\\/commerce\",\"templateLine\":2},{\"objectClass\":\"__TwigTemplate_21a65f69e8c10b3c90f1e12bf4d13149cc6000ecaa5a9f713d49985eafdcde69\",\"file\":\"\\/Users\\/beuschau\\/_sites\\/elektronikforsikring.dk\\/craft\\/app\\/vendor\\/twig\\/twig\\/lib\\/Twig\\/Template.php\",\"line\":381,\"class\":\"__TwigTemplate_21a65f69e8c10b3c90f1e12bf4d13149cc6000ecaa5a9f713d49985eafdcde69\",\"method\":\"doDisplay\",\"args\":\"array(\\\"user\\\" => null, \\\"currentUser\\\" => null, \\\"craft\\\" => Craft\\\\CraftVariable, \\\"blx\\\" => Craft\\\\CraftVariable), array(\\\"content\\\" => array(__TwigTemplate_21a65f69e8c10b3c90f1e12bf4d13149cc6000ecaa5a9f713d49985eafdcde69, \\\"block_content\\\"))\"},{\"objectClass\":\"__TwigTemplate_21a65f69e8c10b3c90f1e12bf4d13149cc6000ecaa5a9f713d49985eafdcde69\",\"file\":\"\\/Users\\/beuschau\\/_sites\\/elektronikforsikring.dk\\/craft\\/app\\/etc\\/templating\\/BaseTemplate.php\",\"line\":26,\"class\":\"Twig_Template\",\"method\":\"displayWithErrorHandling\",\"args\":\"array(\\\"user\\\" => null, \\\"currentUser\\\" => null, \\\"craft\\\" => Craft\\\\CraftVariable, \\\"blx\\\" => Craft\\\\CraftVariable), array(\\\"content\\\" => array(__TwigTemplate_21a65f69e8c10b3c90f1e12bf4d13149cc6000ecaa5a9f713d49985eafdcde69, \\\"block_content\\\"))\"},{\"objectClass\":\"__TwigTemplate_21a65f69e8c10b3c90f1e12bf4d13149cc6000ecaa5a9f713d49985eafdcde69\",\"file\":\"\\/Users\\/beuschau\\/_sites\\/elektronikforsikring.dk\\/craft\\/app\\/vendor\\/twig\\/twig\\/lib\\/Twig\\/Template.php\",\"line\":355,\"class\":\"Craft\\\\BaseTemplate\",\"method\":\"displayWithErrorHandling\",\"args\":\"array(\\\"user\\\" => null, \\\"currentUser\\\" => null, \\\"craft\\\" => Craft\\\\CraftVariable, \\\"blx\\\" => Craft\\\\CraftVariable), array(\\\"content\\\" => array(__TwigTemplate_21a65f69e8c10b3c90f1e12bf4d13149cc6000ecaa5a9f713d49985eafdcde69, \\\"block_content\\\"))\"},{\"objectClass\":\"__TwigTemplate_21a65f69e8c10b3c90f1e12bf4d13149cc6000ecaa5a9f713d49985eafdcde69\",\"file\":\"\\/Users\\/beuschau\\/_sites\\/elektronikforsikring.dk\\/craft\\/storage\\/runtime\\/compiled_templates\\/d9\\/d933fad49336aa875c8a72e8798f8a43f9b66a05e0ae46c2b61069b7dd20d537.php\",\"line\":37,\"class\":\"Twig_Template\",\"method\":\"display\",\"args\":\"array(\\\"user\\\" => null, \\\"currentUser\\\" => null, \\\"craft\\\" => Craft\\\\CraftVariable, \\\"blx\\\" => Craft\\\\CraftVariable)\",\"template\":\"\\/\\/commerce\",\"templateLine\":5},{\"objectClass\":\"__TwigTemplate_6dea69b675f988fedb73012da2e52c631b8b7f982db17d4f08e26812394cd80b\",\"file\":\"\\/Users\\/beuschau\\/_sites\\/elektronikforsikring.dk\\/craft\\/app\\/vendor\\/twig\\/twig\\/lib\\/Twig\\/Template.php\",\"line\":381,\"class\":\"__TwigTemplate_6dea69b675f988fedb73012da2e52c631b8b7f982db17d4f08e26812394cd80b\",\"method\":\"doDisplay\",\"args\":\"array(\\\"user\\\" => null, \\\"currentUser\\\" => null, \\\"craft\\\" => Craft\\\\CraftVariable, \\\"blx\\\" => Craft\\\\CraftVariable), array()\"},{\"objectClass\":\"__TwigTemplate_6dea69b675f988fedb73012da2e52c631b8b7f982db17d4f08e26812394cd80b\",\"file\":\"\\/Users\\/beuschau\\/_sites\\/elektronikforsikring.dk\\/craft\\/app\\/etc\\/templating\\/BaseTemplate.php\",\"line\":26,\"class\":\"Twig_Template\",\"method\":\"displayWithErrorHandling\",\"args\":\"array(\\\"user\\\" => null, \\\"currentUser\\\" => null, \\\"craft\\\" => Craft\\\\CraftVariable, \\\"blx\\\" => Craft\\\\CraftVariable), array()\"},{\"objectClass\":\"__TwigTemplate_6dea69b675f988fedb73012da2e52c631b8b7f982db17d4f08e26812394cd80b\",\"file\":\"\\/Users\\/beuschau\\/_sites\\/elektronikforsikring.dk\\/craft\\/app\\/vendor\\/twig\\/twig\\/lib\\/Twig\\/Template.php\",\"line\":355,\"class\":\"Craft\\\\BaseTemplate\",\"method\":\"displayWithErrorHandling\",\"args\":\"array(\\\"user\\\" => null, \\\"currentUser\\\" => null, \\\"craft\\\" => Craft\\\\CraftVariable, \\\"blx\\\" => Craft\\\\CraftVariable), array()\"},{\"objectClass\":\"__TwigTemplate_6dea69b675f988fedb73012da2e52c631b8b7f982db17d4f08e26812394cd80b\",\"file\":\"\\/Users\\/beuschau\\/_sites\\/elektronikforsikring.dk\\/craft\\/app\\/vendor\\/twig\\/twig\\/lib\\/Twig\\/Template.php\",\"line\":366,\"class\":\"Twig_Template\",\"method\":\"display\",\"args\":\"array()\"},{\"objectClass\":\"__TwigTemplate_6dea69b675f988fedb73012da2e52c631b8b7f982db17d4f08e26812394cd80b\",\"file\":\"\\/Users\\/beuschau\\/_sites\\/elektronikforsikring.dk\\/craft\\/app\\/vendor\\/twig\\/twig\\/lib\\/Twig\\/Environment.php\",\"line\":347,\"class\":\"Twig_Template\",\"method\":\"render\",\"args\":\"array()\"},{\"objectClass\":\"Craft\\\\TwigEnvironment\",\"file\":\"\\/Users\\/beuschau\\/_sites\\/elektronikforsikring.dk\\/craft\\/app\\/services\\/TemplatesService.php\",\"line\":246,\"class\":\"Twig_Environment\",\"method\":\"render\",\"args\":\"\\\"shop\\\", array()\"},{\"objectClass\":\"Craft\\\\TemplatesService\",\"file\":\"\\/Users\\/beuschau\\/_sites\\/elektronikforsikring.dk\\/craft\\/app\\/controllers\\/BaseController.php\",\"line\":74,\"class\":\"Craft\\\\TemplatesService\",\"method\":\"render\",\"args\":\"\\\"shop\\\", array()\"},{\"objectClass\":\"Craft\\\\TemplatesController\",\"file\":\"\\/Users\\/beuschau\\/_sites\\/elektronikforsikring.dk\\/craft\\/app\\/controllers\\/TemplatesController.php\",\"line\":55,\"class\":\"Craft\\\\BaseController\",\"method\":\"renderTemplate\",\"args\":\"\\\"shop\\\", array()\"},{\"objectClass\":\"Craft\\\\TemplatesController\",\"file\":null,\"line\":null,\"class\":\"Craft\\\\TemplatesController\",\"method\":\"actionRender\",\"args\":\"\\\"shop\\\", array()\"},{\"objectClass\":\"ReflectionMethod\",\"file\":\"\\/Users\\/beuschau\\/_sites\\/elektronikforsikring.dk\\/craft\\/app\\/framework\\/web\\/actions\\/CAction.php\",\"line\":109,\"class\":\"ReflectionMethod\",\"method\":\"invokeArgs\",\"args\":\"Craft\\\\TemplatesController, array(\\\"shop\\\", array())\"},{\"objectClass\":\"CInlineAction\",\"file\":\"\\/Users\\/beuschau\\/_sites\\/elektronikforsikring.dk\\/craft\\/app\\/framework\\/web\\/actions\\/CInlineAction.php\",\"line\":47,\"class\":\"CAction\",\"method\":\"runWithParamsInternal\",\"args\":\"Craft\\\\TemplatesController, ReflectionMethod, array(\\\"p\\\" => \\\"shop\\/\\\", \\\"variables\\\" => array(), \\\"template\\\" => \\\"shop\\\")\"},{\"objectClass\":\"CInlineAction\",\"file\":\"\\/Users\\/beuschau\\/_sites\\/elektronikforsikring.dk\\/craft\\/app\\/framework\\/web\\/CController.php\",\"line\":308,\"class\":\"CInlineAction\",\"method\":\"runWithParams\",\"args\":\"array(\\\"p\\\" => \\\"shop\\/\\\", \\\"variables\\\" => array(), \\\"template\\\" => \\\"shop\\\")\"},{\"objectClass\":\"Craft\\\\TemplatesController\",\"file\":\"\\/Users\\/beuschau\\/_sites\\/elektronikforsikring.dk\\/craft\\/app\\/framework\\/web\\/CController.php\",\"line\":286,\"class\":\"CController\",\"method\":\"runAction\",\"args\":\"CInlineAction\"},{\"objectClass\":\"Craft\\\\TemplatesController\",\"file\":\"\\/Users\\/beuschau\\/_sites\\/elektronikforsikring.dk\\/craft\\/app\\/framework\\/web\\/CController.php\",\"line\":265,\"class\":\"CController\",\"method\":\"runActionWithFilters\",\"args\":\"CInlineAction, array()\"},{\"objectClass\":\"Craft\\\\TemplatesController\",\"file\":\"\\/Users\\/beuschau\\/_sites\\/elektronikforsikring.dk\\/craft\\/app\\/framework\\/web\\/CWebApplication.php\",\"line\":282,\"class\":\"CController\",\"method\":\"run\",\"args\":\"\\\"render\\\"\"},{\"objectClass\":\"Craft\\\\WebApp\",\"file\":\"\\/Users\\/beuschau\\/_sites\\/elektronikforsikring.dk\\/craft\\/app\\/framework\\/web\\/CWebApplication.php\",\"line\":141,\"class\":\"CWebApplication\",\"method\":\"runController\",\"args\":\"\\\"templates\\/render\\\"\"},{\"objectClass\":\"Craft\\\\WebApp\",\"file\":\"\\/Users\\/beuschau\\/_sites\\/elektronikforsikring.dk\\/craft\\/app\\/etc\\/web\\/WebApp.php\",\"line\":288,\"class\":\"CWebApplication\",\"method\":\"processRequest\",\"args\":null},{\"objectClass\":\"Craft\\\\WebApp\",\"file\":\"\\/Users\\/beuschau\\/_sites\\/elektronikforsikring.dk\\/craft\\/app\\/framework\\/base\\/CApplication.php\",\"line\":185,\"class\":\"Craft\\\\WebApp\",\"method\":\"processRequest\",\"args\":null},{\"objectClass\":\"Craft\\\\WebApp\",\"file\":\"\\/Users\\/beuschau\\/_sites\\/elektronikforsikring.dk\\/craft\\/app\\/index.php\",\"line\":62,\"class\":\"CApplication\",\"method\":\"run\",\"args\":null},{\"objectClass\":null,\"file\":\"\\/Users\\/beuschau\\/_sites\\/elektronikforsikring.dk\\/public\\/index.php\",\"line\":29,\"class\":null,\"method\":\"require_once\",\"args\":\"\\\"\\/Users\\/beuschau\\/_sites\\/elektronikforsikring.dk\\/craft\\/app\\/index.p...\\\"\"}]', '2016-07-04 15:27:36', '2016-07-04 15:27:36', 'db60f183-6ed3-4343-8316-5d62c6381ac0'),
 ('35', 'Commerce_OrderModel::getItemSubtotalWithSale():removed', '/Users/beuschau/_sites/elektronikforsikring.dk/craft/templates/commerce/checkout/payment.html:33', '2016-07-16 12:16:48', '/Users/beuschau/_sites/elektronikforsikring.dk/craft/plugins/commerce/models/Commerce_OrderModel.php', '379', 'Craft\\Commerce_OrderModel', 'getItemSubtotalWithSale', '/Users/beuschau/_sites/elektronikforsikring.dk/craft/templates/commerce/checkout/payment.html', '33', 'You should no longer use `order.itemSubtotalWithSale` for the line item’s subtotal. Use `order.subtotal`. Same goes for order->getItemSubtotalWithSale() in PHP.', '[{\"objectClass\":\"Craft\\\\DeprecatorService\",\"file\":\"\\/Users\\/beuschau\\/_sites\\/elektronikforsikring.dk\\/craft\\/plugins\\/commerce\\/models\\/Commerce_OrderModel.php\",\"line\":379,\"class\":\"Craft\\\\DeprecatorService\",\"method\":\"log\",\"args\":\"\\\"Commerce_OrderModel::getItemSubtotalWithSale():removed\\\", \\\"You should no longer use `order.itemSubtotalWithSale` for the li...\\\"\"},{\"objectClass\":\"Craft\\\\Commerce_OrderModel\",\"file\":\"\\/Users\\/beuschau\\/_sites\\/elektronikforsikring.dk\\/craft\\/plugins\\/commerce\\/services\\/Commerce_OrdersService.php\",\"line\":375,\"class\":\"Craft\\\\Commerce_OrderModel\",\"method\":\"getItemSubtotalWithSale\",\"args\":null},{\"objectClass\":\"Craft\\\\Commerce_OrdersService\",\"file\":\"\\/Users\\/beuschau\\/_sites\\/elektronikforsikring.dk\\/craft\\/plugins\\/commerce\\/services\\/Commerce_OrdersService.php\",\"line\":205,\"class\":\"Craft\\\\Commerce_OrdersService\",\"method\":\"calculateAdjustments\",\"args\":\"Craft\\\\Commerce_OrderModel\"},{\"objectClass\":\"Craft\\\\Commerce_OrdersService\",\"file\":\"\\/Users\\/beuschau\\/_sites\\/elektronikforsikring.dk\\/craft\\/plugins\\/commerce\\/services\\/Commerce_CartService.php\",\"line\":361,\"class\":\"Craft\\\\Commerce_OrdersService\",\"method\":\"saveOrder\",\"args\":\"Craft\\\\Commerce_OrderModel\"},{\"objectClass\":\"Craft\\\\Commerce_CartService\",\"file\":\"\\/Users\\/beuschau\\/_sites\\/elektronikforsikring.dk\\/craft\\/plugins\\/commerce\\/variables\\/CommerceVariable.php\",\"line\":67,\"class\":\"Craft\\\\Commerce_CartService\",\"method\":\"getCart\",\"args\":null},{\"objectClass\":\"Craft\\\\CommerceVariable\",\"file\":\"\\/Users\\/beuschau\\/_sites\\/elektronikforsikring.dk\\/craft\\/app\\/vendor\\/twig\\/twig\\/lib\\/Twig\\/Template.php\",\"line\":609,\"class\":\"Craft\\\\CommerceVariable\",\"method\":\"getCart\",\"args\":null},{\"objectClass\":\"__TwigTemplate_db6e73f940798430e3c58cd91c9c38ee50b6cf32049e7af9a163b4c4c0a1e983\",\"file\":\"\\/Users\\/beuschau\\/_sites\\/elektronikforsikring.dk\\/craft\\/app\\/etc\\/templating\\/BaseTemplate.php\",\"line\":64,\"class\":\"Twig_Template\",\"method\":\"getAttribute\",\"args\":\"Craft\\\\CommerceVariable, \\\"cart\\\", array(), \\\"any\\\"\"},{\"objectClass\":\"__TwigTemplate_db6e73f940798430e3c58cd91c9c38ee50b6cf32049e7af9a163b4c4c0a1e983\",\"file\":\"\\/Users\\/beuschau\\/_sites\\/elektronikforsikring.dk\\/craft\\/storage\\/runtime\\/compiled_templates\\/50\\/5098efbef57c26ddead2a2c495a71040c7d1cbd409ea52985d1701c337a2b681.php\",\"line\":69,\"class\":\"Craft\\\\BaseTemplate\",\"method\":\"getAttribute\",\"args\":\"Craft\\\\CommerceVariable, \\\"cart\\\", array()\",\"template\":\"commerce\\/_layouts\\/main\",\"templateLine\":33},{\"objectClass\":\"__TwigTemplate_db6e73f940798430e3c58cd91c9c38ee50b6cf32049e7af9a163b4c4c0a1e983\",\"file\":\"\\/Users\\/beuschau\\/_sites\\/elektronikforsikring.dk\\/craft\\/app\\/vendor\\/twig\\/twig\\/lib\\/Twig\\/Template.php\",\"line\":381,\"class\":\"__TwigTemplate_db6e73f940798430e3c58cd91c9c38ee50b6cf32049e7af9a163b4c4c0a1e983\",\"method\":\"doDisplay\",\"args\":\"array(\\\"user\\\" => null, \\\"currentUser\\\" => null, \\\"craft\\\" => Craft\\\\CraftVariable, \\\"blx\\\" => Craft\\\\CraftVariable), array(\\\"main\\\" => array(__TwigTemplate_2072f0dc6becf03164540f03da66d13e4d7fdc55fae1186b2022750d64095cc4, \\\"block_main\\\"), \\\"content\\\" => array(__TwigTemplate_df2bcd6f979f817883156c343388df84ce47cc4668f2d756b37ceb94522770be, \\\"block_content\\\"), \\\"header\\\" => array(__TwigTemplate_2072f0dc6becf03164540f03da66d13e4d7fdc55fae1186b2022750d64095cc4, \\\"block_header\\\"))\"},{\"objectClass\":\"__TwigTemplate_db6e73f940798430e3c58cd91c9c38ee50b6cf32049e7af9a163b4c4c0a1e983\",\"file\":\"\\/Users\\/beuschau\\/_sites\\/elektronikforsikring.dk\\/craft\\/app\\/etc\\/templating\\/BaseTemplate.php\",\"line\":26,\"class\":\"Twig_Template\",\"method\":\"displayWithErrorHandling\",\"args\":\"array(\\\"user\\\" => null, \\\"currentUser\\\" => null, \\\"craft\\\" => Craft\\\\CraftVariable, \\\"blx\\\" => Craft\\\\CraftVariable), array(\\\"main\\\" => array(__TwigTemplate_2072f0dc6becf03164540f03da66d13e4d7fdc55fae1186b2022750d64095cc4, \\\"block_main\\\"), \\\"content\\\" => array(__TwigTemplate_df2bcd6f979f817883156c343388df84ce47cc4668f2d756b37ceb94522770be, \\\"block_content\\\"), \\\"header\\\" => array(__TwigTemplate_2072f0dc6becf03164540f03da66d13e4d7fdc55fae1186b2022750d64095cc4, \\\"block_header\\\"))\"},{\"objectClass\":\"__TwigTemplate_db6e73f940798430e3c58cd91c9c38ee50b6cf32049e7af9a163b4c4c0a1e983\",\"file\":\"\\/Users\\/beuschau\\/_sites\\/elektronikforsikring.dk\\/craft\\/app\\/vendor\\/twig\\/twig\\/lib\\/Twig\\/Template.php\",\"line\":355,\"class\":\"Craft\\\\BaseTemplate\",\"method\":\"displayWithErrorHandling\",\"args\":\"array(\\\"user\\\" => null, \\\"currentUser\\\" => null, \\\"craft\\\" => Craft\\\\CraftVariable, \\\"blx\\\" => Craft\\\\CraftVariable), array(\\\"main\\\" => array(__TwigTemplate_2072f0dc6becf03164540f03da66d13e4d7fdc55fae1186b2022750d64095cc4, \\\"block_main\\\"), \\\"content\\\" => array(__TwigTemplate_df2bcd6f979f817883156c343388df84ce47cc4668f2d756b37ceb94522770be, \\\"block_content\\\"), \\\"header\\\" => array(__TwigTemplate_2072f0dc6becf03164540f03da66d13e4d7fdc55fae1186b2022750d64095cc4, \\\"block_header\\\"))\"},{\"objectClass\":\"__TwigTemplate_db6e73f940798430e3c58cd91c9c38ee50b6cf32049e7af9a163b4c4c0a1e983\",\"file\":\"\\/Users\\/beuschau\\/_sites\\/elektronikforsikring.dk\\/craft\\/storage\\/runtime\\/compiled_templates\\/72\\/721aefa6092ea269babae6e385331f1459186353a6e4fde94858e8710eb0f1ae.php\",\"line\":29,\"class\":\"Twig_Template\",\"method\":\"display\",\"args\":\"array(\\\"user\\\" => null, \\\"currentUser\\\" => null, \\\"craft\\\" => Craft\\\\CraftVariable, \\\"blx\\\" => Craft\\\\CraftVariable), array(\\\"header\\\" => array(__TwigTemplate_2072f0dc6becf03164540f03da66d13e4d7fdc55fae1186b2022750d64095cc4, \\\"block_header\\\"), \\\"main\\\" => array(__TwigTemplate_2072f0dc6becf03164540f03da66d13e4d7fdc55fae1186b2022750d64095cc4, \\\"block_main\\\"), \\\"content\\\" => array(__TwigTemplate_df2bcd6f979f817883156c343388df84ce47cc4668f2d756b37ceb94522770be, \\\"block_content\\\"))\",\"template\":\"commerce\\/_layouts\\/main\",\"templateLine\":7},{\"objectClass\":\"__TwigTemplate_2072f0dc6becf03164540f03da66d13e4d7fdc55fae1186b2022750d64095cc4\",\"file\":\"\\/Users\\/beuschau\\/_sites\\/elektronikforsikring.dk\\/craft\\/app\\/vendor\\/twig\\/twig\\/lib\\/Twig\\/Template.php\",\"line\":381,\"class\":\"__TwigTemplate_2072f0dc6becf03164540f03da66d13e4d7fdc55fae1186b2022750d64095cc4\",\"method\":\"doDisplay\",\"args\":\"array(\\\"user\\\" => null, \\\"currentUser\\\" => null, \\\"craft\\\" => Craft\\\\CraftVariable, \\\"blx\\\" => Craft\\\\CraftVariable), array(\\\"header\\\" => array(__TwigTemplate_2072f0dc6becf03164540f03da66d13e4d7fdc55fae1186b2022750d64095cc4, \\\"block_header\\\"), \\\"main\\\" => array(__TwigTemplate_2072f0dc6becf03164540f03da66d13e4d7fdc55fae1186b2022750d64095cc4, \\\"block_main\\\"), \\\"content\\\" => array(__TwigTemplate_df2bcd6f979f817883156c343388df84ce47cc4668f2d756b37ceb94522770be, \\\"block_content\\\"))\"},{\"objectClass\":\"__TwigTemplate_2072f0dc6becf03164540f03da66d13e4d7fdc55fae1186b2022750d64095cc4\",\"file\":\"\\/Users\\/beuschau\\/_sites\\/elektronikforsikring.dk\\/craft\\/app\\/etc\\/templating\\/BaseTemplate.php\",\"line\":26,\"class\":\"Twig_Template\",\"method\":\"displayWithErrorHandling\",\"args\":\"array(\\\"user\\\" => null, \\\"currentUser\\\" => null, \\\"craft\\\" => Craft\\\\CraftVariable, \\\"blx\\\" => Craft\\\\CraftVariable), array(\\\"header\\\" => array(__TwigTemplate_2072f0dc6becf03164540f03da66d13e4d7fdc55fae1186b2022750d64095cc4, \\\"block_header\\\"), \\\"main\\\" => array(__TwigTemplate_2072f0dc6becf03164540f03da66d13e4d7fdc55fae1186b2022750d64095cc4, \\\"block_main\\\"), \\\"content\\\" => array(__TwigTemplate_df2bcd6f979f817883156c343388df84ce47cc4668f2d756b37ceb94522770be, \\\"block_content\\\"))\"},{\"objectClass\":\"__TwigTemplate_2072f0dc6becf03164540f03da66d13e4d7fdc55fae1186b2022750d64095cc4\",\"file\":\"\\/Users\\/beuschau\\/_sites\\/elektronikforsikring.dk\\/craft\\/app\\/vendor\\/twig\\/twig\\/lib\\/Twig\\/Template.php\",\"line\":355,\"class\":\"Craft\\\\BaseTemplate\",\"method\":\"displayWithErrorHandling\",\"args\":\"array(\\\"user\\\" => null, \\\"currentUser\\\" => null, \\\"craft\\\" => Craft\\\\CraftVariable, \\\"blx\\\" => Craft\\\\CraftVariable), array(\\\"header\\\" => array(__TwigTemplate_2072f0dc6becf03164540f03da66d13e4d7fdc55fae1186b2022750d64095cc4, \\\"block_header\\\"), \\\"main\\\" => array(__TwigTemplate_2072f0dc6becf03164540f03da66d13e4d7fdc55fae1186b2022750d64095cc4, \\\"block_main\\\"), \\\"content\\\" => array(__TwigTemplate_df2bcd6f979f817883156c343388df84ce47cc4668f2d756b37ceb94522770be, \\\"block_content\\\"))\"},{\"objectClass\":\"__TwigTemplate_2072f0dc6becf03164540f03da66d13e4d7fdc55fae1186b2022750d64095cc4\",\"file\":\"\\/Users\\/beuschau\\/_sites\\/elektronikforsikring.dk\\/craft\\/app\\/vendor\\/twig\\/twig\\/lib\\/Twig\\/Environment.php(403) : eval()\'d code\",\"line\":39,\"class\":\"Twig_Template\",\"method\":\"display\",\"args\":\"array(\\\"user\\\" => null, \\\"currentUser\\\" => null, \\\"craft\\\" => Craft\\\\CraftVariable, \\\"blx\\\" => Craft\\\\CraftVariable), array(\\\"content\\\" => array(__TwigTemplate_df2bcd6f979f817883156c343388df84ce47cc4668f2d756b37ceb94522770be, \\\"block_content\\\"))\"},{\"objectClass\":\"__TwigTemplate_df2bcd6f979f817883156c343388df84ce47cc4668f2d756b37ceb94522770be\",\"file\":\"\\/Users\\/beuschau\\/_sites\\/elektronikforsikring.dk\\/craft\\/app\\/vendor\\/twig\\/twig\\/lib\\/Twig\\/Template.php\",\"line\":381,\"class\":\"__TwigTemplate_df2bcd6f979f817883156c343388df84ce47cc4668f2d756b37ceb94522770be\",\"method\":\"doDisplay\",\"args\":\"array(\\\"user\\\" => null, \\\"currentUser\\\" => null, \\\"craft\\\" => Craft\\\\CraftVariable, \\\"blx\\\" => Craft\\\\CraftVariable), array(\\\"content\\\" => array(__TwigTemplate_df2bcd6f979f817883156c343388df84ce47cc4668f2d756b37ceb94522770be, \\\"block_content\\\"))\"},{\"objectClass\":\"__TwigTemplate_df2bcd6f979f817883156c343388df84ce47cc4668f2d756b37ceb94522770be\",\"file\":\"\\/Users\\/beuschau\\/_sites\\/elektronikforsikring.dk\\/craft\\/app\\/etc\\/templating\\/BaseTemplate.php\",\"line\":26,\"class\":\"Twig_Template\",\"method\":\"displayWithErrorHandling\",\"args\":\"array(\\\"user\\\" => null, \\\"currentUser\\\" => null, \\\"craft\\\" => Craft\\\\CraftVariable, \\\"blx\\\" => Craft\\\\CraftVariable), array(\\\"content\\\" => array(__TwigTemplate_df2bcd6f979f817883156c343388df84ce47cc4668f2d756b37ceb94522770be, \\\"block_content\\\"))\"},{\"objectClass\":\"__TwigTemplate_df2bcd6f979f817883156c343388df84ce47cc4668f2d756b37ceb94522770be\",\"file\":\"\\/Users\\/beuschau\\/_sites\\/elektronikforsikring.dk\\/craft\\/app\\/vendor\\/twig\\/twig\\/lib\\/Twig\\/Template.php\",\"line\":355,\"class\":\"Craft\\\\BaseTemplate\",\"method\":\"displayWithErrorHandling\",\"args\":\"array(\\\"user\\\" => null, \\\"currentUser\\\" => null, \\\"craft\\\" => Craft\\\\CraftVariable, \\\"blx\\\" => Craft\\\\CraftVariable), array(\\\"content\\\" => array(__TwigTemplate_df2bcd6f979f817883156c343388df84ce47cc4668f2d756b37ceb94522770be, \\\"block_content\\\"))\"},{\"objectClass\":\"__TwigTemplate_df2bcd6f979f817883156c343388df84ce47cc4668f2d756b37ceb94522770be\",\"file\":\"\\/Users\\/beuschau\\/_sites\\/elektronikforsikring.dk\\/craft\\/app\\/vendor\\/twig\\/twig\\/lib\\/Twig\\/Template.php\",\"line\":366,\"class\":\"Twig_Template\",\"method\":\"display\",\"args\":\"array()\"},{\"objectClass\":\"__TwigTemplate_df2bcd6f979f817883156c343388df84ce47cc4668f2d756b37ceb94522770be\",\"file\":\"\\/Users\\/beuschau\\/_sites\\/elektronikforsikring.dk\\/craft\\/app\\/vendor\\/twig\\/twig\\/lib\\/Twig\\/Environment.php\",\"line\":347,\"class\":\"Twig_Template\",\"method\":\"render\",\"args\":\"array()\"},{\"objectClass\":\"Craft\\\\TwigEnvironment\",\"file\":\"\\/Users\\/beuschau\\/_sites\\/elektronikforsikring.dk\\/craft\\/app\\/services\\/TemplatesService.php\",\"line\":246,\"class\":\"Twig_Environment\",\"method\":\"render\",\"args\":\"\\\"commerce\\/checkout\\/payment\\\", array()\"},{\"objectClass\":\"Craft\\\\TemplatesService\",\"file\":\"\\/Users\\/beuschau\\/_sites\\/elektronikforsikring.dk\\/craft\\/app\\/controllers\\/BaseController.php\",\"line\":74,\"class\":\"Craft\\\\TemplatesService\",\"method\":\"render\",\"args\":\"\\\"commerce\\/checkout\\/payment\\\", array()\"},{\"objectClass\":\"Craft\\\\TemplatesController\",\"file\":\"\\/Users\\/beuschau\\/_sites\\/elektronikforsikring.dk\\/craft\\/app\\/controllers\\/TemplatesController.php\",\"line\":55,\"class\":\"Craft\\\\BaseController\",\"method\":\"renderTemplate\",\"args\":\"\\\"commerce\\/checkout\\/payment\\\", array()\"},{\"objectClass\":\"Craft\\\\TemplatesController\",\"file\":null,\"line\":null,\"class\":\"Craft\\\\TemplatesController\",\"method\":\"actionRender\",\"args\":\"\\\"commerce\\/checkout\\/payment\\\", array()\"},{\"objectClass\":\"ReflectionMethod\",\"file\":\"\\/Users\\/beuschau\\/_sites\\/elektronikforsikring.dk\\/craft\\/app\\/framework\\/web\\/actions\\/CAction.php\",\"line\":109,\"class\":\"ReflectionMethod\",\"method\":\"invokeArgs\",\"args\":\"Craft\\\\TemplatesController, array(\\\"commerce\\/checkout\\/payment\\\", array())\"},{\"objectClass\":\"CInlineAction\",\"file\":\"\\/Users\\/beuschau\\/_sites\\/elektronikforsikring.dk\\/craft\\/app\\/framework\\/web\\/actions\\/CInlineAction.php\",\"line\":47,\"class\":\"CAction\",\"method\":\"runWithParamsInternal\",\"args\":\"Craft\\\\TemplatesController, ReflectionMethod, array(\\\"p\\\" => \\\"commerce\\/checkout\\/payment\\\", \\\"variables\\\" => array(), \\\"template\\\" => \\\"commerce\\/checkout\\/payment\\\")\"},{\"objectClass\":\"CInlineAction\",\"file\":\"\\/Users\\/beuschau\\/_sites\\/elektronikforsikring.dk\\/craft\\/app\\/framework\\/web\\/CController.php\",\"line\":308,\"class\":\"CInlineAction\",\"method\":\"runWithParams\",\"args\":\"array(\\\"p\\\" => \\\"commerce\\/checkout\\/payment\\\", \\\"variables\\\" => array(), \\\"template\\\" => \\\"commerce\\/checkout\\/payment\\\")\"},{\"objectClass\":\"Craft\\\\TemplatesController\",\"file\":\"\\/Users\\/beuschau\\/_sites\\/elektronikforsikring.dk\\/craft\\/app\\/framework\\/web\\/CController.php\",\"line\":286,\"class\":\"CController\",\"method\":\"runAction\",\"args\":\"CInlineAction\"},{\"objectClass\":\"Craft\\\\TemplatesController\",\"file\":\"\\/Users\\/beuschau\\/_sites\\/elektronikforsikring.dk\\/craft\\/app\\/framework\\/web\\/CController.php\",\"line\":265,\"class\":\"CController\",\"method\":\"runActionWithFilters\",\"args\":\"CInlineAction, array()\"},{\"objectClass\":\"Craft\\\\TemplatesController\",\"file\":\"\\/Users\\/beuschau\\/_sites\\/elektronikforsikring.dk\\/craft\\/app\\/framework\\/web\\/CWebApplication.php\",\"line\":282,\"class\":\"CController\",\"method\":\"run\",\"args\":\"\\\"render\\\"\"},{\"objectClass\":\"Craft\\\\WebApp\",\"file\":\"\\/Users\\/beuschau\\/_sites\\/elektronikforsikring.dk\\/craft\\/app\\/framework\\/web\\/CWebApplication.php\",\"line\":141,\"class\":\"CWebApplication\",\"method\":\"runController\",\"args\":\"\\\"templates\\/render\\\"\"},{\"objectClass\":\"Craft\\\\WebApp\",\"file\":\"\\/Users\\/beuschau\\/_sites\\/elektronikforsikring.dk\\/craft\\/app\\/etc\\/web\\/WebApp.php\",\"line\":288,\"class\":\"CWebApplication\",\"method\":\"processRequest\",\"args\":null},{\"objectClass\":\"Craft\\\\WebApp\",\"file\":\"\\/Users\\/beuschau\\/_sites\\/elektronikforsikring.dk\\/craft\\/app\\/framework\\/base\\/CApplication.php\",\"line\":185,\"class\":\"Craft\\\\WebApp\",\"method\":\"processRequest\",\"args\":null},{\"objectClass\":\"Craft\\\\WebApp\",\"file\":\"\\/Users\\/beuschau\\/_sites\\/elektronikforsikring.dk\\/craft\\/app\\/index.php\",\"line\":62,\"class\":\"CApplication\",\"method\":\"run\",\"args\":null},{\"objectClass\":null,\"file\":\"\\/Users\\/beuschau\\/_sites\\/elektronikforsikring.dk\\/public\\/index.php\",\"line\":29,\"class\":null,\"method\":\"require_once\",\"args\":\"\\\"\\/Users\\/beuschau\\/_sites\\/elektronikforsikring.dk\\/craft\\/app\\/index.p...\\\"\"}]', '2016-07-16 12:16:48', '2016-07-16 12:16:48', '195a92df-28b6-4c86-a716-9ed0bef72f28'),
 ('36', 'Commerce_OrderModel::getItemSubtotalWithSale():removed', '/Users/beuschau/_sites/elektronikforsikring.dk/craft/templates/commerce/index.html:3', '2016-07-20 08:26:30', '/Users/beuschau/_sites/elektronikforsikring.dk/craft/plugins/commerce/models/Commerce_OrderModel.php', '379', 'Craft\\Commerce_OrderModel', 'getItemSubtotalWithSale', '/Users/beuschau/_sites/elektronikforsikring.dk/craft/templates/commerce/index.html', '3', 'You should no longer use `order.itemSubtotalWithSale` for the line item’s subtotal. Use `order.subtotal`. Same goes for order->getItemSubtotalWithSale() in PHP.', '[{\"objectClass\":\"Craft\\\\DeprecatorService\",\"file\":\"\\/Users\\/beuschau\\/_sites\\/elektronikforsikring.dk\\/craft\\/plugins\\/commerce\\/models\\/Commerce_OrderModel.php\",\"line\":379,\"class\":\"Craft\\\\DeprecatorService\",\"method\":\"log\",\"args\":\"\\\"Commerce_OrderModel::getItemSubtotalWithSale():removed\\\", \\\"You should no longer use `order.itemSubtotalWithSale` for the li...\\\"\"},{\"objectClass\":\"Craft\\\\Commerce_OrderModel\",\"file\":\"\\/Users\\/beuschau\\/_sites\\/elektronikforsikring.dk\\/craft\\/plugins\\/commerce\\/services\\/Commerce_OrdersService.php\",\"line\":375,\"class\":\"Craft\\\\Commerce_OrderModel\",\"method\":\"getItemSubtotalWithSale\",\"args\":null},{\"objectClass\":\"Craft\\\\Commerce_OrdersService\",\"file\":\"\\/Users\\/beuschau\\/_sites\\/elektronikforsikring.dk\\/craft\\/plugins\\/commerce\\/services\\/Commerce_OrdersService.php\",\"line\":205,\"class\":\"Craft\\\\Commerce_OrdersService\",\"method\":\"calculateAdjustments\",\"args\":\"Craft\\\\Commerce_OrderModel\"},{\"objectClass\":\"Craft\\\\Commerce_OrdersService\",\"file\":\"\\/Users\\/beuschau\\/_sites\\/elektronikforsikring.dk\\/craft\\/plugins\\/commerce\\/services\\/Commerce_CartService.php\",\"line\":361,\"class\":\"Craft\\\\Commerce_OrdersService\",\"method\":\"saveOrder\",\"args\":\"Craft\\\\Commerce_OrderModel\"},{\"objectClass\":\"Craft\\\\Commerce_CartService\",\"file\":\"\\/Users\\/beuschau\\/_sites\\/elektronikforsikring.dk\\/craft\\/plugins\\/commerce\\/variables\\/CommerceVariable.php\",\"line\":67,\"class\":\"Craft\\\\Commerce_CartService\",\"method\":\"getCart\",\"args\":null},{\"objectClass\":\"Craft\\\\CommerceVariable\",\"file\":\"\\/Users\\/beuschau\\/_sites\\/elektronikforsikring.dk\\/craft\\/app\\/vendor\\/twig\\/twig\\/lib\\/Twig\\/Template.php\",\"line\":609,\"class\":\"Craft\\\\CommerceVariable\",\"method\":\"getCart\",\"args\":null},{\"objectClass\":\"__TwigTemplate_130fb0a015c55e22f56247a8aa61e4beba41629f2d2c3a71709f80d60f69d85a\",\"file\":\"\\/Users\\/beuschau\\/_sites\\/elektronikforsikring.dk\\/craft\\/app\\/etc\\/templating\\/BaseTemplate.php\",\"line\":64,\"class\":\"Twig_Template\",\"method\":\"getAttribute\",\"args\":\"Craft\\\\CommerceVariable, \\\"cart\\\", array(), \\\"any\\\"\"},{\"objectClass\":\"__TwigTemplate_130fb0a015c55e22f56247a8aa61e4beba41629f2d2c3a71709f80d60f69d85a\",\"file\":\"\\/Users\\/beuschau\\/_sites\\/elektronikforsikring.dk\\/craft\\/storage\\/runtime\\/compiled_templates\\/fe\\/fec0bfb8246971d529e522c7d2078011e095c6973db6c418603d0dcae7077037.php\",\"line\":27,\"class\":\"Craft\\\\BaseTemplate\",\"method\":\"getAttribute\",\"args\":\"Craft\\\\CommerceVariable, \\\"cart\\\", array()\",\"template\":\"commerce\",\"templateLine\":3},{\"objectClass\":\"__TwigTemplate_130fb0a015c55e22f56247a8aa61e4beba41629f2d2c3a71709f80d60f69d85a\",\"file\":\"\\/Users\\/beuschau\\/_sites\\/elektronikforsikring.dk\\/craft\\/app\\/vendor\\/twig\\/twig\\/lib\\/Twig\\/Template.php\",\"line\":381,\"class\":\"__TwigTemplate_130fb0a015c55e22f56247a8aa61e4beba41629f2d2c3a71709f80d60f69d85a\",\"method\":\"doDisplay\",\"args\":\"array(\\\"user\\\" => Craft\\\\UserModel, \\\"currentUser\\\" => Craft\\\\UserModel, \\\"craft\\\" => Craft\\\\CraftVariable, \\\"blx\\\" => Craft\\\\CraftVariable), array(\\\"content\\\" => array(__TwigTemplate_130fb0a015c55e22f56247a8aa61e4beba41629f2d2c3a71709f80d60f69d85a, \\\"block_content\\\"))\"},{\"objectClass\":\"__TwigTemplate_130fb0a015c55e22f56247a8aa61e4beba41629f2d2c3a71709f80d60f69d85a\",\"file\":\"\\/Users\\/beuschau\\/_sites\\/elektronikforsikring.dk\\/craft\\/app\\/etc\\/templating\\/BaseTemplate.php\",\"line\":26,\"class\":\"Twig_Template\",\"method\":\"displayWithErrorHandling\",\"args\":\"array(\\\"user\\\" => Craft\\\\UserModel, \\\"currentUser\\\" => Craft\\\\UserModel, \\\"craft\\\" => Craft\\\\CraftVariable, \\\"blx\\\" => Craft\\\\CraftVariable), array(\\\"content\\\" => array(__TwigTemplate_130fb0a015c55e22f56247a8aa61e4beba41629f2d2c3a71709f80d60f69d85a, \\\"block_content\\\"))\"},{\"objectClass\":\"__TwigTemplate_130fb0a015c55e22f56247a8aa61e4beba41629f2d2c3a71709f80d60f69d85a\",\"file\":\"\\/Users\\/beuschau\\/_sites\\/elektronikforsikring.dk\\/craft\\/app\\/vendor\\/twig\\/twig\\/lib\\/Twig\\/Template.php\",\"line\":355,\"class\":\"Craft\\\\BaseTemplate\",\"method\":\"displayWithErrorHandling\",\"args\":\"array(\\\"user\\\" => Craft\\\\UserModel, \\\"currentUser\\\" => Craft\\\\UserModel, \\\"craft\\\" => Craft\\\\CraftVariable, \\\"blx\\\" => Craft\\\\CraftVariable), array(\\\"content\\\" => array(__TwigTemplate_130fb0a015c55e22f56247a8aa61e4beba41629f2d2c3a71709f80d60f69d85a, \\\"block_content\\\"))\"},{\"objectClass\":\"__TwigTemplate_130fb0a015c55e22f56247a8aa61e4beba41629f2d2c3a71709f80d60f69d85a\",\"file\":\"\\/Users\\/beuschau\\/_sites\\/elektronikforsikring.dk\\/craft\\/app\\/vendor\\/twig\\/twig\\/lib\\/Twig\\/Template.php\",\"line\":366,\"class\":\"Twig_Template\",\"method\":\"display\",\"args\":\"array()\"},{\"objectClass\":\"__TwigTemplate_130fb0a015c55e22f56247a8aa61e4beba41629f2d2c3a71709f80d60f69d85a\",\"file\":\"\\/Users\\/beuschau\\/_sites\\/elektronikforsikring.dk\\/craft\\/app\\/vendor\\/twig\\/twig\\/lib\\/Twig\\/Environment.php\",\"line\":347,\"class\":\"Twig_Template\",\"method\":\"render\",\"args\":\"array()\"},{\"objectClass\":\"Craft\\\\TwigEnvironment\",\"file\":\"\\/Users\\/beuschau\\/_sites\\/elektronikforsikring.dk\\/craft\\/app\\/services\\/TemplatesService.php\",\"line\":246,\"class\":\"Twig_Environment\",\"method\":\"render\",\"args\":\"\\\"commerce\\\", array()\"},{\"objectClass\":\"Craft\\\\TemplatesService\",\"file\":\"\\/Users\\/beuschau\\/_sites\\/elektronikforsikring.dk\\/craft\\/app\\/controllers\\/BaseController.php\",\"line\":74,\"class\":\"Craft\\\\TemplatesService\",\"method\":\"render\",\"args\":\"\\\"commerce\\\", array()\"},{\"objectClass\":\"Craft\\\\TemplatesController\",\"file\":\"\\/Users\\/beuschau\\/_sites\\/elektronikforsikring.dk\\/craft\\/app\\/controllers\\/TemplatesController.php\",\"line\":55,\"class\":\"Craft\\\\BaseController\",\"method\":\"renderTemplate\",\"args\":\"\\\"commerce\\\", array()\"},{\"objectClass\":\"Craft\\\\TemplatesController\",\"file\":null,\"line\":null,\"class\":\"Craft\\\\TemplatesController\",\"method\":\"actionRender\",\"args\":\"\\\"commerce\\\", array()\"},{\"objectClass\":\"ReflectionMethod\",\"file\":\"\\/Users\\/beuschau\\/_sites\\/elektronikforsikring.dk\\/craft\\/app\\/framework\\/web\\/actions\\/CAction.php\",\"line\":109,\"class\":\"ReflectionMethod\",\"method\":\"invokeArgs\",\"args\":\"Craft\\\\TemplatesController, array(\\\"commerce\\\", array())\"},{\"objectClass\":\"CInlineAction\",\"file\":\"\\/Users\\/beuschau\\/_sites\\/elektronikforsikring.dk\\/craft\\/app\\/framework\\/web\\/actions\\/CInlineAction.php\",\"line\":47,\"class\":\"CAction\",\"method\":\"runWithParamsInternal\",\"args\":\"Craft\\\\TemplatesController, ReflectionMethod, array(\\\"p\\\" => \\\"commerce\\\", \\\"variables\\\" => array(), \\\"template\\\" => \\\"commerce\\\")\"},{\"objectClass\":\"CInlineAction\",\"file\":\"\\/Users\\/beuschau\\/_sites\\/elektronikforsikring.dk\\/craft\\/app\\/framework\\/web\\/CController.php\",\"line\":308,\"class\":\"CInlineAction\",\"method\":\"runWithParams\",\"args\":\"array(\\\"p\\\" => \\\"commerce\\\", \\\"variables\\\" => array(), \\\"template\\\" => \\\"commerce\\\")\"},{\"objectClass\":\"Craft\\\\TemplatesController\",\"file\":\"\\/Users\\/beuschau\\/_sites\\/elektronikforsikring.dk\\/craft\\/app\\/framework\\/web\\/CController.php\",\"line\":286,\"class\":\"CController\",\"method\":\"runAction\",\"args\":\"CInlineAction\"},{\"objectClass\":\"Craft\\\\TemplatesController\",\"file\":\"\\/Users\\/beuschau\\/_sites\\/elektronikforsikring.dk\\/craft\\/app\\/framework\\/web\\/CController.php\",\"line\":265,\"class\":\"CController\",\"method\":\"runActionWithFilters\",\"args\":\"CInlineAction, array()\"},{\"objectClass\":\"Craft\\\\TemplatesController\",\"file\":\"\\/Users\\/beuschau\\/_sites\\/elektronikforsikring.dk\\/craft\\/app\\/framework\\/web\\/CWebApplication.php\",\"line\":282,\"class\":\"CController\",\"method\":\"run\",\"args\":\"\\\"render\\\"\"},{\"objectClass\":\"Craft\\\\WebApp\",\"file\":\"\\/Users\\/beuschau\\/_sites\\/elektronikforsikring.dk\\/craft\\/app\\/framework\\/web\\/CWebApplication.php\",\"line\":141,\"class\":\"CWebApplication\",\"method\":\"runController\",\"args\":\"\\\"templates\\/render\\\"\"},{\"objectClass\":\"Craft\\\\WebApp\",\"file\":\"\\/Users\\/beuschau\\/_sites\\/elektronikforsikring.dk\\/craft\\/app\\/etc\\/web\\/WebApp.php\",\"line\":288,\"class\":\"CWebApplication\",\"method\":\"processRequest\",\"args\":null},{\"objectClass\":\"Craft\\\\WebApp\",\"file\":\"\\/Users\\/beuschau\\/_sites\\/elektronikforsikring.dk\\/craft\\/app\\/framework\\/base\\/CApplication.php\",\"line\":185,\"class\":\"Craft\\\\WebApp\",\"method\":\"processRequest\",\"args\":null},{\"objectClass\":\"Craft\\\\WebApp\",\"file\":\"\\/Users\\/beuschau\\/_sites\\/elektronikforsikring.dk\\/craft\\/app\\/index.php\",\"line\":62,\"class\":\"CApplication\",\"method\":\"run\",\"args\":null},{\"objectClass\":null,\"file\":\"\\/Users\\/beuschau\\/_sites\\/elektronikforsikring.dk\\/public\\/index.php\",\"line\":29,\"class\":null,\"method\":\"require_once\",\"args\":\"\\\"\\/Users\\/beuschau\\/_sites\\/elektronikforsikring.dk\\/craft\\/app\\/index.p...\\\"\"}]', '2016-07-20 08:26:30', '2016-07-20 08:26:30', 'fa6040b7-719e-4f2f-8ac4-7cabf1d8df53');



DROP TABLE IF EXISTS `craft_digitalproducts_licenses`;


--
-- Schema for table `craft_digitalproducts_licenses`
--
CREATE TABLE `craft_digitalproducts_licenses` (
  `id` int(11) NOT NULL,
  `productId` int(11) DEFAULT NULL,
  `orderId` int(11) DEFAULT NULL,
  `licenseKey` varchar(255) COLLATE utf8_unicode_ci NOT NULL,
  `ownerName` varchar(255) COLLATE utf8_unicode_ci DEFAULT NULL,
  `ownerEmail` varchar(255) COLLATE utf8_unicode_ci DEFAULT NULL,
  `userId` int(10) DEFAULT NULL,
  `dateCreated` datetime NOT NULL,
  `dateUpdated` datetime NOT NULL,
  `uid` char(36) COLLATE utf8_unicode_ci NOT NULL DEFAULT '0',
  PRIMARY KEY (`id`),
  UNIQUE KEY `craft_digitalproducts_licenses_licenseKey_unq_idx` (`licenseKey`),
  KEY `craft_digitalproducts_licenses_productId_fk` (`productId`),
  KEY `craft_digitalproducts_licenses_orderId_fk` (`orderId`)
) ENGINE=InnoDB DEFAULT CHARSET=utf8 COLLATE=utf8_unicode_ci;

--
-- Data for table `craft_digitalproducts_licenses`
--

INSERT INTO `craft_digitalproducts_licenses` (`id`, `productId`, `orderId`, `licenseKey`, `ownerName`, `ownerEmail`, `userId`, `dateCreated`, `dateUpdated`, `uid`) VALUES
 ('283', '281', NULL, '52KO3f0JKc9GRZYperuECidj', NULL, NULL, '1', '2016-07-01 12:47:18', '2016-07-01 12:47:18', '4a8ddd5b-ee03-4808-a230-72ddfe7c36d9'),
 ('285', '281', NULL, 'YDpemgB8XFrEtRZKerUXVNGM', NULL, NULL, '1', '2016-07-04 14:18:15', '2016-07-04 14:18:15', '9e7efd46-60e3-4b06-bd2b-45a8aaa101aa'),
 ('289', '281', NULL, 'C9nc0h7yuPhC8yabUbQw1Kpr', NULL, NULL, '1', '2016-07-04 17:52:23', '2016-07-04 17:52:23', '0a1bd401-56c7-406c-9e07-4880225afbd0'),
 ('293', '281', NULL, 'tiprzpUzdYtPTtHN0Tl3pwRS', NULL, NULL, '1', '2016-07-04 19:58:05', '2016-07-04 19:58:05', '45266cd2-7440-425e-9438-764733e8e78b'),
 ('295', '281', NULL, 'oo3FhKQgcr11phClhvJVcugJ', NULL, NULL, '1', '2016-07-04 20:18:49', '2016-07-04 20:18:49', '8d27c213-1109-4fef-b1d3-e52166432c19'),
 ('297', '281', NULL, 'CR4Vu8PRqSy72w08GjHMwcG8', NULL, NULL, '1', '2016-07-04 20:38:27', '2016-07-04 20:38:27', '3fb9177f-0400-4ec3-ab34-0bc7bfec07f3'),
 ('100001', '281', NULL, 'pi0TIghdZymHExr6mFiI1NZx', NULL, NULL, '1', '2016-07-04 20:57:51', '2016-07-04 20:57:51', '283eabef-446e-4c9a-a30c-08fda3d65445'),
 ('100003', '281', NULL, '8GNuzN3lrZ9ISjwDE7HjfTNS', NULL, NULL, '1', '2016-07-05 08:58:57', '2016-07-05 08:58:57', '773a275f-d03d-4bc0-86d9-05c04e3cea3f'),
 ('100004', '281', NULL, 'G7VKn4ljr1Gjah5AvzqQUZl2', NULL, NULL, '1', '2016-07-05 08:58:57', '2016-07-05 08:58:57', 'cb967cdc-d06e-4ffc-86e8-9a33feb5b26b'),
 ('100006', '281', NULL, 'JmXFbEXuVbF8PdJZ19r8Uqrl', NULL, NULL, '1', '2016-07-05 09:35:45', '2016-07-05 09:35:45', 'aeee96b7-9fe3-4fd2-b3dc-6521d790fa2e'),
 ('100008', '281', NULL, 'GO2R9ITSm1332RUmQoUTBsjv', NULL, NULL, '1', '2016-07-05 09:37:24', '2016-07-05 09:37:24', '564e735d-7bc0-4c8c-b9e2-45944c73cd93'),
 ('100027', '281', NULL, 'hQ5lWY6gaLcbXYn8uJzJ37tV', NULL, NULL, '1', '2016-07-05 18:19:36', '2016-07-05 18:19:36', 'e5405c3c-1dfa-4ddf-a9bb-0cf31ed743b0'),
 ('100029', '281', NULL, 'OAu4FL1KH0NDml2kjoIfDdaJ', NULL, NULL, '1', '2016-07-05 18:36:39', '2016-07-05 18:36:39', '22f46a11-b271-48f7-9a70-00edda91fafd'),
 ('100031', '281', NULL, 'VrIPK16ewNCbF2ZGTZ03y3ZW', NULL, NULL, '1', '2016-07-05 18:43:56', '2016-07-05 18:43:56', '03695b77-ea90-4573-8946-4df754cbc111'),
 ('100033', '281', NULL, 'HnrXQjRhxrAYtjPCFUX95Unl', NULL, NULL, '1', '2016-07-05 19:04:59', '2016-07-05 19:04:59', '0fa870fe-4858-4818-9a58-92a7177bee26'),
 ('100035', '281', NULL, 'Ny3NZIz8wYlBoqVzd1hYK7Rr', NULL, NULL, '1', '2016-07-05 19:15:37', '2016-07-05 19:15:37', '9342fd87-3718-4c20-8425-7176d5a3feae'),
 ('100037', '281', NULL, '3OgbnFw83mC0a3PNThLQD2Pm', NULL, NULL, '1', '2016-07-05 19:37:11', '2016-07-05 19:37:11', '89fbb07e-5a57-41fb-8ed0-6abc7cef20e2'),
 ('100039', '281', NULL, 'CI8Um6fYIy0yUOp8yMXFSpn6', NULL, NULL, '1', '2016-07-05 19:39:59', '2016-07-05 19:39:59', '8241cf48-f32b-4166-b834-e4d54796a2fc'),
 ('100041', '281', NULL, 'g8DMqCHRJrAKyv97pJacROi4', NULL, NULL, '1', '2016-07-05 20:18:28', '2016-07-05 20:18:28', '2c2df54e-ffe5-4fee-9fc0-7f9af2ae2e60'),
 ('100043', '281', NULL, 'L95gdy0rVXTdjTNT3lZ1Xqb0', NULL, NULL, '1', '2016-07-05 20:21:44', '2016-07-05 20:21:44', '4a681377-8a69-413a-acbf-499fbbdf2b44'),
 ('100045', '281', NULL, 'XuT8vLtAgLCAzvDphTj594Jm', NULL, NULL, '1', '2016-07-05 20:31:45', '2016-07-05 20:31:45', '3d197570-38a7-47f6-a1b6-c5415d221d50'),
 ('100047', '281', NULL, 'nWfXWRRIggW6w5KvUz8Hzl4B', NULL, 'martin@beuschau.dk', NULL, '2016-07-06 09:01:40', '2016-07-06 09:01:40', '9ba9900e-b449-463b-926f-c573f75a41c5'),
 ('100049', '281', NULL, 'jdXbBGUDcqXo0oQjUs8yaLTc', NULL, NULL, '1', '2016-07-06 09:16:50', '2016-07-06 09:16:50', '66c8a0c5-8f14-421d-b1ce-54ae2177ee6a'),
 ('100051', '281', NULL, 'cEdDghaPyAeDxqxHzkBy63BL', NULL, NULL, '1', '2016-07-06 09:18:37', '2016-07-06 09:18:37', '53d604b5-e137-4ca5-91d2-948eadfcc23f'),
 ('100053', '281', NULL, 'FLUPcBfz7gimpAittVEtkRQH', NULL, NULL, '1', '2016-07-06 09:23:03', '2016-07-06 09:23:03', '3b079c16-2bda-4c7c-bae0-4549c1a5a573'),
 ('100055', '281', NULL, '6OCW6npYGt9oa0nKyGpkabHX', NULL, NULL, '1', '2016-07-06 09:28:00', '2016-07-06 09:28:00', '06ef38d7-d999-4d8a-9f0d-792e23b090c5'),
 ('100057', '281', NULL, 'FDBmZIQ5b5PnqZfoYrxirU9B', NULL, 'martin@beuschau.dk', NULL, '2016-07-06 09:42:44', '2016-07-06 09:42:44', 'c15ad7d0-469b-46c2-ac02-4200683e0412'),
 ('100059', '281', NULL, 'fXqQJVWbc2QocXVqZpCSvLZY', NULL, NULL, '1', '2016-07-06 09:44:30', '2016-07-06 09:44:30', '2978c13d-265a-4b34-9092-8e3db29fd4cf'),
 ('100061', '281', NULL, 'Z93gGJSUjVZJysadb4Kio4Sq', NULL, NULL, '1', '2016-07-06 09:47:17', '2016-07-06 09:47:17', '198ff4eb-db61-4708-a6f5-93849926eb64'),
 ('100063', '281', NULL, 'GVpg7xCwjXEOBd4Cc3Gkux16', NULL, NULL, '1', '2016-07-06 09:52:38', '2016-07-06 09:52:38', 'c818101d-598a-4ac8-b531-384c3e354458'),
 ('100065', '281', NULL, 'TQq5lnUkChYehLFfwUHpJX40', NULL, NULL, '1', '2016-07-06 10:00:43', '2016-07-06 10:00:43', 'd65ef704-9115-4b00-9a8d-bb843b6795b8'),
 ('100067', '281', NULL, 'C0W46SNDYMRCRfnql7UBn6o3', NULL, NULL, '1', '2016-07-06 10:11:47', '2016-07-06 10:11:47', '669fa6a0-8261-4977-93b8-34bc09faa2b9'),
 ('100069', '281', NULL, '8WozevWwfbzzLcvKydCpLwgt', NULL, NULL, '1', '2016-07-06 11:25:42', '2016-07-06 11:25:42', 'c2b0a5a4-3002-46fd-9d8b-52d334e7b048'),
 ('100071', '281', NULL, 'wuffCuY9Jts7QhN6ogw7kA7e', NULL, NULL, '1', '2016-07-06 11:43:33', '2016-07-06 11:43:33', 'a89a9d9a-8a6f-4467-80c0-24651b4e8317'),
 ('100073', '281', NULL, 'Eb1Y3Mfs5brIKuJnm4pEj7RB', NULL, NULL, '1', '2016-07-06 11:46:00', '2016-07-06 11:46:00', 'ae58fdb6-1bf8-4b68-b49f-50e8f8217745'),
 ('100075', '281', NULL, '7r2MgBNl7SeWpqAWYggwfEuY', NULL, NULL, '1', '2016-07-06 11:47:04', '2016-07-06 11:47:04', '14aef3c1-95c9-45c3-896b-31660b93612d'),
 ('100077', '281', NULL, 'KUPQDBBbOO04k2Qa2DVxltYZ', NULL, NULL, '1', '2016-07-06 11:55:53', '2016-07-06 11:55:53', '5a257bef-f509-409a-8cec-53bc4d82c8bd'),
 ('100079', '281', NULL, 'URwkKQAmIwPT5kbSIi4rRrLN', NULL, NULL, '1', '2016-07-06 12:22:48', '2016-07-06 12:22:48', '29753374-edf8-4f36-9df7-96f9e5935e82'),
 ('100082', '281', NULL, '0ckNqiWJcjhtiNU7COYJIiXl', NULL, NULL, '1', '2016-07-06 12:55:03', '2016-07-06 12:55:03', '15b8ec62-0212-4e5f-acd8-3d765a37dd48'),
 ('100084', '281', NULL, 'uEM0BvalwHQtozU61wg4NPxO', NULL, NULL, '1', '2016-07-06 12:57:40', '2016-07-06 12:57:40', 'd61166b5-c694-4ae7-a1a6-d5d6882c3d55'),
 ('100086', '281', NULL, '6quaDTYPGIOPXDgPSQdAJ3wS', NULL, 'martin@beuschau.dk', NULL, '2016-07-07 08:37:40', '2016-07-07 08:37:40', '4e77aeaa-8a71-4c7a-9b58-3d2fc8a08fc4'),
 ('100088', '281', '100087', 'bB9GXhcWQiIyxXjFoyDniq2a', NULL, NULL, '1', '2016-07-07 10:06:21', '2016-07-07 10:06:21', 'e23c0692-4c1d-4b3e-950f-9451b6d09545'),
 ('100090', '281', '100089', '1fuk0xqIiOTZp5WiH7bGNxEB', NULL, NULL, '1', '2016-07-07 10:07:19', '2016-07-07 10:07:19', '63370efc-1b7c-4823-bfd0-4156c2761c87'),
 ('100092', '281', '100091', '8laZq6OMCqNTkfBJKor4Iyst', NULL, NULL, '1', '2016-07-07 10:08:38', '2016-07-07 10:08:38', '8c5a5df5-15d1-4b76-9ba9-e08e579998cf');



DROP TABLE IF EXISTS `craft_digitalproducts_products`;


--
-- Schema for table `craft_digitalproducts_products`
--
CREATE TABLE `craft_digitalproducts_products` (
  `id` int(11) NOT NULL,
  `typeId` int(11) DEFAULT NULL,
  `taxCategoryId` int(11) NOT NULL,
  `postDate` datetime DEFAULT NULL,
  `expiryDate` datetime DEFAULT NULL,
  `promotable` tinyint(1) unsigned NOT NULL DEFAULT '0',
  `sku` varchar(255) COLLATE utf8_unicode_ci NOT NULL,
  `price` decimal(14,4) DEFAULT NULL,
  `dateCreated` datetime NOT NULL,
  `dateUpdated` datetime NOT NULL,
  `uid` char(36) COLLATE utf8_unicode_ci NOT NULL DEFAULT '0',
  PRIMARY KEY (`id`),
  UNIQUE KEY `craft_digitalproducts_products_sku_unq_idx` (`sku`),
  KEY `craft_digitalproducts_products_typeId_fk` (`typeId`),
  KEY `craft_digitalproducts_products_taxCategoryId_fk` (`taxCategoryId`)
) ENGINE=InnoDB DEFAULT CHARSET=utf8 COLLATE=utf8_unicode_ci;

--
-- Data for table `craft_digitalproducts_products`
--

INSERT INTO `craft_digitalproducts_products` (`id`, `typeId`, `taxCategoryId`, `postDate`, `expiryDate`, `promotable`, `sku`, `price`, `dateCreated`, `dateUpdated`, `uid`) VALUES
 ('281', '1', '3', '2016-07-01 11:22:00', NULL, '1', 'el', '99.0000', '2016-07-01 11:22:52', '2016-07-20 09:21:10', '0460ce74-b263-454b-b7c4-8f118eb6ca3f');



DROP TABLE IF EXISTS `craft_digitalproducts_producttypes`;


--
-- Schema for table `craft_digitalproducts_producttypes`
--
CREATE TABLE `craft_digitalproducts_producttypes` (
  `id` int(11) NOT NULL AUTO_INCREMENT,
  `fieldLayoutId` int(11) DEFAULT NULL,
  `name` varchar(255) COLLATE utf8_unicode_ci NOT NULL,
  `handle` varchar(255) COLLATE utf8_unicode_ci NOT NULL,
  `hasUrls` tinyint(1) unsigned NOT NULL DEFAULT '0',
  `urlFormat` varchar(255) COLLATE utf8_unicode_ci DEFAULT NULL,
  `skuFormat` varchar(255) COLLATE utf8_unicode_ci DEFAULT NULL,
  `template` varchar(500) COLLATE utf8_unicode_ci DEFAULT NULL,
  `dateCreated` datetime NOT NULL,
  `dateUpdated` datetime NOT NULL,
  `uid` char(36) COLLATE utf8_unicode_ci NOT NULL DEFAULT '0',
  PRIMARY KEY (`id`),
  UNIQUE KEY `craft_digitalproducts_producttypes_handle_unq_idx` (`handle`),
  KEY `craft_digitalproducts_producttypes_fieldLayoutId_fk` (`fieldLayoutId`)
) ENGINE=InnoDB AUTO_INCREMENT=2 DEFAULT CHARSET=utf8 COLLATE=utf8_unicode_ci;

--
-- Data for table `craft_digitalproducts_producttypes`
--

INSERT INTO `craft_digitalproducts_producttypes` (`id`, `fieldLayoutId`, `name`, `handle`, `hasUrls`, `urlFormat`, `skuFormat`, `template`, `dateCreated`, `dateUpdated`, `uid`) VALUES
 ('1', '109', 'insurrence', 'insurrence', '0', NULL, '', '', '2016-07-01 11:22:11', '2016-07-05 14:45:40', 'cd7222cd-9a64-4e4d-ba56-28237ccd685d');



DROP TABLE IF EXISTS `craft_digitalproducts_producttypes_i18n`;


--
-- Schema for table `craft_digitalproducts_producttypes_i18n`
--
CREATE TABLE `craft_digitalproducts_producttypes_i18n` (
  `id` int(11) NOT NULL AUTO_INCREMENT,
  `productTypeId` int(11) NOT NULL,
  `locale` char(12) COLLATE utf8_unicode_ci NOT NULL,
  `urlFormat` text COLLATE utf8_unicode_ci,
  `dateCreated` datetime NOT NULL,
  `dateUpdated` datetime NOT NULL,
  `uid` char(36) COLLATE utf8_unicode_ci NOT NULL DEFAULT '0',
  PRIMARY KEY (`id`),
  UNIQUE KEY `craft_digitalproduct_producttype_i18n_productTypeI_locale_unq_id` (`productTypeId`,`locale`),
  KEY `craft_digitalproducts_producttypes_i18n_locale_fk` (`locale`)
) ENGINE=InnoDB AUTO_INCREMENT=2 DEFAULT CHARSET=utf8 COLLATE=utf8_unicode_ci;

--
-- Data for table `craft_digitalproducts_producttypes_i18n`
--

INSERT INTO `craft_digitalproducts_producttypes_i18n` (`id`, `productTypeId`, `locale`, `urlFormat`, `dateCreated`, `dateUpdated`, `uid`) VALUES
 ('1', '1', 'da', NULL, '2016-07-01 11:22:11', '2016-07-01 11:22:11', '0f7d268c-9c9e-4867-b382-f6fcd69eb337');



DROP TABLE IF EXISTS `craft_elektronikforsikring_orderattributes`;


--
-- Schema for table `craft_elektronikforsikring_orderattributes`
--
CREATE TABLE `craft_elektronikforsikring_orderattributes` (
  `id` int(11) unsigned NOT NULL AUTO_INCREMENT,
  `txnfee` varchar(11) COLLATE latin1_danish_ci DEFAULT NULL,
  `paymenttype` int(11) DEFAULT NULL,
  `currency` int(11) DEFAULT NULL,
  `orderId` int(11) DEFAULT NULL,
  `dateCreated` datetime DEFAULT NULL,
  `dateUpdated` datetime DEFAULT NULL,
  `uid` char(36) COLLATE latin1_danish_ci DEFAULT NULL,
  `response` varchar(1000) COLLATE latin1_danish_ci DEFAULT NULL,
  PRIMARY KEY (`id`)
) ENGINE=InnoDB AUTO_INCREMENT=13 DEFAULT CHARSET=latin1 COLLATE=latin1_danish_ci;

--
-- Data for table `craft_elektronikforsikring_orderattributes`
--

INSERT INTO `craft_elektronikforsikring_orderattributes` (`id`, `txnfee`, `paymenttype`, `currency`, `orderId`, `dateCreated`, `dateUpdated`, `uid`, `response`) VALUES
 ('10', '139', '1', '208', '100087', '2016-07-07 10:06:21', '2016-07-07 10:06:21', '5b53503c-abe9-4e5c-89f2-da9349f3c022', '{\"id\":\"277\",\"commerceHash\":\"64442f1ef63f225536234f72f6b26742\",\"txnid\":\"74707882\",\"orderid\":\"wmq307072016120607\",\"amount\":\"18100\",\"currency\":\"208\",\"date\":\"20160707\",\"time\":\"1206\",\"txnfee\":\"139\",\"paymenttype\":\"1\",\"cardno\":\"444444XXXXXX4000\",\"hash\":\"5817f03c05a739380e53f743aacb7c97\"}'),
 ('11', '550', '3', '208', '100089', '2016-07-07 10:07:19', '2016-07-07 10:07:19', '1c86aec3-648a-42a6-88d4-1a83943c18e3', '{\"id\":\"278\",\"commerceHash\":\"1db410f26898b3baf26a3a686345cd7c\",\"txnid\":\"74707949\",\"orderid\":\"x75a07072016120706\",\"amount\":\"18100\",\"currency\":\"208\",\"date\":\"20160707\",\"time\":\"1207\",\"txnfee\":\"550\",\"paymenttype\":\"3\",\"cardno\":\"333333XXXXXX3000\",\"hash\":\"5def3c6d9642c3e0cefd7dcc2fb2cc91\"}'),
 ('12', '276', '4', '208', '100091', '2016-07-07 10:08:38', '2016-07-07 10:08:38', '4500e355-e2cb-4d55-843f-e75cb5e135b6', '{\"id\":\"279\",\"commerceHash\":\"41d9998662ea147053e6a4c478649888\",\"txnid\":\"74708038\",\"orderid\":\"67k507072016120826\",\"amount\":\"18100\",\"currency\":\"208\",\"date\":\"20160707\",\"time\":\"1209\",\"txnfee\":\"276\",\"paymenttype\":\"4\",\"cardno\":\"555555XXXXXX5000\",\"hash\":\"4fa1043cfd20565596d996c9d0bac5da\"}');



DROP TABLE IF EXISTS `craft_elementindexsettings`;


--
-- Schema for table `craft_elementindexsettings`
--
CREATE TABLE `craft_elementindexsettings` (
  `id` int(11) NOT NULL AUTO_INCREMENT,
  `type` varchar(150) COLLATE utf8_unicode_ci NOT NULL,
  `settings` text COLLATE utf8_unicode_ci,
  `dateCreated` datetime NOT NULL,
  `dateUpdated` datetime NOT NULL,
  `uid` char(36) COLLATE utf8_unicode_ci NOT NULL DEFAULT '0',
  PRIMARY KEY (`id`),
  UNIQUE KEY `craft_elementindexsettings_type_unq_idx` (`type`)
) ENGINE=InnoDB AUTO_INCREMENT=5 DEFAULT CHARSET=utf8 COLLATE=utf8_unicode_ci;

--
-- Data for table `craft_elementindexsettings`
--

INSERT INTO `craft_elementindexsettings` (`id`, `type`, `settings`, `dateCreated`, `dateUpdated`, `uid`) VALUES
 ('1', 'FormBuilder2', '{\"sources\":{\"formId:1\":{\"tableAttributes\":{\"1\":\"title\",\"2\":\"dateCreated\",\"3\":\"submission\",\"4\":\"files\"}}}}', '2016-05-15 15:40:37', '2016-05-15 15:40:37', '536779ba-7db6-4e96-81a2-603b45d4f640'),
 ('2', 'Entry', '{\"sourceOrder\":[[\"heading\",\"Forsiden\"],[\"heading\",\"Betingelser\"],[\"key\",\"section:5\"],[\"key\",\"*\"],[\"key\",\"singles\"],[\"heading\",\"Kanaler\"],[\"key\",\"section:2\"],[\"heading\",\"Strukture\"]],\"sources\":{\"section:5\":{\"tableAttributes\":{\"1\":\"postDate\",\"2\":\"expiryDate\",\"3\":\"author\",\"4\":\"link\"}},\"*\":{\"tableAttributes\":{\"1\":\"section\",\"2\":\"postDate\",\"3\":\"expiryDate\",\"4\":\"author\",\"5\":\"link\"}}}}', '2016-06-29 08:02:28', '2016-06-29 09:07:37', '69a7537b-cc16-47f0-9ddf-0443eb38e0b8'),
 ('3', 'DigitalProducts_Product', '{\"sources\":{\"*\":{\"tableAttributes\":{\"1\":\"type\",\"2\":\"postDate\",\"3\":\"expiryDate\"}},\"productType:1\":{\"tableAttributes\":{\"1\":\"postDate\",\"2\":\"expiryDate\",\"3\":\"price\"}}}}', '2016-07-01 11:19:34', '2016-07-20 09:17:17', '3194e3bf-2222-4a98-84c1-da980b974c76'),
 ('4', 'Commerce_Product', '{\"sourceOrder\":[[\"key\",\"*\"],[\"key\",\"productType:1\"]],\"sources\":{\"*\":{\"tableAttributes\":{\"1\":\"type\",\"2\":\"postDate\",\"3\":\"expiryDate\",\"4\":\"defaultPrice\",\"5\":\"defaultSku\",\"6\":\"link\"}},\"productType:1\":{\"tableAttributes\":{\"1\":\"postDate\",\"2\":\"expiryDate\",\"3\":\"defaultPrice\",\"4\":\"defaultSku\",\"5\":\"link\"}}}}', '2016-07-20 09:17:04', '2016-07-20 09:17:04', 'c331de43-631a-4dfc-aa2c-9eeb72ea2937');



DROP TABLE IF EXISTS `craft_elements`;


--
-- Schema for table `craft_elements`
--
CREATE TABLE `craft_elements` (
  `id` int(11) NOT NULL AUTO_INCREMENT,
  `type` varchar(150) COLLATE utf8_unicode_ci NOT NULL,
  `enabled` tinyint(1) unsigned NOT NULL DEFAULT '1',
  `archived` tinyint(1) unsigned NOT NULL DEFAULT '0',
  `dateCreated` datetime NOT NULL,
  `dateUpdated` datetime NOT NULL,
  `uid` char(36) COLLATE utf8_unicode_ci NOT NULL DEFAULT '0',
  PRIMARY KEY (`id`),
  KEY `craft_elements_type_idx` (`type`),
  KEY `craft_elements_enabled_idx` (`enabled`),
  KEY `craft_elements_archived_dateCreated_idx` (`archived`,`dateCreated`)
) ENGINE=InnoDB AUTO_INCREMENT=100094 DEFAULT CHARSET=utf8 COLLATE=utf8_unicode_ci;

--
-- Data for table `craft_elements`
--

INSERT INTO `craft_elements` (`id`, `type`, `enabled`, `archived`, `dateCreated`, `dateUpdated`, `uid`) VALUES
 ('1', 'User', '1', '0', '2016-03-30 12:09:18', '2016-05-25 19:30:22', '1e8f7173-b716-414f-833a-31290eabe60d'),
 ('2', 'Entry', '1', '0', '2016-03-30 12:09:21', '2016-06-21 07:44:28', 'c5ae30c9-b188-4c2c-9c8c-f334aeab8efe'),
 ('3', 'Entry', '1', '0', '2016-03-30 12:09:21', '2016-06-10 10:02:14', '38bfd717-e43f-4125-879e-3e96e7dead8d'),
 ('5', 'Entry', '1', '0', '2016-05-13 10:59:37', '2016-06-02 07:17:44', '6690914f-a66c-4f77-ac29-5bdc3ef26043'),
 ('95', 'Asset', '1', '0', '2016-05-24 10:34:44', '2016-05-24 10:34:51', '0b1b6f99-29da-4b63-b563-c52fd7c0c70b'),
 ('123', 'Asset', '1', '0', '2016-05-26 11:57:20', '2016-07-05 12:32:12', '41e89c44-9a9a-4873-8dc8-f90ce5b88569'),
 ('130', 'GlobalSet', '1', '0', '2016-06-01 13:39:24', '2016-06-10 09:55:13', '94fc568a-4822-4f77-a6a8-dc99bde66cee'),
 ('133', 'Asset', '1', '0', '2016-06-02 07:50:37', '2016-07-05 12:32:11', '9dd9c491-55f2-4942-8376-19d3f01a1dc4'),
 ('178', 'Commerce_Order', '1', '0', '2016-06-21 06:07:07', '2016-06-27 06:23:53', '73239f45-fc86-45a5-8bb1-9b23d010ead1'),
 ('179', 'Entry', '1', '0', '2016-06-22 11:13:44', '2016-06-22 11:13:44', '401162d1-904b-4ddd-804c-1dfadb3d0597'),
 ('180', 'Entry', '1', '0', '2016-06-23 13:27:09', '2016-06-29 09:06:00', 'dff88e05-3c1b-4404-8ff8-e80e6a090287'),
 ('182', 'MatrixBlock', '1', '0', '2016-06-23 13:48:19', '2016-06-27 09:44:57', 'd00481c3-8aca-409b-88fe-5712fa70311b'),
 ('183', 'Entry', '1', '0', '2016-06-23 13:52:47', '2016-06-29 09:06:00', '9cd5ad45-6f05-4f1a-9d61-b25f0644b066'),
 ('184', 'MatrixBlock', '1', '0', '2016-06-23 13:52:47', '2016-06-28 11:44:14', '6795a93d-3fd4-43d7-be5d-1009125a52b5'),
 ('185', 'MatrixBlock', '1', '0', '2016-06-23 13:52:47', '2016-06-28 11:44:14', '97fefaa6-7bd0-4bfc-96ff-0ef0d33265de'),
 ('186', 'MatrixBlock', '1', '0', '2016-06-23 13:52:47', '2016-06-28 11:44:14', 'af6300e6-aa39-49e5-a703-b3a1f2abb5a8'),
 ('187', 'MatrixBlock', '1', '0', '2016-06-23 13:52:47', '2016-06-28 11:44:14', 'acab8d39-40a9-4599-a754-000e5bd86e03'),
 ('188', 'MatrixBlock', '1', '0', '2016-06-27 09:29:21', '2016-06-27 09:44:57', 'baf31cad-c850-4886-88f4-3f6416c3ddfe'),
 ('189', 'MatrixBlock', '1', '0', '2016-06-27 09:29:21', '2016-06-27 09:44:57', 'e6b97c63-73d5-4605-8998-84cda2050033'),
 ('190', 'User', '1', '0', '2016-06-27 09:52:24', '2016-06-27 09:52:57', '3365c914-b64d-48c4-b8cf-89393ada65c7'),
 ('193', 'MatrixBlock', '1', '0', '2016-06-28 11:44:14', '2016-06-28 11:44:14', '5b0fd4ba-1b53-47cb-a2ee-f62eb60dd2cd'),
 ('194', 'MatrixBlock', '1', '0', '2016-06-28 11:44:14', '2016-06-28 11:44:14', 'e31b3a4c-704f-4e9d-a35d-323fae6b26fb'),
 ('195', 'MatrixBlock', '1', '0', '2016-06-28 11:44:14', '2016-06-28 11:44:14', '230e8e00-90a3-4f29-944b-47fbd6ad7e64'),
 ('196', 'Entry', '1', '0', '2016-06-28 11:45:18', '2016-06-29 09:06:00', 'c15ddae1-831f-4ae7-a1ac-0555cbce3974'),
 ('197', 'MatrixBlock', '1', '0', '2016-06-28 11:45:18', '2016-06-28 11:45:18', 'b1acf2b8-db44-4b3b-9d5e-4eb1760f61df'),
 ('198', 'Entry', '1', '0', '2016-06-28 11:49:23', '2016-06-29 09:06:00', 'c8444f29-0bc8-44b1-9fe9-da3effa458ec'),
 ('199', 'MatrixBlock', '1', '0', '2016-06-28 11:49:23', '2016-06-28 11:49:23', '653f4b06-792d-4135-9499-c93a66c1ea5c'),
 ('200', 'MatrixBlock', '1', '0', '2016-06-28 11:49:23', '2016-06-28 11:49:23', 'd32a9615-28a1-4dfe-b388-624a6e08e64a'),
 ('201', 'MatrixBlock', '1', '0', '2016-06-28 11:49:23', '2016-06-28 11:49:23', 'ccd23aea-f099-4387-a21d-122d7ee31009'),
 ('202', 'MatrixBlock', '1', '0', '2016-06-28 11:49:23', '2016-06-28 11:49:23', '4f5d5b18-7cc2-4a0e-976d-18c5132f0839'),
 ('203', 'Entry', '1', '0', '2016-06-28 11:51:03', '2016-06-29 09:06:00', 'b17015f5-71f0-44d3-b313-1fed5c36071d'),
 ('204', 'MatrixBlock', '1', '0', '2016-06-28 11:51:03', '2016-06-28 11:51:03', '6892d252-1157-481d-9761-52e2246682ae'),
 ('205', 'MatrixBlock', '1', '0', '2016-06-28 11:51:03', '2016-06-28 11:51:03', '2bea56e2-cefc-46c4-950e-705ac064294e'),
 ('206', 'Entry', '1', '0', '2016-06-28 11:53:18', '2016-06-29 09:06:01', 'cdc667d1-8fd8-4a23-a738-4f92625d6285'),
 ('207', 'MatrixBlock', '1', '0', '2016-06-28 11:53:18', '2016-06-28 11:53:18', '7631b2a4-5d9d-4573-859e-b9d952a1b512'),
 ('208', 'MatrixBlock', '1', '0', '2016-06-28 11:53:18', '2016-06-28 11:53:18', 'ffb8a423-9090-44ec-883c-65eee34be3e5'),
 ('209', 'Entry', '1', '0', '2016-06-28 11:54:16', '2016-06-29 09:06:01', '080c39f7-f5c3-44c9-86da-4738c4907a97'),
 ('210', 'Entry', '1', '0', '2016-06-28 12:24:44', '2016-06-29 09:06:01', 'e2ef9577-c8dd-4208-a144-4189834b700d'),
 ('211', 'MatrixBlock', '1', '0', '2016-06-28 12:24:44', '2016-06-28 12:24:44', '5e471e39-3b93-41ea-9c38-bfdaaca08eaf'),
 ('212', 'Entry', '1', '0', '2016-06-28 12:28:37', '2016-06-29 09:06:01', '433062f5-97f5-4c6b-bfa7-37c7e4ddd722'),
 ('213', 'MatrixBlock', '1', '0', '2016-06-28 12:28:37', '2016-06-28 12:28:37', '7ab32033-2566-4cb0-a63e-813eacdbfc42'),
 ('214', 'MatrixBlock', '1', '0', '2016-06-28 12:28:37', '2016-06-28 12:28:37', '55cf2054-1ee6-4349-8f05-d122473a63cc'),
 ('215', 'Entry', '1', '0', '2016-06-28 12:29:53', '2016-06-29 09:06:01', '5c687aaf-c857-433f-8fcc-9f43d7f044b5'),
 ('216', 'MatrixBlock', '1', '0', '2016-06-28 12:29:53', '2016-06-28 12:29:53', '8035ab0b-56df-45d4-8e64-53ce879441f5'),
 ('217', 'MatrixBlock', '1', '0', '2016-06-28 12:29:54', '2016-06-28 12:29:54', 'a1745f0c-fc0c-4d89-b548-d8d237700f00'),
 ('218', 'Entry', '1', '0', '2016-06-28 12:31:32', '2016-06-29 09:06:01', '27e3978c-4716-4bd9-9f1e-82fff93cfacd'),
 ('219', 'MatrixBlock', '1', '0', '2016-06-28 12:31:32', '2016-06-28 12:31:32', '8bc96513-2bdf-4c6c-9a3a-b52c17a8419d'),
 ('220', 'MatrixBlock', '1', '0', '2016-06-28 12:31:32', '2016-06-28 12:31:32', '600163b1-0f3d-49fa-9a44-1a2fdce1a1e8'),
 ('221', 'Entry', '1', '0', '2016-06-28 12:32:35', '2016-06-29 09:06:01', '72640954-73c7-4822-a2ea-eac8d7f265fc'),
 ('222', 'MatrixBlock', '1', '0', '2016-06-28 12:32:35', '2016-06-28 12:32:35', '68dff79e-5113-486d-96dc-48d6484aae48'),
 ('223', 'MatrixBlock', '1', '0', '2016-06-28 12:32:35', '2016-06-28 12:32:35', '0fc1a469-5e61-4e84-b6fe-46c6d53a55fe'),
 ('224', 'Entry', '1', '0', '2016-06-28 12:33:49', '2016-06-29 09:06:01', '7045b50e-a79e-454c-91b1-73b3f4cb5329'),
 ('225', 'MatrixBlock', '1', '0', '2016-06-28 12:33:49', '2016-06-28 12:33:49', '653eb057-178c-4270-a05c-8f797a60de22'),
 ('226', 'MatrixBlock', '1', '0', '2016-06-28 12:33:49', '2016-06-28 12:33:49', 'e1670e02-0f77-495b-8071-3d6ac37eb209'),
 ('227', 'Entry', '1', '0', '2016-06-29 09:05:44', '2016-06-30 08:44:00', '7fa05547-a04f-4912-a6fe-c7fa049bf8da'),
 ('228', 'MatrixBlock', '1', '0', '2016-06-29 09:08:53', '2016-06-30 08:44:00', '26bb1b7a-fb5e-47cf-be22-c32650567ebf'),
 ('230', 'MatrixBlock', '1', '0', '2016-06-29 11:51:55', '2016-06-30 08:44:00', 'a4355af9-bfd9-4c57-8d03-25feadb2b332'),
 ('231', 'MatrixBlock', '1', '0', '2016-06-29 11:51:55', '2016-06-30 08:44:00', '682836ca-0d01-4bf4-87d2-90382e01f759'),
 ('232', 'MatrixBlock', '1', '0', '2016-06-29 11:51:55', '2016-06-30 08:44:00', 'c25865b6-7601-479f-8ade-bec2e44b8354'),
 ('233', 'MatrixBlock', '1', '0', '2016-06-29 11:51:55', '2016-06-30 08:44:00', '43d71c33-e169-4435-8d17-ee0b1aa2deb3'),
 ('234', 'MatrixBlock', '1', '0', '2016-06-29 11:51:55', '2016-06-30 08:44:00', '9b125305-8e73-45e9-945d-b3084160752a'),
 ('235', 'MatrixBlock', '1', '0', '2016-06-29 11:51:55', '2016-06-30 08:44:00', '8d43c3e9-60d3-44b4-b9be-c5299e6bbb53'),
 ('236', 'MatrixBlock', '1', '0', '2016-06-29 11:51:55', '2016-06-30 08:44:00', '44b875b0-0bff-4a19-8995-8706863c96f0'),
 ('237', 'MatrixBlock', '1', '0', '2016-06-29 11:51:55', '2016-06-30 08:44:00', '2a5696aa-1a16-4cc8-a97e-ea518ce25c8c'),
 ('240', 'Asset', '1', '0', '2016-06-30 08:30:56', '2016-07-05 12:32:11', 'b593c91d-46c7-45dc-b6bb-f7971b12c9be'),
 ('241', 'Asset', '1', '0', '2016-06-30 08:30:56', '2016-07-05 12:32:12', '3d12205a-6745-4009-821c-215d5f528fea'),
 ('242', 'Asset', '1', '0', '2016-06-30 08:30:56', '2016-07-05 12:32:12', 'be20ce80-06e5-49d6-abf0-b4fb34fa88c3'),
 ('243', 'Asset', '1', '0', '2016-06-30 08:30:56', '2016-07-05 12:32:12', '341a0e16-70f3-4884-b862-6f6601efa589'),
 ('244', 'Asset', '1', '0', '2016-06-30 08:30:57', '2016-07-05 12:32:12', '39d3578b-2b97-4fd3-9ce3-7aaa852349e4'),
 ('245', 'Asset', '1', '0', '2016-06-30 08:30:57', '2016-07-05 12:32:13', '96fb1ca9-cc3b-4ec8-995d-cd0b43682d54'),
 ('247', 'Asset', '1', '0', '2016-06-30 08:43:57', '2016-07-05 12:32:13', '4f7fdcf6-7105-421c-ab34-65a3ef159f05'),
 ('248', 'Entry', '1', '0', '2016-06-30 11:14:48', '2016-06-30 11:55:25', '372593b3-bcaf-43bd-8e08-1bb8b4739dd7'),
 ('250', 'MatrixBlock', '1', '0', '2016-06-30 11:39:14', '2016-06-30 11:39:14', '0320e6ff-5a77-43e6-ab07-c6d7d70f15b3'),
 ('251', 'Entry', '1', '0', '2016-06-30 13:07:51', '2016-07-01 11:05:02', '5712b475-3655-4fd0-9a87-697c184fc7f5'),
 ('252', 'Asset', '1', '0', '2016-06-30 13:22:30', '2016-07-05 12:32:12', '86e10bfe-970b-494f-ab54-db36c43ea9fc'),
 ('253', 'MatrixBlock', '1', '0', '2016-06-30 13:33:07', '2016-07-01 11:05:02', 'ac6e3d8a-e52f-4c25-8ae2-49076927ca9b'),
 ('254', 'Entry', '1', '0', '2016-06-30 13:46:35', '2016-07-01 11:05:42', '7b494ccd-be4f-41c3-96ef-57d129f06649'),
 ('255', 'MatrixBlock', '1', '0', '2016-06-30 13:49:10', '2016-07-01 11:05:42', 'd81ee12f-5141-4207-aef1-03ff401bb570'),
 ('256', 'MatrixBlock', '1', '0', '2016-06-30 13:51:23', '2016-07-01 11:05:42', '840db4a6-1473-4214-b46e-831a8aa0895d'),
 ('257', 'MatrixBlock', '1', '0', '2016-06-30 13:51:23', '2016-07-01 11:05:42', '347d06c9-44c4-4519-a119-171c9054b613'),
 ('258', 'MatrixBlock', '1', '0', '2016-06-30 13:51:23', '2016-07-01 11:05:42', '6d1099a7-60ce-487f-993b-e211d4b70527'),
 ('259', 'MatrixBlock', '1', '0', '2016-06-30 13:51:23', '2016-07-01 11:05:42', '312bb99f-d825-4567-aeb7-e6aa3f53cea8'),
 ('260', 'MatrixBlock', '1', '0', '2016-06-30 13:51:23', '2016-07-01 11:05:42', 'e6e4343c-d2a5-4fd7-8d9b-c33521a8bf52'),
 ('261', 'MatrixBlock', '1', '0', '2016-06-30 13:51:23', '2016-07-01 11:05:42', '62ae79df-7129-41aa-abab-0cde01e03d1d'),
 ('262', 'MatrixBlock', '1', '0', '2016-06-30 13:51:23', '2016-07-01 11:05:42', 'dd8a60e7-baea-42f0-8fca-b5d05cee5456'),
 ('263', 'MatrixBlock', '1', '0', '2016-06-30 13:51:23', '2016-07-01 11:05:42', 'fe74a980-4abe-46c0-a829-58f86f6252db'),
 ('264', 'Entry', '1', '0', '2016-06-30 13:56:58', '2016-07-01 11:03:42', '0ec181da-c906-469d-bcc5-f65dadb22e2f'),
 ('265', 'MatrixBlock', '1', '0', '2016-06-30 13:56:58', '2016-07-01 11:03:42', '9e5ffcfb-e8ca-4355-abcd-ce2b963eb92d'),
 ('274', 'Entry', '1', '0', '2016-07-01 08:35:40', '2016-07-01 09:27:48', '9ee99a18-a238-4407-84f6-64a0d4146036'),
 ('275', 'Asset', '1', '0', '2016-07-01 08:38:50', '2016-07-05 12:32:13', 'd418bb41-3963-4b4e-a29c-50580afa0a4d'),
 ('276', 'MatrixBlock', '1', '0', '2016-07-01 09:23:51', '2016-07-01 09:27:48', 'c4df7de7-42b7-4367-940b-ecbc4a830ddb'),
 ('277', 'GlobalSet', '1', '0', '2016-07-01 09:47:28', '2016-07-01 10:06:27', '9afa76b8-3b02-4bcc-bfa0-f112e1f2a224'),
 ('278', 'MatrixBlock', '1', '0', '2016-07-01 09:53:56', '2016-07-01 10:01:27', 'e5285a8a-7664-41ee-af12-655e4bf013ce'),
 ('279', 'MatrixBlock', '1', '0', '2016-07-01 10:01:27', '2016-07-01 10:01:27', '62992c4b-0e68-4ec5-b20d-42956c54494d'),
 ('281', 'DigitalProducts_Product', '1', '0', '2016-07-01 11:22:52', '2016-07-20 09:21:10', '83145e37-d4f3-4bfc-b5a2-3319cea93feb'),
 ('283', 'DigitalProducts_License', '1', '0', '2016-07-01 12:47:18', '2016-07-01 12:47:18', '2ff05c5b-75d6-4ee4-9d94-434b81571d55'),
 ('285', 'DigitalProducts_License', '1', '0', '2016-07-04 14:18:15', '2016-07-04 14:18:15', 'ba51c92a-5e34-459b-9a07-8315b823c857'),
 ('289', 'DigitalProducts_License', '1', '0', '2016-07-04 17:52:23', '2016-07-04 17:52:23', 'bcd13674-a86b-4c3b-913e-58599c2c766a'),
 ('290', 'Commerce_Order', '1', '0', '2016-07-04 18:12:55', '2016-07-04 18:32:06', 'b12e746b-ce8a-4666-b7f6-b51161378ad5'),
 ('291', 'Commerce_Order', '1', '0', '2016-07-04 18:32:32', '2016-07-04 18:32:32', 'db5f1877-9a44-4ba6-885a-f49309241a18');
INSERT INTO `craft_elements` (`id`, `type`, `enabled`, `archived`, `dateCreated`, `dateUpdated`, `uid`) VALUES
 ('293', 'DigitalProducts_License', '1', '0', '2016-07-04 19:58:05', '2016-07-04 19:58:05', '0d8507d4-f79a-4446-adba-20db705d1533'),
 ('295', 'DigitalProducts_License', '1', '0', '2016-07-04 20:18:49', '2016-07-04 20:18:49', '29b7ba5e-0f4b-4f03-96a8-e7f627e36d68'),
 ('297', 'DigitalProducts_License', '1', '0', '2016-07-04 20:38:27', '2016-07-04 20:38:27', '1207fe5d-c92d-463e-b9ab-040d48e5a1be'),
 ('100001', 'DigitalProducts_License', '1', '0', '2016-07-04 20:57:51', '2016-07-04 20:57:51', '5564078c-89ff-46e2-b06c-e428c580069d'),
 ('100003', 'DigitalProducts_License', '1', '0', '2016-07-05 08:58:57', '2016-07-05 08:58:57', 'b4332980-26f3-4232-b2f1-801a587096c1'),
 ('100004', 'DigitalProducts_License', '1', '0', '2016-07-05 08:58:57', '2016-07-05 08:58:57', '6aa87cc5-2443-4234-9b51-50f5b5f3ceb9'),
 ('100006', 'DigitalProducts_License', '1', '0', '2016-07-05 09:35:45', '2016-07-05 09:35:45', 'b1c50f07-3182-4a62-b692-170a18331126'),
 ('100008', 'DigitalProducts_License', '1', '0', '2016-07-05 09:37:24', '2016-07-05 09:37:24', '7d477461-1556-4ba8-9060-9ab1dd3b75fa'),
 ('100009', 'GlobalSet', '1', '0', '2016-07-05 11:57:50', '2016-07-05 14:27:37', '090e0b7d-1a80-448d-96ea-71accf4a291a'),
 ('100010', 'MatrixBlock', '1', '0', '2016-07-05 12:01:22', '2016-07-05 14:27:37', 'be2c1e4a-d0ae-4fa9-82d4-0a4d0a07d5ad'),
 ('100011', 'MatrixBlock', '1', '0', '2016-07-05 12:02:01', '2016-07-05 14:27:37', 'e321f877-44c0-4a90-b36f-82d7c0326e12'),
 ('100012', 'MatrixBlock', '1', '0', '2016-07-05 14:02:16', '2016-07-05 14:27:37', 'fbadafec-3c23-4148-8c61-60bf73f3b1ab'),
 ('100013', 'MatrixBlock', '1', '0', '2016-07-05 14:02:16', '2016-07-05 14:27:37', 'a07291e2-d7ac-4b6a-a9bb-f470c033dbf2'),
 ('100014', 'MatrixBlock', '1', '0', '2016-07-05 14:02:16', '2016-07-05 14:27:37', '0f067a4a-38fc-49f5-b064-a87cb1d89d00'),
 ('100015', 'MatrixBlock', '1', '0', '2016-07-05 14:04:38', '2016-07-05 14:27:37', '7426d390-8dfb-493f-860f-2b5ccc9c1044'),
 ('100017', 'MatrixBlock', '1', '0', '2016-07-05 14:16:54', '2016-07-05 14:27:37', 'b51e56d9-820b-4584-a80b-e3a1cf9bb010'),
 ('100018', 'MatrixBlock', '1', '0', '2016-07-05 14:19:36', '2016-07-05 14:27:37', '3e773d6f-2a4c-424c-a03f-d24b656c4dae'),
 ('100019', 'MatrixBlock', '1', '0', '2016-07-05 14:22:35', '2016-07-05 14:27:37', '4846b68b-9c67-4b34-9176-dd6956d5142d'),
 ('100020', 'MatrixBlock', '1', '0', '2016-07-05 14:22:35', '2016-07-05 14:27:37', 'eab8f0a0-8c20-43c0-af91-86af86884712'),
 ('100021', 'MatrixBlock', '1', '0', '2016-07-05 14:22:35', '2016-07-05 14:27:37', 'db48a7f9-0dc6-4187-98e9-8fd8e52a01c5'),
 ('100022', 'MatrixBlock', '1', '0', '2016-07-05 14:22:35', '2016-07-05 14:27:37', 'd31b9dc2-69b1-4287-9e04-9ab98471b744'),
 ('100023', 'MatrixBlock', '1', '0', '2016-07-05 14:24:15', '2016-07-05 14:27:37', '72468bfb-390f-486f-a889-d716d8f671f6'),
 ('100024', 'MatrixBlock', '1', '0', '2016-07-05 14:24:15', '2016-07-05 14:27:37', 'ced16e0f-8f5f-447b-b41b-4ddc111b7cd7'),
 ('100025', 'MatrixBlock', '1', '0', '2016-07-05 14:24:43', '2016-07-05 14:27:37', '53074bb5-b79a-4cf6-b980-3ccc58b62512'),
 ('100027', 'DigitalProducts_License', '1', '0', '2016-07-05 18:19:36', '2016-07-05 18:19:36', '709e55cf-a2af-4e26-be68-f38287fb1056'),
 ('100029', 'DigitalProducts_License', '1', '0', '2016-07-05 18:36:39', '2016-07-05 18:36:39', '0a0245fb-b6aa-4792-a149-f6b23ca136ce'),
 ('100031', 'DigitalProducts_License', '1', '0', '2016-07-05 18:43:56', '2016-07-05 18:43:56', '98062632-16be-487e-b371-107a70045d13'),
 ('100033', 'DigitalProducts_License', '1', '0', '2016-07-05 19:04:59', '2016-07-05 19:04:59', 'b88433a2-8239-4d52-b435-91be788596e7'),
 ('100035', 'DigitalProducts_License', '1', '0', '2016-07-05 19:15:37', '2016-07-05 19:15:37', '9259a01b-52dd-4946-8243-d88493142921'),
 ('100037', 'DigitalProducts_License', '1', '0', '2016-07-05 19:37:11', '2016-07-05 19:37:11', '31ae6d1a-6e9f-4484-a79f-4ad15d0742f1'),
 ('100039', 'DigitalProducts_License', '1', '0', '2016-07-05 19:39:59', '2016-07-05 19:39:59', '1b4e868b-d37d-44b0-b724-76ab6350bc09'),
 ('100041', 'DigitalProducts_License', '1', '0', '2016-07-05 20:18:28', '2016-07-05 20:18:28', 'f697be94-f1eb-46da-bcee-8d0af36ff41a'),
 ('100043', 'DigitalProducts_License', '1', '0', '2016-07-05 20:21:44', '2016-07-05 20:21:44', 'e863494a-55d5-49d2-9fc2-64e951f77e9b'),
 ('100045', 'DigitalProducts_License', '1', '0', '2016-07-05 20:31:45', '2016-07-05 20:31:45', 'e29d8271-387f-4fbd-8cb7-3df50add0ee6'),
 ('100047', 'DigitalProducts_License', '1', '0', '2016-07-06 09:01:40', '2016-07-06 09:01:40', '4800b290-2b5d-4334-87cf-921250585d1e'),
 ('100049', 'DigitalProducts_License', '1', '0', '2016-07-06 09:16:50', '2016-07-06 09:16:50', '9373a127-6186-47df-b9c7-8a870d3cc5c9'),
 ('100051', 'DigitalProducts_License', '1', '0', '2016-07-06 09:18:37', '2016-07-06 09:18:37', '11bdbe25-401d-48c1-9c8b-c267570d2e72'),
 ('100053', 'DigitalProducts_License', '1', '0', '2016-07-06 09:23:03', '2016-07-06 09:23:03', '4214611e-d96b-4d67-837e-c33ae7149de1'),
 ('100055', 'DigitalProducts_License', '1', '0', '2016-07-06 09:28:00', '2016-07-06 09:28:00', '99dd2f49-9ddf-4e9b-b3c5-d365579448c2'),
 ('100057', 'DigitalProducts_License', '1', '0', '2016-07-06 09:42:44', '2016-07-06 09:42:44', 'fb487640-996c-4f1c-9c7a-8f2b6b4de285'),
 ('100059', 'DigitalProducts_License', '1', '0', '2016-07-06 09:44:30', '2016-07-06 09:44:30', '5b60d0e7-054c-4ff3-8877-21eb455accaa'),
 ('100061', 'DigitalProducts_License', '1', '0', '2016-07-06 09:47:17', '2016-07-06 09:47:17', 'c577483a-cb4a-46d0-a6b6-10491ac63a67'),
 ('100063', 'DigitalProducts_License', '1', '0', '2016-07-06 09:52:38', '2016-07-06 09:52:38', 'c5a68d1d-e09c-479f-a39d-5b55a51d205e'),
 ('100065', 'DigitalProducts_License', '1', '0', '2016-07-06 10:00:43', '2016-07-06 10:00:43', 'c7628f19-e622-4fff-9830-e593bf2ecf95'),
 ('100067', 'DigitalProducts_License', '1', '0', '2016-07-06 10:11:47', '2016-07-06 10:11:47', '4915bbc9-dc7d-4b28-8266-bc5e6e37efad'),
 ('100069', 'DigitalProducts_License', '1', '0', '2016-07-06 11:25:42', '2016-07-06 11:25:42', '7e0a5f2e-e005-465c-aeed-05294b5cc0a6'),
 ('100071', 'DigitalProducts_License', '1', '0', '2016-07-06 11:43:33', '2016-07-06 11:43:33', '4ff8905b-d8f2-4878-8f46-d183cb9a8c62'),
 ('100073', 'DigitalProducts_License', '1', '0', '2016-07-06 11:46:00', '2016-07-06 11:46:00', '86aa65a0-58a1-4fed-be33-b952252fdee7'),
 ('100075', 'DigitalProducts_License', '1', '0', '2016-07-06 11:47:04', '2016-07-06 11:47:04', 'e0561aba-df5f-4480-971c-33bcec1c9735'),
 ('100077', 'DigitalProducts_License', '1', '0', '2016-07-06 11:55:53', '2016-07-06 11:55:53', '9cc947d9-4cd0-459f-afe2-256472da5e31'),
 ('100079', 'DigitalProducts_License', '1', '0', '2016-07-06 12:22:48', '2016-07-06 12:22:48', '629fc0d7-6baf-4a1b-a241-049531d1cf0a'),
 ('100082', 'DigitalProducts_License', '1', '0', '2016-07-06 12:55:03', '2016-07-06 12:55:03', 'dcccf25c-f9fb-4c06-9a97-e0a99d3c48d1'),
 ('100084', 'DigitalProducts_License', '1', '0', '2016-07-06 12:57:40', '2016-07-06 12:57:40', 'fbe43daa-b31d-4428-9048-f26f045cd0a3'),
 ('100086', 'DigitalProducts_License', '1', '0', '2016-07-07 08:37:40', '2016-07-07 08:37:40', '67373769-b4d7-42a1-8fa5-0fe647dae0dd'),
 ('100087', 'Commerce_Order', '1', '0', '2016-07-07 10:05:54', '2016-08-08 07:38:18', '6e8f281d-a7e8-45a9-8a31-5cb5db9a69a0'),
 ('100088', 'DigitalProducts_License', '1', '0', '2016-07-07 10:06:21', '2016-07-07 10:06:21', 'f15c774e-f334-4f9e-b183-dc36ac873d1a'),
 ('100089', 'Commerce_Order', '1', '0', '2016-07-07 10:06:27', '2016-08-08 07:38:18', 'ce6e4bee-59bf-41ee-a34a-5367a5e4aabb'),
 ('100090', 'DigitalProducts_License', '1', '0', '2016-07-07 10:07:19', '2016-07-07 10:07:19', '9c990a1a-40f3-4539-8ae9-f5bd662155e7'),
 ('100091', 'Commerce_Order', '1', '0', '2016-07-07 10:07:51', '2016-08-08 07:38:17', 'bab638b9-e36d-4d87-81b9-9d0fb19c2b12'),
 ('100092', 'DigitalProducts_License', '1', '0', '2016-07-07 10:08:38', '2016-07-07 10:08:38', '3c20afa0-9908-469c-8704-2fe79bac2a83'),
 ('100093', 'Commerce_Order', '1', '0', '2016-07-16 09:59:42', '2016-07-20 10:49:50', '458e5685-51bd-49e3-9c91-33126f0dd71a');



DROP TABLE IF EXISTS `craft_elements_i18n`;


--
-- Schema for table `craft_elements_i18n`
--
CREATE TABLE `craft_elements_i18n` (
  `id` int(11) NOT NULL AUTO_INCREMENT,
  `elementId` int(11) NOT NULL,
  `locale` char(12) COLLATE utf8_unicode_ci NOT NULL,
  `slug` varchar(255) COLLATE utf8_unicode_ci DEFAULT NULL,
  `uri` varchar(255) COLLATE utf8_unicode_ci DEFAULT NULL,
  `enabled` tinyint(1) unsigned NOT NULL DEFAULT '1',
  `dateCreated` datetime NOT NULL,
  `dateUpdated` datetime NOT NULL,
  `uid` char(36) COLLATE utf8_unicode_ci NOT NULL DEFAULT '0',
  PRIMARY KEY (`id`),
  UNIQUE KEY `craft_elements_i18n_elementId_locale_unq_idx` (`elementId`,`locale`),
  UNIQUE KEY `craft_elements_i18n_uri_locale_unq_idx` (`uri`,`locale`),
  KEY `craft_elements_i18n_slug_locale_idx` (`slug`,`locale`),
  KEY `craft_elements_i18n_enabled_idx` (`enabled`),
  KEY `craft_elements_i18n_locale_fk` (`locale`)
) ENGINE=InnoDB AUTO_INCREMENT=392 DEFAULT CHARSET=utf8 COLLATE=utf8_unicode_ci;

--
-- Data for table `craft_elements_i18n`
--

INSERT INTO `craft_elements_i18n` (`id`, `elementId`, `locale`, `slug`, `uri`, `enabled`, `dateCreated`, `dateUpdated`, `uid`) VALUES
 ('1', '1', 'da', '', NULL, '1', '2016-03-30 12:09:18', '2016-05-25 19:30:22', '52cb5e60-4c0f-49b3-afcb-ea16a1bd8891'),
 ('2', '2', 'da', 'homepage', '__home__', '1', '2016-03-30 12:09:21', '2016-06-21 07:44:28', '92cd5f06-3025-4503-bda7-1acfdc05f221'),
 ('3', '3', 'da', 'we-just-installed-craft', 'news/2016/we-just-installed-craft', '1', '2016-03-30 12:09:21', '2016-06-10 10:02:14', '159d1e96-ac83-4f05-968e-a131a73c71d8'),
 ('5', '5', 'da', 'orderconfirm', 'orderconfirm', '1', '2016-05-13 10:59:37', '2016-06-02 07:17:44', 'b1d74cd7-6bb6-41c4-a672-d2faa9e4aba0'),
 ('95', '95', 'da', 'folder', NULL, '1', '2016-05-24 10:34:44', '2016-05-24 10:34:51', '773acea1-9d28-4886-9ec8-6beace80ccf4'),
 ('123', '123', 'da', 'folder', NULL, '1', '2016-05-26 11:57:20', '2016-07-05 12:32:12', '422670e0-ab27-46d9-afec-34e249c284dc'),
 ('130', '130', 'da', '', NULL, '1', '2016-06-01 13:39:24', '2016-06-10 09:55:13', '6a12669d-39f2-474b-b1ca-34ccf86b5ff3'),
 ('133', '133', 'da', 'bilka', NULL, '1', '2016-06-02 07:50:37', '2016-07-05 12:32:11', 'eb1e9a56-6053-459f-8498-f62c38397b1a'),
 ('178', '178', 'da', '', NULL, '1', '2016-06-21 06:07:07', '2016-06-27 06:23:53', '14a8b42e-7017-4e53-8a29-1e1e7dc9cc41'),
 ('179', '179', 'da', 'fordele', 'fordele', '1', '2016-06-22 11:13:44', '2016-06-22 11:13:44', '6da8a60e-9222-4c69-a5f8-a224eb88c397'),
 ('180', '180', 'da', 'faq', NULL, '1', '2016-06-23 13:27:09', '2016-06-29 09:06:00', '7dfe9c07-8bbd-43f4-b814-aa887b3d451e'),
 ('182', '182', 'da', '', NULL, '1', '2016-06-23 13:48:19', '2016-06-27 09:44:57', '30bfc693-8143-4298-a72c-9b30bb7f0857'),
 ('183', '183', 'da', 'hvorfor-skal-jeg-købe-elektronikforsikring-hos-danrisk', NULL, '1', '2016-06-23 13:52:47', '2016-06-29 09:06:00', '23ead39d-150b-47c4-b2cf-da65eab0d66b'),
 ('184', '184', 'da', '', NULL, '1', '2016-06-23 13:52:47', '2016-06-28 11:44:14', '5bd4375e-72b0-457f-85e7-4fe2d495cc16'),
 ('185', '185', 'da', '', NULL, '1', '2016-06-23 13:52:47', '2016-06-28 11:44:14', '48c432d7-6cfc-4d8b-96a3-30b586033b25'),
 ('186', '186', 'da', '', NULL, '1', '2016-06-23 13:52:47', '2016-06-28 11:44:14', '7d93d538-1c2f-4c9f-8ef7-f147e438ebe7'),
 ('187', '187', 'da', '', NULL, '1', '2016-06-23 13:52:47', '2016-06-28 11:44:14', '8ea5ac47-557f-4e57-ba9e-2edc42456f1b'),
 ('188', '188', 'da', '', NULL, '1', '2016-06-27 09:29:21', '2016-06-27 09:44:57', 'df5bf425-0b6d-4572-87d8-1ee85f66554e'),
 ('189', '189', 'da', '', NULL, '1', '2016-06-27 09:29:21', '2016-06-27 09:44:57', '7a9bd02f-32ef-4479-911b-106e5e06d8ae'),
 ('190', '190', 'da', '', NULL, '1', '2016-06-27 09:52:24', '2016-06-27 09:52:57', '543e2e72-4c9d-491b-a48d-9d8658a95098'),
 ('193', '193', 'da', '', NULL, '1', '2016-06-28 11:44:14', '2016-06-28 11:44:14', 'f4074422-7f86-45d6-8d12-c3f2e96c1b98'),
 ('194', '194', 'da', '', NULL, '1', '2016-06-28 11:44:14', '2016-06-28 11:44:14', '2c582fc9-c9ca-4ba6-b366-e9a448737cdd'),
 ('195', '195', 'da', '', NULL, '1', '2016-06-28 11:44:14', '2016-06-28 11:44:14', 'd6a2ca23-0f06-4a73-86f4-0e12521e5e32'),
 ('196', '196', 'da', 'hvis-jeg-har-flere-skader-vil-der-så-komme-en-selvrisiko', NULL, '1', '2016-06-28 11:45:18', '2016-06-29 09:06:00', '720c7456-d654-49e6-aabc-9e02bcc8728b'),
 ('197', '197', 'da', '', NULL, '1', '2016-06-28 11:45:18', '2016-06-28 11:45:18', 'f2543a4e-ba91-48bc-9870-2fddbdc00938'),
 ('198', '198', 'da', 'når-der-ingen-afskrivning-er-betyder-det-så-at-jeg-altid-får-erstattet-for-den-oprindelige-købspris', NULL, '1', '2016-06-28 11:49:23', '2016-06-29 09:06:00', 'd7263caa-7e13-48b2-b319-0e31ae5d1fe7'),
 ('199', '199', 'da', '', NULL, '1', '2016-06-28 11:49:23', '2016-06-28 11:49:23', '63c55cd5-736d-4e8a-839f-dedbca9173a6'),
 ('200', '200', 'da', '', NULL, '1', '2016-06-28 11:49:23', '2016-06-28 11:49:23', '898d63f5-662a-487c-8dfe-16a3c70023c9'),
 ('201', '201', 'da', '', NULL, '1', '2016-06-28 11:49:23', '2016-06-28 11:49:23', 'e7efdb8b-2b3a-499f-946d-a02f09634e73'),
 ('202', '202', 'da', '', NULL, '1', '2016-06-28 11:49:23', '2016-06-28 11:49:23', '1e06394e-ab96-4b9a-86f8-60f097ce2429'),
 ('203', '203', 'da', 'hvilke-produkter-er-omfattet-af-forsikringen-er-det-alle', NULL, '1', '2016-06-28 11:51:03', '2016-06-29 09:06:01', '5f314555-285d-4d42-9da6-f6531ab53984'),
 ('204', '204', 'da', '', NULL, '1', '2016-06-28 11:51:03', '2016-06-28 11:51:03', '0001f348-4c6a-433d-aef0-68d9f97224c3'),
 ('205', '205', 'da', '', NULL, '1', '2016-06-28 11:51:03', '2016-06-28 11:51:03', '307d130c-b503-4ada-a875-20b3b4a78aef'),
 ('206', '206', 'da', 'hvor-længe-dækker-forsikringen-mine-produkter', NULL, '1', '2016-06-28 11:53:18', '2016-06-29 09:06:01', 'dcbe3930-736f-480e-b1b1-21572219dc8e'),
 ('207', '207', 'da', '', NULL, '1', '2016-06-28 11:53:18', '2016-06-28 11:53:18', '4367f4cb-2e07-4f3e-9b1f-572849d3ca73'),
 ('208', '208', 'da', '', NULL, '1', '2016-06-28 11:53:18', '2016-06-28 11:53:18', 'c1ae8ac8-ec7a-45b6-be96-26020986ace8'),
 ('209', '209', 'da', 'hvis-jeg-køber-en-forsikring-i-dag-vil-mine-produkter-i-hjemmet-så-være-dækket-med-det-samme', NULL, '1', '2016-06-28 11:54:16', '2016-06-29 09:06:01', '348ff03b-79e7-4c1c-ba9b-ef7f4e2c0f36'),
 ('210', '210', 'da', 'dækker-forsikringen-hvis-jeg-eksempel-har-mit-kamera-med-på-ferie-uden-for-danmark', NULL, '1', '2016-06-28 12:24:44', '2016-06-29 09:06:01', '95808fdf-8ca9-4e51-b48e-7d4d98b11483'),
 ('211', '211', 'da', '', NULL, '1', '2016-06-28 12:24:44', '2016-06-28 12:24:44', '3b6ee9e3-a438-4455-885b-16271bc02847'),
 ('212', '212', 'da', 'dækker-forsikringen-tyveri', NULL, '1', '2016-06-28 12:28:37', '2016-06-29 09:06:01', 'b3784807-f770-4981-b346-a071f20a4efe'),
 ('213', '213', 'da', '', NULL, '1', '2016-06-28 12:28:37', '2016-06-28 12:28:37', '8b5eb9b6-9514-484c-b147-e74d03abd270'),
 ('214', '214', 'da', '', NULL, '1', '2016-06-28 12:28:37', '2016-06-28 12:28:37', 'ec239b40-7335-449f-939c-ed2bfaf6c61a'),
 ('215', '215', 'da', 'jeg-har-3-hjemmeboende-børn-dækker-forsikringen-hvis-min-datter-låner-min-mobil-fordi-hun-skal-spille-på-den-og-hun-kommer-til-at-tabe-den-så-skærmen-går-i-stykker', NULL, '1', '2016-06-28 12:29:53', '2016-06-29 09:06:01', '78c15c06-398b-4bbf-b5a9-c47ecb54d2cb'),
 ('216', '216', 'da', '', NULL, '1', '2016-06-28 12:29:53', '2016-06-28 12:29:53', '45591902-8e80-42bf-83a2-e1a0fe65d3ae'),
 ('217', '217', 'da', '', NULL, '1', '2016-06-28 12:29:54', '2016-06-28 12:29:54', 'a1fea463-0388-4624-8dc5-0dd25ed7ba41'),
 ('218', '218', 'da', 'hvor-længe-løber-min-forsikring', NULL, '1', '2016-06-28 12:31:32', '2016-06-29 09:06:01', '55dea413-dbd4-413b-85e8-0fe595f20c10'),
 ('219', '219', 'da', '', NULL, '1', '2016-06-28 12:31:32', '2016-06-28 12:31:32', '614f2d64-719c-42a7-97ba-7ce684f727a0'),
 ('220', '220', 'da', '', NULL, '1', '2016-06-28 12:31:32', '2016-06-28 12:31:32', 'e520b852-ddd9-4994-8bc6-2c1f0c5fe7dc'),
 ('221', '221', 'da', 'kan-jeg-opsige-min-forsikring', NULL, '1', '2016-06-28 12:32:35', '2016-06-29 09:06:01', '2f34df34-c507-498e-8404-eb9e6da39460'),
 ('222', '222', 'da', '', NULL, '1', '2016-06-28 12:32:35', '2016-06-28 12:32:35', '6a1498d2-024a-49ed-90c7-a7c1c135df64'),
 ('223', '223', 'da', '', NULL, '1', '2016-06-28 12:32:35', '2016-06-28 12:32:35', 'aa28c3d0-fdb3-4727-bf43-6e905541c31b'),
 ('224', '224', 'da', 'hvad-hvis-mit-produkt-går-i-stykker-indenfor-den-2-årige-reklamationsperiode-skal-jeg-så-også-anmelde-skaden-hos-danrisk', NULL, '1', '2016-06-28 12:33:49', '2016-06-29 09:06:01', 'afd595f9-c1db-480d-b87b-0b66c6cd19c8'),
 ('225', '225', 'da', '', NULL, '1', '2016-06-28 12:33:49', '2016-06-28 12:33:49', 'eb5b9c32-c919-487d-a467-3c9ab5c92034'),
 ('226', '226', 'da', '', NULL, '1', '2016-06-28 12:33:49', '2016-06-28 12:33:49', 'b5e0e6d0-63a9-4f26-93a2-4d683a459f17'),
 ('227', '227', 'da', 'betingelser', 'betingelser', '1', '2016-06-29 09:05:44', '2016-06-30 08:44:00', 'f3969829-b44d-445f-80bd-16cf3d0584a6'),
 ('228', '228', 'da', '', NULL, '1', '2016-06-29 09:08:53', '2016-06-30 08:44:00', '23efa6a3-ba17-4bbb-82a4-a51058250e8b'),
 ('230', '230', 'da', '', NULL, '1', '2016-06-29 11:51:55', '2016-06-30 08:44:00', 'd3a676c2-b0ab-43bb-b07e-e2270cc54e7e'),
 ('231', '231', 'da', '', NULL, '1', '2016-06-29 11:51:55', '2016-06-30 08:44:00', 'f28b8d8b-6a21-43a0-bd46-b43b3de09177'),
 ('232', '232', 'da', '', NULL, '1', '2016-06-29 11:51:55', '2016-06-30 08:44:00', 'e1e59cb9-385c-4993-afc8-64a98553a781'),
 ('233', '233', 'da', '', NULL, '1', '2016-06-29 11:51:55', '2016-06-30 08:44:00', '8c99eacb-9a83-4815-b061-db10a7e31d7f'),
 ('234', '234', 'da', '', NULL, '1', '2016-06-29 11:51:55', '2016-06-30 08:44:00', '1de0e8b1-cbc0-42a2-9ed7-658acddeff8f'),
 ('235', '235', 'da', '', NULL, '1', '2016-06-29 11:51:55', '2016-06-30 08:44:00', '6cde6051-f547-4545-82c7-a651c769e2ef'),
 ('236', '236', 'da', '', NULL, '1', '2016-06-29 11:51:55', '2016-06-30 08:44:00', 'dfed41bd-f91c-46a7-9627-b75c81243527'),
 ('237', '237', 'da', '', NULL, '1', '2016-06-29 11:51:55', '2016-06-30 08:44:00', 'cb2f8847-dcc9-40fd-a384-9cb257b69e81'),
 ('240', '240', 'da', 'cards', NULL, '1', '2016-06-30 08:30:56', '2016-07-05 12:32:11', '877feb2d-fab8-4ce0-8360-11b70b45418a'),
 ('241', '241', 'da', 'danrisk-logo', NULL, '1', '2016-06-30 08:30:56', '2016-07-05 12:32:12', '9066828b-2f7d-4168-8fd9-bbf133ec1be6'),
 ('242', '242', 'da', 'elektronikforsikring-logo', NULL, '1', '2016-06-30 08:30:56', '2016-07-05 12:32:12', 'dc79133b-074e-4cf1-b989-d89a19f0a205'),
 ('243', '243', 'da', 'faq', NULL, '1', '2016-06-30 08:30:56', '2016-07-05 12:32:12', '84a606dc-fbf9-477a-ad8b-9f7975e0fb2a'),
 ('244', '244', 'da', 'foto', NULL, '1', '2016-06-30 08:30:57', '2016-07-05 12:32:13', 'cdd5bd9a-1de8-4eca-a6ea-40ecf88d6b5d'),
 ('245', '245', 'da', 'girls', NULL, '1', '2016-06-30 08:30:57', '2016-07-05 12:32:13', '21ac106f-171c-4c99-89ef-70ffa046f14f'),
 ('247', '247', 'da', 'pencil', NULL, '1', '2016-06-30 08:43:57', '2016-07-05 12:32:13', '5e01f7c7-8369-4083-a841-886a02c7c9bf'),
 ('248', '248', 'da', 'lovpligtige-betingelser', 'lovpligtige-oplysninger', '1', '2016-06-30 11:14:48', '2016-06-30 11:55:25', '4cd620ec-d086-44bd-a41b-b9cac02b5407'),
 ('250', '250', 'da', '', NULL, '1', '2016-06-30 11:39:14', '2016-06-30 11:39:14', 'f006be8f-5345-4763-967c-8b319ec98339'),
 ('251', '251', 'da', 'naar-skaden-er-sket', 'kundeservice/naar-skaden-er-sket', '1', '2016-06-30 13:07:51', '2016-07-01 11:05:02', '53126606-14af-404e-a429-e43af1dc5389'),
 ('252', '252', 'da', 'customer', NULL, '1', '2016-06-30 13:22:30', '2016-07-05 12:32:12', '6c47de16-db7f-474c-b1bf-6b15ac8b9ff2'),
 ('253', '253', 'da', '', NULL, '1', '2016-06-30 13:33:07', '2016-07-01 11:05:02', '39faae2a-d1b8-4523-a7f7-590837c7e4b9'),
 ('254', '254', 'da', 'handelsbetingelser', 'kundeservice/handelsbetingelser', '1', '2016-06-30 13:46:35', '2016-07-01 11:05:42', '351bcda3-0f98-49c9-b270-54906bf48424'),
 ('255', '255', 'da', '', NULL, '1', '2016-06-30 13:49:10', '2016-07-01 11:05:42', '2bce86a0-5548-45c0-bf51-08ccbb750f2e'),
 ('256', '256', 'da', '', NULL, '1', '2016-06-30 13:51:23', '2016-07-01 11:05:42', '4edea351-ba83-4a96-a604-7a7cf5339ff1'),
 ('257', '257', 'da', '', NULL, '1', '2016-06-30 13:51:23', '2016-07-01 11:05:42', 'ea61d08d-93e2-40f2-8987-2c4bbd88eccd'),
 ('258', '258', 'da', '', NULL, '1', '2016-06-30 13:51:23', '2016-07-01 11:05:42', 'e0748a30-2c2e-40cf-bcd4-d3396ddf347b'),
 ('259', '259', 'da', '', NULL, '1', '2016-06-30 13:51:23', '2016-07-01 11:05:42', '0666e359-9c88-4cd7-88de-933aaa26205e'),
 ('260', '260', 'da', '', NULL, '1', '2016-06-30 13:51:23', '2016-07-01 11:05:42', 'a9963a6d-360c-4774-9086-8f9ec9d4e3c0'),
 ('261', '261', 'da', '', NULL, '1', '2016-06-30 13:51:23', '2016-07-01 11:05:42', '879f1d41-d621-4d67-b92e-b4d73406113a'),
 ('262', '262', 'da', '', NULL, '1', '2016-06-30 13:51:23', '2016-07-01 11:05:42', '1ef231cd-f882-43a0-b280-e64d9f425d08'),
 ('263', '263', 'da', '', NULL, '1', '2016-06-30 13:51:23', '2016-07-01 11:05:42', 'b6a8dd33-8d79-4923-a71a-bbba7b930b98'),
 ('264', '264', 'da', 'lovpligtige-oplysninger', 'kundeservice/lovpligtige-oplysninger', '1', '2016-06-30 13:56:58', '2016-07-01 11:03:42', 'ebb22cf5-9599-4a3d-87af-cee8c47ddc97'),
 ('265', '265', 'da', '', NULL, '1', '2016-06-30 13:56:58', '2016-07-01 11:03:42', '402a802f-0b7e-495c-bb67-b82ce350c76f'),
 ('274', '274', 'da', 'kontakt', 'kontakt', '1', '2016-07-01 08:35:40', '2016-07-01 09:27:48', '2dbe3e34-6946-4a03-a30b-aab7ab66afe6'),
 ('275', '275', 'da', 'mail', NULL, '1', '2016-07-01 08:38:50', '2016-07-05 12:32:13', 'ac785f94-7e74-4f83-a52e-3fc32105e196'),
 ('276', '276', 'da', '', NULL, '1', '2016-07-01 09:23:51', '2016-07-01 09:27:48', 'cd35ad24-fc15-4d2c-8aa9-663478b29026'),
 ('277', '277', 'da', '', NULL, '1', '2016-07-01 09:47:28', '2016-07-01 10:06:27', '681b897d-1762-4736-a69c-d3375a699235'),
 ('278', '278', 'da', '', NULL, '1', '2016-07-01 09:53:56', '2016-07-01 10:01:27', 'd418f37c-37cf-48cc-8bee-14c7c6175756'),
 ('279', '279', 'da', '', NULL, '1', '2016-07-01 10:01:27', '2016-07-01 10:01:27', '6d893038-a874-4d7f-bc12-c8180fa051be'),
 ('281', '281', 'da', 'elektronikforsikring', NULL, '1', '2016-07-01 11:22:52', '2016-07-20 09:21:10', 'f48ff04c-bca6-4d9f-8d75-64f9cc10dd67'),
 ('283', '283', 'da', '', NULL, '1', '2016-07-01 12:47:18', '2016-07-01 12:47:18', 'a060cc95-9a4b-4e77-922e-ba15bf5716d9'),
 ('285', '285', 'da', '', NULL, '1', '2016-07-04 14:18:15', '2016-07-04 14:18:15', 'fe5db22a-6266-41e6-a6cf-101f336d6216'),
 ('289', '289', 'da', '', NULL, '1', '2016-07-04 17:52:23', '2016-07-04 17:52:23', '7072e370-363d-459e-ae75-29366bb62882'),
 ('290', '290', 'da', '', NULL, '1', '2016-07-04 18:12:55', '2016-07-04 18:32:06', 'c8c86627-ab57-45fd-80f9-0b7e66f24ac9'),
 ('291', '291', 'da', '', NULL, '1', '2016-07-04 18:32:32', '2016-07-04 18:32:32', '177b8e9d-cc7c-4403-ad32-6f25f3271ac3');
INSERT INTO `craft_elements_i18n` (`id`, `elementId`, `locale`, `slug`, `uri`, `enabled`, `dateCreated`, `dateUpdated`, `uid`) VALUES
 ('293', '293', 'da', '', NULL, '1', '2016-07-04 19:58:05', '2016-07-04 19:58:05', '63740c3f-376c-48c3-99a5-198221eacef9'),
 ('295', '295', 'da', '', NULL, '1', '2016-07-04 20:18:49', '2016-07-04 20:18:49', 'bf89ecce-dc16-43d8-b4bb-3ef43d0edf85'),
 ('297', '297', 'da', '', NULL, '1', '2016-07-04 20:38:27', '2016-07-04 20:38:27', 'd42b1108-b372-462b-bf0e-9ca47c199717'),
 ('299', '100001', 'da', '', NULL, '1', '2016-07-04 20:57:51', '2016-07-04 20:57:51', '819635f2-4dd6-417a-bda4-916d65a9c422'),
 ('301', '100003', 'da', '', NULL, '1', '2016-07-05 08:58:57', '2016-07-05 08:58:57', 'bf92c86b-158c-4df9-8637-6fe69d19bef7'),
 ('302', '100004', 'da', '', NULL, '1', '2016-07-05 08:58:57', '2016-07-05 08:58:57', 'eb205f0b-90c0-4968-a1a9-143298761109'),
 ('304', '100006', 'da', '', NULL, '1', '2016-07-05 09:35:45', '2016-07-05 09:35:45', '1eba7e77-811c-49c9-be82-1781e9d88790'),
 ('306', '100008', 'da', '', NULL, '1', '2016-07-05 09:37:24', '2016-07-05 09:37:24', '28484857-1eba-4e20-8ca6-fb30a4a5823f'),
 ('307', '100009', 'da', '', NULL, '1', '2016-07-05 11:57:51', '2016-07-05 14:27:37', '6cea9c0e-f19f-4df8-a8e8-18517b81ff65'),
 ('308', '100010', 'da', '', NULL, '1', '2016-07-05 12:01:22', '2016-07-05 14:27:37', '7e968b90-62ff-4c4b-8f27-9e347e9fd6ea'),
 ('309', '100011', 'da', '', NULL, '1', '2016-07-05 12:02:01', '2016-07-05 14:27:37', '9df23f57-6350-42b6-abf9-54fc585e5398'),
 ('310', '100012', 'da', '', NULL, '1', '2016-07-05 14:02:16', '2016-07-05 14:27:37', 'edd2df86-4d80-468d-89fa-1cd33781c93c'),
 ('311', '100013', 'da', '', NULL, '1', '2016-07-05 14:02:16', '2016-07-05 14:27:37', '7609e64b-318c-41e9-8e0a-e5fee153272e'),
 ('312', '100014', 'da', '', NULL, '1', '2016-07-05 14:02:16', '2016-07-05 14:27:37', 'af9406f4-d0c6-48f0-b39c-dc59b80f06dc'),
 ('313', '100015', 'da', '', NULL, '1', '2016-07-05 14:04:38', '2016-07-05 14:27:37', '9e7836d1-0bae-4dfd-be2f-3671b93c80f9'),
 ('315', '100017', 'da', '', NULL, '1', '2016-07-05 14:16:54', '2016-07-05 14:27:37', '90bc9eaf-d837-41e1-8f10-fa0b0ebbb3c5'),
 ('316', '100018', 'da', '', NULL, '1', '2016-07-05 14:19:36', '2016-07-05 14:27:37', '3fa66040-2745-4fcc-8aae-a6c7db34651a'),
 ('317', '100019', 'da', '', NULL, '1', '2016-07-05 14:22:35', '2016-07-05 14:27:37', '3da811f5-2ef0-4225-8509-5c43e9ea7d62'),
 ('318', '100020', 'da', '', NULL, '1', '2016-07-05 14:22:35', '2016-07-05 14:27:37', 'c20f82d5-591e-4b83-8bcf-3e0aece37303'),
 ('319', '100021', 'da', '', NULL, '1', '2016-07-05 14:22:35', '2016-07-05 14:27:37', '1b78c326-04fe-45ba-b4d0-757333711855'),
 ('320', '100022', 'da', '', NULL, '1', '2016-07-05 14:22:35', '2016-07-05 14:27:37', 'cab54248-f900-4d94-b110-20732242e36c'),
 ('321', '100023', 'da', '', NULL, '1', '2016-07-05 14:24:15', '2016-07-05 14:27:37', '69e55fe3-a67f-4c39-8122-b92f3c938c56'),
 ('322', '100024', 'da', '', NULL, '1', '2016-07-05 14:24:15', '2016-07-05 14:27:37', 'f44bd8c6-bc0f-462c-861d-47ff888b1dea'),
 ('323', '100025', 'da', '', NULL, '1', '2016-07-05 14:24:43', '2016-07-05 14:27:37', 'a3fdee6a-39bf-4dbd-ba3e-c3ed3c70364e'),
 ('325', '100027', 'da', '', NULL, '1', '2016-07-05 18:19:36', '2016-07-05 18:19:36', 'b33ecca3-f948-4e1d-a117-8a27a54ae3e9'),
 ('327', '100029', 'da', '', NULL, '1', '2016-07-05 18:36:39', '2016-07-05 18:36:39', 'ff6116fb-cedb-4b2e-a876-e6af5264452b'),
 ('329', '100031', 'da', '', NULL, '1', '2016-07-05 18:43:56', '2016-07-05 18:43:56', 'f0232a57-66ba-4690-9128-ba48f387cadd'),
 ('331', '100033', 'da', '', NULL, '1', '2016-07-05 19:04:59', '2016-07-05 19:04:59', '87751448-372f-4526-b801-10c27a5631ed'),
 ('333', '100035', 'da', '', NULL, '1', '2016-07-05 19:15:37', '2016-07-05 19:15:37', 'ffe0ada7-06d7-47f6-905e-2fd4eff933ba'),
 ('335', '100037', 'da', '', NULL, '1', '2016-07-05 19:37:11', '2016-07-05 19:37:11', '03c73ea2-9bc0-442b-a5cc-7c6d6cebb283'),
 ('337', '100039', 'da', '', NULL, '1', '2016-07-05 19:39:59', '2016-07-05 19:39:59', '04053b0a-1bee-4755-aad9-f9a94da4a44c'),
 ('339', '100041', 'da', '', NULL, '1', '2016-07-05 20:18:28', '2016-07-05 20:18:28', 'bb26b2e8-a3ec-4bdf-9897-34e3e20d3c9c'),
 ('341', '100043', 'da', '', NULL, '1', '2016-07-05 20:21:44', '2016-07-05 20:21:44', '1a859cb7-9df0-47bd-af72-189ab12bd6ab'),
 ('343', '100045', 'da', '', NULL, '1', '2016-07-05 20:31:45', '2016-07-05 20:31:45', '651baac2-e7a3-4ec8-b50f-ff83424a2a2e'),
 ('345', '100047', 'da', '', NULL, '1', '2016-07-06 09:01:40', '2016-07-06 09:01:40', 'a02671f2-f423-4d24-bc2f-aa7b359850d8'),
 ('347', '100049', 'da', '', NULL, '1', '2016-07-06 09:16:50', '2016-07-06 09:16:50', '084e2821-5f42-447d-be5c-a09434e9ccc6'),
 ('349', '100051', 'da', '', NULL, '1', '2016-07-06 09:18:37', '2016-07-06 09:18:37', '1fe07324-84e8-479a-86d6-c7b6c5f105ec'),
 ('351', '100053', 'da', '', NULL, '1', '2016-07-06 09:23:03', '2016-07-06 09:23:03', 'f4963482-d54a-4aa2-a8af-6c9ec1038731'),
 ('353', '100055', 'da', '', NULL, '1', '2016-07-06 09:28:00', '2016-07-06 09:28:00', 'e71bd444-1010-493b-8b1f-972c51d70dcd'),
 ('355', '100057', 'da', '', NULL, '1', '2016-07-06 09:42:44', '2016-07-06 09:42:44', 'f3194299-8abd-4758-b701-3ad14464b8c8'),
 ('357', '100059', 'da', '', NULL, '1', '2016-07-06 09:44:30', '2016-07-06 09:44:30', '7743562c-7cbc-4bb7-9785-65022d42bf63'),
 ('359', '100061', 'da', '', NULL, '1', '2016-07-06 09:47:17', '2016-07-06 09:47:17', 'f49b1a97-0aca-4396-b14b-66ce97988d55'),
 ('361', '100063', 'da', '', NULL, '1', '2016-07-06 09:52:38', '2016-07-06 09:52:38', '3d5d08d9-cc0f-46cc-86bc-6da9f356ae87'),
 ('363', '100065', 'da', '', NULL, '1', '2016-07-06 10:00:43', '2016-07-06 10:00:43', 'ac42a2c9-0e96-4e85-af9d-58c9fabfd22e'),
 ('365', '100067', 'da', '', NULL, '1', '2016-07-06 10:11:47', '2016-07-06 10:11:47', '6fd7e61c-8c11-43c0-b4b8-47e13226450a'),
 ('367', '100069', 'da', '', NULL, '1', '2016-07-06 11:25:42', '2016-07-06 11:25:42', '86fa94f8-7c2e-4596-9d7c-14d60de94b94'),
 ('369', '100071', 'da', '', NULL, '1', '2016-07-06 11:43:33', '2016-07-06 11:43:33', 'e9e23732-bf4f-4200-89a2-2f37a4152130'),
 ('371', '100073', 'da', '', NULL, '1', '2016-07-06 11:46:00', '2016-07-06 11:46:00', 'bd8ff1f7-f5df-414c-98b3-f1fd83fda2d1'),
 ('373', '100075', 'da', '', NULL, '1', '2016-07-06 11:47:04', '2016-07-06 11:47:04', '0eccb2f8-874b-4f77-a3ea-4c6bb2b57bce'),
 ('375', '100077', 'da', '', NULL, '1', '2016-07-06 11:55:53', '2016-07-06 11:55:53', '00435566-3275-4774-880c-056ebb3a9cd3'),
 ('377', '100079', 'da', '', NULL, '1', '2016-07-06 12:22:48', '2016-07-06 12:22:48', '70ecf2fd-46f6-4b20-84f3-d4b203316fcd'),
 ('380', '100082', 'da', '', NULL, '1', '2016-07-06 12:55:03', '2016-07-06 12:55:03', '1e944312-61e2-4ac7-a28a-d800d095d5ed'),
 ('382', '100084', 'da', '', NULL, '1', '2016-07-06 12:57:40', '2016-07-06 12:57:40', '8fbb4ef6-33d9-4894-9123-69a03f70f17e'),
 ('384', '100086', 'da', '', NULL, '1', '2016-07-07 08:37:40', '2016-07-07 08:37:40', '9ff35705-8d5a-449e-9e0e-d1d8e93e4272'),
 ('385', '100087', 'da', '', NULL, '1', '2016-07-07 10:05:54', '2016-08-08 07:38:18', '307c96b4-a435-4e21-8fb9-d8f950b2c679'),
 ('386', '100088', 'da', '', NULL, '1', '2016-07-07 10:06:21', '2016-07-07 10:06:21', 'd6504572-156a-4f7f-b955-228c4edfd161'),
 ('387', '100089', 'da', '', NULL, '1', '2016-07-07 10:06:27', '2016-08-08 07:38:18', '25bc3c2a-3ba6-43b7-9694-c4d7c3887b13'),
 ('388', '100090', 'da', '', NULL, '1', '2016-07-07 10:07:19', '2016-07-07 10:07:19', '7e5ab980-4997-499c-9dab-f1c74af0e79b'),
 ('389', '100091', 'da', '', NULL, '1', '2016-07-07 10:07:51', '2016-08-08 07:38:17', 'e032150b-5bb6-4785-9dd6-f551651a054e'),
 ('390', '100092', 'da', '', NULL, '1', '2016-07-07 10:08:38', '2016-07-07 10:08:38', '365a1f62-fd9e-4a9f-a161-04897ff9935b'),
 ('391', '100093', 'da', '', NULL, '1', '2016-07-16 09:59:42', '2016-07-20 10:49:50', '6885538a-06b1-4749-a763-0de7e678c2b8');



DROP TABLE IF EXISTS `craft_emailmessages`;


--
-- Schema for table `craft_emailmessages`
--
CREATE TABLE `craft_emailmessages` (
  `id` int(11) NOT NULL AUTO_INCREMENT,
  `key` char(150) COLLATE utf8_unicode_ci NOT NULL,
  `locale` char(12) COLLATE utf8_unicode_ci NOT NULL,
  `subject` varchar(1000) COLLATE utf8_unicode_ci NOT NULL,
  `body` text COLLATE utf8_unicode_ci NOT NULL,
  `dateCreated` datetime NOT NULL,
  `dateUpdated` datetime NOT NULL,
  `uid` char(36) COLLATE utf8_unicode_ci NOT NULL DEFAULT '0',
  PRIMARY KEY (`id`),
  UNIQUE KEY `craft_emailmessages_key_locale_unq_idx` (`key`,`locale`),
  KEY `craft_emailmessages_locale_fk` (`locale`)
) ENGINE=InnoDB DEFAULT CHARSET=utf8 COLLATE=utf8_unicode_ci;

DROP TABLE IF EXISTS `craft_entries`;


--
-- Schema for table `craft_entries`
--
CREATE TABLE `craft_entries` (
  `id` int(11) NOT NULL,
  `sectionId` int(11) NOT NULL,
  `typeId` int(11) DEFAULT NULL,
  `authorId` int(11) DEFAULT NULL,
  `postDate` datetime DEFAULT NULL,
  `expiryDate` datetime DEFAULT NULL,
  `dateCreated` datetime NOT NULL,
  `dateUpdated` datetime NOT NULL,
  `uid` char(36) COLLATE utf8_unicode_ci NOT NULL DEFAULT '0',
  PRIMARY KEY (`id`),
  KEY `craft_entries_sectionId_idx` (`sectionId`),
  KEY `craft_entries_typeId_idx` (`typeId`),
  KEY `craft_entries_postDate_idx` (`postDate`),
  KEY `craft_entries_expiryDate_idx` (`expiryDate`),
  KEY `craft_entries_authorId_fk` (`authorId`)
) ENGINE=InnoDB DEFAULT CHARSET=utf8 COLLATE=utf8_unicode_ci;

--
-- Data for table `craft_entries`
--

INSERT INTO `craft_entries` (`id`, `sectionId`, `typeId`, `authorId`, `postDate`, `expiryDate`, `dateCreated`, `dateUpdated`, `uid`) VALUES
 ('2', '1', '1', NULL, '2016-06-21 07:44:28', NULL, '2016-03-30 12:09:21', '2016-06-21 07:44:28', 'b39bf3f1-d7e3-4cba-9530-5b3f445c9abb'),
 ('3', '2', '2', '1', '2016-03-30 12:09:00', NULL, '2016-03-30 12:09:21', '2016-06-10 10:02:14', '31075cde-987b-47c2-b93d-5416d8148ed1'),
 ('5', '3', '3', NULL, '2016-06-02 07:17:14', NULL, '2016-05-13 10:59:37', '2016-06-02 07:17:44', '215d66f1-d558-458c-a2db-8f4ffb75ec05'),
 ('179', '4', NULL, NULL, '2016-06-22 11:13:43', NULL, '2016-06-22 11:13:44', '2016-06-22 11:13:44', '4cbe9050-3c52-4c93-9bf2-930926020c5a'),
 ('180', '5', '5', '1', '2016-06-23 13:32:00', NULL, '2016-06-23 13:27:09', '2016-06-27 09:44:57', 'e2961132-4ab0-4acf-8d29-33f40dd8a94c'),
 ('183', '5', '5', '1', '2016-06-23 13:52:00', NULL, '2016-06-23 13:52:47', '2016-06-28 11:44:14', '2c4ba496-ee43-4750-ae9d-a41a9e9e74ea'),
 ('196', '5', '5', '190', '2016-06-28 11:45:18', NULL, '2016-06-28 11:45:18', '2016-06-28 11:45:18', '8f616d31-1023-470c-8132-9458f6e1aced'),
 ('198', '5', '5', '190', '2016-06-28 11:49:23', NULL, '2016-06-28 11:49:23', '2016-06-28 11:49:23', '9a3fdc80-dfa8-4a5b-a4ef-19727116cd7a'),
 ('203', '5', '5', '190', '2016-06-28 11:51:03', NULL, '2016-06-28 11:51:03', '2016-06-28 11:51:03', 'fc2d0230-15de-4a34-800d-92087e387997'),
 ('206', '5', '5', '190', '2016-06-28 11:53:18', NULL, '2016-06-28 11:53:18', '2016-06-28 11:53:18', 'bcaa5ef8-5c55-43df-9911-ff9118733e2c'),
 ('209', '5', '5', '190', '2016-06-28 11:54:16', NULL, '2016-06-28 11:54:16', '2016-06-28 11:54:16', 'f994eed6-3207-4b7e-9e3d-abe0e502af3d'),
 ('210', '5', '5', '190', '2016-06-28 12:24:44', NULL, '2016-06-28 12:24:44', '2016-06-28 12:24:44', '0a83bdbb-612e-4d09-a1a0-6698abc336cf'),
 ('212', '5', '5', '190', '2016-06-28 12:28:37', NULL, '2016-06-28 12:28:37', '2016-06-28 12:28:37', '87ea5528-7972-4a12-8081-ca6916133908'),
 ('215', '5', '5', '190', '2016-06-28 12:29:53', NULL, '2016-06-28 12:29:54', '2016-06-28 12:29:54', '4b214a43-7da8-410e-9a93-91ff168716f9'),
 ('218', '5', '5', '190', '2016-06-28 12:31:32', NULL, '2016-06-28 12:31:32', '2016-06-28 12:31:32', '71b67f31-bfb5-42af-baec-bd6f8d6c1294'),
 ('221', '5', '5', '190', '2016-06-28 12:32:35', NULL, '2016-06-28 12:32:35', '2016-06-28 12:32:35', 'bfac5224-5c5b-4be0-80ce-e888896157cf'),
 ('224', '5', '5', '190', '2016-06-28 12:33:49', NULL, '2016-06-28 12:33:49', '2016-06-28 12:33:49', 'f01d729a-02b6-434a-8f89-0b86f0c566c2'),
 ('227', '6', NULL, NULL, '2016-06-29 09:05:44', NULL, '2016-06-29 09:05:44', '2016-06-30 08:44:00', '6328fd4b-7084-4860-abf1-58a322c1f705'),
 ('248', '7', '7', NULL, '2016-06-30 11:55:24', NULL, '2016-06-30 11:14:48', '2016-06-30 11:55:24', 'a2761297-6647-4909-b993-136866d1dfac'),
 ('251', '8', '8', '1', '2016-06-30 13:07:00', NULL, '2016-06-30 13:07:51', '2016-07-01 11:05:02', 'd65fae72-02b8-44a8-b67a-2e1fc1af7496'),
 ('254', '8', '8', '1', '2016-06-30 13:46:00', NULL, '2016-06-30 13:46:35', '2016-07-01 11:05:42', '518db4d3-bcd6-4f59-b86b-eafe492168c5'),
 ('264', '8', '8', '1', '2016-06-30 13:46:00', NULL, '2016-06-30 13:56:58', '2016-07-01 11:03:42', 'dd3597d6-feeb-4ab1-be00-840b94c3dd75'),
 ('274', '9', NULL, NULL, '2016-07-01 08:35:40', NULL, '2016-07-01 08:35:40', '2016-07-01 09:27:48', '6a3cdbdb-df7b-4e83-a9cc-fa332992c068');



DROP TABLE IF EXISTS `craft_entrydrafts`;


--
-- Schema for table `craft_entrydrafts`
--
CREATE TABLE `craft_entrydrafts` (
  `id` int(11) NOT NULL AUTO_INCREMENT,
  `entryId` int(11) NOT NULL,
  `sectionId` int(11) NOT NULL,
  `creatorId` int(11) NOT NULL,
  `locale` char(12) COLLATE utf8_unicode_ci NOT NULL,
  `name` varchar(255) COLLATE utf8_unicode_ci NOT NULL,
  `notes` tinytext COLLATE utf8_unicode_ci,
  `data` mediumtext COLLATE utf8_unicode_ci NOT NULL,
  `dateCreated` datetime NOT NULL,
  `dateUpdated` datetime NOT NULL,
  `uid` char(36) COLLATE utf8_unicode_ci NOT NULL DEFAULT '0',
  PRIMARY KEY (`id`),
  KEY `craft_entrydrafts_entryId_locale_idx` (`entryId`,`locale`),
  KEY `craft_entrydrafts_sectionId_fk` (`sectionId`),
  KEY `craft_entrydrafts_creatorId_fk` (`creatorId`),
  KEY `craft_entrydrafts_locale_fk` (`locale`)
) ENGINE=InnoDB DEFAULT CHARSET=utf8 COLLATE=utf8_unicode_ci;

DROP TABLE IF EXISTS `craft_entrytypes`;


--
-- Schema for table `craft_entrytypes`
--
CREATE TABLE `craft_entrytypes` (
  `id` int(11) NOT NULL AUTO_INCREMENT,
  `sectionId` int(11) NOT NULL,
  `fieldLayoutId` int(11) DEFAULT NULL,
  `name` varchar(255) COLLATE utf8_unicode_ci NOT NULL,
  `handle` varchar(255) COLLATE utf8_unicode_ci NOT NULL,
  `hasTitleField` tinyint(1) unsigned NOT NULL DEFAULT '1',
  `titleLabel` varchar(255) COLLATE utf8_unicode_ci DEFAULT 'Title',
  `titleFormat` varchar(255) COLLATE utf8_unicode_ci DEFAULT NULL,
  `sortOrder` smallint(6) unsigned DEFAULT NULL,
  `dateCreated` datetime NOT NULL,
  `dateUpdated` datetime NOT NULL,
  `uid` char(36) COLLATE utf8_unicode_ci NOT NULL DEFAULT '0',
  PRIMARY KEY (`id`),
  UNIQUE KEY `craft_entrytypes_name_sectionId_unq_idx` (`name`,`sectionId`),
  UNIQUE KEY `craft_entrytypes_handle_sectionId_unq_idx` (`handle`,`sectionId`),
  KEY `craft_entrytypes_sectionId_fk` (`sectionId`),
  KEY `craft_entrytypes_fieldLayoutId_fk` (`fieldLayoutId`)
) ENGINE=InnoDB AUTO_INCREMENT=10 DEFAULT CHARSET=utf8 COLLATE=utf8_unicode_ci;

--
-- Data for table `craft_entrytypes`
--

INSERT INTO `craft_entrytypes` (`id`, `sectionId`, `fieldLayoutId`, `name`, `handle`, `hasTitleField`, `titleLabel`, `titleFormat`, `sortOrder`, `dateCreated`, `dateUpdated`, `uid`) VALUES
 ('1', '1', '3', 'Homepage', 'homepage', '1', 'Title', NULL, NULL, '2016-03-30 12:09:20', '2016-03-30 12:09:21', '0b6cfafb-298a-4a9d-9dfe-e84c98befe82'),
 ('2', '2', '5', 'News', 'news', '1', 'Tittel', NULL, NULL, '2016-03-30 12:09:21', '2016-03-30 12:09:21', '8b19bc7f-b6f3-403c-aed3-3e1131d8caf1'),
 ('3', '3', '20', 'Orderconfirm', 'orderconfirm', '0', NULL, '{section.name|raw}', NULL, '2016-05-13 10:59:36', '2016-05-17 07:33:35', 'b0054917-a02f-4b2b-95d2-0b499241e2ca'),
 ('4', '4', '54', 'Fordele', 'advantages', '0', NULL, '{section.name|raw}', NULL, '2016-06-22 11:13:43', '2016-06-22 11:13:43', 'bd779d40-e57b-4b19-b712-310a6d852d18'),
 ('5', '5', '79', 'FAQ', 'faq', '0', NULL, '{question}', NULL, '2016-06-23 13:27:09', '2016-06-29 14:22:22', '59036fce-0354-4188-b98b-78990f19069c'),
 ('6', '6', '78', 'Betingelser', 'betingelser', '0', NULL, '{section.name|raw}', NULL, '2016-06-29 09:05:44', '2016-06-29 09:35:46', '14939b35-4100-4684-ac82-1f313e2f4a4e'),
 ('7', '7', '84', 'Lovpligtige oplysninger', 'lovpligtigeBetingelser', '0', NULL, '{section.name|raw}', NULL, '2016-06-30 11:14:48', '2016-06-30 11:55:24', '1de4c83e-a50e-4ce4-bf36-aa1ca408ab2b'),
 ('8', '8', '86', 'Kundeservice', 'kundeservice', '0', NULL, '{pageTitle}', NULL, '2016-06-30 12:51:10', '2016-06-30 12:52:45', 'cae48089-59a0-4d0d-b1c2-8e6544201362'),
 ('9', '9', '88', 'Kontakt', 'kontakt', '1', 'Titel', NULL, NULL, '2016-07-01 08:34:41', '2016-07-01 08:35:07', '4552ed94-edb8-4ce3-955b-8f09e26bd2ab');



DROP TABLE IF EXISTS `craft_entryversions`;


--
-- Schema for table `craft_entryversions`
--
CREATE TABLE `craft_entryversions` (
  `id` int(11) NOT NULL AUTO_INCREMENT,
  `entryId` int(11) NOT NULL,
  `sectionId` int(11) NOT NULL,
  `creatorId` int(11) DEFAULT NULL,
  `locale` char(12) COLLATE utf8_unicode_ci NOT NULL,
  `num` smallint(6) unsigned NOT NULL,
  `notes` tinytext COLLATE utf8_unicode_ci,
  `data` mediumtext COLLATE utf8_unicode_ci NOT NULL,
  `dateCreated` datetime NOT NULL,
  `dateUpdated` datetime NOT NULL,
  `uid` char(36) COLLATE utf8_unicode_ci NOT NULL DEFAULT '0',
  PRIMARY KEY (`id`),
  KEY `craft_entryversions_entryId_locale_idx` (`entryId`,`locale`),
  KEY `craft_entryversions_sectionId_fk` (`sectionId`),
  KEY `craft_entryversions_creatorId_fk` (`creatorId`),
  KEY `craft_entryversions_locale_fk` (`locale`)
) ENGINE=InnoDB AUTO_INCREMENT=77 DEFAULT CHARSET=utf8 COLLATE=utf8_unicode_ci;

--
-- Data for table `craft_entryversions`
--

INSERT INTO `craft_entryversions` (`id`, `entryId`, `sectionId`, `creatorId`, `locale`, `num`, `notes`, `data`, `dateCreated`, `dateUpdated`, `uid`) VALUES
 ('1', '2', '1', '1', 'da', '1', NULL, '{\"typeId\":\"1\",\"authorId\":null,\"title\":\"Homepage\",\"slug\":\"homepage\",\"postDate\":1459339760,\"expiryDate\":null,\"enabled\":1,\"parentId\":null,\"fields\":[]}', '2016-03-30 12:09:21', '2016-03-30 12:09:21', '7d4f20b0-9e9e-4920-988f-c80222d4c0f5'),
 ('2', '2', '1', '1', 'da', '2', NULL, '{\"typeId\":null,\"authorId\":null,\"title\":\"Welcome to Elektronikforsikring.dev!\",\"slug\":\"homepage\",\"postDate\":1459339760,\"expiryDate\":null,\"enabled\":\"1\",\"parentId\":null,\"fields\":{\"1\":\"<p>It\\u2019s true, this site doesn\\u2019t have a whole lot of content yet, but don\\u2019t worry. Our web developers have just installed the CMS, and they\\u2019re setting things up for the content editors this very moment. Soon Elektronikforsikring.dev will be an oasis of fresh perspectives, sharp analyses, and astute opinions that will keep you coming back again and again.<\\/p>\"}}', '2016-03-30 12:09:21', '2016-03-30 12:09:21', '9cdcfdb2-0fda-46d7-aa81-09dc7c4a0cf0'),
 ('3', '3', '2', '1', 'da', '1', NULL, '{\"typeId\":\"2\",\"authorId\":\"1\",\"title\":\"We just installed Craft!\",\"slug\":\"we-just-installed-craft\",\"postDate\":1459339761,\"expiryDate\":null,\"enabled\":1,\"parentId\":null,\"fields\":[]}', '2016-03-30 12:09:21', '2016-03-30 12:09:21', '7ddd36f0-d5d5-4558-a324-eb357f9b6e1b'),
 ('4', '5', '3', '1', 'da', '1', NULL, '{\"typeId\":\"3\",\"authorId\":null,\"title\":\"Orderconfirm\",\"slug\":\"orderconfirm\",\"postDate\":1463137176,\"expiryDate\":null,\"enabled\":1,\"parentId\":null,\"fields\":[]}', '2016-05-13 10:59:37', '2016-05-13 10:59:37', '0ddeed76-5abe-4e44-b482-32fab699e979'),
 ('5', '5', '3', '1', 'da', '2', '', '{\"typeId\":\"3\",\"authorId\":null,\"title\":\"Orderconfirm\",\"slug\":\"orderconfirm\",\"postDate\":1463137601,\"expiryDate\":null,\"enabled\":1,\"parentId\":null,\"fields\":[]}', '2016-05-13 11:09:48', '2016-05-13 11:09:48', 'f7044ac6-7687-456d-a14e-a28a48b5babb'),
 ('6', '5', '3', '1', 'da', '3', '', '{\"typeId\":\"3\",\"authorId\":null,\"title\":\"Orderconfirm\",\"slug\":\"orderconfirm\",\"postDate\":1463137601,\"expiryDate\":null,\"enabled\":1,\"parentId\":null,\"fields\":{\"1\":\"<p>Tak for din bestilling. Vi har modtaget din ordrer og er allerede i gang med at behandle den. Vi har ogs\\u00e5 sendt dig en bekr\\u00e6ftelse p\\u00e5 den indtastet&nbsp;e-mail. Din forsikring er g\\u00e6ldende med det samme. N\\u00e5r ordren er f\\u00e6rdigbehandlet, s\\u00e5 sender vi den officielle police.&nbsp;<\\/p><p>Med venlig hilsen<\\/p><p>Kundeservicechef<br>Karina Byrdal<\\/p>\",\"2\":\"\"}}', '2016-05-17 07:37:10', '2016-05-17 07:37:10', '4d4cc8ed-fe4b-4b53-b666-6db77a227c2b'),
 ('7', '5', '3', '1', 'da', '4', '', '{\"typeId\":\"3\",\"authorId\":null,\"title\":\"Orderconfirm\",\"slug\":\"orderconfirm\",\"postDate\":1463137601,\"expiryDate\":null,\"enabled\":1,\"parentId\":null,\"fields\":{\"1\":\"<h1>Tak for din bestilling.<\\/h1><p>Vi har modtaget din ordrer og er allerede i gang med at behandle den. Vi har ogs\\u00e5 sendt dig en bekr\\u00e6ftelse p\\u00e5 den indtastet&nbsp;e-mail. Din forsikring er g\\u00e6ldende med det samme. N\\u00e5r ordren er f\\u00e6rdigbehandlet, s\\u00e5 sender vi den officielle police.&nbsp;<br><\\/p>\\r\\n\\r\\n<p>Med venlig hilsen<\\/p>\\r\\n\\r\\n<p>Kundeservicechef<br>Karina Byrdal<\\/p>\",\"2\":\"\"}}', '2016-05-17 07:37:58', '2016-05-17 07:37:58', 'cbe4774b-439f-4c9d-beeb-f3cf589f28c5'),
 ('8', '5', '3', '1', 'da', '5', '', '{\"typeId\":\"3\",\"authorId\":null,\"title\":\"Orderconfirm\",\"slug\":\"orderconfirm\",\"postDate\":1463137601,\"expiryDate\":null,\"enabled\":1,\"parentId\":null,\"fields\":{\"1\":\"<h1>Tak for din bestilling.<\\/h1>\\r\\n\\r\\n<p>Vi har modtaget din ordre og er allerede i gang med at behandle den.<\\/p><p>Vi har ogs\\u00e5 sendt dig en bekr\\u00e6ftelse p\\u00e5 den indtastet&nbsp;e-mail. Din forsikring er g\\u00e6ldende med det samme. N\\u00e5r ordren er f\\u00e6rdigbehandlet, s\\u00e5 sender vi den officielle police.&nbsp;<br><\\/p>\\r\\n\\r\\n<p>Med venlig hilsen<\\/p>\\r\\n\\r\\n\\r\\n\\r\\n<p>Kundeservicechef<br>Karina Byrdal<\\/p>\",\"2\":\"\"}}', '2016-05-17 07:44:30', '2016-05-17 07:44:30', '8910f1ba-af71-4098-8813-cee757267d8a'),
 ('9', '5', '3', '1', 'da', '6', '', '{\"typeId\":\"3\",\"authorId\":null,\"title\":\"Orderconfirm\",\"slug\":\"orderconfirm\",\"postDate\":1464851834,\"expiryDate\":null,\"enabled\":1,\"parentId\":null,\"fields\":{\"1\":\"<h1>Tak for din bestilling.<\\/h1>\\r\\n\\r\\n<p>Vi har modtaget din ordre og er allerede i gang med at behandle den.<\\/p>\\r\\n\\r\\n<p>Vi har ogs\\u00e5 sendt dig en bekr\\u00e6ftelse p\\u00e5 den indtastet&nbsp;e-mail. Din forsikring er g\\u00e6ldende med det samme. N\\u00e5r ordren er f\\u00e6rdigbehandlet, s\\u00e5 sender vi den officielle police.&nbsp;<br><\\/p>\\r\\n\\r\\n\\r\\n\\r\\n<p>Med venlig hilsen<\\/p>\\r\\n\\r\\n\\r\\n\\r\\n\\r\\n\\r\\n<p>Kundeservicechef<br>Karina Byrdal<\\/p>\",\"2\":\"\"}}', '2016-06-02 07:17:29', '2016-06-02 07:17:29', 'd313f02a-1962-4541-8dad-790595256b1f'),
 ('10', '5', '3', '1', 'da', '7', '', '{\"typeId\":\"3\",\"authorId\":null,\"title\":\"Orderconfirm\",\"slug\":\"orderconfirm\",\"postDate\":1464851834,\"expiryDate\":null,\"enabled\":1,\"parentId\":null,\"fields\":{\"1\":\"<h1>Tak for din bestilling.<\\/h1>\\r\\n\\r\\n<p>Vi har modtaget din ordre og er allerede i gang med at behandle den.<\\/p>\\r\\n\\r\\n\\r\\n\\r\\n<p>Vi har ogs\\u00e5 sendt dig en bekr\\u00e6ftelse p\\u00e5 den indtastet&nbsp;e-mail. Din forsikring er g\\u00e6ldende med det samme. N\\u00e5r ordren er f\\u00e6rdigbehandlet, s\\u00e5 sender vi den officielle police.&nbsp;<br><\\/p>\\r\\n\\r\\n\\r\\n\\r\\n\\r\\n\\r\\n<p>Med venlig hilsen<\\/p>\\r\\n\\r\\n\\r\\n\\r\\n\\r\\n\\r\\n\\r\\n\\r\\n<p>Kundeservicechef<br>Karina Byrdal<\\/p>\",\"2\":\"\"}}', '2016-06-02 07:17:44', '2016-06-02 07:17:44', '3f13b283-95fb-4535-98a6-c309f0286915'),
 ('11', '3', '2', '1', 'da', '2', '', '{\"typeId\":\"2\",\"authorId\":\"1\",\"title\":\"Jeg hedder Karina\",\"slug\":\"we-just-installed-craft\",\"postDate\":1459339740,\"expiryDate\":null,\"enabled\":1,\"parentId\":null,\"fields\":{\"1\":\"<p>Craft is the CMS that\\u2019s powering Elektronikforsikring.dev. It\\u2019s beautiful, powerful, flexible, and easy-to-use, and it\\u2019s made by Pixel & Tonic. We can\\u2019t wait to dive in and see what it\\u2019s capable of!<\\/p>\\r\\n\\r\\n<hr class=\\\"redactor_pagebreak\\\" style=\\\"display:none\\\" unselectable=\\\"on\\\" contenteditable=\\\"false\\\">\\r\\n\\r\\n<p>This is even more captivating content, which you couldn\\u2019t see on the News index page because it was entered after a Page Break, and the News index template only likes to show the content on the first page.<\\/p>\\r\\n\\r\\n<p>Craft: a nice alternative to Word, if you\\u2019re making a website.<\\/p>\",\"2\":\"\"}}', '2016-06-10 10:02:14', '2016-06-10 10:02:14', '41724432-6a39-47c9-91b0-b82f5dbe212d'),
 ('12', '179', '4', '1', 'da', '1', NULL, '{\"typeId\":\"4\",\"authorId\":null,\"title\":\"Fordele\",\"slug\":\"fordele\",\"postDate\":1466594023,\"expiryDate\":null,\"enabled\":1,\"parentId\":null,\"fields\":[]}', '2016-06-22 11:13:44', '2016-06-22 11:13:44', '171709a3-5d4c-464e-bb56-5353fe46fa47'),
 ('13', '180', '5', '1', 'da', '1', NULL, '{\"typeId\":\"5\",\"authorId\":null,\"title\":\"Faq\",\"slug\":\"faq\",\"postDate\":1466688429,\"expiryDate\":null,\"enabled\":1,\"parentId\":null,\"fields\":[]}', '2016-06-23 13:27:09', '2016-06-23 13:27:09', 'bb3686f2-d5a1-4b9d-9ed4-7e926f64e434'),
 ('14', '180', '5', '1', 'da', '2', '', '{\"typeId\":\"5\",\"authorId\":null,\"title\":\"Faq\",\"slug\":\"faq\",\"postDate\":1466688727,\"expiryDate\":null,\"enabled\":1,\"parentId\":null,\"fields\":{\"19\":\"Kan det virkelig v\\u00e6re rigtigt at den kun koster 99 kr\\u2026..ogs\\u00e5 selvom jeg har flere skader\\u2026.?\",\"20\":{\"new1\":{\"type\":\"answer\",\"enabled\":\"1\",\"fields\":{\"svar\":\"<p>JA prisen \\u00e6ndre sig ikke selvom man har flere skader<\\/p>\"}}}}}', '2016-06-23 13:33:57', '2016-06-23 13:33:57', '6f4a252d-84c5-455d-a054-a10dad675f98'),
 ('15', '180', '5', '1', 'da', '3', '', '{\"typeId\":\"5\",\"authorId\":\"1\",\"title\":\"Faq\",\"slug\":\"faq\",\"postDate\":1466688720,\"expiryDate\":null,\"enabled\":1,\"parentId\":\"\",\"fields\":{\"25\":\"Kan det virkelig v\\u00e6re rigtigt at den kun koster 99 kr\\u2026..ogs\\u00e5 selvom jeg har flere skader\\u2026.?\",\"26\":{\"new1\":{\"type\":\"answer\",\"enabled\":\"1\",\"fields\":{\"answer\":\"JA prisen \\u00e6ndre sig ikke selvom man har flere skader\"}}}}}', '2016-06-23 13:48:19', '2016-06-23 13:48:19', 'bd847870-b12a-44fb-b28c-eed40a215aa7'),
 ('16', '180', '5', '1', 'da', '4', '', '{\"typeId\":\"5\",\"authorId\":\"1\",\"title\":\"Kan det virkelig v\\u00e6re rigtigt at den kun koster 99 kr\\u2026..ogs\\u00e5 selvom jeg har flere skader\\u2026.?\",\"slug\":\"faq\",\"postDate\":1466688720,\"expiryDate\":null,\"enabled\":1,\"parentId\":\"\",\"fields\":{\"25\":\"\",\"26\":{\"182\":{\"type\":\"answer\",\"enabled\":\"1\",\"fields\":{\"answer\":\"JA prisen \\u00e6ndre sig ikke selvom man har flere skader\"}}}}}', '2016-06-23 13:50:28', '2016-06-23 13:50:28', '4263a4a9-7fa2-4e50-86f8-544a1dfe9a47'),
 ('17', '183', '5', '1', 'da', '1', '', '{\"typeId\":null,\"authorId\":\"1\",\"title\":\"Hvorfor skal jeg k\\u00f8be Elektronikforsikring hos Danrisk ?\",\"slug\":\"hvorfor-skal-jeg-k\\u00f8be-elektronikforsikring-hos-danrisk\",\"postDate\":1466689967,\"expiryDate\":null,\"enabled\":1,\"parentId\":\"\",\"fields\":{\"26\":{\"new1\":{\"type\":\"answer\",\"enabled\":\"1\",\"fields\":{\"answer\":\"Fordi der ingen selvrisiko er\"}},\"new2\":{\"type\":\"answer\",\"enabled\":\"1\",\"fields\":{\"answer\":\"Fordi der ingen afskrivning er\"}},\"new3\":{\"type\":\"answer\",\"enabled\":\"1\",\"fields\":{\"answer\":\"Fordi du kan n\\u00f8jes med \\u00e9n forsikring p\\u00e5 dine produkter og derved slipper for at have en p\\u00e5 hvert produkt\"}},\"new4\":{\"type\":\"answer\",\"enabled\":\"1\",\"fields\":{\"answer\":\"\"}}}}}', '2016-06-23 13:52:47', '2016-06-23 13:52:47', 'cbacf611-4d56-4e5b-97c6-1559d4058465'),
 ('18', '180', '5', '1', 'da', '5', '', '{\"typeId\":\"5\",\"authorId\":\"1\",\"title\":\"Kan det virkelig v\\u00e6re rigtigt at den kun koster 99 kr\\u2026..ogs\\u00e5 selvom jeg har flere skader\\u2026.?\",\"slug\":\"faq\",\"postDate\":1466688720,\"expiryDate\":null,\"enabled\":1,\"parentId\":\"\",\"fields\":{\"26\":{\"182\":{\"type\":\"answer\",\"enabled\":\"1\",\"fields\":{\"answer\":\"<p>JA prisen \\u00e6ndrer sig ikke selvom man har flere skader<\\/p>\"}}}}}', '2016-06-23 13:54:08', '2016-06-23 13:54:08', 'f564dd81-2064-480f-ab7e-3869a43d02d6'),
 ('19', '180', '5', '1', 'da', '6', '', '{\"typeId\":\"5\",\"authorId\":\"1\",\"title\":\"Kan det virkelig v\\u00e6re rigtigt at den kun koster 99 kr\\u2026..ogs\\u00e5 selvom jeg har flere skader\\u2026.?\",\"slug\":\"faq\",\"postDate\":1466688720,\"expiryDate\":null,\"enabled\":1,\"parentId\":\"\",\"fields\":{\"26\":{\"182\":{\"type\":\"answer\",\"enabled\":\"1\",\"fields\":{\"answer\":\"<p>JA prisen \\u00e6ndrer sig ikke selvom man har flere skader<\\/p>\"}}}}}', '2016-06-23 13:54:25', '2016-06-23 13:54:25', '41720242-7347-4702-a927-862dc63f2d1d'),
 ('20', '180', '5', '1', 'da', '7', '', '{\"typeId\":\"5\",\"authorId\":\"1\",\"title\":\"Koster den virkelig kun 99 kr.\\/md.?\",\"slug\":\"faq\",\"postDate\":1466688720,\"expiryDate\":null,\"enabled\":1,\"parentId\":\"\",\"fields\":{\"26\":{\"182\":{\"type\":\"answer\",\"enabled\":\"1\",\"fields\":{\"answer\":\"<p>JA prisen \\u00e6ndrer sig ikke selvom man har flere skader<\\/p>\"}}}}}', '2016-06-23 13:55:07', '2016-06-23 13:55:07', '198c5ae0-3a39-43f5-b634-9d9117ed2bed'),
 ('21', '180', '5', '1', 'da', '8', '', '{\"typeId\":\"5\",\"authorId\":\"1\",\"title\":\"hej\",\"slug\":\"faq\",\"postDate\":1466688720,\"expiryDate\":null,\"enabled\":1,\"parentId\":\"\",\"fields\":{\"28\":\"pris\",\"25\":\"hej\",\"26\":{\"182\":{\"type\":\"answer\",\"enabled\":\"1\",\"fields\":{\"answer\":\"<p>JA prisen \\u00e6ndrer sig ikke selvom man har flere skader<\\/p>\"}}}}}', '2016-06-24 07:20:56', '2016-06-24 07:20:56', '172eaf70-ecb0-4b50-b72b-4932fc605e25'),
 ('22', '180', '5', '1', 'da', '9', '', '{\"typeId\":\"5\",\"authorId\":\"1\",\"title\":\"Koster den virkelig kun 99 kr.\\/md.?\",\"slug\":\"faq\",\"postDate\":1466688720,\"expiryDate\":null,\"enabled\":1,\"parentId\":\"\",\"fields\":{\"28\":\"pris\",\"25\":\"Koster den virkelig kun 99 kr.\\/md.?\",\"26\":{\"182\":{\"type\":\"answer\",\"enabled\":\"1\",\"fields\":{\"answer\":\"<p>JA prisen \\u00e6ndrer sig ikke selvom man har flere skader<\\/p>\"}}}}}', '2016-06-24 07:21:03', '2016-06-24 07:21:03', '8a257c1b-80a7-4629-80e3-189479fc419a'),
 ('23', '183', '5', '1', 'da', '2', '', '{\"typeId\":\"5\",\"authorId\":\"1\",\"title\":\"Hvorfor skal jeg k\\u00f8be Elektronikforsikring hos Danrisk?\",\"slug\":\"hvorfor-skal-jeg-k\\u00f8be-elektronikforsikring-hos-danrisk\",\"postDate\":1466689920,\"expiryDate\":null,\"enabled\":1,\"parentId\":\"\",\"fields\":{\"28\":\"pris\",\"25\":\"Hvorfor skal jeg k\\u00f8be Elektronikforsikring hos Danrisk?\",\"26\":{\"184\":{\"type\":\"answer\",\"enabled\":\"1\",\"fields\":{\"answer\":\"<p>Fordi der ingen selvrisiko er<\\/p>\"}},\"185\":{\"type\":\"answer\",\"enabled\":\"1\",\"fields\":{\"answer\":\"<p>Fordi der ingen afskrivning er<\\/p>\"}},\"186\":{\"type\":\"answer\",\"enabled\":\"1\",\"fields\":{\"answer\":\"<p>Fordi du kan n\\u00f8jes med \\u00e9n forsikring p\\u00e5 dine produkter og derved slipper for at have en p\\u00e5 hvert produkt<\\/p>\"}},\"187\":{\"type\":\"answer\",\"enabled\":\"1\",\"fields\":{\"answer\":\"\"}}}}}', '2016-06-24 07:21:14', '2016-06-24 07:21:14', 'f0ab84be-022a-449a-b9b1-3936cea8d535'),
 ('24', '180', '5', '1', 'da', '10', '', '{\"typeId\":\"5\",\"authorId\":\"1\",\"title\":\"Koster den virkelig kun 99 kr.\\/md.?\",\"slug\":\"faq\",\"postDate\":1466688720,\"expiryDate\":null,\"enabled\":1,\"parentId\":\"\",\"fields\":{\"28\":\"pris\",\"25\":\"Koster den virkelig kun 99 kr.\\/md.?\",\"26\":{\"182\":{\"type\":\"answer\",\"enabled\":\"1\",\"fields\":{\"answer\":\"<p>JA prisen \\u00e6ndrer sig ikke selvom man har flere skader<\\/p>\"}}}}}', '2016-06-24 07:21:24', '2016-06-24 07:21:24', 'bfdc6f09-1f8a-40cd-85ca-63e5bd6b35ed'),
 ('25', '180', '5', '1', 'da', '11', '', '{\"typeId\":\"5\",\"authorId\":\"1\",\"title\":\"Koster den virkelig kun 99 kr.\\/md.?\",\"slug\":\"faq\",\"postDate\":1466688720,\"expiryDate\":null,\"enabled\":1,\"parentId\":\"\",\"fields\":{\"28\":\"betingelser\",\"25\":\"Koster den virkelig kun 99 kr.\\/md.?\",\"26\":{\"182\":{\"type\":\"answer\",\"enabled\":\"1\",\"fields\":{\"answer\":\"<p>JA prisen \\u00e6ndrer sig ikke selvom man har flere skader<\\/p>\"}}}}}', '2016-06-24 07:32:20', '2016-06-24 07:32:20', '4e1fb7d7-a02e-4f4c-8455-6e94bf7f0427'),
 ('26', '180', '5', '1', 'da', '12', '', '{\"typeId\":\"5\",\"authorId\":\"1\",\"title\":\"Koster den virkelig kun 99 kr.\\/md.?\",\"slug\":\"faq\",\"postDate\":1466688720,\"expiryDate\":null,\"enabled\":1,\"parentId\":\"\",\"fields\":{\"28\":\"betingelser\",\"25\":\"Koster den virkelig kun 99 kr.\\/md.?\",\"26\":{\"182\":{\"type\":\"answer\",\"enabled\":\"1\",\"fields\":{\"answer\":\"<p>JA prisen \\u00e6ndrer sig ikke selvom man har flere skader<\\/p>\"}},\"new1\":{\"type\":\"answer\",\"enabled\":\"1\",\"fields\":{\"answer\":\"<p>bare fordi<\\/p>\"}},\"new2\":{\"type\":\"answer\",\"enabled\":\"1\",\"fields\":{\"answer\":\"\"}}}}}', '2016-06-27 09:29:21', '2016-06-27 09:29:21', 'd7120fc5-32b5-4aea-840f-63ccd8411286'),
 ('27', '180', '5', '1', 'da', '13', '', '{\"typeId\":\"5\",\"authorId\":\"1\",\"title\":\"Koster den virkelig kun 99 kr.\\/md.?\",\"slug\":\"faq\",\"postDate\":1466688720,\"expiryDate\":null,\"enabled\":1,\"parentId\":\"\",\"fields\":{\"28\":\"fordele\",\"25\":\"Koster den virkelig kun 99 kr.\\/md.?\",\"26\":{\"182\":{\"type\":\"answer\",\"enabled\":\"1\",\"fields\":{\"answer\":\"<p>JA prisen \\u00e6ndrer sig ikke selvom man har flere skader<\\/p>\"}},\"188\":{\"type\":\"answer\",\"enabled\":\"1\",\"fields\":{\"answer\":\"<p>bare fordi<\\/p>\"}},\"189\":{\"type\":\"answer\",\"enabled\":\"1\",\"fields\":{\"answer\":\"\"}}}}}', '2016-06-27 09:44:57', '2016-06-27 09:44:57', '4622fce2-b02a-4f1b-8f1b-d0d8fa37081d'),
 ('28', '183', '5', '190', 'da', '3', '', '{\"typeId\":\"5\",\"authorId\":\"1\",\"title\":\"Hvorfor skal jeg k\\u00f8be Elektronikforsikring hos Danrisk?\",\"slug\":\"hvorfor-skal-jeg-k\\u00f8be-elektronikforsikring-hos-danrisk\",\"postDate\":1466689920,\"expiryDate\":null,\"enabled\":1,\"parentId\":\"\",\"fields\":{\"28\":\"pris\",\"25\":\"Hvorfor skal jeg k\\u00f8be Elektronikforsikring hos Danrisk?\",\"26\":{\"184\":{\"type\":\"answer\",\"enabled\":\"1\",\"fields\":{\"answer\":\"<p>Fordi der ingen selvrisiko er<\\/p>\"}},\"185\":{\"type\":\"answer\",\"enabled\":\"1\",\"fields\":{\"answer\":\"<p>Fordi der ingen afskrivning er<\\/p>\"}},\"186\":{\"type\":\"answer\",\"enabled\":\"1\",\"fields\":{\"answer\":\"<p>Fordi du kan n\\u00f8jes med \\u00e9n forsikring p\\u00e5 dine produkter og derved slipper for at have en p\\u00e5 hvert produkt<\\/p>\"}},\"187\":{\"type\":\"answer\",\"enabled\":\"1\",\"fields\":{\"answer\":\"<p><font color=\\\"#000000\\\" face=\\\"Times New Roman\\\" size=\\\"3\\\">\\r\\nFordi du aldrig kommer til at mangle forsikring p\\u00e5 din elektronik\\r\\n<\\/font><font color=\\\"#000000\\\" face=\\\"Times New Roman\\\" size=\\\"3\\\">\\r\\n\\r\\n<\\/font><\\/p>\"}},\"new1\":{\"type\":\"answer\",\"enabled\":\"1\",\"fields\":{\"answer\":\"<p><font color=\\\"#000000\\\" face=\\\"Times New Roman\\\" size=\\\"3\\\">\\r\\n\\r\\n<\\/font>Fordi du\\r\\nn\\u00f8jagtigt ved hvordan du er forsikret, uanset hvilket produkt det er og hvor\\r\\ndet er k\\u00f8bt<\\/p><p><font color=\\\"#000000\\\" face=\\\"Times New Roman\\\" size=\\\"3\\\">\\r\\n\\r\\n<\\/font><\\/p>\"}},\"new2\":{\"type\":\"answer\",\"enabled\":\"1\",\"fields\":{\"answer\":\"<p><font color=\\\"#000000\\\" face=\\\"Times New Roman\\\" size=\\\"3\\\">\\r\\n\\r\\n<\\/font>Fordi du\\r\\naltid skal henvende dig samme sted n\\u00e5r du har en skade, og derved slipper for\\r\\nat kontakte flere forskellige<\\/p><p><font color=\\\"#000000\\\" face=\\\"Times New Roman\\\" size=\\\"3\\\">\\r\\n\\r\\n<\\/font><\\/p>\"}},\"new3\":{\"type\":\"answer\",\"enabled\":\"1\",\"fields\":{\"answer\":\"<p><font color=\\\"#000000\\\" face=\\\"Times New Roman\\\" size=\\\"3\\\">\\r\\n\\r\\n<\\/font>Fordi du altid\\r\\nvil blive m\\u00f8dt med kvalificeret kundeservice af vores professionelle personale<\\/p><p><font color=\\\"#000000\\\" face=\\\"Times New Roman\\\" size=\\\"3\\\">\\r\\n\\r\\n<\\/font><\\/p>\"}}}}}', '2016-06-28 11:44:14', '2016-06-28 11:44:14', 'bb502de8-b709-4fed-b6d3-3a905df5b636'),
 ('29', '196', '5', '190', 'da', '1', '', '{\"typeId\":null,\"authorId\":\"190\",\"title\":\" \\tHvis jeg har flere skader, vil der s\\u00e5 komme en selvrisiko ?\",\"slug\":\"hvis-jeg-har-flere-skader-vil-der-s\\u00e5-komme-en-selvrisiko\",\"postDate\":1467114318,\"expiryDate\":null,\"enabled\":1,\"parentId\":\"\",\"fields\":{\"28\":\"fordele\",\"25\":\" \\tHvis jeg har flere skader, vil der s\\u00e5 komme en selvrisiko ?\",\"26\":{\"new1\":{\"type\":\"answer\",\"enabled\":\"1\",\"fields\":{\"answer\":\"<p><font color=\\\"#000000\\\" face=\\\"Times New Roman\\\" size=\\\"3\\\">\\r\\n\\r\\n<\\/font>Nej, der er\\r\\ningen selvrisiko uanset om du har 1 eller flere skader<\\/p><p><font color=\\\"#000000\\\" face=\\\"Times New Roman\\\" size=\\\"3\\\">\\r\\n\\r\\n<\\/font><\\/p>\"}}}}}', '2016-06-28 11:45:18', '2016-06-28 11:45:18', '4ee083e4-2690-44c8-9288-fbbed214bce5'),
 ('30', '198', '5', '190', 'da', '1', '', '{\"typeId\":null,\"authorId\":\"190\",\"title\":\" \\tN\\u00e5r der ingen afskrivning er, betyder det s\\u00e5 at jeg altid f\\u00e5r erstattet for den oprindelige k\\u00f8bspris ?\",\"slug\":\"n\\u00e5r-der-ingen-afskrivning-er-betyder-det-s\\u00e5-at-jeg-altid-f\\u00e5r-erstattet-for-den-oprindelige-k\\u00f8bspris\",\"postDate\":1467114563,\"expiryDate\":null,\"enabled\":1,\"parentId\":\"\",\"fields\":{\"28\":\"daekning\",\"25\":\" \\tN\\u00e5r der ingen afskrivning er, betyder det s\\u00e5 at jeg altid f\\u00e5r erstattet for den oprindelige k\\u00f8bspris ?\",\"26\":{\"new1\":{\"type\":\"answer\",\"enabled\":\"1\",\"fields\":{\"answer\":\"<p><font color=\\\"#000000\\\">Nej det\\r\\ng\\u00f8r det ikke, det betyder at forsikringen ikke afskriver grundet produktets\\r\\nalder<\\/font><\\/p>\"}},\"new2\":{\"type\":\"answer\",\"enabled\":\"1\",\"fields\":{\"answer\":\"<p><font color=\\\"#000000\\\" face=\\\"Times New Roman\\\" size=\\\"3\\\">\\r\\n\\r\\n<\\/font>Hvis et\\r\\nprodukt kan repareres indenfor v\\u00e6rdien af oprindelig k\\u00f8bspris eller prisen p\\u00e5 hvad \\r\\net teknisk tilsvarende produkt koster i dag, s\\u00e5 vil&nbsp;produktet blive repareret<\\/p><p><font color=\\\"#000000\\\" face=\\\"Times New Roman\\\" size=\\\"3\\\">\\r\\n\\r\\n<\\/font><\\/p>\"}},\"new3\":{\"type\":\"answer\",\"enabled\":\"1\",\"fields\":{\"answer\":\"<p>Hvis\\r\\nproduktet ikke kan repareres indenfor oprindelig k\\u00f8bspris eller hvad et teknisk\\r\\ntilsvarende koster i dag, s\\u00e5 erkl\\u00e6res produktet for totalskadet, og du f\\u00e5r et\\r\\nnyt teknisk tilsvarende produkt<\\/p><p><font color=\\\"#000000\\\" face=\\\"Times New Roman\\\" size=\\\"3\\\">\\r\\n\\r\\n<\\/font><\\/p>\"}},\"new4\":{\"type\":\"answer\",\"enabled\":\"1\",\"fields\":{\"answer\":\"<p><font color=\\\"#000000\\\" face=\\\"Times New Roman\\\" size=\\\"3\\\">\\r\\n\\r\\n<\\/font>Der kan\\r\\naldrig erstattes for mere end oprindelig k\\u00f8bspris<\\/p><p><font color=\\\"#000000\\\" face=\\\"Times New Roman\\\" size=\\\"3\\\">\\r\\n\\r\\n<\\/font><\\/p>\"}}}}}', '2016-06-28 11:49:23', '2016-06-28 11:49:23', '29d1b303-07db-4a23-b522-c9e31e300a57'),
 ('31', '203', '5', '190', 'da', '1', '', '{\"typeId\":null,\"authorId\":\"190\",\"title\":\" \\tHvilke produkter er omfattet af forsikringen, er det alle ?\",\"slug\":\"hvilke-produkter-er-omfattet-af-forsikringen-er-det-alle\",\"postDate\":1467114663,\"expiryDate\":null,\"enabled\":1,\"parentId\":\"\",\"fields\":{\"28\":\"fordele\",\"25\":\" \\tHvilke produkter er omfattet af forsikringen, er det alle ?\",\"26\":{\"new1\":{\"type\":\"answer\",\"enabled\":\"1\",\"fields\":{\"answer\":\"<p><font color=\\\"#000000\\\" face=\\\"Times New Roman\\\" size=\\\"3\\\">\\r\\n\\r\\n<\\/font>Det er langt\\r\\nde fleste produkter indenfor elektronik og h\\u00e5rde hvidevare produkter,&nbsp;men der er undtagelser.<\\/p><p><font color=\\\"#000000\\\" face=\\\"Times New Roman\\\" size=\\\"3\\\">\\r\\n\\r\\n<\\/font><\\/p>\"}},\"new2\":{\"type\":\"answer\",\"enabled\":\"1\",\"fields\":{\"answer\":\"<p><font color=\\\"#000000\\\" face=\\\"Times New Roman\\\" size=\\\"3\\\">\\r\\n\\r\\n<\\/font>Se\\r\\nbetingelserne, her st\\u00e5r oplyst hvilke produkter der er omfattet<\\/p><p><font color=\\\"#000000\\\" face=\\\"Times New Roman\\\" size=\\\"3\\\">\\r\\n\\r\\n<\\/font><\\/p>\"}}}}}', '2016-06-28 11:51:03', '2016-06-28 11:51:03', '1b9bfccf-3af2-42e8-9a6c-b693fbc53292'),
 ('32', '206', '5', '190', 'da', '1', '', '{\"typeId\":null,\"authorId\":\"190\",\"title\":\" \\tHvor l\\u00e6nge d\\u00e6kker forsikringen mine produkter ?\",\"slug\":\"hvor-l\\u00e6nge-d\\u00e6kker-forsikringen-mine-produkter\",\"postDate\":1467114798,\"expiryDate\":null,\"enabled\":1,\"parentId\":\"\",\"fields\":{\"28\":\"betingelser\",\"25\":\" \\tHvor l\\u00e6nge d\\u00e6kker forsikringen mine produkter ?\",\"26\":{\"new1\":{\"type\":\"answer\",\"enabled\":\"1\",\"fields\":{\"answer\":\"<p><font color=\\\"#000000\\\" face=\\\"Times New Roman\\\" size=\\\"3\\\">\\r\\n\\r\\n<\\/font>Det kommer\\r\\nan p\\u00e5 hvilket produkt der er tale om. Forsikringen d\\u00e6kker fra 2 til 5 \\u00e5r\\r\\ng\\u00e6ldende fra produktets k\\u00f8bsdato<\\/p><p><font color=\\\"#000000\\\" face=\\\"Times New Roman\\\" size=\\\"3\\\">\\r\\n\\r\\n<\\/font><\\/p>\"}},\"new2\":{\"type\":\"answer\",\"enabled\":\"1\",\"fields\":{\"answer\":\"<p><font color=\\\"#000000\\\" face=\\\"Times New Roman\\\" size=\\\"3\\\">\\r\\n\\r\\n<\\/font>Se\\r\\nbetingelserne, her st\\u00e5r oplyst forsikringsperioden for hvert produkt der er\\r\\nomfattet \\u2013 perioden er g\\u00e6ldende fra k\\u00f8bsdato af produktet<\\/p><p><font color=\\\"#000000\\\" face=\\\"Times New Roman\\\" size=\\\"3\\\">\\r\\n\\r\\n<\\/font><\\/p>\"}}}}}', '2016-06-28 11:53:18', '2016-06-28 11:53:18', '64a8480e-637d-475a-aeba-bbb8291cae20'),
 ('33', '209', '5', '190', 'da', '1', '', '{\"typeId\":null,\"authorId\":\"190\",\"title\":\" Hvis jeg k\\u00f8ber en forsikring i dag, vil mine produkter i hjemmet s\\u00e5 v\\u00e6re d\\u00e6kket med det samme ?\",\"slug\":\"hvis-jeg-k\\u00f8ber-en-forsikring-i-dag-vil-mine-produkter-i-hjemmet-s\\u00e5-v\\u00e6re-d\\u00e6kket-med-det-samme\",\"postDate\":1467114856,\"expiryDate\":null,\"enabled\":1,\"parentId\":\"\",\"fields\":{\"28\":\"daekning\",\"25\":\" Hvis jeg k\\u00f8ber en forsikring i dag, vil mine produkter i hjemmet s\\u00e5 v\\u00e6re d\\u00e6kket med det samme ?\",\"26\":\"\"}}', '2016-06-28 11:54:16', '2016-06-28 11:54:16', '2b08f87d-0bdc-4490-98fc-da12f54f1d6a'),
 ('34', '210', '5', '190', 'da', '1', '', '{\"typeId\":null,\"authorId\":\"190\",\"title\":\" D\\u00e6kker forsikringen hvis jeg eksempel har mit kamera  med p\\u00e5 ferie uden for Danmark ?\",\"slug\":\"d\\u00e6kker-forsikringen-hvis-jeg-eksempel-har-mit-kamera-med-p\\u00e5-ferie-uden-for-danmark\",\"postDate\":1467116684,\"expiryDate\":null,\"enabled\":1,\"parentId\":\"\",\"fields\":{\"28\":\"daekning\",\"25\":\" D\\u00e6kker forsikringen hvis jeg eksempel har mit kamera  med p\\u00e5 ferie uden for Danmark ?\",\"26\":{\"new1\":{\"type\":\"answer\",\"enabled\":\"1\",\"fields\":{\"answer\":\"<p><font color=\\\"#000000\\\" face=\\\"Times New Roman\\\" size=\\\"3\\\">\\r\\n\\r\\n<\\/font>Ja, skader\\r\\nsom er d\\u00e6kningsberettiget er d\\u00e6kket uanset hvor skaden sker<\\/p><p><font color=\\\"#000000\\\" face=\\\"Times New Roman\\\" size=\\\"3\\\">\\r\\n\\r\\n<\\/font><\\/p>\"}}}}}', '2016-06-28 12:24:44', '2016-06-28 12:24:44', '8f29ee2f-985b-4471-8f08-6aa531e4fd98'),
 ('35', '212', '5', '190', 'da', '1', '', '{\"typeId\":null,\"authorId\":\"190\",\"title\":\" D\\u00e6kker forsikringen tyveri ?\",\"slug\":\"d\\u00e6kker-forsikringen-tyveri\",\"postDate\":1467116917,\"expiryDate\":null,\"enabled\":1,\"parentId\":\"\",\"fields\":{\"28\":\"daekning\",\"25\":\" D\\u00e6kker forsikringen tyveri ?\",\"26\":{\"new1\":{\"type\":\"answer\",\"enabled\":\"1\",\"fields\":{\"answer\":\"<p><font color=\\\"#000000\\\" face=\\\"Times New Roman\\\" size=\\\"3\\\">\\r\\n\\r\\n<\\/font>Nej\\r\\nforsikringen d\\u00e6kker ingen former for tyveri eller bortkomst <\\/p><p><font color=\\\"#000000\\\" face=\\\"Times New Roman\\\" size=\\\"3\\\">\\r\\n\\r\\n<\\/font><\\/p>\"}},\"new2\":{\"type\":\"answer\",\"enabled\":\"1\",\"fields\":{\"answer\":\"<p><font color=\\\"#000000\\\" face=\\\"Times New Roman\\\" size=\\\"3\\\">\\r\\n\\r\\n<\\/font>Tyveri er\\r\\nd\\u00e6kket af ens indbo ( i de fleste tilf\\u00e6lde, kommer selvf\\u00f8lgelig an p\\u00e5 hvilken\\r\\ntype tyveri der er tale om \\u2013 her m\\u00e5 man tage kontakt til sin indbo forsikring)<\\/p><p><font color=\\\"#000000\\\" face=\\\"Times New Roman\\\" size=\\\"3\\\">\\r\\n\\r\\n<\\/font><\\/p>\"}}}}}', '2016-06-28 12:28:37', '2016-06-28 12:28:37', 'ccf2e2cf-a337-48f7-97f2-c9ad4df378ed'),
 ('36', '215', '5', '190', 'da', '1', '', '{\"typeId\":null,\"authorId\":\"190\",\"title\":\" Jeg har 3 hjemmeboende b\\u00f8rn, d\\u00e6kker forsikringen hvis min datter l\\u00e5ner min mobil fordi hun skal spille p\\u00e5 den, og hun kommer til at tabe den, s\\u00e5 sk\\u00e6rmen g\\u00e5r i stykker ?\",\"slug\":\"jeg-har-3-hjemmeboende-b\\u00f8rn-d\\u00e6kker-forsikringen-hvis-min-datter-l\\u00e5ner-min-mobil-fordi-hun-skal-spille-p\\u00e5-den-og-hun-kommer-til-at-tabe-den-s\\u00e5-sk\\u00e6rmen-g\\u00e5r-i-stykker\",\"postDate\":1467116993,\"expiryDate\":null,\"enabled\":1,\"parentId\":\"\",\"fields\":{\"28\":\"daekning\",\"25\":\" Jeg har 3 hjemmeboende b\\u00f8rn, d\\u00e6kker forsikringen hvis min datter l\\u00e5ner min mobil fordi hun skal spille p\\u00e5 den, og hun kommer til at tabe den, s\\u00e5 sk\\u00e6rmen g\\u00e5r i stykker ?\",\"26\":{\"new1\":{\"type\":\"answer\",\"enabled\":\"1\",\"fields\":{\"answer\":\"<p>Ja,\\r\\nforsikringen d\\u00e6kker uanset hvem i husstanden der taber et produkt eller p\\u00e5\\r\\nanden m\\u00e5de kommer til at \\u00f8del\\u00e6gge produktet (hvis det vel og m\\u00e6rket er en\\r\\nd\\u00e6kningsberettiget skade)<\\/p><p><font color=\\\"#000000\\\" face=\\\"Times New Roman\\\" size=\\\"3\\\">\\r\\n\\r\\n<\\/font><\\/p>\"}},\"new2\":{\"type\":\"answer\",\"enabled\":\"1\",\"fields\":{\"answer\":\"<p><font color=\\\"#000000\\\" face=\\\"Times New Roman\\\" size=\\\"3\\\">\\r\\n\\r\\n<\\/font>Se\\r\\nbetingelserne, her kan du l\\u00e6se mere om hvad den d\\u00e6kker og ikke d\\u00e6kker<\\/p><p><font color=\\\"#000000\\\" face=\\\"Times New Roman\\\" size=\\\"3\\\">\\r\\n\\r\\n<\\/font><\\/p>\"}}}}}', '2016-06-28 12:29:54', '2016-06-28 12:29:54', 'a9b068b6-7899-4854-9a14-0af2a06a7117'),
 ('37', '218', '5', '190', 'da', '1', '', '{\"typeId\":null,\"authorId\":\"190\",\"title\":\" Hvor l\\u00e6nge l\\u00f8ber min forsikring ?\",\"slug\":\"hvor-l\\u00e6nge-l\\u00f8ber-min-forsikring\",\"postDate\":1467117092,\"expiryDate\":null,\"enabled\":1,\"parentId\":\"\",\"fields\":{\"28\":\"fordele\",\"25\":\" Hvor l\\u00e6nge l\\u00f8ber min forsikring ?\",\"26\":{\"new1\":{\"type\":\"answer\",\"enabled\":\"1\",\"fields\":{\"answer\":\"<p><font color=\\\"#000000\\\" face=\\\"Times New Roman\\\" size=\\\"3\\\">\\r\\n\\r\\n<\\/font>Den\\r\\nforts\\u00e6tter s\\u00e5 l\\u00e6nge du betaler dit m\\u00e5nedlige abonnement p\\u00e5 99 kr.<\\/p><p><font color=\\\"#000000\\\" face=\\\"Times New Roman\\\" size=\\\"3\\\">\\r\\n\\r\\n<\\/font><\\/p>\"}},\"new2\":{\"type\":\"answer\",\"enabled\":\"1\",\"fields\":{\"answer\":\"<p><font color=\\\"#000000\\\" face=\\\"Times New Roman\\\" size=\\\"3\\\">\\r\\n\\r\\n<\\/font>Du tr\\u00e6kkes\\r\\nautomatisk 99 k. fra dit kort, som du har k\\u00f8bt forsikringen med<\\/p><p><font color=\\\"#000000\\\" face=\\\"Times New Roman\\\" size=\\\"3\\\">\\r\\n\\r\\n<\\/font><\\/p>\"}}}}}', '2016-06-28 12:31:32', '2016-06-28 12:31:32', 'e2aede79-e4db-41ae-9b83-0fdac1e57a97'),
 ('38', '221', '5', '190', 'da', '1', '', '{\"typeId\":null,\"authorId\":\"190\",\"title\":\" Kan jeg opsige min forsikring ?\",\"slug\":\"kan-jeg-opsige-min-forsikring\",\"postDate\":1467117155,\"expiryDate\":null,\"enabled\":1,\"parentId\":\"\",\"fields\":{\"28\":\"betingelser\",\"25\":\" Kan jeg opsige min forsikring ?\",\"26\":{\"new1\":{\"type\":\"answer\",\"enabled\":\"1\",\"fields\":{\"answer\":\"<p><font color=\\\"#000000\\\" face=\\\"Times New Roman\\\" size=\\\"3\\\">\\r\\n\\r\\n<\\/font>Ja, du har\\r\\n14 dages fuld fortrydelsesret fra k\\u00f8bsdatoen<\\/p><p><font color=\\\"#000000\\\" face=\\\"Times New Roman\\\" size=\\\"3\\\">\\r\\n\\r\\n<\\/font><\\/p>\"}},\"new2\":{\"type\":\"answer\",\"enabled\":\"1\",\"fields\":{\"answer\":\"<p><font color=\\\"#000000\\\" face=\\\"Times New Roman\\\" size=\\\"3\\\">\\r\\n\\r\\n<\\/font>Herefter kan\\r\\ndu opsige forsikringen med l\\u00f8bende m\\u00e5ned + 30 dage<\\/p><p><font color=\\\"#000000\\\" face=\\\"Times New Roman\\\" size=\\\"3\\\">\\r\\n\\r\\n<\\/font><\\/p>\"}}}}}', '2016-06-28 12:32:35', '2016-06-28 12:32:35', '786e41a7-0d3b-406f-b584-aaba6c7f0831'),
 ('39', '224', '5', '190', 'da', '1', '', '{\"typeId\":null,\"authorId\":\"190\",\"title\":\" Hvad hvis mit produkt g\\u00e5r i stykker indenfor den 2-\\u00e5rige reklamationsperiode, skal jeg s\\u00e5 ogs\\u00e5 anmelde skaden hos Danrisk ?\",\"slug\":\"hvad-hvis-mit-produkt-g\\u00e5r-i-stykker-indenfor-den-2-\\u00e5rige-reklamationsperiode-skal-jeg-s\\u00e5-ogs\\u00e5-anmelde-skaden-hos-danrisk\",\"postDate\":1467117229,\"expiryDate\":null,\"enabled\":1,\"parentId\":\"\",\"fields\":{\"28\":\"daekning\",\"25\":\" Hvad hvis mit produkt g\\u00e5r i stykker indenfor den 2-\\u00e5rige reklamationsperiode, skal jeg s\\u00e5 ogs\\u00e5 anmelde skaden hos Danrisk ?\",\"26\":{\"new1\":{\"type\":\"answer\",\"enabled\":\"1\",\"fields\":{\"answer\":\"<p>Nej, hvis dit\\r\\nprodukt g\\u00e5r i stykker indenfor de f\\u00f8rste 2 \\u00e5r, og der er tale om en\\r\\nfunktionsfejl (ikke en udefrakommende skade), s\\u00e5 skal du kontakte den\\r\\nforhandler, som du har k\\u00f8bt produktet hos<\\/p><p><font color=\\\"#000000\\\" face=\\\"Times New Roman\\\" size=\\\"3\\\">\\r\\n\\r\\n<\\/font><\\/p>\"}},\"new2\":{\"type\":\"answer\",\"enabled\":\"1\",\"fields\":{\"answer\":\"<p><font color=\\\"#000000\\\" face=\\\"Times New Roman\\\" size=\\\"3\\\">\\r\\n\\r\\n<\\/font>Hvis der\\r\\nsker en funktionsfejl efter den 2-\\u00e5rige reklamationsperiode er udl\\u00f8bet, s\\u00e5 skal\\r\\ndu anmelde skaden til Danrisk<\\/p><p><font color=\\\"#000000\\\" face=\\\"Times New Roman\\\" size=\\\"3\\\">\\r\\n\\r\\n<\\/font><\\/p>\"}}}}}', '2016-06-28 12:33:49', '2016-06-28 12:33:49', '68a2ba9d-fd0c-4019-a661-b8bcbf5c1155'),
 ('40', '227', '6', '1', 'da', '1', NULL, '{\"typeId\":\"6\",\"authorId\":null,\"title\":\"Betingelser\",\"slug\":\"betingelser\",\"postDate\":1467191144,\"expiryDate\":null,\"enabled\":1,\"parentId\":null,\"fields\":[]}', '2016-06-29 09:05:44', '2016-06-29 09:05:44', 'a1e2399b-93da-4785-9d17-9e5b83b2f34c'),
 ('41', '227', '6', '1', 'da', '2', '', '{\"typeId\":null,\"authorId\":null,\"title\":\"Betingelser\",\"slug\":\"betingelser\",\"postDate\":1467191144,\"expiryDate\":null,\"enabled\":1,\"parentId\":null,\"fields\":{\"1\":\"\",\"29\":{\"new1\":{\"type\":\"block\",\"enabled\":\"1\",\"fields\":{\"headline\":\"Omfang\",\"body\":\"N\\u00e6rv\\u00e6rende kontantk\\u00f8bsbetingelser er g\\u00e6ldende for k\\u00f8b af forsikring online p\\u00e5 www.elektronik-forsikring.dk  Hjemmesiden www.elektronik-forsikring.dk ejes og drives af Danrisk Forsikringsagentur APS, Havnevej 1, 4000 Roskilde, CVR.NR. 33953194  Betingelserne kan ikke \\u00e6ndres.\"}}},\"33\":\"<p>Privat<\\/p>\",\"32\":\"Kontantk\\u00f8bsbetingelser\"}}', '2016-06-29 09:08:53', '2016-06-29 09:08:53', 'a83aa3e1-dbcb-4ea2-a30b-63295da688d4'),
 ('42', '227', '6', '1', 'da', '3', '', '{\"typeId\":null,\"authorId\":null,\"title\":\"Betingelser\",\"slug\":\"betingelser\",\"postDate\":1467191144,\"expiryDate\":null,\"enabled\":1,\"parentId\":null,\"fields\":{\"1\":\"\",\"29\":{\"228\":{\"type\":\"block\",\"enabled\":\"1\",\"fields\":{\"headline\":\"Omfang\",\"body\":\"<p>N\\u00e6rv\\u00e6rende kontantk\\u00f8bsbetingelser er g\\u00e6ldende for k\\u00f8b af forsikring online p\\u00e5 www.elektronik-forsikring.dk Hjemmesiden www.elektronik-forsikring.dk ejes og drives af Danrisk Forsikringsagentur APS, Havnevej 1, 4000 Roskilde, CVR.NR. 33953194 Betingelserne kan ikke \\u00e6ndres.<\\/p>\"}}},\"33\":\"<p>Privat<\\/p>\",\"32\":\"Kontantk\\u00f8bsbetingelser\"}}', '2016-06-29 09:09:31', '2016-06-29 09:09:31', 'a69e7896-e8a7-42ec-8ac5-63d6cf01eb88'),
 ('43', '227', '6', '1', 'da', '4', '', '{\"typeId\":null,\"authorId\":null,\"title\":\"Betingelser\",\"slug\":\"betingelser\",\"postDate\":1467191144,\"expiryDate\":null,\"enabled\":1,\"parentId\":null,\"fields\":{\"1\":\"\",\"29\":{\"228\":{\"type\":\"block\",\"enabled\":\"1\",\"fields\":{\"headline\":\"Omfang\",\"body\":\"<p>N\\u00e6rv\\u00e6rende kontantk\\u00f8bsbetingelser er g\\u00e6ldende for k\\u00f8b af forsikring online p\\u00e5 www.elektronik-forsikring.dk Hjemmesiden www.elektronik-forsikring.dk ejes og drives af Danrisk Forsikringsagentur APS, Havnevej 1, 4000 Roskilde, CVR.NR. 33953194 Betingelserne kan ikke \\u00e6ndres.<\\/p>\"}}},\"33\":\"<p>Privat<\\/p>\",\"34\":\"Betingelser\"}}', '2016-06-29 09:19:44', '2016-06-29 09:19:44', '9c3c05db-6807-4a83-b983-96dc4735684c'),
 ('44', '227', '6', '1', 'da', '5', '', '{\"typeId\":null,\"authorId\":null,\"title\":\"Betingelser\",\"slug\":\"betingelser\",\"postDate\":1467191144,\"expiryDate\":null,\"enabled\":1,\"parentId\":null,\"fields\":{\"35\":[\"229\"],\"1\":\"\",\"29\":{\"228\":{\"type\":\"block\",\"enabled\":\"1\",\"fields\":{\"headline\":\"Omfang\",\"body\":\"<p>N\\u00e6rv\\u00e6rende kontantk\\u00f8bsbetingelser er g\\u00e6ldende for k\\u00f8b af forsikring online p\\u00e5 www.elektronik-forsikring.dk Hjemmesiden www.elektronik-forsikring.dk ejes og drives af Danrisk Forsikringsagentur APS, Havnevej 1, 4000 Roskilde, CVR.NR. 33953194 Betingelserne kan ikke \\u00e6ndres.<\\/p>\"}}},\"33\":\"<p>Privat<\\/p>\",\"34\":\"Betingelser\",\"2\":\"\"}}', '2016-06-29 09:41:03', '2016-06-29 09:41:03', '020a2346-4280-4557-9c11-8650eb9b6dbf'),
 ('45', '227', '6', '190', 'da', '6', '', '{\"typeId\":null,\"authorId\":null,\"title\":\"Betingelser\",\"slug\":\"betingelser\",\"postDate\":1467191144,\"expiryDate\":null,\"enabled\":1,\"parentId\":null,\"fields\":{\"1\":\"\",\"29\":{\"228\":{\"type\":\"block\",\"enabled\":\"1\",\"fields\":{\"headline\":\"Omfang\",\"body\":\"<p>N\\u00e6rv\\u00e6rende kontantk\\u00f8bsbetingelser er g\\u00e6ldende for k\\u00f8b af forsikring online p\\u00e5 www.elektronik-forsikring.dk Hjemmesiden www.elektronik-forsikring.dk ejes og drives af Danrisk Forsikringsagentur APS, Havnevej 1, 4000 Roskilde, CVR.NR. 33953194 Betingelserne kan ikke \\u00e6ndres.<\\/p>\"}},\"new1\":{\"type\":\"block\",\"enabled\":\"1\",\"fields\":{\"headline\":\"Aftaleindg\\u00e5elser\",\"body\":\"<h6><font color=\\\"#000000\\\" face=\\\"Times New Roman\\\" size=\\\"3\\\">\\r\\n\\r\\n<\\/font><\\/h6><p style=\\\"background: white;\\\">K\\u00f8ber skal ved k\\u00f8b acceptere kontantk\\u00f8bsbetingelserne.\\r\\nK\\u00f8ber opfordres til at l\\u00e6se betingelserne grundigt igennem og g\\u00f8re sig bekendt\\r\\nmed de forpligtelser og rettigheder, som betingelserne giver. K\\u00f8ber f\\u00e5r en kopi\\r\\naf betingelser sammen med en bekr\\u00e6ftelse af bestillingen pr. e-mail.<\\/p><p><font color=\\\"#000000\\\" face=\\\"Times New Roman\\\" size=\\\"3\\\">\\r\\n\\r\\n<\\/font><\\/p>\"}},\"new2\":{\"type\":\"block\",\"enabled\":\"1\",\"fields\":{\"headline\":\"Ejendomsret\",\"body\":\"<h5><strong class=\\\"redactor-inline-converted\\\"><font color=\\\"#000000\\\" face=\\\"Times New Roman\\\" size=\\\"3\\\">\\r\\n\\r\\n<\\/font><\\/strong><\\/h5><p style=\\\"background: white;\\\">K\\u00f8ber besidder fra k\\u00f8bsdatoen ejendomsretten til\\r\\nElektronikforsikringen.<\\/p><p><font color=\\\"#000000\\\" face=\\\"Times New Roman\\\" size=\\\"3\\\"><\\/font><\\/p>\"}},\"new3\":{\"type\":\"block\",\"enabled\":\"1\",\"fields\":{\"headline\":\"Betalingsbetingelser og gebyrer\",\"body\":\"<h5><font color=\\\"#000000\\\" face=\\\"Times New Roman\\\" size=\\\"3\\\">\\r\\n\\r\\n<\\/font><\\/h5><p style=\\\"background: white;\\\">Betaling for bestilte varer kan ske online ved brug af\\r\\nDankort, Visa-Dankort, Visa, Visa Electron, MasterCard og Maestro.&nbsp;Ved betaling med en af disse betalingskort, till\\u00e6gges der et betalingskortgebyr, som varierer fra kort til kort.&nbsp; Inden\\r\\nk\\u00f8ber v\\u00e6lger at godkende ordren, bliver gebyret oplyst.<\\/p><p><font color=\\\"#000000\\\" face=\\\"Times New Roman\\\" size=\\\"3\\\">\\r\\n\\r\\n<\\/font><\\/p><p style=\\\"background: white;\\\">Betaling via kreditkort er underlagt kortudsteders\\r\\nbetingelser for anvendelse. N\\u00e5r k\\u00f8ber bestiller med kreditkort tr\\u00e6kkes bel\\u00f8bet\\r\\np\\u00e5 k\\u00f8bers konto med det samme, da Elektronikforsikringen er g\\u00e6ldende ved k\\u00f8bet.\\r\\nBel\\u00f8bet der tr\\u00e6kkes er rest pr\\u00e6mien for den givne m\\u00e5ned samt for m\\u00e5neden efter.<\\/p><p><font color=\\\"#000000\\\" face=\\\"Times New Roman\\\" size=\\\"3\\\">\\r\\n\\r\\n<\\/font><\\/p>\"}},\"new4\":{\"type\":\"block\",\"enabled\":\"1\",\"fields\":{\"headline\":\"Levering\",\"body\":\"<p>Levering sker til den af k\\u00f8ber oplyste E-mail adresse. Der er ikke tale om en fysisk vare, men en\\r\\nElektronikforsikring som leveres i det kunden k\\u00f8ber.<\\/p><p><font color=\\\"#000000\\\" face=\\\"Times New Roman\\\" size=\\\"3\\\">\\r\\n\\r\\n<\\/font><\\/p><p style=\\\"background: white;\\\">Forsikringen tr\\u00e6der i kraft p\\u00e5 k\\u00f8bsdatoen.<\\/p><p><font color=\\\"#000000\\\" face=\\\"Times New Roman\\\" size=\\\"3\\\">\\r\\n\\r\\n<\\/font><\\/p>\"}},\"new5\":{\"type\":\"block\",\"enabled\":\"1\",\"fields\":{\"headline\":\"Fortrydelsesret\",\"body\":\"<p>K\\u00f8ber har ret til at tr\\u00e6de tilbage fra denne aftale uden\\r\\nbegrundelse inden for 14 dage.<\\/p><p><font color=\\\"#000000\\\" face=\\\"Times New Roman\\\" size=\\\"3\\\">\\r\\n\\r\\n<\\/font><\\/p><p style=\\\"background: white;\\\">Fortrydelsesfristen udl\\u00f8ber 14 dage efter den dag, hvor\\r\\nk\\u00f8ber har k\\u00f8bt Elektronikforsikringen.<\\/p><p><font color=\\\"#000000\\\" face=\\\"Times New Roman\\\" size=\\\"3\\\">\\r\\n\\r\\n<\\/font><\\/p><p style=\\\"background: white;\\\">For at ud\\u00f8ve fortrydelsesretten, skal k\\u00f8ber meddele Danrisk\\r\\nForsikringsagentur ApS sin beslutning om, at fortryde denne aftale i en utvetydig\\r\\nerkl\\u00e6ring (f.eks. ved brev eller e-mail). <\\/p><p><font color=\\\"#000000\\\" face=\\\"Times New Roman\\\" size=\\\"3\\\">\\r\\n\\r\\n<\\/font><\\/p><p style=\\\"background: white;\\\">Fortrydelsesfristen er overholdt, hvis k\\u00f8ber sender sin\\r\\nmeddelelse om ud\\u00f8velse af fortrydelsesretten, inden fortrydelsesfristen er\\r\\nudl\\u00f8bet.<\\/p><p><font color=\\\"#000000\\\" face=\\\"Times New Roman\\\" size=\\\"3\\\">\\r\\n\\r\\n<\\/font><\\/p><p style=\\\"background: white;\\\">Hvis k\\u00f8ber ud\\u00f8ver sin fortrydelsesret i denne aftale,\\r\\nrefunderer Danrisk\\r\\nForsikringsagentur ApS alle betalinger modtaget fra k\\u00f8ber uden un\\u00f8dig forsinkelse\\r\\nog under alle omst\\u00e6ndigheder senest 14 dage fra den dato, hvor Danrisk\\r\\nForsikringsagentur ApS har modtaget meddelelse om k\\u00f8bers beslutning om at\\r\\nfortryde denne aftale.<\\/p><p><font color=\\\"#000000\\\" face=\\\"Times New Roman\\\" size=\\\"3\\\">\\r\\n\\r\\n<\\/font><\\/p><p style=\\\"background: white;\\\">Danrisk\\r\\nForsikringsagentur ApS gennemf\\u00f8rer en s\\u00e5dan tilbagebetaling med samme\\r\\nbetalingsmiddel, som k\\u00f8ber benyttede ved den oprindelige transaktion, medmindre\\r\\nk\\u00f8ber udtrykkeligt har indvilget i noget andet. Under alle omst\\u00e6ndigheder\\r\\np\\u00e5l\\u00e6gges k\\u00f8ber ingen former for gebyrer som f\\u00f8lge af tilbagebetalingen.<\\/p><p><font color=\\\"#000000\\\" face=\\\"Times New Roman\\\" size=\\\"3\\\">\\r\\n\\r\\n<\\/font><\\/p>\"}},\"new6\":{\"type\":\"block\",\"enabled\":\"1\",\"fields\":{\"headline\":\"Persondatapolitik og videregivelse af personoplysninger\",\"body\":\"<p>If\\u00f8lge Persondataloven har Danrisk Forsikringsagentur ApS pligt til at oplyse k\\u00f8ber om bl.a. hvilke typer af\\r\\npersonoplysninger, der behandles, med hvilket form\\u00e5l behandlingen sker, samt\\r\\nhvem oplysningerne videregives til.<\\/p><p><font color=\\\"#000000\\\" face=\\\"Times New Roman\\\" size=\\\"3\\\">\\r\\n\\r\\n<\\/font><\\/p><p style=\\\"background: white;\\\">Danrisk\\r\\nForsikringsagentur ApS behandler oplysninger om k\\u00f8ber til kundeadministration.<\\/p><p><font color=\\\"#000000\\\" face=\\\"Times New Roman\\\" size=\\\"3\\\">\\r\\n\\r\\n<\\/font><\\/p><p style=\\\"background: white; margin: 0cm 0cm 8pt; line-height: 16.8pt; mso-margin-top-alt: auto; mso-margin-bottom-alt: auto;\\\"><font face=\\\"Calibri\\\">Din personsikkerhed er en vigtig del af vores\\r\\nkundepolitik. Vi lever op til alle regler i persondataloven.<\\/font><\\/p><p><font color=\\\"#000000\\\" face=\\\"Times New Roman\\\" size=\\\"3\\\">\\r\\n\\r\\n<\\/font><\\/p><p style=\\\"background: white;\\\">Ved k\\u00f8b af Elektronikforsikring p\\u00e5\\r\\nwww.elektronik-forsikring.dk bliver k\\u00f8ber registreret som kunde. De personlige\\r\\noplysninger der registreres er: Navn, adresse, telefonnummer og E-mail. <\\/p><p><font color=\\\"#000000\\\" face=\\\"Times New Roman\\\" size=\\\"3\\\">\\r\\n\\r\\n<\\/font><\\/p><p style=\\\"background: white;\\\">Den dataansvarlige er:<\\/p><p><font color=\\\"#000000\\\" face=\\\"Times New Roman\\\" size=\\\"3\\\">\\r\\n\\r\\n<\\/font><\\/p><p style=\\\"margin: 0cm 0cm 0pt;\\\"><font color=\\\"#000000\\\" face=\\\"Calibri\\\">Danrisk Forsikringsagentur\\r\\nApS<\\/font><\\/p><p><font color=\\\"#000000\\\" face=\\\"Times New Roman\\\" size=\\\"3\\\">\\r\\n\\r\\n<\\/font><\\/p><p style=\\\"margin: 0cm 0cm 0pt;\\\"><font color=\\\"#000000\\\" face=\\\"Calibri\\\">Havnevej 1<\\/font><\\/p><p><font color=\\\"#000000\\\" face=\\\"Times New Roman\\\" size=\\\"3\\\">\\r\\n\\r\\n<\\/font><\\/p><p style=\\\"margin: 0cm 0cm 0pt;\\\"><font color=\\\"#000000\\\" face=\\\"Calibri\\\">4000 Roskilde<\\/font><\\/p><p><font color=\\\"#000000\\\" face=\\\"Times New Roman\\\" size=\\\"3\\\">\\r\\n\\r\\n<\\/font><\\/p><p style=\\\"margin: 0cm 0cm 0pt;\\\"><font color=\\\"#000000\\\" face=\\\"Calibri\\\">CVR.NR. 33953194<\\/font><\\/p><p><font color=\\\"#000000\\\" face=\\\"Times New Roman\\\" size=\\\"3\\\">\\r\\n\\r\\n<\\/font><\\/p><p style=\\\"background: white;\\\">Som registreret hos Danrisk Forsikringsagentur ApS har du altid ret til at g\\u00f8re indsigelse mod registreringen. Du\\r\\nhar ogs\\u00e5 ret til indsigt i hvilke oplysninger, der er registreret om dig. Disse\\r\\nrettigheder har du efter persondataloven og henvendelse i forbindelse hermed\\r\\nrettes til den dataansvarlige.<\\/p><p><font color=\\\"#000000\\\" face=\\\"Times New Roman\\\" size=\\\"3\\\">\\r\\n\\r\\n<\\/font><\\/p><p style=\\\"background: white;\\\">K\\u00f8ber kan klage over Danrisk Forsikringsagentur ApS \\u00b4s behandling af oplysninger om k\\u00f8ber til elektronik-forsikring.dk\\r\\nog til Datatilsynet.<\\/p><p><font color=\\\"#000000\\\" face=\\\"Times New Roman\\\" size=\\\"3\\\">\\r\\n\\r\\n<\\/font><\\/p>\"}},\"new7\":{\"type\":\"block\",\"enabled\":\"1\",\"fields\":{\"headline\":\"Klageadgang\",\"body\":\"<p>K\\u00f8ber har mulighed for at f\\u00e5 behandlet en klage (ved\\r\\nskriftlig henvendelse) til: info@darfo.dk.<\\/p><p><font color=\\\"#000000\\\" face=\\\"Times New Roman\\\" size=\\\"3\\\">\\r\\n\\r\\n<\\/font><\\/p><p style=\\\"background: white;\\\">K\\u00f8ber har ogs\\u00e5 mulighed for at indbringe klage til Center\\r\\nfor Klagel\\u00f8sning og\\/eller Forbrugerklagen\\u00e6vnet, Carl Jacobsens Vej 35, 2500\\r\\nValby. L\\u00e6s mere p\\u00e5 www.forbrug.dk.<\\/p><p><font color=\\\"#000000\\\" face=\\\"Times New Roman\\\" size=\\\"3\\\">\\r\\n\\r\\n<\\/font><\\/p><p style=\\\"background: white;\\\">EU-Kommissionens online klageportal kan ogs\\u00e5 anvendes ved\\r\\nindgivelse af en klage. Ved indgivelse af en klage skal du angive vores e-mail\\r\\nadresse info@darfo.dk.<\\/p><p><font color=\\\"#000000\\\" face=\\\"Times New Roman\\\" size=\\\"3\\\">\\r\\n\\r\\n<\\/font><\\/p><p style=\\\"background: white;\\\">Forbrugerombudsmanden f\\u00f8rer tilsyn med elektronik-forsikring.dk\\r\\nvirksomhed, som kun best\\u00e5r af Elektronikforsikringen.<\\/p><p><font color=\\\"#000000\\\" face=\\\"Times New Roman\\\" size=\\\"3\\\">\\r\\n\\r\\n<\\/font><\\/p><p style=\\\"background: white;\\\">Retsforholdet afg\\u00f8res efter dansk ret.<\\/p><p><font color=\\\"#000000\\\" face=\\\"Times New Roman\\\" size=\\\"3\\\">\\r\\n\\r\\n<\\/font><\\/p>\"}},\"new8\":{\"type\":\"block\",\"enabled\":\"1\",\"fields\":{\"headline\":\"Forsikring\",\"body\":\"<p>De g\\u00e6ldende betingelser for Elektronikforsikringen findes\\r\\np\\u00e5 <a href=\\\"http:\\/\\/www.elektronik-forsikring.dk\\/\\\"><font color=\\\"#0563c1\\\">www.elektronik-forsikring.dk<\\/font><\\/a>. Her kan k\\u00f8ber desuden printe de g\\u00e6ldende\\r\\nforsikringsbetingelser.&nbsp; <\\/p><p><font color=\\\"#000000\\\" face=\\\"Times New Roman\\\" size=\\\"3\\\">\\r\\n\\r\\n<\\/font><\\/p><p style=\\\"background: white;\\\">Ved accepten af elektronik-forsirking.dk handelsbetingelser\\r\\ni forbindelse med k\\u00f8bet af en Elektronikforsikring, tilkendegives det\\r\\nsamtidigt, at forsikringsbetingelserne er l\\u00e6st.<\\/p><p><font color=\\\"#000000\\\" face=\\\"Times New Roman\\\" size=\\\"3\\\">\\r\\n\\r\\n<\\/font><\\/p>\"}}},\"33\":\"<p>Privat<\\/p>\",\"34\":\"Betingelser\"}}', '2016-06-29 11:51:55', '2016-06-29 11:51:55', 'cf8196d1-4d95-4efd-96c1-722cb38cd69c'),
 ('46', '227', '6', '1', 'da', '7', '', '{\"typeId\":null,\"authorId\":null,\"title\":\"Betingelser\",\"slug\":\"betingelser\",\"postDate\":1467191144,\"expiryDate\":null,\"enabled\":1,\"parentId\":null,\"fields\":{\"35\":\"\",\"1\":\"\",\"29\":{\"228\":{\"type\":\"block\",\"enabled\":\"1\",\"fields\":{\"headline\":\"Omfang\",\"body\":\"<p>N\\u00e6rv\\u00e6rende kontantk\\u00f8bsbetingelser er g\\u00e6ldende for k\\u00f8b af forsikring online p\\u00e5 www.elektronik-forsikring.dk Hjemmesiden www.elektronik-forsikring.dk ejes og drives af Danrisk Forsikringsagentur APS, Havnevej 1, 4000 Roskilde, CVR.NR. 33953194 Betingelserne kan ikke \\u00e6ndres.<\\/p>\"}},\"230\":{\"type\":\"block\",\"enabled\":\"1\",\"fields\":{\"headline\":\"Aftaleindg\\u00e5elser\",\"body\":\"<h6>\\r\\n\\r\\n<\\/h6>\\r\\n\\r\\n<p>K\\u00f8ber skal ved k\\u00f8b acceptere kontantk\\u00f8bsbetingelserne.\\r\\nK\\u00f8ber opfordres til at l\\u00e6se betingelserne grundigt igennem og g\\u00f8re sig bekendt\\r\\nmed de forpligtelser og rettigheder, som betingelserne giver. K\\u00f8ber f\\u00e5r en kopi\\r\\naf betingelser sammen med en bekr\\u00e6ftelse af bestillingen pr. e-mail.<\\/p>\\r\\n\\r\\n<p>\\r\\n\\r\\n<\\/p>\"}},\"231\":{\"type\":\"block\",\"enabled\":\"1\",\"fields\":{\"headline\":\"Ejendomsret\",\"body\":\"<h5><strong class=\\\"redactor-inline-converted\\\">\\r\\n\\r\\n<\\/strong><\\/h5>\\r\\n\\r\\n<p>K\\u00f8ber besidder fra k\\u00f8bsdatoen ejendomsretten til\\r\\nElektronikforsikringen.<\\/p>\"}},\"232\":{\"type\":\"block\",\"enabled\":\"1\",\"fields\":{\"headline\":\"Betalingsbetingelser og gebyrer\",\"body\":\"<h5>\\r\\n\\r\\n<\\/h5>\\r\\n\\r\\n<p>Betaling for bestilte varer kan ske online ved brug af\\r\\nDankort, Visa-Dankort, Visa, Visa Electron, MasterCard og Maestro.&nbsp;Ved betaling med en af disse betalingskort, till\\u00e6gges der et betalingskortgebyr, som varierer fra kort til kort.&nbsp; Inden\\r\\nk\\u00f8ber v\\u00e6lger at godkende ordren, bliver gebyret oplyst.<\\/p>\\r\\n\\r\\n<p>\\r\\n\\r\\n<\\/p>\\r\\n\\r\\n<p>Betaling via kreditkort er underlagt kortudsteders\\r\\nbetingelser for anvendelse. N\\u00e5r k\\u00f8ber bestiller med kreditkort tr\\u00e6kkes bel\\u00f8bet\\r\\np\\u00e5 k\\u00f8bers konto med det samme, da Elektronikforsikringen er g\\u00e6ldende ved k\\u00f8bet.\\r\\nBel\\u00f8bet der tr\\u00e6kkes er rest pr\\u00e6mien for den givne m\\u00e5ned samt for m\\u00e5neden efter.<\\/p>\\r\\n\\r\\n<p>\\r\\n\\r\\n<\\/p>\"}},\"233\":{\"type\":\"block\",\"enabled\":\"1\",\"fields\":{\"headline\":\"Levering\",\"body\":\"<p>Levering sker til den af k\\u00f8ber oplyste E-mail adresse. Der er ikke tale om en fysisk vare, men en\\r\\nElektronikforsikring som leveres i det kunden k\\u00f8ber.<\\/p>\\r\\n\\r\\n<p>\\r\\n\\r\\n<\\/p>\\r\\n\\r\\n<p>Forsikringen tr\\u00e6der i kraft p\\u00e5 k\\u00f8bsdatoen.<\\/p>\\r\\n\\r\\n<p>\\r\\n\\r\\n<\\/p>\"}},\"234\":{\"type\":\"block\",\"enabled\":\"1\",\"fields\":{\"headline\":\"Fortrydelsesret\",\"body\":\"<p>K\\u00f8ber har ret til at tr\\u00e6de tilbage fra denne aftale uden\\r\\nbegrundelse inden for 14 dage.<\\/p>\\r\\n\\r\\n<p>\\r\\n\\r\\n<\\/p>\\r\\n\\r\\n<p>Fortrydelsesfristen udl\\u00f8ber 14 dage efter den dag, hvor\\r\\nk\\u00f8ber har k\\u00f8bt Elektronikforsikringen.<\\/p>\\r\\n\\r\\n<p>\\r\\n\\r\\n<\\/p>\\r\\n\\r\\n<p>For at ud\\u00f8ve fortrydelsesretten, skal k\\u00f8ber meddele Danrisk\\r\\nForsikringsagentur ApS sin beslutning om, at fortryde denne aftale i en utvetydig\\r\\nerkl\\u00e6ring (f.eks. ved brev eller e-mail). <\\/p>\\r\\n\\r\\n<p>\\r\\n\\r\\n<\\/p>\\r\\n\\r\\n<p>Fortrydelsesfristen er overholdt, hvis k\\u00f8ber sender sin\\r\\nmeddelelse om ud\\u00f8velse af fortrydelsesretten, inden fortrydelsesfristen er\\r\\nudl\\u00f8bet.<\\/p>\\r\\n\\r\\n<p>\\r\\n\\r\\n<\\/p>\\r\\n\\r\\n<p>Hvis k\\u00f8ber ud\\u00f8ver sin fortrydelsesret i denne aftale,\\r\\nrefunderer Danrisk\\r\\nForsikringsagentur ApS alle betalinger modtaget fra k\\u00f8ber uden un\\u00f8dig forsinkelse\\r\\nog under alle omst\\u00e6ndigheder senest 14 dage fra den dato, hvor Danrisk\\r\\nForsikringsagentur ApS har modtaget meddelelse om k\\u00f8bers beslutning om at\\r\\nfortryde denne aftale.<\\/p>\\r\\n\\r\\n<p>\\r\\n\\r\\n<\\/p>\\r\\n\\r\\n<p>Danrisk\\r\\nForsikringsagentur ApS gennemf\\u00f8rer en s\\u00e5dan tilbagebetaling med samme\\r\\nbetalingsmiddel, som k\\u00f8ber benyttede ved den oprindelige transaktion, medmindre\\r\\nk\\u00f8ber udtrykkeligt har indvilget i noget andet. Under alle omst\\u00e6ndigheder\\r\\np\\u00e5l\\u00e6gges k\\u00f8ber ingen former for gebyrer som f\\u00f8lge af tilbagebetalingen.<\\/p>\\r\\n\\r\\n<p>\\r\\n\\r\\n<\\/p>\"}},\"235\":{\"type\":\"block\",\"enabled\":\"1\",\"fields\":{\"headline\":\"Persondatapolitik og videregivelse af personoplysninger\",\"body\":\"<p>If\\u00f8lge Persondataloven har Danrisk Forsikringsagentur ApS pligt til at oplyse k\\u00f8ber om bl.a. hvilke typer af\\r\\npersonoplysninger, der behandles, med hvilket form\\u00e5l behandlingen sker, samt\\r\\nhvem oplysningerne videregives til.<\\/p>\\r\\n\\r\\n<p>\\r\\n\\r\\n<\\/p>\\r\\n\\r\\n<p>Danrisk\\r\\nForsikringsagentur ApS behandler oplysninger om k\\u00f8ber til kundeadministration.<\\/p>\\r\\n\\r\\n<p>\\r\\n\\r\\n<\\/p>\\r\\n\\r\\n<p>Din personsikkerhed er en vigtig del af vores\\r\\nkundepolitik. Vi lever op til alle regler i persondataloven.<\\/p>\\r\\n\\r\\n<p>\\r\\n\\r\\n<\\/p>\\r\\n\\r\\n<p>Ved k\\u00f8b af Elektronikforsikring p\\u00e5\\r\\nwww.elektronik-forsikring.dk bliver k\\u00f8ber registreret som kunde. De personlige\\r\\noplysninger der registreres er: Navn, adresse, telefonnummer og E-mail. <\\/p>\\r\\n\\r\\n<p>\\r\\n\\r\\n<\\/p>\\r\\n\\r\\n<p>Den dataansvarlige er:<\\/p>\\r\\n\\r\\n<p>\\r\\n\\r\\n<\\/p>\\r\\n\\r\\n<p>Danrisk Forsikringsagentur\\r\\nApS<\\/p>\\r\\n\\r\\n<p>\\r\\n\\r\\n<\\/p>\\r\\n\\r\\n<p>Havnevej 1<\\/p>\\r\\n\\r\\n<p>\\r\\n\\r\\n<\\/p>\\r\\n\\r\\n<p>4000 Roskilde<\\/p>\\r\\n\\r\\n<p>\\r\\n\\r\\n<\\/p>\\r\\n\\r\\n<p>CVR.NR. 33953194<\\/p>\\r\\n\\r\\n<p>\\r\\n\\r\\n<\\/p>\\r\\n\\r\\n<p>Som registreret hos Danrisk Forsikringsagentur ApS har du altid ret til at g\\u00f8re indsigelse mod registreringen. Du\\r\\nhar ogs\\u00e5 ret til indsigt i hvilke oplysninger, der er registreret om dig. Disse\\r\\nrettigheder har du efter persondataloven og henvendelse i forbindelse hermed\\r\\nrettes til den dataansvarlige.<\\/p>\\r\\n\\r\\n<p>\\r\\n\\r\\n<\\/p>\\r\\n\\r\\n<p>K\\u00f8ber kan klage over Danrisk Forsikringsagentur ApS \\u00b4s behandling af oplysninger om k\\u00f8ber til elektronik-forsikring.dk\\r\\nog til Datatilsynet.<\\/p>\\r\\n\\r\\n<p>\\r\\n\\r\\n<\\/p>\"}},\"236\":{\"type\":\"block\",\"enabled\":\"1\",\"fields\":{\"headline\":\"Klageadgang\",\"body\":\"<p>K\\u00f8ber har mulighed for at f\\u00e5 behandlet en klage (ved\\r\\nskriftlig henvendelse) til: info@darfo.dk.<\\/p>\\r\\n\\r\\n<p>\\r\\n\\r\\n<\\/p>\\r\\n\\r\\n<p>K\\u00f8ber har ogs\\u00e5 mulighed for at indbringe klage til Center\\r\\nfor Klagel\\u00f8sning og\\/eller Forbrugerklagen\\u00e6vnet, Carl Jacobsens Vej 35, 2500\\r\\nValby. L\\u00e6s mere p\\u00e5 www.forbrug.dk.<\\/p>\\r\\n\\r\\n<p>\\r\\n\\r\\n<\\/p>\\r\\n\\r\\n<p>EU-Kommissionens online klageportal kan ogs\\u00e5 anvendes ved\\r\\nindgivelse af en klage. Ved indgivelse af en klage skal du angive vores e-mail\\r\\nadresse info@darfo.dk.<\\/p>\\r\\n\\r\\n<p>\\r\\n\\r\\n<\\/p>\\r\\n\\r\\n<p>Forbrugerombudsmanden f\\u00f8rer tilsyn med elektronik-forsikring.dk\\r\\nvirksomhed, som kun best\\u00e5r af Elektronikforsikringen.<\\/p>\\r\\n\\r\\n<p>\\r\\n\\r\\n<\\/p>\\r\\n\\r\\n<p>Retsforholdet afg\\u00f8res efter dansk ret.<\\/p>\\r\\n\\r\\n<p>\\r\\n\\r\\n<\\/p>\"}},\"237\":{\"type\":\"block\",\"enabled\":\"1\",\"fields\":{\"headline\":\"Forsikring\",\"body\":\"<p>De g\\u00e6ldende betingelser for Elektronikforsikringen findes\\r\\np\\u00e5 <a href=\\\"http:\\/\\/www.elektronik-forsikring.dk\\/\\\">www.elektronik-forsikring.dk<\\/a>. Her kan k\\u00f8ber desuden printe de g\\u00e6ldende\\r\\nforsikringsbetingelser.&nbsp; <\\/p>\\r\\n\\r\\n<p>\\r\\n\\r\\n<\\/p>\\r\\n\\r\\n<p>Ved accepten af elektronik-forsirking.dk handelsbetingelser\\r\\ni forbindelse med k\\u00f8bet af en Elektronikforsikring, tilkendegives det\\r\\nsamtidigt, at forsikringsbetingelserne er l\\u00e6st.<\\/p>\\r\\n\\r\\n<p>\\r\\n\\r\\n<\\/p>\"}}},\"33\":\"<p>Privat<\\/p>\",\"34\":\"Betingelser\",\"2\":\"\"}}', '2016-06-30 07:11:33', '2016-06-30 07:11:33', 'c3ba89b9-66a1-4aef-98bd-2db45f081b2d'),
 ('47', '227', '6', '1', 'da', '8', '', '{\"typeId\":null,\"authorId\":null,\"title\":\"Betingelser\",\"slug\":\"betingelser\",\"postDate\":1467191144,\"expiryDate\":null,\"enabled\":1,\"parentId\":null,\"fields\":{\"35\":\"\",\"1\":\"\",\"29\":{\"228\":{\"type\":\"block\",\"enabled\":\"1\",\"fields\":{\"headline\":\"Omfang\",\"body\":\"<p>N\\u00e6rv\\u00e6rende kontantk\\u00f8bsbetingelser er g\\u00e6ldende for k\\u00f8b af forsikring online p\\u00e5 www.elektronik-forsikring.dk Hjemmesiden www.elektronik-forsikring.dk ejes og drives af Danrisk Forsikringsagentur APS, Havnevej 1, 4000 Roskilde, CVR.NR. 33953194 Betingelserne kan ikke \\u00e6ndres.<\\/p>\"}},\"230\":{\"type\":\"block\",\"enabled\":\"1\",\"fields\":{\"headline\":\"Aftaleindg\\u00e5elser\",\"body\":\"<h6>\\r\\n\\r\\n<\\/h6>\\r\\n\\r\\n<p>K\\u00f8ber skal ved k\\u00f8b acceptere kontantk\\u00f8bsbetingelserne.\\r\\nK\\u00f8ber opfordres til at l\\u00e6se betingelserne grundigt igennem og g\\u00f8re sig bekendt\\r\\nmed de forpligtelser og rettigheder, som betingelserne giver. K\\u00f8ber f\\u00e5r en kopi\\r\\naf betingelser sammen med en bekr\\u00e6ftelse af bestillingen pr. e-mail.<\\/p>\\r\\n\\r\\n\\r\\n\\r\\n<p>\\r\\n\\r\\n<\\/p>\"}},\"231\":{\"type\":\"block\",\"enabled\":\"1\",\"fields\":{\"headline\":\"Ejendomsret\",\"body\":\"<h5><strong class=\\\"redactor-inline-converted\\\">\\r\\n\\r\\n<\\/strong><\\/h5>\\r\\n\\r\\n<p>K\\u00f8ber besidder fra k\\u00f8bsdatoen ejendomsretten til\\r\\nElektronikforsikringen.<\\/p>\"}},\"232\":{\"type\":\"block\",\"enabled\":\"1\",\"fields\":{\"headline\":\"Betalingsbetingelser og gebyrer\",\"body\":\"<h5>\\r\\n\\r\\n<\\/h5>\\r\\n\\r\\n<p>Betaling for bestilte varer kan ske online ved brug af\\r\\nDankort, Visa-Dankort, Visa, Visa Electron, MasterCard og Maestro.&nbsp;Ved betaling med en af disse betalingskort, till\\u00e6gges der et betalingskortgebyr, som varierer fra kort til kort.&nbsp; Inden\\r\\nk\\u00f8ber v\\u00e6lger at godkende ordren, bliver gebyret oplyst.<\\/p>\\r\\n\\r\\n\\r\\n\\r\\n<p>\\r\\n\\r\\n<\\/p>\\r\\n\\r\\n\\r\\n\\r\\n<p>Betaling via kreditkort er underlagt kortudsteders\\r\\nbetingelser for anvendelse. N\\u00e5r k\\u00f8ber bestiller med kreditkort tr\\u00e6kkes bel\\u00f8bet\\r\\np\\u00e5 k\\u00f8bers konto med det samme, da Elektronikforsikringen er g\\u00e6ldende ved k\\u00f8bet.\\r\\nBel\\u00f8bet der tr\\u00e6kkes er rest pr\\u00e6mien for den givne m\\u00e5ned samt for m\\u00e5neden efter.<\\/p>\\r\\n\\r\\n\\r\\n\\r\\n<p>\\r\\n\\r\\n<\\/p>\"}},\"233\":{\"type\":\"block\",\"enabled\":\"1\",\"fields\":{\"headline\":\"Levering\",\"body\":\"<p>Levering sker til den af k\\u00f8ber oplyste E-mail adresse. Der er ikke tale om en fysisk vare, men en\\r\\nElektronikforsikring som leveres i det kunden k\\u00f8ber.<\\/p>\\r\\n\\r\\n<p>\\r\\n\\r\\n<\\/p>\\r\\n\\r\\n\\r\\n\\r\\n<p>Forsikringen tr\\u00e6der i kraft p\\u00e5 k\\u00f8bsdatoen.<\\/p>\\r\\n\\r\\n\\r\\n\\r\\n<p>\\r\\n\\r\\n<\\/p>\"}},\"234\":{\"type\":\"block\",\"enabled\":\"1\",\"fields\":{\"headline\":\"Fortrydelsesret\",\"body\":\"<p>K\\u00f8ber har ret til at tr\\u00e6de tilbage fra denne aftale uden\\r\\nbegrundelse inden for 14 dage.<\\/p>\\r\\n\\r\\n<p>\\r\\n\\r\\n<\\/p>\\r\\n\\r\\n\\r\\n\\r\\n<p>Fortrydelsesfristen udl\\u00f8ber 14 dage efter den dag, hvor\\r\\nk\\u00f8ber har k\\u00f8bt Elektronikforsikringen.<\\/p>\\r\\n\\r\\n\\r\\n\\r\\n<p>\\r\\n\\r\\n<\\/p>\\r\\n\\r\\n\\r\\n\\r\\n<p>For at ud\\u00f8ve fortrydelsesretten, skal k\\u00f8ber meddele Danrisk\\r\\nForsikringsagentur ApS sin beslutning om, at fortryde denne aftale i en utvetydig\\r\\nerkl\\u00e6ring (f.eks. ved brev eller e-mail). <\\/p>\\r\\n\\r\\n\\r\\n\\r\\n<p>\\r\\n\\r\\n<\\/p>\\r\\n\\r\\n\\r\\n\\r\\n<p>Fortrydelsesfristen er overholdt, hvis k\\u00f8ber sender sin\\r\\nmeddelelse om ud\\u00f8velse af fortrydelsesretten, inden fortrydelsesfristen er\\r\\nudl\\u00f8bet.<\\/p>\\r\\n\\r\\n\\r\\n\\r\\n<p>\\r\\n\\r\\n<\\/p>\\r\\n\\r\\n\\r\\n\\r\\n<p>Hvis k\\u00f8ber ud\\u00f8ver sin fortrydelsesret i denne aftale,\\r\\nrefunderer Danrisk\\r\\nForsikringsagentur ApS alle betalinger modtaget fra k\\u00f8ber uden un\\u00f8dig forsinkelse\\r\\nog under alle omst\\u00e6ndigheder senest 14 dage fra den dato, hvor Danrisk\\r\\nForsikringsagentur ApS har modtaget meddelelse om k\\u00f8bers beslutning om at\\r\\nfortryde denne aftale.<\\/p>\\r\\n\\r\\n\\r\\n\\r\\n<p>\\r\\n\\r\\n<\\/p>\\r\\n\\r\\n\\r\\n\\r\\n<p>Danrisk\\r\\nForsikringsagentur ApS gennemf\\u00f8rer en s\\u00e5dan tilbagebetaling med samme\\r\\nbetalingsmiddel, som k\\u00f8ber benyttede ved den oprindelige transaktion, medmindre\\r\\nk\\u00f8ber udtrykkeligt har indvilget i noget andet. Under alle omst\\u00e6ndigheder\\r\\np\\u00e5l\\u00e6gges k\\u00f8ber ingen former for gebyrer som f\\u00f8lge af tilbagebetalingen.<\\/p>\\r\\n\\r\\n\\r\\n\\r\\n<p>\\r\\n\\r\\n<\\/p>\"}},\"235\":{\"type\":\"block\",\"enabled\":\"1\",\"fields\":{\"headline\":\"Persondatapolitik og videregivelse af personoplysninger\",\"body\":\"<p>If\\u00f8lge Persondataloven har Danrisk Forsikringsagentur ApS pligt til at oplyse k\\u00f8ber om bl.a. hvilke typer af\\r\\npersonoplysninger, der behandles, med hvilket form\\u00e5l behandlingen sker, samt\\r\\nhvem oplysningerne videregives til.<\\/p>\\r\\n\\r\\n<p>\\r\\n\\r\\n<\\/p>\\r\\n\\r\\n\\r\\n\\r\\n<p>Danrisk\\r\\nForsikringsagentur ApS behandler oplysninger om k\\u00f8ber til kundeadministration.<\\/p>\\r\\n\\r\\n\\r\\n\\r\\n<p>\\r\\n\\r\\n<\\/p>\\r\\n\\r\\n\\r\\n\\r\\n<p>Din personsikkerhed er en vigtig del af vores\\r\\nkundepolitik. Vi lever op til alle regler i persondataloven.<\\/p>\\r\\n\\r\\n\\r\\n\\r\\n<p>\\r\\n\\r\\n<\\/p>\\r\\n\\r\\n\\r\\n\\r\\n<p>Ved k\\u00f8b af Elektronikforsikring p\\u00e5\\r\\nwww.elektronik-forsikring.dk bliver k\\u00f8ber registreret som kunde. De personlige\\r\\noplysninger der registreres er: Navn, adresse, telefonnummer og E-mail. <\\/p>\\r\\n\\r\\n\\r\\n\\r\\n<p>\\r\\n\\r\\n<\\/p>\\r\\n\\r\\n\\r\\n\\r\\n<p>Den dataansvarlige er:<\\/p>\\r\\n\\r\\n\\r\\n\\r\\n<p>\\r\\n\\r\\n<\\/p>\\r\\n\\r\\n\\r\\n\\r\\n<p>Danrisk Forsikringsagentur\\r\\nApS<\\/p>\\r\\n\\r\\n\\r\\n\\r\\n<p>\\r\\n\\r\\n<\\/p>\\r\\n\\r\\n\\r\\n\\r\\n<p>Havnevej 1<\\/p>\\r\\n\\r\\n\\r\\n\\r\\n<p>\\r\\n\\r\\n<\\/p>\\r\\n\\r\\n\\r\\n\\r\\n<p>4000 Roskilde<\\/p>\\r\\n\\r\\n\\r\\n\\r\\n<p>\\r\\n\\r\\n<\\/p>\\r\\n\\r\\n\\r\\n\\r\\n<p>CVR.NR. 33953194<\\/p>\\r\\n\\r\\n\\r\\n\\r\\n<p>\\r\\n\\r\\n<\\/p>\\r\\n\\r\\n\\r\\n\\r\\n<p>Som registreret hos Danrisk Forsikringsagentur ApS har du altid ret til at g\\u00f8re indsigelse mod registreringen. Du\\r\\nhar ogs\\u00e5 ret til indsigt i hvilke oplysninger, der er registreret om dig. Disse\\r\\nrettigheder har du efter persondataloven og henvendelse i forbindelse hermed\\r\\nrettes til den dataansvarlige.<\\/p>\\r\\n\\r\\n\\r\\n\\r\\n<p>\\r\\n\\r\\n<\\/p>\\r\\n\\r\\n\\r\\n\\r\\n<p>K\\u00f8ber kan klage over Danrisk Forsikringsagentur ApS \\u00b4s behandling af oplysninger om k\\u00f8ber til elektronik-forsikring.dk\\r\\nog til Datatilsynet.<\\/p>\\r\\n\\r\\n\\r\\n\\r\\n<p>\\r\\n\\r\\n<\\/p>\"}},\"236\":{\"type\":\"block\",\"enabled\":\"1\",\"fields\":{\"headline\":\"Klageadgang\",\"body\":\"<p>K\\u00f8ber har mulighed for at f\\u00e5 behandlet en klage (ved\\r\\nskriftlig henvendelse) til: info@darfo.dk.<\\/p>\\r\\n\\r\\n<p>\\r\\n\\r\\n<\\/p>\\r\\n\\r\\n\\r\\n\\r\\n<p>K\\u00f8ber har ogs\\u00e5 mulighed for at indbringe klage til Center\\r\\nfor Klagel\\u00f8sning og\\/eller Forbrugerklagen\\u00e6vnet, Carl Jacobsens Vej 35, 2500\\r\\nValby. L\\u00e6s mere p\\u00e5 www.forbrug.dk.<\\/p>\\r\\n\\r\\n\\r\\n\\r\\n<p>\\r\\n\\r\\n<\\/p>\\r\\n\\r\\n\\r\\n\\r\\n<p>EU-Kommissionens online klageportal kan ogs\\u00e5 anvendes ved\\r\\nindgivelse af en klage. Ved indgivelse af en klage skal du angive vores e-mail\\r\\nadresse info@darfo.dk.<\\/p>\\r\\n\\r\\n\\r\\n\\r\\n<p>\\r\\n\\r\\n<\\/p>\\r\\n\\r\\n\\r\\n\\r\\n<p>Forbrugerombudsmanden f\\u00f8rer tilsyn med elektronik-forsikring.dk\\r\\nvirksomhed, som kun best\\u00e5r af Elektronikforsikringen.<\\/p>\\r\\n\\r\\n\\r\\n\\r\\n<p>\\r\\n\\r\\n<\\/p>\\r\\n\\r\\n\\r\\n\\r\\n<p>Retsforholdet afg\\u00f8res efter dansk ret.<\\/p>\\r\\n\\r\\n\\r\\n\\r\\n<p>\\r\\n\\r\\n<\\/p>\"}},\"237\":{\"type\":\"block\",\"enabled\":\"1\",\"fields\":{\"headline\":\"Forsikring\",\"body\":\"<p>De g\\u00e6ldende betingelser for Elektronikforsikringen findes\\r\\np\\u00e5 <a href=\\\"http:\\/\\/www.elektronik-forsikring.dk\\/\\\">www.elektronik-forsikring.dk<\\/a>. Her kan k\\u00f8ber desuden printe de g\\u00e6ldende\\r\\nforsikringsbetingelser.&nbsp; <\\/p>\\r\\n\\r\\n<p>\\r\\n\\r\\n<\\/p>\\r\\n\\r\\n\\r\\n\\r\\n<p>Ved accepten af elektronik-forsirking.dk handelsbetingelser\\r\\ni forbindelse med k\\u00f8bet af en Elektronikforsikring, tilkendegives det\\r\\nsamtidigt, at forsikringsbetingelserne er l\\u00e6st.<\\/p>\\r\\n\\r\\n\\r\\n\\r\\n<p>\\r\\n\\r\\n<\\/p>\"}}},\"33\":\"<p>Privat<\\/p>\",\"34\":\"Betingelser\",\"2\":\"\"}}', '2016-06-30 07:28:03', '2016-06-30 07:28:03', 'b4b04a35-bfc9-403f-8308-f02ad0557a5c'),
 ('48', '227', '6', '1', 'da', '9', '', '{\"typeId\":null,\"authorId\":null,\"title\":\"Betingelser\",\"slug\":\"betingelser\",\"postDate\":1467191144,\"expiryDate\":null,\"enabled\":1,\"parentId\":null,\"fields\":{\"35\":[\"229\"],\"1\":\"\",\"29\":{\"228\":{\"type\":\"block\",\"enabled\":\"1\",\"fields\":{\"headline\":\"Omfang\",\"body\":\"<p>N\\u00e6rv\\u00e6rende kontantk\\u00f8bsbetingelser er g\\u00e6ldende for k\\u00f8b af forsikring online p\\u00e5 www.elektronik-forsikring.dk Hjemmesiden www.elektronik-forsikring.dk ejes og drives af Danrisk Forsikringsagentur APS, Havnevej 1, 4000 Roskilde, CVR.NR. 33953194 Betingelserne kan ikke \\u00e6ndres.<\\/p>\"}},\"230\":{\"type\":\"block\",\"enabled\":\"1\",\"fields\":{\"headline\":\"Aftaleindg\\u00e5elser\",\"body\":\"<h6>\\r\\n\\r\\n<\\/h6>\\r\\n\\r\\n<p>K\\u00f8ber skal ved k\\u00f8b acceptere kontantk\\u00f8bsbetingelserne.\\r\\nK\\u00f8ber opfordres til at l\\u00e6se betingelserne grundigt igennem og g\\u00f8re sig bekendt\\r\\nmed de forpligtelser og rettigheder, som betingelserne giver. K\\u00f8ber f\\u00e5r en kopi\\r\\naf betingelser sammen med en bekr\\u00e6ftelse af bestillingen pr. e-mail.<\\/p>\\r\\n\\r\\n\\r\\n\\r\\n\\r\\n\\r\\n<p>\\r\\n\\r\\n<\\/p>\"}},\"231\":{\"type\":\"block\",\"enabled\":\"1\",\"fields\":{\"headline\":\"Ejendomsret\",\"body\":\"<h5><strong class=\\\"redactor-inline-converted\\\">\\r\\n\\r\\n<\\/strong><\\/h5>\\r\\n\\r\\n<p>K\\u00f8ber besidder fra k\\u00f8bsdatoen ejendomsretten til\\r\\nElektronikforsikringen.<\\/p>\"}},\"232\":{\"type\":\"block\",\"enabled\":\"1\",\"fields\":{\"headline\":\"Betalingsbetingelser og gebyrer\",\"body\":\"<h5>\\r\\n\\r\\n<\\/h5>\\r\\n\\r\\n<p>Betaling for bestilte varer kan ske online ved brug af\\r\\nDankort, Visa-Dankort, Visa, Visa Electron, MasterCard og Maestro.&nbsp;Ved betaling med en af disse betalingskort, till\\u00e6gges der et betalingskortgebyr, som varierer fra kort til kort.&nbsp; Inden\\r\\nk\\u00f8ber v\\u00e6lger at godkende ordren, bliver gebyret oplyst.<\\/p>\\r\\n\\r\\n\\r\\n\\r\\n\\r\\n\\r\\n<p>\\r\\n\\r\\n<\\/p>\\r\\n\\r\\n\\r\\n\\r\\n\\r\\n\\r\\n<p>Betaling via kreditkort er underlagt kortudsteders\\r\\nbetingelser for anvendelse. N\\u00e5r k\\u00f8ber bestiller med kreditkort tr\\u00e6kkes bel\\u00f8bet\\r\\np\\u00e5 k\\u00f8bers konto med det samme, da Elektronikforsikringen er g\\u00e6ldende ved k\\u00f8bet.\\r\\nBel\\u00f8bet der tr\\u00e6kkes er rest pr\\u00e6mien for den givne m\\u00e5ned samt for m\\u00e5neden efter.<\\/p>\\r\\n\\r\\n\\r\\n\\r\\n\\r\\n\\r\\n<p>\\r\\n\\r\\n<\\/p>\"}},\"233\":{\"type\":\"block\",\"enabled\":\"1\",\"fields\":{\"headline\":\"Levering\",\"body\":\"<p>Levering sker til den af k\\u00f8ber oplyste E-mail adresse. Der er ikke tale om en fysisk vare, men en\\r\\nElektronikforsikring som leveres i det kunden k\\u00f8ber.<\\/p>\\r\\n\\r\\n<p>\\r\\n\\r\\n<\\/p>\\r\\n\\r\\n\\r\\n\\r\\n\\r\\n\\r\\n<p>Forsikringen tr\\u00e6der i kraft p\\u00e5 k\\u00f8bsdatoen.<\\/p>\\r\\n\\r\\n\\r\\n\\r\\n\\r\\n\\r\\n<p>\\r\\n\\r\\n<\\/p>\"}},\"234\":{\"type\":\"block\",\"enabled\":\"1\",\"fields\":{\"headline\":\"Fortrydelsesret\",\"body\":\"<p>K\\u00f8ber har ret til at tr\\u00e6de tilbage fra denne aftale uden\\r\\nbegrundelse inden for 14 dage.<\\/p>\\r\\n\\r\\n<p>\\r\\n\\r\\n<\\/p>\\r\\n\\r\\n\\r\\n\\r\\n\\r\\n\\r\\n<p>Fortrydelsesfristen udl\\u00f8ber 14 dage efter den dag, hvor\\r\\nk\\u00f8ber har k\\u00f8bt Elektronikforsikringen.<\\/p>\\r\\n\\r\\n\\r\\n\\r\\n\\r\\n\\r\\n<p>\\r\\n\\r\\n<\\/p>\\r\\n\\r\\n\\r\\n\\r\\n\\r\\n\\r\\n<p>For at ud\\u00f8ve fortrydelsesretten, skal k\\u00f8ber meddele Danrisk\\r\\nForsikringsagentur ApS sin beslutning om, at fortryde denne aftale i en utvetydig\\r\\nerkl\\u00e6ring (f.eks. ved brev eller e-mail). <\\/p>\\r\\n\\r\\n\\r\\n\\r\\n\\r\\n\\r\\n<p>\\r\\n\\r\\n<\\/p>\\r\\n\\r\\n\\r\\n\\r\\n\\r\\n\\r\\n<p>Fortrydelsesfristen er overholdt, hvis k\\u00f8ber sender sin\\r\\nmeddelelse om ud\\u00f8velse af fortrydelsesretten, inden fortrydelsesfristen er\\r\\nudl\\u00f8bet.<\\/p>\\r\\n\\r\\n\\r\\n\\r\\n\\r\\n\\r\\n<p>\\r\\n\\r\\n<\\/p>\\r\\n\\r\\n\\r\\n\\r\\n\\r\\n\\r\\n<p>Hvis k\\u00f8ber ud\\u00f8ver sin fortrydelsesret i denne aftale,\\r\\nrefunderer Danrisk\\r\\nForsikringsagentur ApS alle betalinger modtaget fra k\\u00f8ber uden un\\u00f8dig forsinkelse\\r\\nog under alle omst\\u00e6ndigheder senest 14 dage fra den dato, hvor Danrisk\\r\\nForsikringsagentur ApS har modtaget meddelelse om k\\u00f8bers beslutning om at\\r\\nfortryde denne aftale.<\\/p>\\r\\n\\r\\n\\r\\n\\r\\n\\r\\n\\r\\n<p>\\r\\n\\r\\n<\\/p>\\r\\n\\r\\n\\r\\n\\r\\n\\r\\n\\r\\n<p>Danrisk\\r\\nForsikringsagentur ApS gennemf\\u00f8rer en s\\u00e5dan tilbagebetaling med samme\\r\\nbetalingsmiddel, som k\\u00f8ber benyttede ved den oprindelige transaktion, medmindre\\r\\nk\\u00f8ber udtrykkeligt har indvilget i noget andet. Under alle omst\\u00e6ndigheder\\r\\np\\u00e5l\\u00e6gges k\\u00f8ber ingen former for gebyrer som f\\u00f8lge af tilbagebetalingen.<\\/p>\\r\\n\\r\\n\\r\\n\\r\\n\\r\\n\\r\\n<p>\\r\\n\\r\\n<\\/p>\"}},\"235\":{\"type\":\"block\",\"enabled\":\"1\",\"fields\":{\"headline\":\"Persondatapolitik og videregivelse af personoplysninger\",\"body\":\"<p>If\\u00f8lge Persondataloven har Danrisk Forsikringsagentur ApS pligt til at oplyse k\\u00f8ber om bl.a. hvilke typer af\\r\\npersonoplysninger, der behandles, med hvilket form\\u00e5l behandlingen sker, samt\\r\\nhvem oplysningerne videregives til.<\\/p>\\r\\n\\r\\n<p>\\r\\n\\r\\n<\\/p>\\r\\n\\r\\n\\r\\n\\r\\n\\r\\n\\r\\n<p>Danrisk\\r\\nForsikringsagentur ApS behandler oplysninger om k\\u00f8ber til kundeadministration.<\\/p>\\r\\n\\r\\n\\r\\n\\r\\n\\r\\n\\r\\n<p>\\r\\n\\r\\n<\\/p>\\r\\n\\r\\n\\r\\n\\r\\n\\r\\n\\r\\n<p>Din personsikkerhed er en vigtig del af vores\\r\\nkundepolitik. Vi lever op til alle regler i persondataloven.<\\/p>\\r\\n\\r\\n\\r\\n\\r\\n\\r\\n\\r\\n<p>\\r\\n\\r\\n<\\/p>\\r\\n\\r\\n\\r\\n\\r\\n\\r\\n\\r\\n<p>Ved k\\u00f8b af Elektronikforsikring p\\u00e5\\r\\nwww.elektronik-forsikring.dk bliver k\\u00f8ber registreret som kunde. De personlige\\r\\noplysninger der registreres er: Navn, adresse, telefonnummer og E-mail. <\\/p>\\r\\n\\r\\n\\r\\n\\r\\n\\r\\n\\r\\n<p>\\r\\n\\r\\n<\\/p>\\r\\n\\r\\n\\r\\n\\r\\n\\r\\n\\r\\n<p>Den dataansvarlige er:<\\/p>\\r\\n\\r\\n\\r\\n\\r\\n\\r\\n\\r\\n<p>\\r\\n\\r\\n<\\/p>\\r\\n\\r\\n\\r\\n\\r\\n\\r\\n\\r\\n<p>Danrisk Forsikringsagentur\\r\\nApS<\\/p>\\r\\n\\r\\n\\r\\n\\r\\n\\r\\n\\r\\n<p>\\r\\n\\r\\n<\\/p>\\r\\n\\r\\n\\r\\n\\r\\n\\r\\n\\r\\n<p>Havnevej 1<\\/p>\\r\\n\\r\\n\\r\\n\\r\\n\\r\\n\\r\\n<p>\\r\\n\\r\\n<\\/p>\\r\\n\\r\\n\\r\\n\\r\\n\\r\\n\\r\\n<p>4000 Roskilde<\\/p>\\r\\n\\r\\n\\r\\n\\r\\n\\r\\n\\r\\n<p>\\r\\n\\r\\n<\\/p>\\r\\n\\r\\n\\r\\n\\r\\n\\r\\n\\r\\n<p>CVR.NR. 33953194<\\/p>\\r\\n\\r\\n\\r\\n\\r\\n\\r\\n\\r\\n<p>\\r\\n\\r\\n<\\/p>\\r\\n\\r\\n\\r\\n\\r\\n\\r\\n\\r\\n<p>Som registreret hos Danrisk Forsikringsagentur ApS har du altid ret til at g\\u00f8re indsigelse mod registreringen. Du\\r\\nhar ogs\\u00e5 ret til indsigt i hvilke oplysninger, der er registreret om dig. Disse\\r\\nrettigheder har du efter persondataloven og henvendelse i forbindelse hermed\\r\\nrettes til den dataansvarlige.<\\/p>\\r\\n\\r\\n\\r\\n\\r\\n\\r\\n\\r\\n<p>\\r\\n\\r\\n<\\/p>\\r\\n\\r\\n\\r\\n\\r\\n\\r\\n\\r\\n<p>K\\u00f8ber kan klage over Danrisk Forsikringsagentur ApS \\u00b4s behandling af oplysninger om k\\u00f8ber til elektronik-forsikring.dk\\r\\nog til Datatilsynet.<\\/p>\\r\\n\\r\\n\\r\\n\\r\\n\\r\\n\\r\\n<p>\\r\\n\\r\\n<\\/p>\"}},\"236\":{\"type\":\"block\",\"enabled\":\"1\",\"fields\":{\"headline\":\"Klageadgang\",\"body\":\"<p>K\\u00f8ber har mulighed for at f\\u00e5 behandlet en klage (ved\\r\\nskriftlig henvendelse) til: info@darfo.dk.<\\/p>\\r\\n\\r\\n<p>\\r\\n\\r\\n<\\/p>\\r\\n\\r\\n\\r\\n\\r\\n\\r\\n\\r\\n<p>K\\u00f8ber har ogs\\u00e5 mulighed for at indbringe klage til Center\\r\\nfor Klagel\\u00f8sning og\\/eller Forbrugerklagen\\u00e6vnet, Carl Jacobsens Vej 35, 2500\\r\\nValby. L\\u00e6s mere p\\u00e5 www.forbrug.dk.<\\/p>\\r\\n\\r\\n\\r\\n\\r\\n\\r\\n\\r\\n<p>\\r\\n\\r\\n<\\/p>\\r\\n\\r\\n\\r\\n\\r\\n\\r\\n\\r\\n<p>EU-Kommissionens online klageportal kan ogs\\u00e5 anvendes ved\\r\\nindgivelse af en klage. Ved indgivelse af en klage skal du angive vores e-mail\\r\\nadresse info@darfo.dk.<\\/p>\\r\\n\\r\\n\\r\\n\\r\\n\\r\\n\\r\\n<p>\\r\\n\\r\\n<\\/p>\\r\\n\\r\\n\\r\\n\\r\\n\\r\\n\\r\\n<p>Forbrugerombudsmanden f\\u00f8rer tilsyn med elektronik-forsikring.dk\\r\\nvirksomhed, som kun best\\u00e5r af Elektronikforsikringen.<\\/p>\\r\\n\\r\\n\\r\\n\\r\\n\\r\\n\\r\\n<p>\\r\\n\\r\\n<\\/p>\\r\\n\\r\\n\\r\\n\\r\\n\\r\\n\\r\\n<p>Retsforholdet afg\\u00f8res efter dansk ret.<\\/p>\\r\\n\\r\\n\\r\\n\\r\\n\\r\\n\\r\\n<p>\\r\\n\\r\\n<\\/p>\"}},\"237\":{\"type\":\"block\",\"enabled\":\"1\",\"fields\":{\"headline\":\"Forsikring\",\"body\":\"<p>De g\\u00e6ldende betingelser for Elektronikforsikringen findes\\r\\np\\u00e5 <a href=\\\"http:\\/\\/www.elektronik-forsikring.dk\\/\\\">www.elektronik-forsikring.dk<\\/a>. Her kan k\\u00f8ber desuden printe de g\\u00e6ldende\\r\\nforsikringsbetingelser.&nbsp; <\\/p>\\r\\n\\r\\n<p>\\r\\n\\r\\n<\\/p>\\r\\n\\r\\n\\r\\n\\r\\n\\r\\n\\r\\n<p>Ved accepten af elektronik-forsirking.dk handelsbetingelser\\r\\ni forbindelse med k\\u00f8bet af en Elektronikforsikring, tilkendegives det\\r\\nsamtidigt, at forsikringsbetingelserne er l\\u00e6st.<\\/p>\\r\\n\\r\\n\\r\\n\\r\\n\\r\\n\\r\\n<p>\\r\\n\\r\\n<\\/p>\"}}},\"33\":\"<p>Privat<\\/p>\",\"34\":\"Betingelser\",\"2\":\"\"}}', '2016-06-30 08:34:06', '2016-06-30 08:34:06', '39191314-5908-4af5-92c5-4e76158e522d'),
 ('49', '227', '6', '1', 'da', '10', '', '{\"typeId\":null,\"authorId\":null,\"title\":\"Betingelser\",\"slug\":\"betingelser\",\"postDate\":1467191144,\"expiryDate\":null,\"enabled\":1,\"parentId\":null,\"fields\":{\"35\":[\"247\"],\"1\":\"\",\"29\":{\"228\":{\"type\":\"block\",\"enabled\":\"1\",\"fields\":{\"headline\":\"Omfang\",\"body\":\"<p>N\\u00e6rv\\u00e6rende kontantk\\u00f8bsbetingelser er g\\u00e6ldende for k\\u00f8b af forsikring online p\\u00e5 www.elektronik-forsikring.dk Hjemmesiden www.elektronik-forsikring.dk ejes og drives af Danrisk Forsikringsagentur APS, Havnevej 1, 4000 Roskilde, CVR.NR. 33953194 Betingelserne kan ikke \\u00e6ndres.<\\/p>\"}},\"230\":{\"type\":\"block\",\"enabled\":\"1\",\"fields\":{\"headline\":\"Aftaleindg\\u00e5elser\",\"body\":\"<h6>\\r\\n\\r\\n<\\/h6>\\r\\n\\r\\n<p>K\\u00f8ber skal ved k\\u00f8b acceptere kontantk\\u00f8bsbetingelserne.\\r\\nK\\u00f8ber opfordres til at l\\u00e6se betingelserne grundigt igennem og g\\u00f8re sig bekendt\\r\\nmed de forpligtelser og rettigheder, som betingelserne giver. K\\u00f8ber f\\u00e5r en kopi\\r\\naf betingelser sammen med en bekr\\u00e6ftelse af bestillingen pr. e-mail.<\\/p>\\r\\n\\r\\n\\r\\n\\r\\n\\r\\n\\r\\n\\r\\n\\r\\n<p>\\r\\n\\r\\n<\\/p>\"}},\"231\":{\"type\":\"block\",\"enabled\":\"1\",\"fields\":{\"headline\":\"Ejendomsret\",\"body\":\"<h5><strong class=\\\"redactor-inline-converted\\\">\\r\\n\\r\\n<\\/strong><\\/h5>\\r\\n\\r\\n<p>K\\u00f8ber besidder fra k\\u00f8bsdatoen ejendomsretten til\\r\\nElektronikforsikringen.<\\/p>\"}},\"232\":{\"type\":\"block\",\"enabled\":\"1\",\"fields\":{\"headline\":\"Betalingsbetingelser og gebyrer\",\"body\":\"<h5>\\r\\n\\r\\n<\\/h5>\\r\\n\\r\\n<p>Betaling for bestilte varer kan ske online ved brug af\\r\\nDankort, Visa-Dankort, Visa, Visa Electron, MasterCard og Maestro.&nbsp;Ved betaling med en af disse betalingskort, till\\u00e6gges der et betalingskortgebyr, som varierer fra kort til kort.&nbsp; Inden\\r\\nk\\u00f8ber v\\u00e6lger at godkende ordren, bliver gebyret oplyst.<\\/p>\\r\\n\\r\\n\\r\\n\\r\\n\\r\\n\\r\\n\\r\\n\\r\\n<p>\\r\\n\\r\\n<\\/p>\\r\\n\\r\\n\\r\\n\\r\\n\\r\\n\\r\\n\\r\\n\\r\\n<p>Betaling via kreditkort er underlagt kortudsteders\\r\\nbetingelser for anvendelse. N\\u00e5r k\\u00f8ber bestiller med kreditkort tr\\u00e6kkes bel\\u00f8bet\\r\\np\\u00e5 k\\u00f8bers konto med det samme, da Elektronikforsikringen er g\\u00e6ldende ved k\\u00f8bet.\\r\\nBel\\u00f8bet der tr\\u00e6kkes er rest pr\\u00e6mien for den givne m\\u00e5ned samt for m\\u00e5neden efter.<\\/p>\\r\\n\\r\\n\\r\\n\\r\\n\\r\\n\\r\\n\\r\\n\\r\\n<p>\\r\\n\\r\\n<\\/p>\"}},\"233\":{\"type\":\"block\",\"enabled\":\"1\",\"fields\":{\"headline\":\"Levering\",\"body\":\"<p>Levering sker til den af k\\u00f8ber oplyste E-mail adresse. Der er ikke tale om en fysisk vare, men en\\r\\nElektronikforsikring som leveres i det kunden k\\u00f8ber.<\\/p>\\r\\n\\r\\n<p>\\r\\n\\r\\n<\\/p>\\r\\n\\r\\n\\r\\n\\r\\n\\r\\n\\r\\n\\r\\n\\r\\n<p>Forsikringen tr\\u00e6der i kraft p\\u00e5 k\\u00f8bsdatoen.<\\/p>\\r\\n\\r\\n\\r\\n\\r\\n\\r\\n\\r\\n\\r\\n\\r\\n<p>\\r\\n\\r\\n<\\/p>\"}},\"234\":{\"type\":\"block\",\"enabled\":\"1\",\"fields\":{\"headline\":\"Fortrydelsesret\",\"body\":\"<p>K\\u00f8ber har ret til at tr\\u00e6de tilbage fra denne aftale uden\\r\\nbegrundelse inden for 14 dage.<\\/p>\\r\\n\\r\\n<p>\\r\\n\\r\\n<\\/p>\\r\\n\\r\\n\\r\\n\\r\\n\\r\\n\\r\\n\\r\\n\\r\\n<p>Fortrydelsesfristen udl\\u00f8ber 14 dage efter den dag, hvor\\r\\nk\\u00f8ber har k\\u00f8bt Elektronikforsikringen.<\\/p>\\r\\n\\r\\n\\r\\n\\r\\n\\r\\n\\r\\n\\r\\n\\r\\n<p>\\r\\n\\r\\n<\\/p>\\r\\n\\r\\n\\r\\n\\r\\n\\r\\n\\r\\n\\r\\n\\r\\n<p>For at ud\\u00f8ve fortrydelsesretten, skal k\\u00f8ber meddele Danrisk\\r\\nForsikringsagentur ApS sin beslutning om, at fortryde denne aftale i en utvetydig\\r\\nerkl\\u00e6ring (f.eks. ved brev eller e-mail). <\\/p>\\r\\n\\r\\n\\r\\n\\r\\n\\r\\n\\r\\n\\r\\n\\r\\n<p>\\r\\n\\r\\n<\\/p>\\r\\n\\r\\n\\r\\n\\r\\n\\r\\n\\r\\n\\r\\n\\r\\n<p>Fortrydelsesfristen er overholdt, hvis k\\u00f8ber sender sin\\r\\nmeddelelse om ud\\u00f8velse af fortrydelsesretten, inden fortrydelsesfristen er\\r\\nudl\\u00f8bet.<\\/p>\\r\\n\\r\\n\\r\\n\\r\\n\\r\\n\\r\\n\\r\\n\\r\\n<p>\\r\\n\\r\\n<\\/p>\\r\\n\\r\\n\\r\\n\\r\\n\\r\\n\\r\\n\\r\\n\\r\\n<p>Hvis k\\u00f8ber ud\\u00f8ver sin fortrydelsesret i denne aftale,\\r\\nrefunderer Danrisk\\r\\nForsikringsagentur ApS alle betalinger modtaget fra k\\u00f8ber uden un\\u00f8dig forsinkelse\\r\\nog under alle omst\\u00e6ndigheder senest 14 dage fra den dato, hvor Danrisk\\r\\nForsikringsagentur ApS har modtaget meddelelse om k\\u00f8bers beslutning om at\\r\\nfortryde denne aftale.<\\/p>\\r\\n\\r\\n\\r\\n\\r\\n\\r\\n\\r\\n\\r\\n\\r\\n<p>\\r\\n\\r\\n<\\/p>\\r\\n\\r\\n\\r\\n\\r\\n\\r\\n\\r\\n\\r\\n\\r\\n<p>Danrisk\\r\\nForsikringsagentur ApS gennemf\\u00f8rer en s\\u00e5dan tilbagebetaling med samme\\r\\nbetalingsmiddel, som k\\u00f8ber benyttede ved den oprindelige transaktion, medmindre\\r\\nk\\u00f8ber udtrykkeligt har indvilget i noget andet. Under alle omst\\u00e6ndigheder\\r\\np\\u00e5l\\u00e6gges k\\u00f8ber ingen former for gebyrer som f\\u00f8lge af tilbagebetalingen.<\\/p>\\r\\n\\r\\n\\r\\n\\r\\n\\r\\n\\r\\n\\r\\n\\r\\n<p>\\r\\n\\r\\n<\\/p>\"}},\"235\":{\"type\":\"block\",\"enabled\":\"1\",\"fields\":{\"headline\":\"Persondatapolitik og videregivelse af personoplysninger\",\"body\":\"<p>If\\u00f8lge Persondataloven har Danrisk Forsikringsagentur ApS pligt til at oplyse k\\u00f8ber om bl.a. hvilke typer af\\r\\npersonoplysninger, der behandles, med hvilket form\\u00e5l behandlingen sker, samt\\r\\nhvem oplysningerne videregives til.<\\/p>\\r\\n\\r\\n<p>\\r\\n\\r\\n<\\/p>\\r\\n\\r\\n\\r\\n\\r\\n\\r\\n\\r\\n\\r\\n\\r\\n<p>Danrisk\\r\\nForsikringsagentur ApS behandler oplysninger om k\\u00f8ber til kundeadministration.<\\/p>\\r\\n\\r\\n\\r\\n\\r\\n\\r\\n\\r\\n\\r\\n\\r\\n<p>\\r\\n\\r\\n<\\/p>\\r\\n\\r\\n\\r\\n\\r\\n\\r\\n\\r\\n\\r\\n\\r\\n<p>Din personsikkerhed er en vigtig del af vores\\r\\nkundepolitik. Vi lever op til alle regler i persondataloven.<\\/p>\\r\\n\\r\\n\\r\\n\\r\\n\\r\\n\\r\\n\\r\\n\\r\\n<p>\\r\\n\\r\\n<\\/p>\\r\\n\\r\\n\\r\\n\\r\\n\\r\\n\\r\\n\\r\\n\\r\\n<p>Ved k\\u00f8b af Elektronikforsikring p\\u00e5\\r\\nwww.elektronik-forsikring.dk bliver k\\u00f8ber registreret som kunde. De personlige\\r\\noplysninger der registreres er: Navn, adresse, telefonnummer og E-mail. <\\/p>\\r\\n\\r\\n\\r\\n\\r\\n\\r\\n\\r\\n\\r\\n\\r\\n<p>\\r\\n\\r\\n<\\/p>\\r\\n\\r\\n\\r\\n\\r\\n\\r\\n\\r\\n\\r\\n\\r\\n<p>Den dataansvarlige er:<\\/p>\\r\\n\\r\\n\\r\\n\\r\\n\\r\\n\\r\\n\\r\\n\\r\\n<p>\\r\\n\\r\\n<\\/p>\\r\\n\\r\\n\\r\\n\\r\\n\\r\\n\\r\\n\\r\\n\\r\\n<p>Danrisk Forsikringsagentur\\r\\nApS<\\/p>\\r\\n\\r\\n\\r\\n\\r\\n\\r\\n\\r\\n\\r\\n\\r\\n<p>\\r\\n\\r\\n<\\/p>\\r\\n\\r\\n\\r\\n\\r\\n\\r\\n\\r\\n\\r\\n\\r\\n<p>Havnevej 1<\\/p>\\r\\n\\r\\n\\r\\n\\r\\n\\r\\n\\r\\n\\r\\n\\r\\n<p>\\r\\n\\r\\n<\\/p>\\r\\n\\r\\n\\r\\n\\r\\n\\r\\n\\r\\n\\r\\n\\r\\n<p>4000 Roskilde<\\/p>\\r\\n\\r\\n\\r\\n\\r\\n\\r\\n\\r\\n\\r\\n\\r\\n<p>\\r\\n\\r\\n<\\/p>\\r\\n\\r\\n\\r\\n\\r\\n\\r\\n\\r\\n\\r\\n\\r\\n<p>CVR.NR. 33953194<\\/p>\\r\\n\\r\\n\\r\\n\\r\\n\\r\\n\\r\\n\\r\\n\\r\\n<p>\\r\\n\\r\\n<\\/p>\\r\\n\\r\\n\\r\\n\\r\\n\\r\\n\\r\\n\\r\\n\\r\\n<p>Som registreret hos Danrisk Forsikringsagentur ApS har du altid ret til at g\\u00f8re indsigelse mod registreringen. Du\\r\\nhar ogs\\u00e5 ret til indsigt i hvilke oplysninger, der er registreret om dig. Disse\\r\\nrettigheder har du efter persondataloven og henvendelse i forbindelse hermed\\r\\nrettes til den dataansvarlige.<\\/p>\\r\\n\\r\\n\\r\\n\\r\\n\\r\\n\\r\\n\\r\\n\\r\\n<p>\\r\\n\\r\\n<\\/p>\\r\\n\\r\\n\\r\\n\\r\\n\\r\\n\\r\\n\\r\\n\\r\\n<p>K\\u00f8ber kan klage over Danrisk Forsikringsagentur ApS \\u00b4s behandling af oplysninger om k\\u00f8ber til elektronik-forsikring.dk\\r\\nog til Datatilsynet.<\\/p>\\r\\n\\r\\n\\r\\n\\r\\n\\r\\n\\r\\n\\r\\n\\r\\n<p>\\r\\n\\r\\n<\\/p>\"}},\"236\":{\"type\":\"block\",\"enabled\":\"1\",\"fields\":{\"headline\":\"Klageadgang\",\"body\":\"<p>K\\u00f8ber har mulighed for at f\\u00e5 behandlet en klage (ved\\r\\nskriftlig henvendelse) til: info@darfo.dk.<\\/p>\\r\\n\\r\\n<p>\\r\\n\\r\\n<\\/p>\\r\\n\\r\\n\\r\\n\\r\\n\\r\\n\\r\\n\\r\\n\\r\\n<p>K\\u00f8ber har ogs\\u00e5 mulighed for at indbringe klage til Center\\r\\nfor Klagel\\u00f8sning og\\/eller Forbrugerklagen\\u00e6vnet, Carl Jacobsens Vej 35, 2500\\r\\nValby. L\\u00e6s mere p\\u00e5 www.forbrug.dk.<\\/p>\\r\\n\\r\\n\\r\\n\\r\\n\\r\\n\\r\\n\\r\\n\\r\\n<p>\\r\\n\\r\\n<\\/p>\\r\\n\\r\\n\\r\\n\\r\\n\\r\\n\\r\\n\\r\\n\\r\\n<p>EU-Kommissionens online klageportal kan ogs\\u00e5 anvendes ved\\r\\nindgivelse af en klage. Ved indgivelse af en klage skal du angive vores e-mail\\r\\nadresse info@darfo.dk.<\\/p>\\r\\n\\r\\n\\r\\n\\r\\n\\r\\n\\r\\n\\r\\n\\r\\n<p>\\r\\n\\r\\n<\\/p>\\r\\n\\r\\n\\r\\n\\r\\n\\r\\n\\r\\n\\r\\n\\r\\n<p>Forbrugerombudsmanden f\\u00f8rer tilsyn med elektronik-forsikring.dk\\r\\nvirksomhed, som kun best\\u00e5r af Elektronikforsikringen.<\\/p>\\r\\n\\r\\n\\r\\n\\r\\n\\r\\n\\r\\n\\r\\n\\r\\n<p>\\r\\n\\r\\n<\\/p>\\r\\n\\r\\n\\r\\n\\r\\n\\r\\n\\r\\n\\r\\n\\r\\n<p>Retsforholdet afg\\u00f8res efter dansk ret.<\\/p>\\r\\n\\r\\n\\r\\n\\r\\n\\r\\n\\r\\n\\r\\n\\r\\n<p>\\r\\n\\r\\n<\\/p>\"}},\"237\":{\"type\":\"block\",\"enabled\":\"1\",\"fields\":{\"headline\":\"Forsikring\",\"body\":\"<p>De g\\u00e6ldende betingelser for Elektronikforsikringen findes\\r\\np\\u00e5 <a href=\\\"http:\\/\\/www.elektronik-forsikring.dk\\/\\\">www.elektronik-forsikring.dk<\\/a>. Her kan k\\u00f8ber desuden printe de g\\u00e6ldende\\r\\nforsikringsbetingelser.&nbsp; <\\/p>\\r\\n\\r\\n<p>\\r\\n\\r\\n<\\/p>\\r\\n\\r\\n\\r\\n\\r\\n\\r\\n\\r\\n\\r\\n\\r\\n<p>Ved accepten af elektronik-forsirking.dk handelsbetingelser\\r\\ni forbindelse med k\\u00f8bet af en Elektronikforsikring, tilkendegives det\\r\\nsamtidigt, at forsikringsbetingelserne er l\\u00e6st.<\\/p>\\r\\n\\r\\n\\r\\n\\r\\n\\r\\n\\r\\n\\r\\n\\r\\n<p>\\r\\n\\r\\n<\\/p>\"}}},\"33\":\"<p>Privat<\\/p>\",\"34\":\"Betingelser\",\"2\":\"\"}}', '2016-06-30 08:44:00', '2016-06-30 08:44:00', '16d52520-02c9-439e-b017-95a249437067'),
 ('50', '248', '7', '1', 'da', '1', NULL, '{\"typeId\":\"7\",\"authorId\":null,\"title\":\"Lovpligtige betingelser\",\"slug\":\"lovpligtige-betingelser\",\"postDate\":1467285288,\"expiryDate\":null,\"enabled\":1,\"parentId\":null,\"fields\":[]}', '2016-06-30 11:14:48', '2016-06-30 11:14:48', 'f24f7c87-c4e3-4a39-9be7-71baee527afb'),
 ('51', '248', '7', '1', 'da', '2', '', '{\"typeId\":null,\"authorId\":null,\"title\":\"Lovpligtige betingelser\",\"slug\":\"lovpligtige-betingelser\",\"postDate\":1467285288,\"expiryDate\":null,\"enabled\":1,\"parentId\":null,\"fields\":{\"35\":[\"249\"],\"1\":\"\",\"29\":\"\",\"33\":\"\",\"34\":\"\",\"2\":\"\"}}', '2016-06-30 11:20:45', '2016-06-30 11:20:45', '24fc4d19-520e-4f46-ae15-678e2742daa7'),
 ('52', '248', '7', '1', 'da', '3', '', '{\"typeId\":null,\"authorId\":null,\"title\":\"Lovpligtige betingelser\",\"slug\":\"lovpligtige-betingelser\",\"postDate\":1467285288,\"expiryDate\":null,\"enabled\":1,\"parentId\":null,\"fields\":{\"35\":[\"249\"],\"1\":\"\",\"29\":{\"new1\":{\"type\":\"block\",\"enabled\":\"1\",\"fields\":{\"headline\":\"Information ved k\\u00f8b\",\"body\":\"<p>Du har k\\u00f8bt en Elektronikforsikring gennem DANRISK Forsikringsagentur ApS (DANRISK), Havnevej 1, 4000 Roskilde, tlf.:+45 46306030, mail: info@darfo.dk, forsikringsagent for QUDOS Insurance A\\/S, Kongevejen 371, 2840 Holte, CVR.nr. 33956967. DANRISK er registreret som forsikringsagent i Agentregisteret (kan ses p\\u00e5): <a href=\\\"http:\\/\\/www.forsikringogpension.dk\\/medlemmer\\/Agentregisteret\\/Sider\\/Agents\\u00f8gning.aspx\\\">http:\\/\\/www.forsikringogpension.dk\\/medlemmer\\/Agentregisteret\\/Sider\\/Agents\\u00f8gning.aspx<\\/a>.<br><\\/p>\\r\\n\\r\\n<p>&nbsp;QUDOS Insurance A\\/S, Kongevejen 371, 2840 Holte, CVR.nr. 33956967, er forsikringsudbyder og den ansvarlige overfor forsikrede i henhold til forsikringspolicen.\\r\\n\\r\\n  <\\/p>\\r\\n\\r\\n\\r\\n\\r\\n<p>Forsikringens v\\u00e6sentligste indhold er beskrevet i n\\u00e6rv\\u00e6rende dokument. QUDOS er omfattet af Forsikringsgarantifonden. De fuldst\\u00e6ndige vilk\\u00e5r samt forsikringsbeviset fremsendes via mail, efter at du har k\\u00f8bt forsikringen fra DANRISK. Du kan l\\u00e6se de samlede forsikringsbetingelser p\\u00e5 <a href=\\\"http:\\/\\/www.elektronik-forsikring.dk\\\">www.elektronik-forsikring.dk<\\/a>.\\r\\n\\r\\n  <\\/p>\\r\\n\\r\\n\\r\\n\\r\\n<p>Den samlede pris inkl. afgifter fremg\\u00e5r af kvitteringen.\\r\\n\\r\\n  <\\/p>\\r\\n\\r\\n\\r\\n\\r\\n<p>For distributionen af Elektronikforsikringen modtager DANRISK en provision af QUDOS. St\\u00f8rrelsen af provisionen kan oplyses ved henvendelse til DANRISK.\\r\\n\\r\\n  <\\/p>\\r\\n\\r\\n\\r\\n\\r\\n<p><b>Fortrydelse:<\\/b>\\r\\n\\r\\n  <\\/p>\\r\\n\\r\\n<p>Du har 14 dages fortrydelsesret fra k\\u00f8bsdatoen. Hvis fortrydelsesfristen udl\\u00f8ber p\\u00e5 en helligdag, l\\u00f8rdag, grundlovsdag,\\r\\n\\r\\n  <\\/p>\\r\\n\\r\\n<p>juleaftensdag eller nyt\\u00e5rsaftensdag, er fristen f\\u00f8rst den f\\u00f8lgende hverdag. Vil du g\\u00f8re brug af fortrydelsesfristen skal du inden de 14 dage give besked om, at du har fortrudt dit k\\u00f8b af forsikringen, til DANRISK, Havnevej 1, 4000 Roskilde, eller p\\u00e5 E-mail <a href=\\\"mailto:infor@darfo.dk\\\">infor@darfo.dk<\\/a>.\\r\\n\\r\\n  <\\/p>\\r\\n\\r\\n\\r\\n\\r\\n<p>Fortrydelsen skal ske skriftligt.\\r\\n\\r\\n  <\\/p>\\r\\n\\r\\n<p><b>Forsikringens d\\u00e6kningsomfang:<\\/b>\\r\\n\\r\\n  <\\/p>\\r\\n\\r\\n<p>S\\u00e5fremt du har en indboforsikring kan du have en d\\u00e6kning for tyveri eller udefra kommende skader p\\u00e5 dit produkt.\\r\\n\\r\\n  <\\/p>\\r\\n\\r\\n\\r\\n\\r\\n<p>Elektronikforsikring d\\u00e6kker v\\u00e6rkstedets udgifter i forbindelse med at det forsikrede produkt er blevet skadet som f\\u00f8lge af en pludselig og uforudset udefra kommende h\\u00e6ndelse (skade), som ikke d\\u00e6kkes af en leverand\\u00f8rgaranti eller falder ind under s\\u00e6lgers ansvar if\\u00f8lge k\\u00f8beloven (mangler). Derudover har du d\\u00e6kning for funktionsfejl efter udl\\u00f8b af den 2-\\u00e5rige reklamationsret i.h.t K\\u00f8belovens \\u00a7 83, for de apparater der har en l\\u00e6ngere forsikringsperiode end 2 \\u00e5r (se betingelser)\\r\\n\\r\\n  <\\/p>\\r\\n\\r\\n\\r\\n\\r\\n<p><b>Forsikringens betaling og l\\u00f8betid:<\\/b>\\r\\n\\r\\n  <\\/p>\\r\\n\\r\\n<p>Forsikringen betales til Danrisk ved k\\u00f8bet. Her tr\\u00e6kkes for restbel\\u00f8bet for k\\u00f8bsm\\u00e5neden + m\\u00e5neden efter.\\r\\n\\r\\n  <\\/p>\\r\\n\\r\\n\\r\\n\\r\\n<p>Forsikringen l\\u00f8ber indtil den opsiges. Der er tale om en m\\u00e5nedlig abonnementsbetaling p\\u00e5 99 kr., som automatisk tr\\u00e6kkes p\\u00e5 det betalingskort der er brugt ved k\\u00f8bet. &nbsp;Forsikringen kan altid opsiges med l\\u00f8bende m\\u00e5ned + 30 dage.\\r\\n\\r\\n  <\\/p>\\r\\n\\r\\n\\r\\n\\r\\n<p>S\\u00e5fremt sikrede \\u00f8nsker at g\\u00f8re brug af forsikringen til d\\u00e6kning af en skade, skal sikrede g\\u00e5 ind p\\u00e5 <a href=\\\"http:\\/\\/www.elektronikforsikring.dk\\\">www.elektronikforsikring.dk<\\/a> hvor online skadesanmeldelsen udfyldes og sammen med den \\u00f8nskede dokumentation sendes til DANRISK. Ved tvivls sp\\u00f8rgsm\\u00e5l, kan DANRISK tr\\u00e6ffes p\\u00e5 tlf. nr.+45 46306030, ml. 9.00 og 15.00, eller p\\u00e5 E-mail adressen: <a href=\\\"mailto:info@darfo.dk\\\">info@darfo.dk<\\/a>\\r\\n\\r\\n  <\\/p>\\r\\n\\r\\n\\r\\n\\r\\n<p><b>Klage:<\\/b>\\r\\n\\r\\n  <\\/p>\\r\\n\\r\\n<p>S\\u00e5fremt sikrede har en klage, kan sikrede henvende sig hos DANRISK eller hos QUDOS p\\u00e5 de angivne adresser. S\\u00e5fremt dette ikke l\\u00f8ser problemet, kan uoverensstemmelsen indbringes for Anken\\u00e6vnet for Forsikring, Anker Heegaards Gade 2, 1572 Kbh. V., tlf. 33158900. Reglerne herfor fremg\\u00e5r af <a href=\\\"http:\\/\\/www.ankeforsikring.dk\\\">www.ankeforsikring.dk<\\/a>.\\r\\n\\r\\n  <\\/p>\\r\\n\\r\\n\\r\\n\\r\\n<p>&nbsp; &nbsp; &nbsp; &nbsp; &nbsp; &nbsp; &nbsp; &nbsp; &nbsp; &nbsp; &nbsp; &nbsp; &nbsp; &nbsp; &nbsp; &nbsp; &nbsp; &nbsp;&nbsp;<\\/p>\"}}},\"33\":\"\",\"34\":\"Lovpligtige betingelser\",\"2\":\"\"}}', '2016-06-30 11:39:14', '2016-06-30 11:39:14', '36fb9935-c645-4868-bf30-edc719f75e6f'),
 ('53', '251', '8', '1', 'da', '1', '', '{\"typeId\":null,\"authorId\":\"1\",\"title\":\"N\\u00e5r skaden er sket\",\"slug\":\"n\\u00e5r-skaden-er-sket\",\"postDate\":1467292071,\"expiryDate\":null,\"enabled\":1,\"parentId\":\"\",\"fields\":{\"35\":\"\",\"1\":\"<p>Her kommer der noget tekst<\\/p>\",\"29\":\"\",\"33\":\"\",\"34\":\"N\\u00e5r skaden er sket\",\"2\":\"\"}}', '2016-06-30 13:07:51', '2016-06-30 13:07:51', 'd404f917-f324-4de5-9ecb-ad728f1c7aa6'),
 ('54', '251', '8', '1', 'da', '2', '', '{\"typeId\":\"8\",\"authorId\":\"1\",\"title\":\"N\\u00e5r skaden er sket\",\"slug\":\"n\\u00e5r-skaden-er-sket\",\"postDate\":1467292020,\"expiryDate\":null,\"enabled\":1,\"parentId\":\"\",\"fields\":{\"35\":[\"252\"],\"1\":\"<p>Her kommer der noget tekst<\\/p>\",\"29\":\"\",\"33\":\"\",\"34\":\"N\\u00e5r skaden er sket\",\"2\":\"\"}}', '2016-06-30 13:22:33', '2016-06-30 13:22:33', '7c375e5e-8e17-4261-a346-964fe7a09209'),
 ('55', '251', '8', '1', 'da', '3', '', '{\"typeId\":\"8\",\"authorId\":\"1\",\"title\":\"N\\u00e5r skaden er sket\",\"slug\":\"n\\u00e5r-skaden-er-sket\",\"postDate\":1467292020,\"expiryDate\":null,\"enabled\":1,\"parentId\":\"\",\"fields\":{\"35\":[\"244\"],\"1\":\"<p>Her kommer der noget tekst<\\/p>\",\"29\":\"\",\"33\":\"\",\"34\":\"N\\u00e5r skaden er sket\",\"2\":\"\"}}', '2016-06-30 13:23:11', '2016-06-30 13:23:11', '5a56fe34-5835-4dc1-9f53-bb6c3ea46f80'),
 ('56', '251', '8', '1', 'da', '4', '', '{\"typeId\":\"8\",\"authorId\":\"1\",\"title\":\"N\\u00e5r skaden er sket\",\"slug\":\"n\\u00e5r-skaden-er-sket\",\"postDate\":1467292020,\"expiryDate\":null,\"enabled\":1,\"parentId\":\"\",\"fields\":{\"35\":[\"244\"],\"1\":\"<p>Her kommer der noget tekst<\\/p>\",\"29\":{\"new1\":{\"type\":\"block\",\"enabled\":\"1\",\"fields\":{\"headline\":\"N\\u00e6rv\\u00e6rende\",\"body\":\"<p>N\\u00e6rv\\u00e6rende kontantk\\u00f8bsbetingelser er g\\u00e6ldende for k\\u00f8b af forsikring online p\\u00e5&nbsp;<a href=\\\"http:\\/\\/www.elektronik-forsikring.dk\\/\\\">www.elektronik-forsikring.dk<\\/a>&nbsp;Hjemmesiden&nbsp;<a href=\\\"http:\\/\\/www.elektronik-forsikring.dk\\/\\\">www.elektronik-forsikring.dk<\\/a>&nbsp;ejes og drives af Danrisk Forsikringsagentur APS, Havnevej 1, 4000 Roskilde, CVR.NR. 33953194 Betingelserne kan ikke \\u00e6ndres.<\\/p>\"}}},\"33\":\"\",\"34\":\"N\\u00e5r skaden er sket\",\"2\":\"\"}}', '2016-06-30 13:33:07', '2016-06-30 13:33:07', 'df3f5576-7245-45e7-9354-79598a3081c6'),
 ('57', '251', '8', '1', 'da', '5', '', '{\"typeId\":\"8\",\"authorId\":\"1\",\"title\":\"N\\u00e5r skaden er sket\",\"slug\":\"n\\u00e5r-skaden-er-sket\",\"postDate\":1467292020,\"expiryDate\":null,\"enabled\":1,\"parentId\":\"\",\"fields\":{\"35\":[\"244\"],\"1\":\"<p>Her kommer der noget tekst<\\/p>\",\"29\":{\"253\":{\"type\":\"block\",\"enabled\":\"1\",\"fields\":{\"headline\":\"N\\u00e6rv\\u00e6rende\",\"body\":\"<p>N\\u00e6rv\\u00e6rende kontantk\\u00f8bsbetingelser er g\\u00e6ldende for k\\u00f8b af forsikring online p\\u00e5&nbsp;<a href=\\\"http:\\/\\/www.elektronik-forsikring.dk\\/\\\">www.elektronik-forsikring.dk<\\/a>&nbsp;Hjemmesiden&nbsp;<a href=\\\"http:\\/\\/www.elektronik-forsikring.dk\\/\\\">www.elektronik-forsikring.dk<\\/a>&nbsp;ejes og drives af Danrisk Forsikringsagentur APS, Havnevej 1, 4000 Roskilde, CVR.NR. 33953194 Betingelserne kan ikke \\u00e6ndres.<\\/p>\"}}},\"33\":\"<p>Elektronikforsikring d\\u00e6kker v\\u00e6sentligt bedre end till\\u00e6gsd\\u00e6kninger p\\u00e5 indboforsikringen<\\/p>\",\"34\":\"N\\u00e5r skaden er sket\",\"2\":\"\"}}', '2016-06-30 13:37:21', '2016-06-30 13:37:21', '5569eca9-c4aa-45b2-b9c5-3817ccc004c5'),
 ('58', '254', '8', '1', 'da', '1', '', '{\"typeId\":null,\"authorId\":\"1\",\"title\":\"Betingelser\",\"slug\":\"betingelser\",\"postDate\":1467294395,\"expiryDate\":null,\"enabled\":1,\"parentId\":\"\",\"fields\":{\"35\":[\"243\"],\"1\":\"\",\"29\":\"\",\"33\":\"<p>Her skal der skrives lidt teaser test<\\/p>\",\"34\":\"Betingelser\",\"2\":\"\"}}', '2016-06-30 13:46:35', '2016-06-30 13:46:35', 'd008088c-ed80-4b2b-952c-78746c75d913'),
 ('59', '254', '8', '1', 'da', '2', '', '{\"typeId\":\"8\",\"authorId\":\"1\",\"title\":\"Betingelser\",\"slug\":\"betingelser\",\"postDate\":1467294360,\"expiryDate\":null,\"enabled\":1,\"parentId\":\"\",\"fields\":{\"35\":[\"243\"],\"1\":\"\",\"29\":\"\",\"33\":\"<p>Her skal der skrives lidt teaser test<\\/p>\",\"34\":\"Betingelser\",\"2\":\"\"}}', '2016-06-30 13:46:45', '2016-06-30 13:46:45', 'ddc9c308-1d6f-418d-a940-40f81641a2e8'),
 ('60', '254', '8', '1', 'da', '3', '', '{\"typeId\":\"8\",\"authorId\":\"1\",\"title\":\"Betingelser\",\"slug\":\"betingelser\",\"postDate\":1467294360,\"expiryDate\":null,\"enabled\":1,\"parentId\":\"\",\"fields\":{\"35\":[\"243\"],\"1\":\"\",\"29\":{\"new1\":{\"type\":\"block\",\"enabled\":\"1\",\"fields\":{\"headline\":\"Omfang\",\"body\":\"<p>N\\u00e6rv\\u00e6rende kontantk\\u00f8bsbetingelser er g\\u00e6ldende for k\\u00f8b af forsikring online p\\u00e5&nbsp;<a href=\\\"http:\\/\\/www.elektronik-forsikring.dk\\/\\\">www.elektronik-forsikring.dk<\\/a>&nbsp;Hjemmesiden&nbsp;<a href=\\\"http:\\/\\/www.elektronik-forsikring.dk\\/\\\">www.elektronik-forsikring.dk<\\/a>&nbsp;ejes og drives af Danrisk Forsikringsagentur APS, Havnevej 1, 4000 Roskilde, CVR.NR. 33953194 Betingelserne kan ikke \\u00e6ndres.<\\/p>\"}}},\"33\":\"<p>Her skal der skrives lidt teaser test<\\/p>\",\"34\":\"Betingelser\",\"2\":\"\"}}', '2016-06-30 13:49:10', '2016-06-30 13:49:10', 'b7f9c267-5daf-4f3b-9d76-162949a0c40d'),
 ('61', '254', '8', '1', 'da', '4', '', '{\"typeId\":\"8\",\"authorId\":\"1\",\"title\":\"Betingelser\",\"slug\":\"betingelser\",\"postDate\":1467294360,\"expiryDate\":null,\"enabled\":1,\"parentId\":\"\",\"fields\":{\"35\":[\"243\"],\"1\":\"\",\"29\":{\"255\":{\"type\":\"block\",\"enabled\":\"1\",\"fields\":{\"headline\":\"Omfang\",\"body\":\"<p>N\\u00e6rv\\u00e6rende kontantk\\u00f8bsbetingelser er g\\u00e6ldende for k\\u00f8b af forsikring online p\\u00e5&nbsp;<a href=\\\"http:\\/\\/www.elektronik-forsikring.dk\\/\\\">www.elektronik-forsikring.dk<\\/a>&nbsp;Hjemmesiden&nbsp;<a href=\\\"http:\\/\\/www.elektronik-forsikring.dk\\/\\\">www.elektronik-forsikring.dk<\\/a>&nbsp;ejes og drives af Danrisk Forsikringsagentur APS, Havnevej 1, 4000 Roskilde, CVR.NR. 33953194 Betingelserne kan ikke \\u00e6ndres.<\\/p>\"}},\"new1\":{\"type\":\"block\",\"enabled\":\"1\",\"fields\":{\"headline\":\"Aftaleindg\\u00e5elser\",\"body\":\"<p>K\\u00f8ber skal ved k\\u00f8b acceptere kontantk\\u00f8bsbetingelserne. K\\u00f8ber opfordres til at l\\u00e6se betingelserne grundigt igennem og g\\u00f8re sig bekendt med de forpligtelser og rettigheder, som betingelserne giver. K\\u00f8ber f\\u00e5r en kopi af betingelser sammen med en bekr\\u00e6ftelse af bestillingen pr. e-mail.<\\/p>\"}},\"new2\":{\"type\":\"block\",\"enabled\":\"1\",\"fields\":{\"headline\":\"Ejendomsret\",\"body\":\"<p>K\\u00f8ber besidder fra k\\u00f8bsdatoen ejendomsretten til Elektronikforsikringen.<\\/p>\"}},\"new3\":{\"type\":\"block\",\"enabled\":\"1\",\"fields\":{\"headline\":\"Betalingsbetingelser og gebyrer\",\"body\":\"<p>Betaling for bestilte varer kan ske online ved brug af Dankort, Visa-Dankort, Visa, Visa Electron, MasterCard og Maestro.&nbsp;Ved betaling med en af disse betalingskort, till\\u00e6gges der et betalingskortgebyr, som varierer fra kort til kort.&nbsp; Inden k\\u00f8ber v\\u00e6lger at godkende ordren, bliver gebyret oplyst.<br><\\/p>\\r\\n\\r\\n\\r\\n\\r\\n<p>Betaling via kreditkort er underlagt kortudsteders betingelser for anvendelse. N\\u00e5r k\\u00f8ber bestiller med kreditkort tr\\u00e6kkes bel\\u00f8bet p\\u00e5 k\\u00f8bers konto med det samme, da Elektronikforsikringen er g\\u00e6ldende ved k\\u00f8bet. Bel\\u00f8bet der tr\\u00e6kkes er rest pr\\u00e6mien for den givne m\\u00e5ned samt for m\\u00e5neden efter.<\\/p>\"}},\"new4\":{\"type\":\"block\",\"enabled\":\"1\",\"fields\":{\"headline\":\"Levering\",\"body\":\"<p>Levering sker til den af k\\u00f8ber oplyste E-mail adresse. Der er ikke tale om en fysisk vare, men en Elektronikforsikring som leveres i det kunden k\\u00f8ber.<\\/p>\\r\\n\\r\\n\\r\\n\\r\\n<p>Forsikringen tr\\u00e6der i kraft p\\u00e5 k\\u00f8bsdatoen.<\\/p>\"}},\"new5\":{\"type\":\"block\",\"enabled\":\"1\",\"fields\":{\"headline\":\"Fortrydelsesret\",\"body\":\"<p>K\\u00f8ber har ret til at tr\\u00e6de tilbage fra denne aftale uden begrundelse inden for 14 dage.<\\/p>\\r\\n\\r\\n\\r\\n\\r\\n<p>Fortrydelsesfristen udl\\u00f8ber 14 dage efter den dag, hvor k\\u00f8ber har k\\u00f8bt Elektronikforsikringen.<\\/p>\\r\\n\\r\\n\\r\\n\\r\\n<p>For at ud\\u00f8ve fortrydelsesretten, skal k\\u00f8ber meddele Danrisk Forsikringsagentur ApS sin beslutning om, at fortryde denne aftale i en utvetydig erkl\\u00e6ring (f.eks. ved brev eller e-mail).<\\/p>\\r\\n\\r\\n\\r\\n\\r\\n<p>Fortrydelsesfristen er overholdt, hvis k\\u00f8ber sender sin meddelelse om ud\\u00f8velse af fortrydelsesretten, inden fortrydelsesfristen er udl\\u00f8bet.<\\/p>\\r\\n\\r\\n\\r\\n\\r\\n<p>Hvis k\\u00f8ber ud\\u00f8ver sin fortrydelsesret i denne aftale, refunderer Danrisk Forsikringsagentur ApS alle betalinger modtaget fra k\\u00f8ber uden un\\u00f8dig forsinkelse og under alle omst\\u00e6ndigheder senest 14 dage fra den dato, hvor Danrisk Forsikringsagentur ApS har modtaget meddelelse om k\\u00f8bers beslutning om at fortryde denne aftale.<\\/p>\\r\\n\\r\\n\\r\\n\\r\\n<p>Danrisk Forsikringsagentur ApS gennemf\\u00f8rer en s\\u00e5dan tilbagebetaling med samme betalingsmiddel, som k\\u00f8ber benyttede ved den oprindelige transaktion, medmindre k\\u00f8ber udtrykkeligt har indvilget i noget andet. Under alle omst\\u00e6ndigheder p\\u00e5l\\u00e6gges k\\u00f8ber ingen former for gebyrer som f\\u00f8lge af tilbagebetalingen.<\\/p>\"}},\"new6\":{\"type\":\"block\",\"enabled\":\"1\",\"fields\":{\"headline\":\"Persondatapolitik og videregivelse af personoplysninger\",\"body\":\"<p>If\\u00f8lge Persondataloven har Danrisk Forsikringsagentur ApS pligt til at oplyse k\\u00f8ber om bl.a. hvilke typer af personoplysninger, der behandles, med hvilket form\\u00e5l behandlingen sker, samt hvem oplysningerne videregives til.<\\/p>\\r\\n\\r\\n\\r\\n\\r\\n<p>Danrisk Forsikringsagentur ApS behandler oplysninger om k\\u00f8ber til kundeadministration.<\\/p>\\r\\n\\r\\n\\r\\n\\r\\n<p>Din personsikkerhed er en vigtig del af vores kundepolitik. Vi lever op til alle regler i persondataloven.<\\/p>\\r\\n\\r\\n\\r\\n\\r\\n<p>Ved k\\u00f8b af Elektronikforsikring p\\u00e5&nbsp;<a href=\\\"http:\\/\\/www.elektronik-forsikring.dk\\/\\\">www.elektronik-forsikring.dk<\\/a>&nbsp;bliver k\\u00f8ber registreret som kunde. De personlige oplysninger der registreres er: Navn, adresse, telefonnummer og E-mail.<\\/p>\\r\\n\\r\\n\\r\\n\\r\\n<p>Den dataansvarlige er:<\\/p>\\r\\n\\r\\n\\r\\n\\r\\n<p>Danrisk Forsikringsagentur ApS<\\/p>\\r\\n\\r\\n\\r\\n\\r\\n<p>Havnevej 1<\\/p>\\r\\n\\r\\n\\r\\n\\r\\n<p>4000 Roskilde<\\/p>\\r\\n\\r\\n\\r\\n\\r\\n<p>CVR.NR. 33953194<\\/p>\\r\\n\\r\\n\\r\\n\\r\\n<p>Som registreret hos Danrisk Forsikringsagentur ApS har du altid ret til at g\\u00f8re indsigelse mod registreringen. Du har ogs\\u00e5 ret til indsigt i hvilke oplysninger, der er registreret om dig. Disse rettigheder har du efter persondataloven og henvendelse i forbindelse hermed rettes til den dataansvarlige.<\\/p>\\r\\n\\r\\n\\r\\n\\r\\n<p>K\\u00f8ber kan klage over Danrisk Forsikringsagentur ApS \\u00b4s behandling af oplysninger om k\\u00f8ber til elektronik-forsikring.dk og til Datatilsynet.<\\/p>\"}},\"new7\":{\"type\":\"block\",\"enabled\":\"1\",\"fields\":{\"headline\":\"Klageadgang\",\"body\":\"<p>K\\u00f8ber har mulighed for at f\\u00e5 behandlet en klage (ved skriftlig henvendelse) til: info@darfo.dk.<\\/p>\\r\\n\\r\\n\\r\\n\\r\\n<p>K\\u00f8ber har ogs\\u00e5 mulighed for at indbringe klage til Center for Klagel\\u00f8sning og\\/eller Forbrugerklagen\\u00e6vnet, Carl Jacobsens Vej 35, 2500 Valby. L\\u00e6s mere p\\u00e5 www.forbrug.dk.<\\/p>\\r\\n\\r\\n\\r\\n\\r\\n<p>EU-Kommissionens online klageportal kan ogs\\u00e5 anvendes ved indgivelse af en klage. Ved indgivelse af en klage skal du angive vores e-mail adresse info@darfo.dk.<\\/p>\\r\\n\\r\\n\\r\\n\\r\\n<p>Forbrugerombudsmanden f\\u00f8rer tilsyn med elektronik-forsikring.dk virksomhed, som kun best\\u00e5r af Elektronikforsikringen.<\\/p>\\r\\n\\r\\n\\r\\n\\r\\n<p>Retsforholdet afg\\u00f8res efter dansk ret.<\\/p>\"}},\"new8\":{\"type\":\"block\",\"enabled\":\"1\",\"fields\":{\"headline\":\"Forsikring\",\"body\":\"<p>De g\\u00e6ldende betingelser for Elektronikforsikringen findes p\\u00e5&nbsp;<a href=\\\"http:\\/\\/www.elektronik-forsikring.dk\\/\\\">www.elektronik-forsikring.dk<\\/a>. Her kan k\\u00f8ber desuden printe de g\\u00e6ldende forsikringsbetingelser.&nbsp;<\\/p>\\r\\n\\r\\n\\r\\n\\r\\n<p>Ved accepten af elektronik-forsirking.dk handelsbetingelser i forbindelse med k\\u00f8bet af en Elektronikforsikring, tilkendegives det samtidigt, at forsikringsbetingelserne er l\\u00e6st.<\\/p>\"}}},\"33\":\"<p>Her skal der skrives lidt teaser test<\\/p>\",\"34\":\"Betingelser\",\"2\":\"\"}}', '2016-06-30 13:51:23', '2016-06-30 13:51:23', '0cb8b9a5-c889-4500-8d48-15528d5a2652'),
 ('62', '264', '8', '1', 'da', '1', '', '{\"typeId\":null,\"authorId\":\"1\",\"title\":\"Betingelser\",\"slug\":\"betingelser-1\",\"postDate\":1467294360,\"expiryDate\":null,\"enabled\":1,\"parentId\":\"\",\"fields\":{\"35\":[\"243\"],\"1\":\"\",\"29\":{\"255\":{\"type\":\"block\",\"enabled\":\"1\",\"fields\":{\"headline\":\"Omfang\",\"body\":\"<p>N\\u00e6rv\\u00e6rende kontantk\\u00f8bsbetingelser er g\\u00e6ldende for k\\u00f8b af forsikring online p\\u00e5&nbsp;<a href=\\\"http:\\/\\/www.elektronik-forsikring.dk\\/\\\">www.elektronik-forsikring.dk<\\/a>&nbsp;Hjemmesiden&nbsp;<a href=\\\"http:\\/\\/www.elektronik-forsikring.dk\\/\\\">www.elektronik-forsikring.dk<\\/a>&nbsp;ejes og drives af Danrisk Forsikringsagentur APS, Havnevej 1, 4000 Roskilde, CVR.NR. 33953194 Betingelserne kan ikke \\u00e6ndres.<\\/p>\"}},\"256\":{\"type\":\"block\",\"enabled\":\"1\",\"fields\":{\"headline\":\"Aftaleindg\\u00e5elser\",\"body\":\"<p>K\\u00f8ber skal ved k\\u00f8b acceptere kontantk\\u00f8bsbetingelserne. K\\u00f8ber opfordres til at l\\u00e6se betingelserne grundigt igennem og g\\u00f8re sig bekendt med de forpligtelser og rettigheder, som betingelserne giver. K\\u00f8ber f\\u00e5r en kopi af betingelser sammen med en bekr\\u00e6ftelse af bestillingen pr. e-mail.<\\/p>\"}},\"257\":{\"type\":\"block\",\"enabled\":\"1\",\"fields\":{\"headline\":\"Ejendomsret\",\"body\":\"<p>K\\u00f8ber besidder fra k\\u00f8bsdatoen ejendomsretten til Elektronikforsikringen.<\\/p>\"}},\"258\":{\"type\":\"block\",\"enabled\":\"1\",\"fields\":{\"headline\":\"Betalingsbetingelser og gebyrer\",\"body\":\"<p>Betaling for bestilte varer kan ske online ved brug af Dankort, Visa-Dankort, Visa, Visa Electron, MasterCard og Maestro.&nbsp;Ved betaling med en af disse betalingskort, till\\u00e6gges der et betalingskortgebyr, som varierer fra kort til kort.&nbsp; Inden k\\u00f8ber v\\u00e6lger at godkende ordren, bliver gebyret oplyst.<br><\\/p>\\r\\n\\r\\n\\r\\n\\r\\n<p>Betaling via kreditkort er underlagt kortudsteders betingelser for anvendelse. N\\u00e5r k\\u00f8ber bestiller med kreditkort tr\\u00e6kkes bel\\u00f8bet p\\u00e5 k\\u00f8bers konto med det samme, da Elektronikforsikringen er g\\u00e6ldende ved k\\u00f8bet. Bel\\u00f8bet der tr\\u00e6kkes er rest pr\\u00e6mien for den givne m\\u00e5ned samt for m\\u00e5neden efter.<\\/p>\"}},\"259\":{\"type\":\"block\",\"enabled\":\"1\",\"fields\":{\"headline\":\"Levering\",\"body\":\"<p>Levering sker til den af k\\u00f8ber oplyste E-mail adresse. Der er ikke tale om en fysisk vare, men en Elektronikforsikring som leveres i det kunden k\\u00f8ber.<\\/p>\\r\\n\\r\\n\\r\\n\\r\\n<p>Forsikringen tr\\u00e6der i kraft p\\u00e5 k\\u00f8bsdatoen.<\\/p>\"}},\"260\":{\"type\":\"block\",\"enabled\":\"1\",\"fields\":{\"headline\":\"Fortrydelsesret\",\"body\":\"<p>K\\u00f8ber har ret til at tr\\u00e6de tilbage fra denne aftale uden begrundelse inden for 14 dage.<\\/p>\\r\\n\\r\\n\\r\\n\\r\\n<p>Fortrydelsesfristen udl\\u00f8ber 14 dage efter den dag, hvor k\\u00f8ber har k\\u00f8bt Elektronikforsikringen.<\\/p>\\r\\n\\r\\n\\r\\n\\r\\n\\r\\n\\r\\n<p>For at ud\\u00f8ve fortrydelsesretten, skal k\\u00f8ber meddele Danrisk Forsikringsagentur ApS sin beslutning om, at fortryde denne aftale i en utvetydig erkl\\u00e6ring (f.eks. ved brev eller e-mail).<\\/p>\\r\\n\\r\\n\\r\\n\\r\\n\\r\\n\\r\\n<p>Fortrydelsesfristen er overholdt, hvis k\\u00f8ber sender sin meddelelse om ud\\u00f8velse af fortrydelsesretten, inden fortrydelsesfristen er udl\\u00f8bet.<\\/p>\\r\\n\\r\\n\\r\\n\\r\\n\\r\\n\\r\\n<p>Hvis k\\u00f8ber ud\\u00f8ver sin fortrydelsesret i denne aftale, refunderer Danrisk Forsikringsagentur ApS alle betalinger modtaget fra k\\u00f8ber uden un\\u00f8dig forsinkelse og under alle omst\\u00e6ndigheder senest 14 dage fra den dato, hvor Danrisk Forsikringsagentur ApS har modtaget meddelelse om k\\u00f8bers beslutning om at fortryde denne aftale.<\\/p>\\r\\n\\r\\n\\r\\n\\r\\n\\r\\n\\r\\n<p>Danrisk Forsikringsagentur ApS gennemf\\u00f8rer en s\\u00e5dan tilbagebetaling med samme betalingsmiddel, som k\\u00f8ber benyttede ved den oprindelige transaktion, medmindre k\\u00f8ber udtrykkeligt har indvilget i noget andet. Under alle omst\\u00e6ndigheder p\\u00e5l\\u00e6gges k\\u00f8ber ingen former for gebyrer som f\\u00f8lge af tilbagebetalingen.<\\/p>\"}},\"261\":{\"type\":\"block\",\"enabled\":\"1\",\"fields\":{\"headline\":\"Persondatapolitik og videregivelse af personoplysninger\",\"body\":\"<p>If\\u00f8lge Persondataloven har Danrisk Forsikringsagentur ApS pligt til at oplyse k\\u00f8ber om bl.a. hvilke typer af personoplysninger, der behandles, med hvilket form\\u00e5l behandlingen sker, samt hvem oplysningerne videregives til.<\\/p>\\r\\n\\r\\n\\r\\n\\r\\n<p>Danrisk Forsikringsagentur ApS behandler oplysninger om k\\u00f8ber til kundeadministration.<\\/p>\\r\\n\\r\\n\\r\\n\\r\\n\\r\\n\\r\\n<p>Din personsikkerhed er en vigtig del af vores kundepolitik. Vi lever op til alle regler i persondataloven.<\\/p>\\r\\n\\r\\n\\r\\n\\r\\n\\r\\n\\r\\n<p>Ved k\\u00f8b af Elektronikforsikring p\\u00e5&nbsp;<a href=\\\"http:\\/\\/www.elektronik-forsikring.dk\\/\\\">www.elektronik-forsikring.dk<\\/a>&nbsp;bliver k\\u00f8ber registreret som kunde. De personlige oplysninger der registreres er: Navn, adresse, telefonnummer og E-mail.<\\/p>\\r\\n\\r\\n\\r\\n\\r\\n\\r\\n\\r\\n<p>Den dataansvarlige er:<\\/p>\\r\\n\\r\\n\\r\\n\\r\\n\\r\\n\\r\\n<p>Danrisk Forsikringsagentur ApS<\\/p>\\r\\n\\r\\n\\r\\n\\r\\n\\r\\n\\r\\n<p>Havnevej 1<\\/p>\\r\\n\\r\\n\\r\\n\\r\\n\\r\\n\\r\\n<p>4000 Roskilde<\\/p>\\r\\n\\r\\n\\r\\n\\r\\n\\r\\n\\r\\n<p>CVR.NR. 33953194<\\/p>\\r\\n\\r\\n\\r\\n\\r\\n\\r\\n\\r\\n<p>Som registreret hos Danrisk Forsikringsagentur ApS har du altid ret til at g\\u00f8re indsigelse mod registreringen. Du har ogs\\u00e5 ret til indsigt i hvilke oplysninger, der er registreret om dig. Disse rettigheder har du efter persondataloven og henvendelse i forbindelse hermed rettes til den dataansvarlige.<\\/p>\\r\\n\\r\\n\\r\\n\\r\\n\\r\\n\\r\\n<p>K\\u00f8ber kan klage over Danrisk Forsikringsagentur ApS \\u00b4s behandling af oplysninger om k\\u00f8ber til elektronik-forsikring.dk og til Datatilsynet.<\\/p>\"}},\"262\":{\"type\":\"block\",\"enabled\":\"1\",\"fields\":{\"headline\":\"Klageadgang\",\"body\":\"<p>K\\u00f8ber har mulighed for at f\\u00e5 behandlet en klage (ved skriftlig henvendelse) til: info@darfo.dk.<\\/p>\\r\\n\\r\\n\\r\\n\\r\\n<p>K\\u00f8ber har ogs\\u00e5 mulighed for at indbringe klage til Center for Klagel\\u00f8sning og\\/eller Forbrugerklagen\\u00e6vnet, Carl Jacobsens Vej 35, 2500 Valby. L\\u00e6s mere p\\u00e5 www.forbrug.dk.<\\/p>\\r\\n\\r\\n\\r\\n\\r\\n\\r\\n\\r\\n<p>EU-Kommissionens online klageportal kan ogs\\u00e5 anvendes ved indgivelse af en klage. Ved indgivelse af en klage skal du angive vores e-mail adresse info@darfo.dk.<\\/p>\\r\\n\\r\\n\\r\\n\\r\\n\\r\\n\\r\\n<p>Forbrugerombudsmanden f\\u00f8rer tilsyn med elektronik-forsikring.dk virksomhed, som kun best\\u00e5r af Elektronikforsikringen.<\\/p>\\r\\n\\r\\n\\r\\n\\r\\n\\r\\n\\r\\n<p>Retsforholdet afg\\u00f8res efter dansk ret.<\\/p>\"}},\"263\":{\"type\":\"block\",\"enabled\":\"1\",\"fields\":{\"headline\":\"Forsikring\",\"body\":\"<p>De g\\u00e6ldende betingelser for Elektronikforsikringen findes p\\u00e5&nbsp;<a href=\\\"http:\\/\\/www.elektronik-forsikring.dk\\/\\\">www.elektronik-forsikring.dk<\\/a>. Her kan k\\u00f8ber desuden printe de g\\u00e6ldende forsikringsbetingelser.&nbsp;<\\/p>\\r\\n\\r\\n\\r\\n\\r\\n<p>Ved accepten af elektronik-forsirking.dk handelsbetingelser i forbindelse med k\\u00f8bet af en Elektronikforsikring, tilkendegives det samtidigt, at forsikringsbetingelserne er l\\u00e6st.<\\/p>\"}}},\"33\":\"<p>Her skal der skrives lidt teaser test<\\/p>\",\"34\":\"Betingelser\",\"2\":\"\"}}', '2016-06-30 13:56:58', '2016-06-30 13:56:58', 'b8952f2d-06ff-40ea-8b22-e2d1de501fa4'),
 ('63', '264', '8', '1', 'da', '2', '', '{\"typeId\":\"8\",\"authorId\":\"1\",\"title\":\"Lovpligtige oplysninger\",\"slug\":\"betingelser-1\",\"postDate\":1467294360,\"expiryDate\":null,\"enabled\":1,\"parentId\":\"\",\"fields\":{\"35\":[\"243\"],\"1\":\"\",\"29\":{\"265\":{\"type\":\"block\",\"enabled\":\"1\",\"fields\":{\"headline\":\"Omfang\",\"body\":\"<p>N\\u00e6rv\\u00e6rende kontantk\\u00f8bsbetingelser er g\\u00e6ldende for k\\u00f8b af forsikring online p\\u00e5&nbsp;<a href=\\\"http:\\/\\/www.elektronik-forsikring.dk\\/\\\">www.elektronik-forsikring.dk<\\/a>&nbsp;Hjemmesiden&nbsp;<a href=\\\"http:\\/\\/www.elektronik-forsikring.dk\\/\\\">www.elektronik-forsikring.dk<\\/a>&nbsp;ejes og drives af Danrisk Forsikringsagentur APS, Havnevej 1, 4000 Roskilde, CVR.NR. 33953194 Betingelserne kan ikke \\u00e6ndres.<\\/p>\"}},\"266\":{\"type\":\"block\",\"enabled\":\"1\",\"fields\":{\"headline\":\"Aftaleindg\\u00e5elser\",\"body\":\"<p>K\\u00f8ber skal ved k\\u00f8b acceptere kontantk\\u00f8bsbetingelserne. K\\u00f8ber opfordres til at l\\u00e6se betingelserne grundigt igennem og g\\u00f8re sig bekendt med de forpligtelser og rettigheder, som betingelserne giver. K\\u00f8ber f\\u00e5r en kopi af betingelser sammen med en bekr\\u00e6ftelse af bestillingen pr. e-mail.<\\/p>\"}},\"267\":{\"type\":\"block\",\"enabled\":\"1\",\"fields\":{\"headline\":\"Ejendomsret\",\"body\":\"<p>K\\u00f8ber besidder fra k\\u00f8bsdatoen ejendomsretten til Elektronikforsikringen.<\\/p>\"}},\"268\":{\"type\":\"block\",\"enabled\":\"1\",\"fields\":{\"headline\":\"Betalingsbetingelser og gebyrer\",\"body\":\"<p>Betaling for bestilte varer kan ske online ved brug af Dankort, Visa-Dankort, Visa, Visa Electron, MasterCard og Maestro.&nbsp;Ved betaling med en af disse betalingskort, till\\u00e6gges der et betalingskortgebyr, som varierer fra kort til kort.&nbsp; Inden k\\u00f8ber v\\u00e6lger at godkende ordren, bliver gebyret oplyst.<br><\\/p>\\r\\n\\r\\n\\r\\n\\r\\n<p>Betaling via kreditkort er underlagt kortudsteders betingelser for anvendelse. N\\u00e5r k\\u00f8ber bestiller med kreditkort tr\\u00e6kkes bel\\u00f8bet p\\u00e5 k\\u00f8bers konto med det samme, da Elektronikforsikringen er g\\u00e6ldende ved k\\u00f8bet. Bel\\u00f8bet der tr\\u00e6kkes er rest pr\\u00e6mien for den givne m\\u00e5ned samt for m\\u00e5neden efter.<\\/p>\"}},\"269\":{\"type\":\"block\",\"enabled\":\"1\",\"fields\":{\"headline\":\"Levering\",\"body\":\"<p>Levering sker til den af k\\u00f8ber oplyste E-mail adresse. Der er ikke tale om en fysisk vare, men en Elektronikforsikring som leveres i det kunden k\\u00f8ber.<\\/p>\\r\\n\\r\\n\\r\\n\\r\\n<p>Forsikringen tr\\u00e6der i kraft p\\u00e5 k\\u00f8bsdatoen.<\\/p>\"}},\"270\":{\"type\":\"block\",\"enabled\":\"1\",\"fields\":{\"headline\":\"Fortrydelsesret\",\"body\":\"<p>K\\u00f8ber har ret til at tr\\u00e6de tilbage fra denne aftale uden begrundelse inden for 14 dage.<\\/p>\\r\\n\\r\\n\\r\\n\\r\\n<p>Fortrydelsesfristen udl\\u00f8ber 14 dage efter den dag, hvor k\\u00f8ber har k\\u00f8bt Elektronikforsikringen.<\\/p>\\r\\n\\r\\n\\r\\n\\r\\n\\r\\n\\r\\n\\r\\n\\r\\n<p>For at ud\\u00f8ve fortrydelsesretten, skal k\\u00f8ber meddele Danrisk Forsikringsagentur ApS sin beslutning om, at fortryde denne aftale i en utvetydig erkl\\u00e6ring (f.eks. ved brev eller e-mail).<\\/p>\\r\\n\\r\\n\\r\\n\\r\\n\\r\\n\\r\\n\\r\\n\\r\\n<p>Fortrydelsesfristen er overholdt, hvis k\\u00f8ber sender sin meddelelse om ud\\u00f8velse af fortrydelsesretten, inden fortrydelsesfristen er udl\\u00f8bet.<\\/p>\\r\\n\\r\\n\\r\\n\\r\\n\\r\\n\\r\\n\\r\\n\\r\\n<p>Hvis k\\u00f8ber ud\\u00f8ver sin fortrydelsesret i denne aftale, refunderer Danrisk Forsikringsagentur ApS alle betalinger modtaget fra k\\u00f8ber uden un\\u00f8dig forsinkelse og under alle omst\\u00e6ndigheder senest 14 dage fra den dato, hvor Danrisk Forsikringsagentur ApS har modtaget meddelelse om k\\u00f8bers beslutning om at fortryde denne aftale.<\\/p>\\r\\n\\r\\n\\r\\n\\r\\n\\r\\n\\r\\n\\r\\n\\r\\n<p>Danrisk Forsikringsagentur ApS gennemf\\u00f8rer en s\\u00e5dan tilbagebetaling med samme betalingsmiddel, som k\\u00f8ber benyttede ved den oprindelige transaktion, medmindre k\\u00f8ber udtrykkeligt har indvilget i noget andet. Under alle omst\\u00e6ndigheder p\\u00e5l\\u00e6gges k\\u00f8ber ingen former for gebyrer som f\\u00f8lge af tilbagebetalingen.<\\/p>\"}},\"271\":{\"type\":\"block\",\"enabled\":\"1\",\"fields\":{\"headline\":\"Persondatapolitik og videregivelse af personoplysninger\",\"body\":\"<p>If\\u00f8lge Persondataloven har Danrisk Forsikringsagentur ApS pligt til at oplyse k\\u00f8ber om bl.a. hvilke typer af personoplysninger, der behandles, med hvilket form\\u00e5l behandlingen sker, samt hvem oplysningerne videregives til.<\\/p>\\r\\n\\r\\n\\r\\n\\r\\n<p>Danrisk Forsikringsagentur ApS behandler oplysninger om k\\u00f8ber til kundeadministration.<\\/p>\\r\\n\\r\\n\\r\\n\\r\\n\\r\\n\\r\\n\\r\\n\\r\\n<p>Din personsikkerhed er en vigtig del af vores kundepolitik. Vi lever op til alle regler i persondataloven.<\\/p>\\r\\n\\r\\n\\r\\n\\r\\n\\r\\n\\r\\n\\r\\n\\r\\n<p>Ved k\\u00f8b af Elektronikforsikring p\\u00e5&nbsp;<a href=\\\"http:\\/\\/www.elektronik-forsikring.dk\\/\\\">www.elektronik-forsikring.dk<\\/a>&nbsp;bliver k\\u00f8ber registreret som kunde. De personlige oplysninger der registreres er: Navn, adresse, telefonnummer og E-mail.<\\/p>\\r\\n\\r\\n\\r\\n\\r\\n\\r\\n\\r\\n\\r\\n\\r\\n<p>Den dataansvarlige er:<\\/p>\\r\\n\\r\\n\\r\\n\\r\\n\\r\\n\\r\\n\\r\\n\\r\\n<p>Danrisk Forsikringsagentur ApS<\\/p>\\r\\n\\r\\n\\r\\n\\r\\n\\r\\n\\r\\n\\r\\n\\r\\n<p>Havnevej 1<\\/p>\\r\\n\\r\\n\\r\\n\\r\\n\\r\\n\\r\\n\\r\\n\\r\\n<p>4000 Roskilde<\\/p>\\r\\n\\r\\n\\r\\n\\r\\n\\r\\n\\r\\n\\r\\n\\r\\n<p>CVR.NR. 33953194<\\/p>\\r\\n\\r\\n\\r\\n\\r\\n\\r\\n\\r\\n\\r\\n\\r\\n<p>Som registreret hos Danrisk Forsikringsagentur ApS har du altid ret til at g\\u00f8re indsigelse mod registreringen. Du har ogs\\u00e5 ret til indsigt i hvilke oplysninger, der er registreret om dig. Disse rettigheder har du efter persondataloven og henvendelse i forbindelse hermed rettes til den dataansvarlige.<\\/p>\\r\\n\\r\\n\\r\\n\\r\\n\\r\\n\\r\\n\\r\\n\\r\\n<p>K\\u00f8ber kan klage over Danrisk Forsikringsagentur ApS \\u00b4s behandling af oplysninger om k\\u00f8ber til elektronik-forsikring.dk og til Datatilsynet.<\\/p>\"}},\"272\":{\"type\":\"block\",\"enabled\":\"1\",\"fields\":{\"headline\":\"Klageadgang\",\"body\":\"<p>K\\u00f8ber har mulighed for at f\\u00e5 behandlet en klage (ved skriftlig henvendelse) til: info@darfo.dk.<\\/p>\\r\\n\\r\\n\\r\\n\\r\\n<p>K\\u00f8ber har ogs\\u00e5 mulighed for at indbringe klage til Center for Klagel\\u00f8sning og\\/eller Forbrugerklagen\\u00e6vnet, Carl Jacobsens Vej 35, 2500 Valby. L\\u00e6s mere p\\u00e5 www.forbrug.dk.<\\/p>\\r\\n\\r\\n\\r\\n\\r\\n\\r\\n\\r\\n\\r\\n\\r\\n<p>EU-Kommissionens online klageportal kan ogs\\u00e5 anvendes ved indgivelse af en klage. Ved indgivelse af en klage skal du angive vores e-mail adresse info@darfo.dk.<\\/p>\\r\\n\\r\\n\\r\\n\\r\\n\\r\\n\\r\\n\\r\\n\\r\\n<p>Forbrugerombudsmanden f\\u00f8rer tilsyn med elektronik-forsikring.dk virksomhed, som kun best\\u00e5r af Elektronikforsikringen.<\\/p>\\r\\n\\r\\n\\r\\n\\r\\n\\r\\n\\r\\n\\r\\n\\r\\n<p>Retsforholdet afg\\u00f8res efter dansk ret.<\\/p>\"}},\"273\":{\"type\":\"block\",\"enabled\":\"1\",\"fields\":{\"headline\":\"Forsikring\",\"body\":\"<p>De g\\u00e6ldende betingelser for Elektronikforsikringen findes p\\u00e5&nbsp;<a href=\\\"http:\\/\\/www.elektronik-forsikring.dk\\/\\\">www.elektronik-forsikring.dk<\\/a>. Her kan k\\u00f8ber desuden printe de g\\u00e6ldende forsikringsbetingelser.&nbsp;<\\/p>\\r\\n\\r\\n\\r\\n\\r\\n<p>Ved accepten af elektronik-forsirking.dk handelsbetingelser i forbindelse med k\\u00f8bet af en Elektronikforsikring, tilkendegives det samtidigt, at forsikringsbetingelserne er l\\u00e6st.<\\/p>\"}}},\"33\":\"<p>Her skal der skrives lidt teaser test<\\/p>\",\"34\":\"Lovpligtige oplysninger\",\"2\":\"\"}}', '2016-06-30 13:57:09', '2016-06-30 13:57:09', '3c2ab5de-408e-4f24-8852-2794d3d96581'),
 ('64', '264', '8', '1', 'da', '3', '', '{\"typeId\":\"8\",\"authorId\":\"1\",\"title\":\"Lovpligtige oplysninger\",\"slug\":\"betingelser-1\",\"postDate\":1467294360,\"expiryDate\":null,\"enabled\":1,\"parentId\":\"\",\"fields\":{\"35\":[\"243\"],\"1\":\"\",\"29\":{\"265\":{\"type\":\"block\",\"enabled\":\"1\",\"fields\":{\"headline\":\"\",\"body\":\"<h2>Information ved k\\u00f8b<\\/h2>\\r\\n\\r\\n<p>Du har k\\u00f8bt en Elektronikforsikring gennem DANRISK Forsikringsagentur ApS (DANRISK), Havnevej 1, 4000 Roskilde, tlf.:+45 46306030, mail: info@darfo.dk, forsikringsagent for QUDOS Insurance A\\/S, Kongevejen 371, 2840 Holte, CVR.nr. 33956967. DANRISK er registreret som forsikringsagent i Agentregisteret (kan ses p\\u00e5):&nbsp;<a href=\\\"http:\\/\\/www.forsikringogpension.dk\\/medlemmer\\/Agentregisteret\\/Sider\\/Agents%C3%B8gning.aspx\\\">http:\\/\\/www.forsikringogpension.dk\\/medlemmer\\/Agentregisteret\\/Sider\\/Agents\\u00f8gning.aspx<\\/a>.<\\/p>\\r\\n\\r\\n<p>QUDOS Insurance A\\/S, Kongevejen 371, 2840 Holte, CVR.nr. 33956967, er forsikringsudbyder og den ansvarlige overfor forsikrede i henhold til forsikringspolicen.<\\/p>\\r\\n\\r\\n<p>Forsikringens v\\u00e6sentligste indhold er beskrevet i n\\u00e6rv\\u00e6rende dokument. QUDOS er omfattet af Forsikringsgarantifonden. De fuldst\\u00e6ndige vilk\\u00e5r samt forsikringsbeviset fremsendes via mail, efter at du har k\\u00f8bt forsikringen fra DANRISK. Du kan l\\u00e6se de samlede forsikringsbetingelser p\\u00e5&nbsp;<a href=\\\"http:\\/\\/www.elektronik-forsikring.dk\\/\\\">www.elektronik-forsikring.dk<\\/a>.<\\/p>\\r\\n\\r\\n<p>Den samlede pris inkl. afgifter fremg\\u00e5r af kvitteringen.<\\/p>\\r\\n\\r\\n<p>For distributionen af Elektronikforsikringen modtager DANRISK en provision af QUDOS. St\\u00f8rrelsen af provisionen kan oplyses ved henvendelse til DANRISK.<\\/p>\\r\\n\\r\\n<h2>Fortrydelse<\\/h2>\\r\\n\\r\\n<p>Du har 14 dages fortrydelsesret fra k\\u00f8bsdatoen. Hvis fortrydelsesfristen udl\\u00f8ber p\\u00e5 en helligdag, l\\u00f8rdag, grundlovsdag,<\\/p>\\r\\n\\r\\n<p>juleaftensdag eller nyt\\u00e5rsaftensdag, er fristen f\\u00f8rst den f\\u00f8lgende hverdag. Vil du g\\u00f8re brug af fortrydelsesfristen skal du inden de 14 dage give besked om, at du har fortrudt dit k\\u00f8b af forsikringen, til DANRISK, Havnevej 1, 4000 Roskilde, eller p\\u00e5 E-mail&nbsp;<a href=\\\"mailto:infor@darfo.dk\\\">infor@darfo.dk<\\/a>.<\\/p>\\r\\n\\r\\n<p>Fortrydelsen skal ske skriftligt.<\\/p>\\r\\n\\r\\n<h2>Forsikringens d\\u00e6kningsomfang<\\/h2>\\r\\n\\r\\n<p>S\\u00e5fremt du har en indboforsikring kan du have en d\\u00e6kning for tyveri eller udefra kommende skader p\\u00e5 dit produkt.<\\/p>\\r\\n\\r\\n<p>Elektronikforsikring d\\u00e6kker v\\u00e6rkstedets udgifter i forbindelse med at det forsikrede produkt er blevet skadet som f\\u00f8lge af en pludselig og uforudset udefra kommende h\\u00e6ndelse (skade), som ikke d\\u00e6kkes af en leverand\\u00f8rgaranti eller falder ind under s\\u00e6lgers ansvar if\\u00f8lge k\\u00f8beloven (mangler). Derudover har du d\\u00e6kning for funktionsfejl efter udl\\u00f8b af den 2-\\u00e5rige reklamationsret i.h.t K\\u00f8belovens \\u00a7 83, for de apparater der har en l\\u00e6ngere forsikringsperiode end 2 \\u00e5r (se betingelser)<\\/p>\\r\\n\\r\\n<h2>Forsikringens betaling og l\\u00f8betid<\\/h2>\\r\\n\\r\\n<p>Forsikringen betales til Danrisk ved k\\u00f8bet. Her tr\\u00e6kkes for restbel\\u00f8bet for k\\u00f8bsm\\u00e5neden + m\\u00e5neden efter.<\\/p>\\r\\n\\r\\n<p>Forsikringen l\\u00f8ber indtil den opsiges. Der er tale om en m\\u00e5nedlig abonnementsbetaling p\\u00e5 99 kr., som automatisk tr\\u00e6kkes p\\u00e5 det betalingskort der er brugt ved k\\u00f8bet. &nbsp;Forsikringen kan altid opsiges med l\\u00f8bende m\\u00e5ned + 30 dage.<\\/p>\\r\\n\\r\\n<p>S\\u00e5fremt sikrede \\u00f8nsker at g\\u00f8re brug af forsikringen til d\\u00e6kning af en skade, skal sikrede g\\u00e5 ind p\\u00e5&nbsp;<a href=\\\"http:\\/\\/www.elektronikforsikring.dk\\/\\\">www.elektronikforsikring.dk<\\/a>&nbsp;hvor online skadesanmeldelsen udfyldes og sammen med den \\u00f8nskede dokumentation sendes til DANRISK. Ved tvivls sp\\u00f8rgsm\\u00e5l, kan DANRISK tr\\u00e6ffes p\\u00e5 tlf. nr.+45 46306030, ml. 9.00 og 15.00, eller p\\u00e5 E-mail adressen:&nbsp;<a href=\\\"mailto:info@darfo.dk\\\">info@darfo.dk<\\/a><\\/p>\\r\\n\\r\\n<h2>Klage<\\/h2>\\r\\n\\r\\n<p>S\\u00e5fremt sikrede har en klage, kan sikrede henvende sig hos DANRISK eller hos QUDOS p\\u00e5 de angivne adresser. S\\u00e5fremt dette ikke l\\u00f8ser problemet, kan uoverensstemmelsen indbringes for Anken\\u00e6vnet for Forsikring, Anker Heegaards Gade 2, 1572 Kbh. V., tlf. 33158900. Reglerne herfor fremg\\u00e5r af&nbsp;<a href=\\\"http:\\/\\/www.ankeforsikring.dk\\/\\\">www.ankeforsikring.dk<\\/a>.<\\/p>\\r\\n\\r\\n<p>&nbsp; &nbsp; &nbsp; &nbsp; &nbsp; &nbsp; &nbsp; &nbsp; &nbsp; &nbsp; &nbsp; &nbsp; &nbsp; &nbsp; &nbsp; &nbsp; &nbsp; &nbsp;&nbsp;<\\/p>\"}}},\"33\":\"<p>Her skal der skrives lidt teaser test<\\/p>\",\"34\":\"Lovpligtige oplysninger\",\"2\":\"\"}}', '2016-06-30 13:58:12', '2016-06-30 13:58:12', '540f2361-813b-4b20-934e-dd167fa4f36a'),
 ('65', '274', '9', '1', 'da', '1', NULL, '{\"typeId\":\"9\",\"authorId\":null,\"title\":\"Kontakt\",\"slug\":\"kontakt\",\"postDate\":1467362140,\"expiryDate\":null,\"enabled\":1,\"parentId\":null,\"fields\":[]}', '2016-07-01 08:35:40', '2016-07-01 08:35:40', 'ee9d4def-e6b8-43cc-a67b-e473f5066d66'),
 ('66', '274', '9', '1', 'da', '2', '', '{\"typeId\":null,\"authorId\":null,\"title\":\"Kontakt\",\"slug\":\"kontakt\",\"postDate\":1467362140,\"expiryDate\":null,\"enabled\":1,\"parentId\":null,\"fields\":{\"35\":[\"275\"],\"1\":\"\",\"29\":\"\",\"33\":\"\",\"34\":\"\",\"2\":\"\"}}', '2016-07-01 08:38:59', '2016-07-01 08:38:59', 'c7a3d34f-ac91-492a-b6b7-1a3fce37bc8e'),
 ('67', '274', '9', '1', 'da', '3', '', '{\"typeId\":null,\"authorId\":null,\"title\":\"Kontakt\",\"slug\":\"kontakt\",\"postDate\":1467362140,\"expiryDate\":null,\"enabled\":1,\"parentId\":null,\"fields\":{\"35\":[\"275\"],\"1\":\"\",\"29\":\"\",\"33\":\"<p>Vi h\\u00f8rer gerne fra dig<\\/p>\",\"34\":\"Kontakt\",\"2\":\"\"}}', '2016-07-01 08:39:24', '2016-07-01 08:39:24', '9de32a37-c8f6-49ae-9e65-a678a093bb6d'),
 ('68', '274', '9', '1', 'da', '4', '', '{\"typeId\":null,\"authorId\":null,\"title\":\"Kontakt\",\"slug\":\"kontakt\",\"postDate\":1467362140,\"expiryDate\":null,\"enabled\":1,\"parentId\":null,\"fields\":{\"35\":[\"275\"],\"1\":\"\",\"29\":\"\",\"33\":\"<p>Vi h\\u00f8rer gerne fra dig<\\/p>\",\"34\":\"Kontakt\",\"2\":\"\"}}', '2016-07-01 08:40:46', '2016-07-01 08:40:46', 'bd021550-7512-4a05-866d-778ea3fa533b'),
 ('69', '274', '9', '1', 'da', '5', '', '{\"typeId\":null,\"authorId\":null,\"title\":\"Kontakt\",\"slug\":\"kontakt\",\"postDate\":1467362140,\"expiryDate\":null,\"enabled\":1,\"parentId\":null,\"fields\":{\"35\":[\"275\"],\"1\":\"<p>Har du brug for at komme i kontakt med os, er du mere end velkommen til at skrive eller ringe.&nbsp;<\\/p>\",\"29\":\"\",\"33\":\"<p>Vi h\\u00f8rer gerne fra dig<\\/p>\",\"34\":\"Kontakt\",\"2\":\"\"}}', '2016-07-01 09:23:08', '2016-07-01 09:23:08', '32afd3b3-9aee-42ad-891c-364333052800'),
 ('70', '274', '9', '1', 'da', '6', '', '{\"typeId\":null,\"authorId\":null,\"title\":\"Kontakt\",\"slug\":\"kontakt\",\"postDate\":1467362140,\"expiryDate\":null,\"enabled\":1,\"parentId\":null,\"fields\":{\"35\":[\"275\"],\"1\":\"\",\"29\":{\"new1\":{\"type\":\"block\",\"enabled\":\"1\",\"fields\":{\"headline\":\"Kontakt\",\"body\":\"<p>Har du brug for at komme i kontakt med os, er du mere end velkommen til at skrive eller ringe.&nbsp;<\\/p>\"}}},\"33\":\"<p>Vi h\\u00f8rer gerne fra dig<\\/p>\",\"34\":\"Kontakt\",\"2\":\"\"}}', '2016-07-01 09:23:51', '2016-07-01 09:23:51', 'c101aa6d-0459-4b6d-af4e-7f401d2f8129'),
 ('71', '274', '9', '1', 'da', '7', '', '{\"typeId\":null,\"authorId\":null,\"title\":\"Kontakt\",\"slug\":\"kontakt\",\"postDate\":1467362140,\"expiryDate\":null,\"enabled\":1,\"parentId\":null,\"fields\":{\"35\":[\"275\"],\"1\":\"\",\"29\":{\"276\":{\"type\":\"block\",\"enabled\":\"1\",\"fields\":{\"headline\":\"Kontakt\",\"body\":\"<p>Har du brug for at komme i kontakt med os, er du mere end velkommen til at skrive eller ringe.&nbsp;<\\/p><p>Danrisk<br><\\/p><p>Havnevej 1<\\/p><p>4000 Roskilde<\\/p><p>kontakt@danrisk.com<\\/p><p>Telefon&nbsp;46306030<br><\\/p>\"}}},\"33\":\"<p>Vi h\\u00f8rer gerne fra dig<\\/p>\",\"34\":\"Kontakt\",\"2\":\"\"}}', '2016-07-01 09:26:32', '2016-07-01 09:26:32', '8815149f-d9f0-41ca-a88c-695e07ed0597'),
 ('72', '274', '9', '1', 'da', '8', '', '{\"typeId\":null,\"authorId\":null,\"title\":\"Kontakt\",\"slug\":\"kontakt\",\"postDate\":1467362140,\"expiryDate\":null,\"enabled\":1,\"parentId\":null,\"fields\":{\"35\":[\"275\"],\"1\":\"\",\"29\":{\"276\":{\"type\":\"block\",\"enabled\":\"1\",\"fields\":{\"headline\":\"Kontakt\",\"body\":\"<p>Har du brug for at komme i kontakt med os, er du mere end velkommen til at skrive eller ringe.&nbsp;<\\/p>\\r\\n\\r\\n<p>Danrisk<br>Havnevej 1<br>4000 Roskilde<\\/p><p>Email:&nbsp;kontakt@danrisk.com<br>Telefon:&nbsp;Telefon&nbsp;46306030<\\/p>\"}}},\"33\":\"<p>Vi h\\u00f8rer gerne fra dig<\\/p>\",\"34\":\"Kontakt\",\"2\":\"\"}}', '2016-07-01 09:27:07', '2016-07-01 09:27:07', '1cf7a65b-0909-4549-926b-8f5aee88084f'),
 ('73', '274', '9', '1', 'da', '9', '', '{\"typeId\":null,\"authorId\":null,\"title\":\"Kontakt\",\"slug\":\"kontakt\",\"postDate\":1467362140,\"expiryDate\":null,\"enabled\":1,\"parentId\":null,\"fields\":{\"35\":[\"275\"],\"1\":\"\",\"29\":{\"276\":{\"type\":\"block\",\"enabled\":\"1\",\"fields\":{\"headline\":\"Kontakt\",\"body\":\"<p>Har du brug for at komme i kontakt med os, er du mere end velkommen til at skrive eller ringe.&nbsp;<\\/p>\\r\\n\\r\\n<p>Danrisk<br>Havnevej 1<br>4000 Roskilde<\\/p>\\r\\n\\r\\n<p>Email:&nbsp;kontakt@danrisk.com<br>Telefon:&nbsp;Telefon&nbsp;46306030<\\/p><p>Cvr.:&nbsp;33953194<br><\\/p>\"}}},\"33\":\"<p>Vi h\\u00f8rer gerne fra dig<\\/p>\",\"34\":\"Kontakt\",\"2\":\"\"}}', '2016-07-01 09:27:48', '2016-07-01 09:27:48', 'bfee3c35-d311-4704-a0fa-cec3f4e096c7'),
 ('74', '264', '8', '1', 'da', '4', '', '{\"typeId\":\"8\",\"authorId\":\"1\",\"title\":\"Lovpligtige oplysninger\",\"slug\":\"lovpligtige-oplysninger\",\"postDate\":1467294360,\"expiryDate\":null,\"enabled\":1,\"parentId\":\"\",\"fields\":{\"35\":[\"243\"],\"1\":\"\",\"29\":{\"265\":{\"type\":\"block\",\"enabled\":\"1\",\"fields\":{\"headline\":\"\",\"body\":\"<h2>Information ved k\\u00f8b<\\/h2>\\r\\n\\r\\n<p>Du har k\\u00f8bt en Elektronikforsikring gennem DANRISK Forsikringsagentur ApS (DANRISK), Havnevej 1, 4000 Roskilde, tlf.:+45 46306030, mail: info@darfo.dk, forsikringsagent for QUDOS Insurance A\\/S, Kongevejen 371, 2840 Holte, CVR.nr. 33956967. DANRISK er registreret som forsikringsagent i Agentregisteret (kan ses p\\u00e5):&nbsp;<a href=\\\"http:\\/\\/www.forsikringogpension.dk\\/medlemmer\\/Agentregisteret\\/Sider\\/Agents%C3%B8gning.aspx\\\">http:\\/\\/www.forsikringogpension.dk\\/medlemmer\\/Agentregisteret\\/Sider\\/Agents\\u00f8gning.aspx<\\/a>.<\\/p>\\r\\n\\r\\n\\r\\n\\r\\n<p>QUDOS Insurance A\\/S, Kongevejen 371, 2840 Holte, CVR.nr. 33956967, er forsikringsudbyder og den ansvarlige overfor forsikrede i henhold til forsikringspolicen.<\\/p>\\r\\n\\r\\n\\r\\n\\r\\n<p>Forsikringens v\\u00e6sentligste indhold er beskrevet i n\\u00e6rv\\u00e6rende dokument. QUDOS er omfattet af Forsikringsgarantifonden. De fuldst\\u00e6ndige vilk\\u00e5r samt forsikringsbeviset fremsendes via mail, efter at du har k\\u00f8bt forsikringen fra DANRISK. Du kan l\\u00e6se de samlede forsikringsbetingelser p\\u00e5&nbsp;<a href=\\\"http:\\/\\/www.elektronik-forsikring.dk\\/\\\">www.elektronik-forsikring.dk<\\/a>.<\\/p>\\r\\n\\r\\n\\r\\n\\r\\n<p>Den samlede pris inkl. afgifter fremg\\u00e5r af kvitteringen.<\\/p>\\r\\n\\r\\n\\r\\n\\r\\n<p>For distributionen af Elektronikforsikringen modtager DANRISK en provision af QUDOS. St\\u00f8rrelsen af provisionen kan oplyses ved henvendelse til DANRISK.<\\/p>\\r\\n\\r\\n\\r\\n\\r\\n<h2>Fortrydelse<\\/h2>\\r\\n\\r\\n\\r\\n\\r\\n<p>Du har 14 dages fortrydelsesret fra k\\u00f8bsdatoen. Hvis fortrydelsesfristen udl\\u00f8ber p\\u00e5 en helligdag, l\\u00f8rdag, grundlovsdag,<\\/p>\\r\\n\\r\\n\\r\\n\\r\\n<p>juleaftensdag eller nyt\\u00e5rsaftensdag, er fristen f\\u00f8rst den f\\u00f8lgende hverdag. Vil du g\\u00f8re brug af fortrydelsesfristen skal du inden de 14 dage give besked om, at du har fortrudt dit k\\u00f8b af forsikringen, til DANRISK, Havnevej 1, 4000 Roskilde, eller p\\u00e5 E-mail&nbsp;<a href=\\\"mailto:infor@darfo.dk\\\">infor@darfo.dk<\\/a>.<\\/p>\\r\\n\\r\\n\\r\\n\\r\\n<p>Fortrydelsen skal ske skriftligt.<\\/p>\\r\\n\\r\\n\\r\\n\\r\\n<h2>Forsikringens d\\u00e6kningsomfang<\\/h2>\\r\\n\\r\\n\\r\\n\\r\\n<p>S\\u00e5fremt du har en indboforsikring kan du have en d\\u00e6kning for tyveri eller udefra kommende skader p\\u00e5 dit produkt.<\\/p>\\r\\n\\r\\n\\r\\n\\r\\n<p>Elektronikforsikring d\\u00e6kker v\\u00e6rkstedets udgifter i forbindelse med at det forsikrede produkt er blevet skadet som f\\u00f8lge af en pludselig og uforudset udefra kommende h\\u00e6ndelse (skade), som ikke d\\u00e6kkes af en leverand\\u00f8rgaranti eller falder ind under s\\u00e6lgers ansvar if\\u00f8lge k\\u00f8beloven (mangler). Derudover har du d\\u00e6kning for funktionsfejl efter udl\\u00f8b af den 2-\\u00e5rige reklamationsret i.h.t K\\u00f8belovens \\u00a7 83, for de apparater der har en l\\u00e6ngere forsikringsperiode end 2 \\u00e5r (se betingelser)<\\/p>\\r\\n\\r\\n\\r\\n\\r\\n<h2>Forsikringens betaling og l\\u00f8betid<\\/h2>\\r\\n\\r\\n\\r\\n\\r\\n<p>Forsikringen betales til Danrisk ved k\\u00f8bet. Her tr\\u00e6kkes for restbel\\u00f8bet for k\\u00f8bsm\\u00e5neden + m\\u00e5neden efter.<\\/p>\\r\\n\\r\\n\\r\\n\\r\\n<p>Forsikringen l\\u00f8ber indtil den opsiges. Der er tale om en m\\u00e5nedlig abonnementsbetaling p\\u00e5 99 kr., som automatisk tr\\u00e6kkes p\\u00e5 det betalingskort der er brugt ved k\\u00f8bet. &nbsp;Forsikringen kan altid opsiges med l\\u00f8bende m\\u00e5ned + 30 dage.<\\/p>\\r\\n\\r\\n\\r\\n\\r\\n<p>S\\u00e5fremt sikrede \\u00f8nsker at g\\u00f8re brug af forsikringen til d\\u00e6kning af en skade, skal sikrede g\\u00e5 ind p\\u00e5&nbsp;<a href=\\\"http:\\/\\/www.elektronikforsikring.dk\\/\\\">www.elektronikforsikring.dk<\\/a>&nbsp;hvor online skadesanmeldelsen udfyldes og sammen med den \\u00f8nskede dokumentation sendes til DANRISK. Ved tvivls sp\\u00f8rgsm\\u00e5l, kan DANRISK tr\\u00e6ffes p\\u00e5 tlf. nr.+45 46306030, ml. 9.00 og 15.00, eller p\\u00e5 E-mail adressen:&nbsp;<a href=\\\"mailto:info@darfo.dk\\\">info@darfo.dk<\\/a><\\/p>\\r\\n\\r\\n\\r\\n\\r\\n<h2>Klage<\\/h2>\\r\\n\\r\\n\\r\\n\\r\\n<p>S\\u00e5fremt sikrede har en klage, kan sikrede henvende sig hos DANRISK eller hos QUDOS p\\u00e5 de angivne adresser. S\\u00e5fremt dette ikke l\\u00f8ser problemet, kan uoverensstemmelsen indbringes for Anken\\u00e6vnet for Forsikring, Anker Heegaards Gade 2, 1572 Kbh. V., tlf. 33158900. Reglerne herfor fremg\\u00e5r af&nbsp;<a href=\\\"http:\\/\\/www.ankeforsikring.dk\\/\\\">www.ankeforsikring.dk<\\/a>.<\\/p>\\r\\n\\r\\n\\r\\n\\r\\n<p>&nbsp; &nbsp; &nbsp; &nbsp; &nbsp; &nbsp; &nbsp; &nbsp; &nbsp; &nbsp; &nbsp; &nbsp; &nbsp; &nbsp; &nbsp; &nbsp; &nbsp; &nbsp;&nbsp;<\\/p>\"}}},\"33\":\"<p>Her skal der skrives lidt teaser test<\\/p>\",\"34\":\"Lovpligtige oplysninger\",\"2\":\"\"}}', '2016-07-01 11:03:42', '2016-07-01 11:03:42', '6b143dab-f093-4585-b777-8e17ed34ef18'),
 ('75', '251', '8', '1', 'da', '6', '', '{\"typeId\":\"8\",\"authorId\":\"1\",\"title\":\"N\\u00e5r skaden er sket\",\"slug\":\"naar-skaden-er-sket\",\"postDate\":1467292020,\"expiryDate\":null,\"enabled\":1,\"parentId\":\"\",\"fields\":{\"35\":[\"244\"],\"1\":\"<p>Her kommer der noget tekst<\\/p>\",\"29\":{\"253\":{\"type\":\"block\",\"enabled\":\"1\",\"fields\":{\"headline\":\"N\\u00e6rv\\u00e6rende\",\"body\":\"<p>N\\u00e6rv\\u00e6rende kontantk\\u00f8bsbetingelser er g\\u00e6ldende for k\\u00f8b af forsikring online p\\u00e5&nbsp;<a href=\\\"http:\\/\\/www.elektronik-forsikring.dk\\/\\\">www.elektronik-forsikring.dk<\\/a>&nbsp;Hjemmesiden&nbsp;<a href=\\\"http:\\/\\/www.elektronik-forsikring.dk\\/\\\">www.elektronik-forsikring.dk<\\/a>&nbsp;ejes og drives af Danrisk Forsikringsagentur APS, Havnevej 1, 4000 Roskilde, CVR.NR. 33953194 Betingelserne kan ikke \\u00e6ndres.<\\/p>\"}}},\"33\":\"<p>Elektronikforsikring d\\u00e6kker v\\u00e6sentligt bedre end till\\u00e6gsd\\u00e6kninger p\\u00e5 indboforsikringen<\\/p>\",\"34\":\"N\\u00e5r skaden er sket\",\"2\":\"\"}}', '2016-07-01 11:05:02', '2016-07-01 11:05:02', 'b066662a-f785-4959-9a13-89771d7f939e'),
 ('76', '254', '8', '1', 'da', '5', '', '{\"typeId\":\"8\",\"authorId\":\"1\",\"title\":\"Handelsbetingelser\",\"slug\":\"handelsbetingelser\",\"postDate\":1467294360,\"expiryDate\":null,\"enabled\":1,\"parentId\":\"\",\"fields\":{\"35\":[\"243\"],\"1\":\"\",\"29\":{\"255\":{\"type\":\"block\",\"enabled\":\"1\",\"fields\":{\"headline\":\"Omfang\",\"body\":\"<p>N\\u00e6rv\\u00e6rende kontantk\\u00f8bsbetingelser er g\\u00e6ldende for k\\u00f8b af forsikring online p\\u00e5&nbsp;<a href=\\\"http:\\/\\/www.elektronik-forsikring.dk\\/\\\">www.elektronik-forsikring.dk<\\/a>&nbsp;Hjemmesiden&nbsp;<a href=\\\"http:\\/\\/www.elektronik-forsikring.dk\\/\\\">www.elektronik-forsikring.dk<\\/a>&nbsp;ejes og drives af Danrisk Forsikringsagentur APS, Havnevej 1, 4000 Roskilde, CVR.NR. 33953194 Betingelserne kan ikke \\u00e6ndres.<\\/p>\"}},\"256\":{\"type\":\"block\",\"enabled\":\"1\",\"fields\":{\"headline\":\"Aftaleindg\\u00e5elser\",\"body\":\"<p>K\\u00f8ber skal ved k\\u00f8b acceptere kontantk\\u00f8bsbetingelserne. K\\u00f8ber opfordres til at l\\u00e6se betingelserne grundigt igennem og g\\u00f8re sig bekendt med de forpligtelser og rettigheder, som betingelserne giver. K\\u00f8ber f\\u00e5r en kopi af betingelser sammen med en bekr\\u00e6ftelse af bestillingen pr. e-mail.<\\/p>\"}},\"257\":{\"type\":\"block\",\"enabled\":\"1\",\"fields\":{\"headline\":\"Ejendomsret\",\"body\":\"<p>K\\u00f8ber besidder fra k\\u00f8bsdatoen ejendomsretten til Elektronikforsikringen.<\\/p>\"}},\"258\":{\"type\":\"block\",\"enabled\":\"1\",\"fields\":{\"headline\":\"Betalingsbetingelser og gebyrer\",\"body\":\"<p>Betaling for bestilte varer kan ske online ved brug af Dankort, Visa-Dankort, Visa, Visa Electron, MasterCard og Maestro.&nbsp;Ved betaling med en af disse betalingskort, till\\u00e6gges der et betalingskortgebyr, som varierer fra kort til kort.&nbsp; Inden k\\u00f8ber v\\u00e6lger at godkende ordren, bliver gebyret oplyst.<br><\\/p>\\r\\n\\r\\n\\r\\n\\r\\n<p>Betaling via kreditkort er underlagt kortudsteders betingelser for anvendelse. N\\u00e5r k\\u00f8ber bestiller med kreditkort tr\\u00e6kkes bel\\u00f8bet p\\u00e5 k\\u00f8bers konto med det samme, da Elektronikforsikringen er g\\u00e6ldende ved k\\u00f8bet. Bel\\u00f8bet der tr\\u00e6kkes er rest pr\\u00e6mien for den givne m\\u00e5ned samt for m\\u00e5neden efter.<\\/p>\"}},\"259\":{\"type\":\"block\",\"enabled\":\"1\",\"fields\":{\"headline\":\"Levering\",\"body\":\"<p>Levering sker til den af k\\u00f8ber oplyste E-mail adresse. Der er ikke tale om en fysisk vare, men en Elektronikforsikring som leveres i det kunden k\\u00f8ber.<\\/p>\\r\\n\\r\\n\\r\\n\\r\\n<p>Forsikringen tr\\u00e6der i kraft p\\u00e5 k\\u00f8bsdatoen.<\\/p>\"}},\"260\":{\"type\":\"block\",\"enabled\":\"1\",\"fields\":{\"headline\":\"Fortrydelsesret\",\"body\":\"<p>K\\u00f8ber har ret til at tr\\u00e6de tilbage fra denne aftale uden begrundelse inden for 14 dage.<\\/p>\\r\\n\\r\\n\\r\\n\\r\\n<p>Fortrydelsesfristen udl\\u00f8ber 14 dage efter den dag, hvor k\\u00f8ber har k\\u00f8bt Elektronikforsikringen.<\\/p>\\r\\n\\r\\n\\r\\n\\r\\n\\r\\n\\r\\n<p>For at ud\\u00f8ve fortrydelsesretten, skal k\\u00f8ber meddele Danrisk Forsikringsagentur ApS sin beslutning om, at fortryde denne aftale i en utvetydig erkl\\u00e6ring (f.eks. ved brev eller e-mail).<\\/p>\\r\\n\\r\\n\\r\\n\\r\\n\\r\\n\\r\\n<p>Fortrydelsesfristen er overholdt, hvis k\\u00f8ber sender sin meddelelse om ud\\u00f8velse af fortrydelsesretten, inden fortrydelsesfristen er udl\\u00f8bet.<\\/p>\\r\\n\\r\\n\\r\\n\\r\\n\\r\\n\\r\\n<p>Hvis k\\u00f8ber ud\\u00f8ver sin fortrydelsesret i denne aftale, refunderer Danrisk Forsikringsagentur ApS alle betalinger modtaget fra k\\u00f8ber uden un\\u00f8dig forsinkelse og under alle omst\\u00e6ndigheder senest 14 dage fra den dato, hvor Danrisk Forsikringsagentur ApS har modtaget meddelelse om k\\u00f8bers beslutning om at fortryde denne aftale.<\\/p>\\r\\n\\r\\n\\r\\n\\r\\n\\r\\n\\r\\n<p>Danrisk Forsikringsagentur ApS gennemf\\u00f8rer en s\\u00e5dan tilbagebetaling med samme betalingsmiddel, som k\\u00f8ber benyttede ved den oprindelige transaktion, medmindre k\\u00f8ber udtrykkeligt har indvilget i noget andet. Under alle omst\\u00e6ndigheder p\\u00e5l\\u00e6gges k\\u00f8ber ingen former for gebyrer som f\\u00f8lge af tilbagebetalingen.<\\/p>\"}},\"261\":{\"type\":\"block\",\"enabled\":\"1\",\"fields\":{\"headline\":\"Persondatapolitik og videregivelse af personoplysninger\",\"body\":\"<p>If\\u00f8lge Persondataloven har Danrisk Forsikringsagentur ApS pligt til at oplyse k\\u00f8ber om bl.a. hvilke typer af personoplysninger, der behandles, med hvilket form\\u00e5l behandlingen sker, samt hvem oplysningerne videregives til.<\\/p>\\r\\n\\r\\n\\r\\n\\r\\n<p>Danrisk Forsikringsagentur ApS behandler oplysninger om k\\u00f8ber til kundeadministration.<\\/p>\\r\\n\\r\\n\\r\\n\\r\\n\\r\\n\\r\\n<p>Din personsikkerhed er en vigtig del af vores kundepolitik. Vi lever op til alle regler i persondataloven.<\\/p>\\r\\n\\r\\n\\r\\n\\r\\n\\r\\n\\r\\n<p>Ved k\\u00f8b af Elektronikforsikring p\\u00e5&nbsp;<a href=\\\"http:\\/\\/www.elektronik-forsikring.dk\\/\\\">www.elektronik-forsikring.dk<\\/a>&nbsp;bliver k\\u00f8ber registreret som kunde. De personlige oplysninger der registreres er: Navn, adresse, telefonnummer og E-mail.<\\/p>\\r\\n\\r\\n\\r\\n\\r\\n\\r\\n\\r\\n<p>Den dataansvarlige er:<\\/p>\\r\\n\\r\\n\\r\\n\\r\\n\\r\\n\\r\\n<p>Danrisk Forsikringsagentur ApS<\\/p>\\r\\n\\r\\n\\r\\n\\r\\n\\r\\n\\r\\n<p>Havnevej 1<\\/p>\\r\\n\\r\\n\\r\\n\\r\\n\\r\\n\\r\\n<p>4000 Roskilde<\\/p>\\r\\n\\r\\n\\r\\n\\r\\n\\r\\n\\r\\n<p>CVR.NR. 33953194<\\/p>\\r\\n\\r\\n\\r\\n\\r\\n\\r\\n\\r\\n<p>Som registreret hos Danrisk Forsikringsagentur ApS har du altid ret til at g\\u00f8re indsigelse mod registreringen. Du har ogs\\u00e5 ret til indsigt i hvilke oplysninger, der er registreret om dig. Disse rettigheder har du efter persondataloven og henvendelse i forbindelse hermed rettes til den dataansvarlige.<\\/p>\\r\\n\\r\\n\\r\\n\\r\\n\\r\\n\\r\\n<p>K\\u00f8ber kan klage over Danrisk Forsikringsagentur ApS \\u00b4s behandling af oplysninger om k\\u00f8ber til elektronik-forsikring.dk og til Datatilsynet.<\\/p>\"}},\"262\":{\"type\":\"block\",\"enabled\":\"1\",\"fields\":{\"headline\":\"Klageadgang\",\"body\":\"<p>K\\u00f8ber har mulighed for at f\\u00e5 behandlet en klage (ved skriftlig henvendelse) til: info@darfo.dk.<\\/p>\\r\\n\\r\\n\\r\\n\\r\\n<p>K\\u00f8ber har ogs\\u00e5 mulighed for at indbringe klage til Center for Klagel\\u00f8sning og\\/eller Forbrugerklagen\\u00e6vnet, Carl Jacobsens Vej 35, 2500 Valby. L\\u00e6s mere p\\u00e5 www.forbrug.dk.<\\/p>\\r\\n\\r\\n\\r\\n\\r\\n\\r\\n\\r\\n<p>EU-Kommissionens online klageportal kan ogs\\u00e5 anvendes ved indgivelse af en klage. Ved indgivelse af en klage skal du angive vores e-mail adresse info@darfo.dk.<\\/p>\\r\\n\\r\\n\\r\\n\\r\\n\\r\\n\\r\\n<p>Forbrugerombudsmanden f\\u00f8rer tilsyn med elektronik-forsikring.dk virksomhed, som kun best\\u00e5r af Elektronikforsikringen.<\\/p>\\r\\n\\r\\n\\r\\n\\r\\n\\r\\n\\r\\n<p>Retsforholdet afg\\u00f8res efter dansk ret.<\\/p>\"}},\"263\":{\"type\":\"block\",\"enabled\":\"1\",\"fields\":{\"headline\":\"Forsikring\",\"body\":\"<p>De g\\u00e6ldende betingelser for Elektronikforsikringen findes p\\u00e5&nbsp;<a href=\\\"http:\\/\\/www.elektronik-forsikring.dk\\/\\\">www.elektronik-forsikring.dk<\\/a>. Her kan k\\u00f8ber desuden printe de g\\u00e6ldende forsikringsbetingelser.&nbsp;<\\/p>\\r\\n\\r\\n\\r\\n\\r\\n<p>Ved accepten af elektronik-forsirking.dk handelsbetingelser i forbindelse med k\\u00f8bet af en Elektronikforsikring, tilkendegives det samtidigt, at forsikringsbetingelserne er l\\u00e6st.<\\/p>\"}}},\"33\":\"<p>Her skal der skrives lidt teaser test<\\/p>\",\"34\":\"Handelsbetingelser\",\"2\":\"\"}}', '2016-07-01 11:05:42', '2016-07-01 11:05:42', '1b5dcb00-2bce-4cbe-ae88-89db4c1eb620');



DROP TABLE IF EXISTS `craft_fieldgroups`;


--
-- Schema for table `craft_fieldgroups`
--
CREATE TABLE `craft_fieldgroups` (
  `id` int(11) NOT NULL AUTO_INCREMENT,
  `name` varchar(255) COLLATE utf8_unicode_ci NOT NULL,
  `dateCreated` datetime NOT NULL,
  `dateUpdated` datetime NOT NULL,
  `uid` char(36) COLLATE utf8_unicode_ci NOT NULL DEFAULT '0',
  PRIMARY KEY (`id`),
  UNIQUE KEY `craft_fieldgroups_name_unq_idx` (`name`)
) ENGINE=InnoDB AUTO_INCREMENT=10 DEFAULT CHARSET=utf8 COLLATE=utf8_unicode_ci;

--
-- Data for table `craft_fieldgroups`
--

INSERT INTO `craft_fieldgroups` (`id`, `name`, `dateCreated`, `dateUpdated`, `uid`) VALUES
 ('1', 'Default', '2016-03-30 12:09:20', '2016-03-30 12:09:20', '3be9515e-0b4e-466c-8d68-49bc42f58972'),
 ('2', 'Bestil Elektronikforsikring', '2016-05-13 10:40:15', '2016-05-13 10:40:15', '66781a89-077b-425a-b83a-cd534b2b0b04'),
 ('3', 'Produkter', '2016-05-24 10:13:30', '2016-05-24 10:13:30', 'a602221d-65dd-496a-8c61-9c075e0460fb'),
 ('5', 'FAQ', '2016-06-23 13:16:23', '2016-06-23 13:16:23', '8c6c6985-80c4-4ff1-8f73-bc78764a527a'),
 ('6', 'Betingelser', '2016-06-29 09:02:53', '2016-06-29 09:02:53', 'de26b1ad-95d1-4560-b12a-d47fe2b17904'),
 ('7', 'Globals', '2016-07-01 09:47:42', '2016-07-01 09:47:42', '3494ce1c-b546-4fdc-b4c5-8e77fe556cd8'),
 ('8', 'Order', '2016-07-04 20:50:39', '2016-07-04 20:50:39', 'fdc1e9e0-e76c-4010-ba6f-0d605b1b2261'),
 ('9', 'Forsikringscertifikat', '2016-07-05 11:57:59', '2016-07-05 11:57:59', 'a1f54bc0-8b60-48ec-bd5a-01b18f3e0caa');



DROP TABLE IF EXISTS `craft_fieldlayoutfields`;


--
-- Schema for table `craft_fieldlayoutfields`
--
CREATE TABLE `craft_fieldlayoutfields` (
  `id` int(11) NOT NULL AUTO_INCREMENT,
  `layoutId` int(11) NOT NULL,
  `tabId` int(11) NOT NULL,
  `fieldId` int(11) NOT NULL,
  `required` tinyint(1) unsigned NOT NULL DEFAULT '0',
  `sortOrder` smallint(6) unsigned DEFAULT NULL,
  `dateCreated` datetime NOT NULL,
  `dateUpdated` datetime NOT NULL,
  `uid` char(36) COLLATE utf8_unicode_ci NOT NULL DEFAULT '0',
  PRIMARY KEY (`id`),
  UNIQUE KEY `craft_fieldlayoutfields_layoutId_fieldId_unq_idx` (`layoutId`,`fieldId`),
  KEY `craft_fieldlayoutfields_sortOrder_idx` (`sortOrder`),
  KEY `craft_fieldlayoutfields_tabId_fk` (`tabId`),
  KEY `craft_fieldlayoutfields_fieldId_fk` (`fieldId`)
) ENGINE=InnoDB AUTO_INCREMENT=249 DEFAULT CHARSET=utf8 COLLATE=utf8_unicode_ci;

--
-- Data for table `craft_fieldlayoutfields`
--

INSERT INTO `craft_fieldlayoutfields` (`id`, `layoutId`, `tabId`, `fieldId`, `required`, `sortOrder`, `dateCreated`, `dateUpdated`, `uid`) VALUES
 ('1', '3', '1', '1', '1', '1', '2016-03-30 12:09:21', '2016-03-30 12:09:21', 'dac4e7e1-60c5-43e6-af77-9c219df11aea'),
 ('2', '5', '2', '1', '1', '1', '2016-03-30 12:09:21', '2016-03-30 12:09:21', '438372f1-1949-4ee9-8252-4f65291c9c34'),
 ('3', '5', '2', '2', '0', '2', '2016-03-30 12:09:21', '2016-03-30 12:09:21', '7ed6d147-6ca6-4999-97d1-2b92c7672a4f'),
 ('77', '20', '18', '1', '0', '1', '2016-05-17 07:33:35', '2016-05-17 07:33:35', '158204ca-5398-4d90-ba3f-1f789db3569b'),
 ('78', '20', '18', '2', '0', '2', '2016-05-17 07:33:35', '2016-05-17 07:33:35', 'a03d7a8a-3f55-43db-97ce-315f13cc99d7'),
 ('115', '25', '23', '4', '1', '1', '2016-05-23 10:54:28', '2016-05-23 10:54:28', '327eaafd-242f-4e36-a127-66b19ad0e6dc'),
 ('116', '25', '23', '5', '1', '2', '2016-05-23 10:54:28', '2016-05-23 10:54:28', '687f05d7-521b-47fd-b30f-80b21a797069'),
 ('117', '25', '23', '7', '1', '3', '2016-05-23 10:54:28', '2016-05-23 10:54:28', '6461068d-65a1-4c15-a120-7025f7080a15'),
 ('118', '25', '23', '6', '1', '4', '2016-05-23 10:54:28', '2016-05-23 10:54:28', '80d0f26e-ec20-4889-b883-9208d7535316'),
 ('119', '25', '23', '11', '1', '5', '2016-05-23 10:54:28', '2016-05-23 10:54:28', '02143e29-8ccf-4932-9e76-51ba57a419a2'),
 ('120', '25', '23', '12', '1', '6', '2016-05-23 10:54:28', '2016-05-23 10:54:28', '69f466b8-4371-485b-8f48-ec521ac35652'),
 ('121', '25', '23', '9', '1', '7', '2016-05-23 10:54:28', '2016-05-23 10:54:28', '8b13ec43-885b-4f57-9072-871be9fd44bf'),
 ('122', '25', '23', '10', '1', '8', '2016-05-23 10:54:28', '2016-05-23 10:54:28', '2b77cd56-3f6e-47c5-83da-4014db380cae'),
 ('132', '47', '30', '15', '0', '1', '2016-05-26 12:03:51', '2016-05-26 12:03:51', '8dc040bd-2d29-4db2-9e48-9fcad8f4da61'),
 ('133', '47', '30', '16', '0', '2', '2016-05-26 12:03:51', '2016-05-26 12:03:51', '9ee5a4d8-59d3-4b75-b62f-18ed77f6ae02'),
 ('134', '47', '30', '17', '0', '3', '2016-05-26 12:03:51', '2016-05-26 12:03:51', '89476e1f-e3c1-47bf-8522-dc85cd8c5bb6'),
 ('138', '53', '34', '18', '0', '1', '2016-06-01 18:39:26', '2016-06-01 18:39:26', '26d1c96a-b582-4cb2-8120-961e639aa60d'),
 ('158', '68', '47', '27', '0', '1', '2016-06-23 13:53:35', '2016-06-23 13:53:35', 'faad7613-4d1a-49c4-ab29-9c05e2c21fa1'),
 ('173', '75', '53', '30', '0', '1', '2016-06-29 09:09:11', '2016-06-29 09:09:11', '2eaf1757-6489-4ebe-9bea-79f9092948f1'),
 ('174', '75', '53', '31', '0', '2', '2016-06-29 09:09:11', '2016-06-29 09:09:11', '1a87f4a4-8f0b-4e14-ade0-51b36f295644'),
 ('182', '78', '56', '1', '0', '1', '2016-06-29 09:35:46', '2016-06-29 09:35:46', '76ef09d1-f505-40dc-b078-206560fdf983'),
 ('183', '78', '56', '29', '0', '2', '2016-06-29 09:35:46', '2016-06-29 09:35:46', '1236e80f-f86b-45ba-80aa-aecca99ae7bd'),
 ('184', '78', '57', '34', '0', '1', '2016-06-29 09:35:46', '2016-06-29 09:35:46', '624b1eb7-374b-46e8-805e-24e63cfbe19f'),
 ('185', '78', '57', '33', '0', '2', '2016-06-29 09:35:46', '2016-06-29 09:35:46', '3e804380-d79d-49bf-9e90-27a5fd576412'),
 ('186', '78', '57', '35', '0', '3', '2016-06-29 09:35:46', '2016-06-29 09:35:46', '8c7db72c-53fa-40fa-8916-7d114d8d0d6b'),
 ('187', '78', '57', '2', '0', '4', '2016-06-29 09:35:46', '2016-06-29 09:35:46', '22130c5c-0695-449e-a482-725dd936af5b'),
 ('188', '79', '58', '28', '0', '1', '2016-06-29 14:22:22', '2016-06-29 14:22:22', '11f7092b-a7bd-45d6-9feb-a785da0da2c1'),
 ('189', '79', '58', '25', '0', '2', '2016-06-29 14:22:22', '2016-06-29 14:22:22', '4b426374-3a99-470b-8d54-c809ea61cc38'),
 ('190', '79', '58', '26', '0', '3', '2016-06-29 14:22:22', '2016-06-29 14:22:22', '030d88fd-b47f-4d9d-a19a-ea0671b37a0a'),
 ('191', '84', '59', '1', '0', '1', '2016-06-30 11:17:05', '2016-06-30 11:17:05', '7c85a3ea-2710-48e9-9c5f-42324a81db18'),
 ('192', '84', '59', '29', '0', '2', '2016-06-30 11:17:05', '2016-06-30 11:17:05', '6d8894ce-047f-4afc-9f77-5744a217b8e6'),
 ('193', '84', '60', '34', '0', '1', '2016-06-30 11:17:05', '2016-06-30 11:17:05', '2eec41b8-1cf0-4333-8d23-cb76f7c776f9'),
 ('194', '84', '60', '33', '0', '2', '2016-06-30 11:17:05', '2016-06-30 11:17:05', 'd5d78024-0448-4e1f-9418-f1dec66b8d1a'),
 ('195', '84', '60', '35', '0', '3', '2016-06-30 11:17:05', '2016-06-30 11:17:05', '2cbf075a-6018-4ea1-a4be-48ff1152c4db'),
 ('196', '84', '60', '2', '0', '4', '2016-06-30 11:17:05', '2016-06-30 11:17:05', '43cb15ad-f843-4185-bbe8-f48eb67bd90b'),
 ('197', '86', '61', '34', '1', '1', '2016-06-30 12:52:45', '2016-06-30 12:52:45', '46b5bf98-3e7a-41d0-bd2a-84e019ef342d'),
 ('198', '86', '61', '1', '0', '2', '2016-06-30 12:52:45', '2016-06-30 12:52:45', '5f488349-db7d-4002-8d18-aac257ebe079'),
 ('199', '86', '61', '29', '0', '3', '2016-06-30 12:52:45', '2016-06-30 12:52:45', '971972d8-c161-4885-af06-75cf33d0996b'),
 ('200', '86', '62', '33', '0', '1', '2016-06-30 12:52:45', '2016-06-30 12:52:45', 'c2061d18-5001-4b19-ba47-5129ba62f808'),
 ('201', '86', '62', '35', '0', '2', '2016-06-30 12:52:45', '2016-06-30 12:52:45', '244bfb07-6cc1-4af0-aa70-4af3b2b74ce5'),
 ('202', '86', '62', '2', '0', '3', '2016-06-30 12:52:45', '2016-06-30 12:52:45', 'a31fa9d6-0543-4241-a8f3-f5fef92ddc2b'),
 ('203', '88', '63', '35', '0', '1', '2016-07-01 08:35:07', '2016-07-01 08:35:07', '15b05f4b-f0ef-4715-b00d-40a415c22cf6'),
 ('204', '88', '63', '34', '0', '2', '2016-07-01 08:35:07', '2016-07-01 08:35:07', 'eab35b48-e617-44af-9eed-64d3e536a346'),
 ('205', '88', '63', '33', '0', '3', '2016-07-01 08:35:07', '2016-07-01 08:35:07', '7a50213c-f5d8-409d-893c-fd9540fe2f86'),
 ('206', '88', '63', '1', '0', '4', '2016-07-01 08:35:07', '2016-07-01 08:35:07', 'e1b47a9a-00e5-4d38-ba03-9da593e5fcd0'),
 ('207', '88', '63', '29', '0', '5', '2016-07-01 08:35:07', '2016-07-01 08:35:07', 'e28e3155-dc5d-4348-aecc-d50b09521198'),
 ('208', '88', '63', '2', '0', '6', '2016-07-01 08:35:07', '2016-07-01 08:35:07', '0e4ce0e8-1634-4475-99e8-100559004c17'),
 ('211', '92', '66', '37', '0', '1', '2016-07-01 09:53:42', '2016-07-01 09:53:42', '3c10a5f1-8b13-4eaa-a518-a9373455bf62'),
 ('212', '92', '66', '38', '0', '2', '2016-07-01 09:53:42', '2016-07-01 09:53:42', '1f42d649-f52b-4f5d-8676-3dbc7fbd2fe3'),
 ('213', '93', '67', '39', '0', '1', '2016-07-01 10:06:13', '2016-07-01 10:06:13', '11b9f952-1740-444f-8e04-e05d3ec7acf3'),
 ('221', '101', '73', '43', '0', '1', '2016-07-05 12:00:50', '2016-07-05 12:00:50', '95f362a8-76fb-4a27-9126-fc3cc6efb2d0'),
 ('240', '107', '79', '47', '0', '1', '2016-07-05 14:05:49', '2016-07-05 14:05:49', '8cc75a7f-de79-4b5b-baf0-1dac91b9bed8'),
 ('241', '107', '79', '44', '0', '2', '2016-07-05 14:05:49', '2016-07-05 14:05:49', 'ce100b40-4f4f-4a07-ab2e-db70674a4548'),
 ('242', '107', '79', '45', '0', '3', '2016-07-05 14:05:49', '2016-07-05 14:05:49', 'aad59774-f060-4cd6-b65c-4081a23158af'),
 ('243', '107', '79', '46', '0', '4', '2016-07-05 14:05:49', '2016-07-05 14:05:49', '63a8c9a9-c02b-42be-87ac-4185e2bd37ad'),
 ('244', '108', '80', '15', '0', '1', '2016-07-05 14:44:59', '2016-07-05 14:44:59', 'f7fee26d-03e1-4f27-a999-42c77431ba77'),
 ('245', '109', '81', '15', '0', '1', '2016-07-05 14:45:40', '2016-07-05 14:45:40', '5581dc51-3a5e-4a8a-bd82-cd1d9d6132fd'),
 ('246', '109', '81', '16', '0', '2', '2016-07-05 14:45:40', '2016-07-05 14:45:40', '255fde43-01af-431b-bad3-ed1dd27fcda1'),
 ('247', '110', '82', '42', '0', '1', '2016-07-05 19:39:02', '2016-07-05 19:39:02', 'e3b4caa6-8e3c-466c-919b-056cf90d2271'),
 ('248', '110', '82', '41', '0', '2', '2016-07-05 19:39:02', '2016-07-05 19:39:02', '8bf2f593-0207-4422-ace8-415e3e11b63b');



DROP TABLE IF EXISTS `craft_fieldlayouts`;


--
-- Schema for table `craft_fieldlayouts`
--
CREATE TABLE `craft_fieldlayouts` (
  `id` int(11) NOT NULL AUTO_INCREMENT,
  `type` varchar(150) COLLATE utf8_unicode_ci NOT NULL,
  `dateCreated` datetime NOT NULL,
  `dateUpdated` datetime NOT NULL,
  `uid` char(36) COLLATE utf8_unicode_ci NOT NULL DEFAULT '0',
  PRIMARY KEY (`id`),
  KEY `craft_fieldlayouts_type_idx` (`type`)
) ENGINE=InnoDB AUTO_INCREMENT=111 DEFAULT CHARSET=utf8 COLLATE=utf8_unicode_ci;

--
-- Data for table `craft_fieldlayouts`
--

INSERT INTO `craft_fieldlayouts` (`id`, `type`, `dateCreated`, `dateUpdated`, `uid`) VALUES
 ('1', 'Tag', '2016-03-30 12:09:20', '2016-03-30 12:09:20', 'f5e4dfd6-ff41-4602-9eab-8baf8ebeba9e'),
 ('3', 'Entry', '2016-03-30 12:09:21', '2016-03-30 12:09:21', '32a68e16-57d3-457b-96b4-5c055c2c19a4'),
 ('5', 'Entry', '2016-03-30 12:09:21', '2016-03-30 12:09:21', 'd31954c9-04f9-4de5-9db0-b21447efaf7f'),
 ('20', 'Entry', '2016-05-17 07:33:35', '2016-05-17 07:33:35', 'ef56a9c4-0f85-4894-ad72-3775b177653f'),
 ('25', 'Asset', '2016-05-23 10:54:28', '2016-05-23 10:54:28', '2631e6f2-04c4-4711-a05f-0636c88cf989'),
 ('27', 'Commerce_Product', '2016-05-24 09:30:02', '2016-05-24 09:30:02', 'fa2f623c-3545-4c71-92d7-e38fea3905b8'),
 ('28', 'Commerce_Variant', '2016-05-24 09:30:02', '2016-05-24 09:30:02', 'c508812a-cc7e-469c-8370-47b13c2cc81e'),
 ('47', 'Commerce_Product', '2016-05-26 12:03:51', '2016-05-26 12:03:51', '7738ca05-7afb-495b-a7bc-ebdf1161f876'),
 ('48', 'Commerce_Variant', '2016-05-26 12:03:51', '2016-05-26 12:03:51', '5080e98c-c6d7-42cd-9a9b-1470bc6c3e16'),
 ('53', 'GlobalSet', '2016-06-01 18:39:26', '2016-06-01 18:39:26', 'fb9d68da-efe9-4b11-8866-a774d80f9e57'),
 ('54', 'Entry', '2016-06-22 11:13:43', '2016-06-22 11:13:43', '43e3780d-a95f-41d0-8f23-0e1e0c8beb28'),
 ('68', 'MatrixBlock', '2016-06-23 13:53:35', '2016-06-23 13:53:35', 'a9bb4768-5f25-4e5a-bf95-77e57597ec04'),
 ('75', 'MatrixBlock', '2016-06-29 09:09:11', '2016-06-29 09:09:11', '9aea1e17-7c73-4213-8972-cb3e87ba1432'),
 ('78', 'Entry', '2016-06-29 09:35:46', '2016-06-29 09:35:46', 'dce1b6d0-1b32-4c85-a619-a4c2b84320c4'),
 ('79', 'Entry', '2016-06-29 14:22:22', '2016-06-29 14:22:22', '7ad0d810-7fdd-4c8a-8365-4c3bbd802908'),
 ('82', 'Asset', '2016-06-30 08:40:15', '2016-06-30 08:40:15', 'b70f000e-5644-4ec0-bbe4-4f8f88112d8e'),
 ('84', 'Entry', '2016-06-30 11:17:05', '2016-06-30 11:17:05', 'e3684826-ff04-41f0-89f6-d316a782ed0c'),
 ('86', 'Entry', '2016-06-30 12:52:45', '2016-06-30 12:52:45', 'c98ddf60-13d1-4f43-919a-7a8a2e346ab4'),
 ('88', 'Entry', '2016-07-01 08:35:07', '2016-07-01 08:35:07', '0c64acf4-d0f4-4af7-b342-10cca10d4d05'),
 ('92', 'MatrixBlock', '2016-07-01 09:53:42', '2016-07-01 09:53:42', '4fb6d36b-8b01-4847-8bd4-1c9cd4bc61b3'),
 ('93', 'GlobalSet', '2016-07-01 10:06:13', '2016-07-01 10:06:13', '7c9a44f6-34c4-4f0e-9109-88a36aad320d'),
 ('94', 'DigitalProduct_Product', '2016-07-01 11:22:11', '2016-07-01 11:22:11', '4c547a92-b8b3-4399-82e3-c2f237fa958c'),
 ('95', 'DigitalProduct_Product', '2016-07-01 11:24:17', '2016-07-01 11:24:17', 'e6b5d555-f77b-4acd-9504-9e1fc8b7c4cc'),
 ('101', 'GlobalSet', '2016-07-05 12:00:50', '2016-07-05 12:00:50', 'fb17050c-5074-45c9-9bee-e2dbe693a542'),
 ('107', 'MatrixBlock', '2016-07-05 14:05:49', '2016-07-05 14:05:49', '27f360cc-e547-4179-8998-961af11df796'),
 ('108', 'DigitalProduct_Product', '2016-07-05 14:44:59', '2016-07-05 14:44:59', '29b8a7a4-2496-43b2-8970-8b331be06945'),
 ('109', 'DigitalProduct_Product', '2016-07-05 14:45:40', '2016-07-05 14:45:40', '7a47596c-cfab-4638-b988-4909597ee41d'),
 ('110', 'Commerce_Order', '2016-07-05 19:39:02', '2016-07-05 19:39:02', '4bd4a44c-3435-4c94-9196-3930d9958e84');



DROP TABLE IF EXISTS `craft_fieldlayouttabs`;


--
-- Schema for table `craft_fieldlayouttabs`
--
CREATE TABLE `craft_fieldlayouttabs` (
  `id` int(11) NOT NULL AUTO_INCREMENT,
  `layoutId` int(11) NOT NULL,
  `name` varchar(255) COLLATE utf8_unicode_ci NOT NULL,
  `sortOrder` smallint(6) unsigned DEFAULT NULL,
  `dateCreated` datetime NOT NULL,
  `dateUpdated` datetime NOT NULL,
  `uid` char(36) COLLATE utf8_unicode_ci NOT NULL DEFAULT '0',
  PRIMARY KEY (`id`),
  KEY `craft_fieldlayouttabs_sortOrder_idx` (`sortOrder`),
  KEY `craft_fieldlayouttabs_layoutId_fk` (`layoutId`)
) ENGINE=InnoDB AUTO_INCREMENT=83 DEFAULT CHARSET=utf8 COLLATE=utf8_unicode_ci;

--
-- Data for table `craft_fieldlayouttabs`
--

INSERT INTO `craft_fieldlayouttabs` (`id`, `layoutId`, `name`, `sortOrder`, `dateCreated`, `dateUpdated`, `uid`) VALUES
 ('1', '3', 'Content', '1', '2016-03-30 12:09:21', '2016-03-30 12:09:21', '33861d95-136c-4961-b6ad-008584692d7a'),
 ('2', '5', 'Content', '1', '2016-03-30 12:09:21', '2016-03-30 12:09:21', 'f198721c-227f-45a3-8f11-a57514c6d47d'),
 ('18', '20', 'Default', '1', '2016-05-17 07:33:35', '2016-05-17 07:33:35', '6a754037-5be0-4c92-8c7e-739766a19f34'),
 ('23', '25', 'Bestil Elektronikforsikring', '1', '2016-05-23 10:54:28', '2016-05-23 10:54:28', '75409b92-eeb7-4eba-b76f-2c55231c5a27'),
 ('30', '47', 'Produkt informationer', '1', '2016-05-26 12:03:51', '2016-05-26 12:03:51', 'ca495776-e6e8-4b17-8a8b-4a8e97edc1ca'),
 ('34', '53', 'Indhold', '1', '2016-06-01 18:39:26', '2016-06-01 18:39:26', 'b24c1e53-a65b-4ac1-b611-2f3831b0f50d'),
 ('47', '68', 'Content', '1', '2016-06-23 13:53:35', '2016-06-23 13:53:35', '31f3a039-261e-4ebc-a9e3-a55dbd1ce52a'),
 ('53', '75', 'Content', '1', '2016-06-29 09:09:11', '2016-06-29 09:09:11', '2056ba79-78fe-4006-b8d8-0c5e2874f2b8'),
 ('56', '78', 'Betingelser', '1', '2016-06-29 09:35:46', '2016-06-29 09:35:46', 'cf4ddeee-a6ec-4e68-bfaf-f2dad791bc59'),
 ('57', '78', 'Default', '2', '2016-06-29 09:35:46', '2016-06-29 09:35:46', '1e624b93-6829-4187-9aa5-50429e694cb3'),
 ('58', '79', 'FAQ', '1', '2016-06-29 14:22:22', '2016-06-29 14:22:22', 'ef6de5ed-a35f-433d-884f-2353254632ae'),
 ('59', '84', 'Betingelser', '1', '2016-06-30 11:17:05', '2016-06-30 11:17:05', 'a33a9083-7661-4db2-bca8-d519983403ec'),
 ('60', '84', 'Default', '2', '2016-06-30 11:17:05', '2016-06-30 11:17:05', 'ec60b388-1bea-4ffd-a3aa-6a5b8e0218b6'),
 ('61', '86', 'Betingelser', '1', '2016-06-30 12:52:45', '2016-06-30 12:52:45', '3f6f92b5-6d95-4064-b6a6-a4e740f60baf'),
 ('62', '86', 'Default', '2', '2016-06-30 12:52:45', '2016-06-30 12:52:45', '9bfaadbe-9557-4417-98bc-8042d4c82658'),
 ('63', '88', 'Default', '1', '2016-07-01 08:35:07', '2016-07-01 08:35:07', '8df0c12f-7c20-4164-aeb0-c8983ff665f8'),
 ('66', '92', 'Content', '1', '2016-07-01 09:53:42', '2016-07-01 09:53:42', '4e81b518-7872-4fc5-8dc1-eaba18b50c8a'),
 ('67', '93', 'Indhold', '1', '2016-07-01 10:06:13', '2016-07-01 10:06:13', 'c3a8080d-6a59-4f05-9beb-99164ededc49'),
 ('73', '101', 'Indhold', '1', '2016-07-05 12:00:50', '2016-07-05 12:00:50', '570d9ac5-ca86-40e3-8748-dd2faa2b8e50'),
 ('79', '107', 'Content', '1', '2016-07-05 14:05:49', '2016-07-05 14:05:49', '48f93ae0-382c-4e7d-a106-56a64e9b44de'),
 ('80', '108', 'Produkter', '1', '2016-07-05 14:44:59', '2016-07-05 14:44:59', '93d4520e-a36a-4aa1-9d2d-a6a5f82dc535'),
 ('81', '109', 'Produkter', '1', '2016-07-05 14:45:40', '2016-07-05 14:45:40', '3b48786b-eb79-4470-aa9f-dd094724cdb5'),
 ('82', '110', 'Order', '1', '2016-07-05 19:39:02', '2016-07-05 19:39:02', 'add0faee-30a5-4c03-baa4-a82849d70b0a');



DROP TABLE IF EXISTS `craft_fields`;


--
-- Schema for table `craft_fields`
--
CREATE TABLE `craft_fields` (
  `id` int(11) NOT NULL AUTO_INCREMENT,
  `groupId` int(11) DEFAULT NULL,
  `name` varchar(255) COLLATE utf8_unicode_ci NOT NULL,
  `handle` varchar(58) COLLATE utf8_unicode_ci NOT NULL,
  `context` varchar(255) COLLATE utf8_unicode_ci NOT NULL DEFAULT 'global',
  `instructions` text COLLATE utf8_unicode_ci,
  `translatable` tinyint(1) unsigned NOT NULL DEFAULT '0',
  `type` varchar(150) COLLATE utf8_unicode_ci NOT NULL,
  `settings` text COLLATE utf8_unicode_ci,
  `dateCreated` datetime NOT NULL,
  `dateUpdated` datetime NOT NULL,
  `uid` char(36) COLLATE utf8_unicode_ci NOT NULL DEFAULT '0',
  PRIMARY KEY (`id`),
  UNIQUE KEY `craft_fields_handle_context_unq_idx` (`handle`,`context`),
  KEY `craft_fields_context_idx` (`context`),
  KEY `craft_fields_groupId_fk` (`groupId`)
) ENGINE=InnoDB AUTO_INCREMENT=48 DEFAULT CHARSET=utf8 COLLATE=utf8_unicode_ci;

--
-- Data for table `craft_fields`
--

INSERT INTO `craft_fields` (`id`, `groupId`, `name`, `handle`, `context`, `instructions`, `translatable`, `type`, `settings`, `dateCreated`, `dateUpdated`, `uid`) VALUES
 ('1', '1', 'Body', 'body', 'global', NULL, '1', 'RichText', '{\"configFile\":\"Standard.json\",\"columnType\":\"text\"}', '2016-03-30 12:09:20', '2016-03-30 12:09:20', 'e37b855d-82cd-45f3-9be1-ab5898017711'),
 ('2', '1', 'Tags', 'tags', 'global', NULL, '0', 'Tags', '{\"source\":\"taggroup:1\"}', '2016-03-30 12:09:20', '2016-03-30 12:09:20', '5a25bbef-24c5-40d6-928a-d051f07ec43e'),
 ('4', '2', 'Fornavn', 'efFirstname', 'global', '', '0', 'PlainText', '{\"placeholder\":\"Fornavn\",\"maxLength\":\"\",\"multiline\":\"\",\"initialRows\":\"4\"}', '2016-05-13 10:42:03', '2016-05-23 09:32:42', 'e44398e5-c1f8-4b10-b0b0-b2c80599f5b8'),
 ('5', '2', 'Efternavn', 'efLastname', 'global', '', '0', 'PlainText', '{\"placeholder\":\"Efternavn\",\"maxLength\":\"\",\"multiline\":\"\",\"initialRows\":\"4\"}', '2016-05-13 10:42:09', '2016-05-13 16:51:31', '9f78d0ac-e824-4277-a34b-73081fe3b0bd'),
 ('6', '2', 'Vejnavn', 'adresse', 'global', '', '0', 'PlainText', '{\"placeholder\":\"Adresse\",\"maxLength\":\"\",\"multiline\":\"\",\"initialRows\":\"4\"}', '2016-05-13 15:33:42', '2016-05-13 15:55:33', 'e92f6282-0dba-4d0b-9ee9-6e2aa2da5265'),
 ('7', '2', 'Postnr. By', 'postnr', 'global', '', '0', 'PlainText', '{\"placeholder\":\"Postnr.\",\"maxLength\":\"\",\"multiline\":\"\",\"initialRows\":\"4\"}', '2016-05-13 15:34:16', '2016-05-23 09:36:01', 'ec41e2f3-8473-4bb3-bcb0-d8341698e993'),
 ('9', '2', 'E-mail', 'eMail', 'global', '', '0', 'PlainText', '{\"placeholder\":\"E-mail\",\"maxLength\":\"\",\"multiline\":\"\",\"initialRows\":\"4\"}', '2016-05-13 15:34:39', '2016-07-04 20:13:18', '8c3778c2-3b1b-4a79-a757-19eacfa5f2fd'),
 ('10', '2', 'Bekræft Email', 'bekraeftEmail', 'global', '', '0', 'PlainText', '{\"placeholder\":\"Bekr\\u00e6ft E-mail\",\"maxLength\":\"\",\"multiline\":\"\",\"initialRows\":\"4\"}', '2016-05-13 16:44:41', '2016-05-13 16:44:41', '974876b2-b827-436f-941b-7a82f8cfdb48'),
 ('11', '2', 'Nr. ', 'vejnr', 'global', '', '0', 'PlainText', '{\"placeholder\":\"Nr.\",\"maxLength\":\"\",\"multiline\":\"\",\"initialRows\":\"4\"}', '2016-05-13 16:46:07', '2016-05-13 16:51:40', '44086d00-316a-40e4-a004-73bc0b0098a8'),
 ('12', '2', 'Telefonnr.', 'telefonnr', 'global', '', '0', 'PlainText', '{\"placeholder\":\"Telefonnr.\",\"maxLength\":\"\",\"multiline\":\"\",\"initialRows\":\"4\"}', '2016-05-13 16:46:47', '2016-05-13 18:05:10', 'b4ef4de8-d1c9-4c44-86c9-9933840f0029'),
 ('13', '2', 'Newsletter', 'newsletter', 'global', '', '0', 'Checkboxes', '{\"options\":[{\"label\":\"\",\"value\":\"\",\"default\":\"1\"}]}', '2016-05-13 18:27:59', '2016-05-13 18:27:59', '87efa69e-9a0c-4267-a67a-816bbde4bdab'),
 ('15', '3', 'Produkt Beskrivelse', 'produktBeskrivelse', 'global', '', '0', 'RichText', '{\"configFile\":\"\",\"availableAssetSources\":\"*\",\"availableTransforms\":\"*\",\"cleanupHtml\":\"1\",\"purifyHtml\":\"1\",\"columnType\":\"text\"}', '2016-05-24 10:15:23', '2016-05-24 10:15:23', 'f65438b3-1707-4fba-bb45-1c2cf041b1fb'),
 ('16', '2', 'Product Images', 'productImages', 'global', '', '0', 'Assets', '{\"useSingleFolder\":\"\",\"sources\":\"*\",\"defaultUploadLocationSource\":\"1\",\"defaultUploadLocationSubpath\":\"\",\"singleUploadLocationSource\":\"1\",\"singleUploadLocationSubpath\":\"\",\"restrictFiles\":\"\",\"limit\":\"\",\"viewMode\":\"list\",\"selectionLabel\":\"\"}', '2016-05-26 12:01:01', '2016-05-26 12:01:01', '63ece054-2be7-4ddb-a53a-9183639c0d62'),
 ('17', '2', 'Abonnement', 'abonnement', 'global', '', '0', 'Lightswitch', '{\"default\":\"\"}', '2016-05-26 12:03:00', '2016-05-26 12:03:00', 'b62bb08a-36e4-4f5a-901c-f0f88f3d924d'),
 ('18', '2', 'Supplier', 'supplier', 'global', '', '0', 'Table', '{\"columns\":{\"col5\":{\"heading\":\"supplier\",\"handle\":\"supplier\",\"width\":\"\",\"type\":\"singleline\"}},\"defaults\":{\"row1\":{\"col5\":\"Wupti\"},\"row2\":{\"col5\":\"Bilka.dk\"},\"row3\":{\"col5\":\"Bilka\"},\"row4\":{\"col5\":\"F\\u00f8tex\"}}}', '2016-06-01 13:40:26', '2016-06-01 19:06:27', '45dec9e9-efa7-485e-8acb-841b86533832'),
 ('25', '5', 'Spørgsmål', 'question', 'global', '', '0', 'PlainText', '{\"placeholder\":\"\",\"maxLength\":\"\",\"multiline\":\"\",\"initialRows\":\"4\"}', '2016-06-23 13:46:08', '2016-06-23 13:46:08', 'b709358f-ac90-40b5-accc-fa5e680fe906'),
 ('26', '5', 'Svar', 'answer', 'global', '', '0', 'Matrix', '{\"maxBlocks\":null}', '2016-06-23 13:46:57', '2016-06-23 13:53:35', '23ae2cf4-c54b-460f-8e21-79d6f9c7d5ce'),
 ('27', NULL, 'Svar', 'answer', 'matrixBlockType:4', '', '0', 'RichText', '{\"configFile\":\"\",\"availableAssetSources\":\"*\",\"availableTransforms\":\"*\",\"cleanupHtml\":\"1\",\"purifyHtml\":\"1\",\"columnType\":\"text\"}', '2016-06-23 13:46:57', '2016-06-23 13:53:35', '917ad006-fd84-4a52-92bb-f7c897b08c83'),
 ('28', '5', 'Kategori', 'categori', 'global', '', '0', 'Dropdown', '{\"options\":[{\"label\":\"Fordele\",\"value\":\"fordele\",\"default\":\"\"},{\"label\":\"Pris\",\"value\":\"pris\",\"default\":\"\"},{\"label\":\"Betingelser\",\"value\":\"betingelser\",\"default\":\"\"},{\"label\":\"Skade\",\"value\":\"skade\",\"default\":\"\"},{\"label\":\"D\\u00e6kning\",\"value\":\"daekning\",\"default\":\"\"},{\"label\":\"Andet\",\"value\":\"andet\",\"default\":\"\"}]}', '2016-06-24 07:02:38', '2016-06-24 07:29:16', '93c9e49a-7afb-49e1-ab6a-4276488f0796'),
 ('29', '6', 'Sektion', 'sektion', 'global', '', '0', 'Matrix', '{\"maxBlocks\":null}', '2016-06-29 09:03:52', '2016-06-29 09:09:11', 'e4809cd7-ddbc-47cc-bc43-94bc01913ad4'),
 ('30', NULL, 'Overskrift', 'headline', 'matrixBlockType:5', '', '0', 'PlainText', '{\"placeholder\":\"\",\"maxLength\":\"\",\"multiline\":\"\",\"initialRows\":\"4\"}', '2016-06-29 09:03:52', '2016-06-29 09:09:11', '06b079d1-44cc-4d79-96bc-97b4b7135941'),
 ('31', NULL, 'Indhold', 'body', 'matrixBlockType:5', '', '0', 'RichText', '{\"configFile\":\"\",\"availableAssetSources\":\"*\",\"availableTransforms\":\"*\",\"cleanupHtml\":\"1\",\"purifyHtml\":\"1\",\"columnType\":\"text\"}', '2016-06-29 09:03:52', '2016-06-29 09:09:11', 'fb612c0b-91e1-4e32-a63d-fcc6ad81db5b'),
 ('33', '1', 'Side Teaser', 'pageTeaser', 'global', '', '0', 'RichText', '{\"configFile\":\"\",\"availableAssetSources\":\"*\",\"availableTransforms\":\"*\",\"cleanupHtml\":\"1\",\"purifyHtml\":\"1\",\"columnType\":\"text\"}', '2016-06-29 09:04:59', '2016-06-29 09:04:59', 'b774288c-4880-489b-afd9-ffabe52a4b8d'),
 ('34', '1', 'Side titel', 'pageTitle', 'global', '', '0', 'PlainText', '{\"placeholder\":\"\",\"maxLength\":\"\",\"multiline\":\"\",\"initialRows\":\"4\"}', '2016-06-29 09:15:16', '2016-06-29 09:15:16', 'd9c8920e-739e-4ac6-b0ac-20776c221260'),
 ('35', '1', 'Baggundsbillede', 'backgroundImage', 'global', '', '0', 'Assets', '{\"useSingleFolder\":\"\",\"sources\":\"*\",\"defaultUploadLocationSource\":\"1\",\"defaultUploadLocationSubpath\":\"\",\"singleUploadLocationSource\":\"1\",\"singleUploadLocationSubpath\":\"\",\"restrictFiles\":\"1\",\"allowedKinds\":[\"image\"],\"limit\":\"\",\"viewMode\":\"list\",\"selectionLabel\":\"\"}', '2016-06-29 09:34:56', '2016-06-29 09:34:56', '2c0095d5-5f90-45f2-abab-1df5a8acdbec'),
 ('36', '7', 'Global', 'global', 'global', '', '0', 'Matrix', '{\"maxBlocks\":null}', '2016-07-01 09:49:18', '2016-07-01 09:53:41', '29c408b4-9789-4af7-9c39-2daba3beb2aa'),
 ('37', NULL, 'Headline', 'headline', 'matrixBlockType:6', '', '0', 'PlainText', '{\"placeholder\":\"\",\"maxLength\":\"\",\"multiline\":\"\",\"initialRows\":\"4\"}', '2016-07-01 09:49:18', '2016-07-01 09:53:42', 'da37b10c-6739-411f-b130-19bf42bfdd42'),
 ('38', NULL, 'Name', 'value', 'matrixBlockType:6', '', '0', 'PlainText', '{\"placeholder\":\"\",\"maxLength\":\"\",\"multiline\":\"\",\"initialRows\":\"4\"}', '2016-07-01 09:53:42', '2016-07-01 09:53:42', 'fd32d9b4-6394-4842-9381-733c4cb04acf'),
 ('39', '2', 'betalingskort', 'betalingskort', 'global', '', '0', 'Assets', '{\"useSingleFolder\":\"\",\"sources\":\"*\",\"defaultUploadLocationSource\":\"1\",\"defaultUploadLocationSubpath\":\"\",\"singleUploadLocationSource\":\"1\",\"singleUploadLocationSubpath\":\"\",\"restrictFiles\":\"\",\"limit\":\"\",\"viewMode\":\"list\",\"selectionLabel\":\"\"}', '2016-07-01 10:05:54', '2016-07-01 10:05:54', 'aebf2ebb-5c3c-4f0b-a1e0-a304388fa433'),
 ('40', '2', 'purchaseOrder', 'purchaseOrder', 'global', '', '0', 'PlainText', '{\"placeholder\":\"\",\"maxLength\":\"\",\"multiline\":\"\",\"initialRows\":\"4\"}', '2016-07-04 20:17:46', '2016-07-04 20:17:46', '411fea44-8e71-4d37-a21f-2d8f08f635ad'),
 ('41', '8', 'txnfee', 'txnfee', 'global', '', '0', 'PlainText', '{\"placeholder\":\"\",\"maxLength\":\"\",\"multiline\":\"\",\"initialRows\":\"4\"}', '2016-07-05 09:29:15', '2016-07-05 19:03:10', '30111f8d-8109-4d5c-98b8-83bf9611d1a8'),
 ('42', '8', 'Payment Type', 'paymenttype', 'global', '', '0', 'PlainText', '{\"placeholder\":\"\",\"maxLength\":\"\",\"multiline\":\"\",\"initialRows\":\"4\"}', '2016-07-05 09:34:43', '2016-07-05 09:34:43', 'd22488e8-3540-4330-83ed-d04c9a4daf62'),
 ('43', '9', 'Forsikringscertifikat', 'forsikringscertifikat', 'global', '', '0', 'Matrix', '{\"maxBlocks\":null}', '2016-07-05 12:00:22', '2016-07-05 14:05:49', '2b057345-88af-41eb-bacb-9520ecb8aab9'),
 ('44', NULL, 'FieldName', 'fieldName', 'matrixBlockType:7', '', '0', 'PlainText', '{\"placeholder\":\"\",\"maxLength\":\"\",\"multiline\":\"\",\"initialRows\":\"4\"}', '2016-07-05 12:00:22', '2016-07-05 14:05:49', '70a0b309-1f03-43f6-ba63-97ef143491c5'),
 ('45', NULL, 'FieldValue', 'value', 'matrixBlockType:7', '', '0', 'RichText', '{\"configFile\":\"Simple.json\",\"availableAssetSources\":\"*\",\"availableTransforms\":\"*\",\"cleanupHtml\":\"1\",\"purifyHtml\":\"1\",\"columnType\":\"text\"}', '2016-07-05 12:00:22', '2016-07-05 14:05:49', 'b533492c-a062-418c-a433-f6e62f576463'),
 ('46', NULL, 'Prefix', 'prefix', 'matrixBlockType:7', '', '0', 'PlainText', '{\"placeholder\":\"\",\"maxLength\":\"\",\"multiline\":\"\",\"initialRows\":\"4\"}', '2016-07-05 13:49:39', '2016-07-05 14:05:49', 'a4ee4cb3-51da-4bb1-93c8-f849c03e43d7'),
 ('47', NULL, 'FieldVariabel', 'fieldVariabel', 'matrixBlockType:7', 'Denne kalder variablen og må ikke ændres', '0', 'PlainText', '{\"placeholder\":\"\",\"maxLength\":\"\",\"multiline\":\"\",\"initialRows\":\"4\"}', '2016-07-05 13:54:35', '2016-07-05 14:05:49', '86e51eb0-62be-4c84-b8b8-c88ab371e925');



DROP TABLE IF EXISTS `craft_formbuilder2_entries`;


--
-- Schema for table `craft_formbuilder2_entries`
--
CREATE TABLE `craft_formbuilder2_entries` (
  `id` int(11) NOT NULL,
  `formId` int(10) DEFAULT NULL,
  `title` varchar(255) COLLATE utf8_unicode_ci DEFAULT NULL,
  `files` text COLLATE utf8_unicode_ci,
  `submission` text COLLATE utf8_unicode_ci,
  `dateCreated` datetime NOT NULL,
  `dateUpdated` datetime NOT NULL,
  `uid` char(36) COLLATE utf8_unicode_ci NOT NULL DEFAULT '0',
  PRIMARY KEY (`id`),
  KEY `craft_formbuilder2_entries_formId_fk` (`formId`)
) ENGINE=InnoDB DEFAULT CHARSET=utf8 COLLATE=utf8_unicode_ci;

--
-- Data for table `craft_formbuilder2_entries`
--

INSERT INTO `craft_formbuilder2_entries` (`id`, `formId`, `title`, `files`, `submission`, `dateCreated`, `dateUpdated`, `uid`) VALUES
 ('72', '1', 'Elektronikforsikring', NULL, '{\"efFirstname\":\"Martin\",\"efLastname\":\"Beuschau\",\"postnr\":\"2500 Valby\",\"adresse\":\"Dansh\\u00f8jvej\",\"vejnr\":\"22\",\"telefonnr\":\"31310006\",\"eMail\":\"martin@beuschau.dk\",\"bekraeftEmail\":\"martin@beuschau.dk\"}', '2016-05-23 10:21:53', '2016-05-23 10:21:53', '6eb1110d-e583-412c-9f63-15e457b512bd'),
 ('73', '1', 'Elektronikforsikring', NULL, '{\"efFirstname\":\"Niels\",\"efLastname\":\"Hansen\",\"postnr\":\"2500 Valby\",\"adresse\":\"Clara Pontoppidans Vej\",\"vejnr\":\"2\",\"telefonnr\":\"31310006\",\"eMail\":\"martin@beuschau.dk\",\"bekraeftEmail\":\"martin@beuschau.dk\"}', '2016-05-23 10:23:12', '2016-05-23 10:23:12', '9da68cee-22b5-4d2e-bced-c6652e510b6f'),
 ('74', '1', 'Elektronikforsikring', NULL, '{\"efFirstname\":\"Mette \",\"efLastname\":\"Nielsen\",\"postnr\":\"2500 Valby\",\"adresse\":\"Dansh\\u00f8jvej\",\"vejnr\":\"22\",\"telefonnr\":\"31310006\",\"eMail\":\"martin@beuschau.dk\",\"bekraeftEmail\":\"martin@beuschau.dk\"}', '2016-05-23 10:42:22', '2016-05-23 10:42:22', '9acb0e44-69c1-4f33-92e2-48a0ac268a40'),
 ('75', '1', 'Elektronikforsikring', NULL, '{\"efFirstname\":\"Henning\",\"efLastname\":\"Nielsen\",\"postnr\":\"2000 Frederiksberg\",\"adresse\":\"Julius Valentiners Vej\",\"vejnr\":\"22\",\"telefonnr\":\"31310006\",\"eMail\":\"martin@beuschau.dk\",\"bekraeftEmail\":\"martin@beuschau.dk\"}', '2016-05-23 10:43:37', '2016-05-23 10:43:37', 'aa02ae43-db8b-4ad8-92ad-823ea86edabd'),
 ('76', '1', 'Elektronikforsikring', NULL, '{\"efFirstname\":\"lkjhasdfkjlh\",\"efLastname\":\"lkjhasdflkjh\",\"postnr\":\"2100\",\"adresse\":\"Randersgade\",\"vejnr\":\"22\",\"telefonnr\":\"212100\",\"eMail\":\"martin@beuschau.dk\",\"bekraeftEmail\":\"martin@beuschau.dk\"}', '2016-05-23 10:44:47', '2016-05-23 10:44:47', '0f925761-a21e-49f8-a9b5-857be26ec022'),
 ('77', '1', 'Elektronikforsikring', NULL, '{\"efFirstname\":\"Martin\",\"efLastname\":\"Beuschau\",\"postnr\":\"1419 K\\u00f8benhavn K\",\"adresse\":\"Store S\\u00f8ndervoldstr\\u00e6de\",\"vejnr\":\"2\",\"telefonnr\":\"3131006\",\"eMail\":\"martin@beuschau.dk\",\"bekraeftEmail\":\"martin@beuschau.dk\"}', '2016-05-23 10:47:01', '2016-05-23 10:47:01', '00c9678b-7ecb-4a74-93a0-79c3e8aa2017'),
 ('78', '1', 'Elektronikforsikring', NULL, '{\"efFirstname\":\"MARTIN\",\"efLastname\":\"MARTIN\",\"postnr\":\"2500 Valby\",\"adresse\":\"Clara Pontoppidans Vej\",\"vejnr\":\"2\",\"telefonnr\":\"3310006\",\"eMail\":\"mb@18digital.dk\",\"bekraeftEmail\":\"mb@18digital.dk\"}', '2016-05-23 10:50:30', '2016-05-23 10:50:30', 'c34e4c38-9a5f-461a-81c2-67aecfbc6f65'),
 ('79', '1', 'Elektronikforsikring', NULL, '{\"efFirstname\":\"martin\",\"efLastname\":\"beuschau\",\"postnr\":\"2500 Valby\",\"adresse\":\"Clara Pontoppidans Vej\",\"vejnr\":\"22\",\"telefonnr\":\"31310006\",\"eMail\":\"martin@beuschau.dk\",\"bekraeftEmail\":\"martin@beuschau.dk\"}', '2016-05-23 10:59:39', '2016-05-23 10:59:39', 'c4442364-e75e-42b1-b47a-35d625b77da0'),
 ('80', '1', 'Elektronikforsikring', NULL, '{\"efFirstname\":\"martin\",\"efLastname\":\"beuschau\",\"postnr\":\"1250 K\\u00f8benhavn K\",\"adresse\":\"Sankt Ann\\u00e6 Plads\",\"vejnr\":\"2\",\"telefonnr\":\"31310006\",\"eMail\":\"mb@18digital.dk\",\"bekraeftEmail\":\"mb@18digital.dk\"}', '2016-05-23 11:00:29', '2016-05-23 11:00:29', '5cc48ecd-0d93-4f2f-b397-71176d1912c6'),
 ('81', '1', 'Elektronikforsikring', NULL, '{\"efFirstname\":\"martin\",\"efLastname\":\"beuschau\",\"postnr\":\"2500 Valby\",\"adresse\":\"Clara Pontoppidans Vej\",\"vejnr\":\"2\",\"telefonnr\":\"31310006\",\"eMail\":\"mb@18digital.dk\",\"bekraeftEmail\":\"mb@18digital.dk\"}', '2016-05-23 11:02:28', '2016-05-23 11:02:28', '55801072-4583-490f-8f71-f8e5365907af'),
 ('82', '1', 'Elektronikforsikring', NULL, '{\"efFirstname\":\"asdf\",\"efLastname\":\"asdf\",\"postnr\":\"1256 K\\u00f8benhavn K\",\"adresse\":\"Amaliegade\",\"vejnr\":\"21A\",\"telefonnr\":\"31310006\",\"eMail\":\"mb@18digital.dk\",\"bekraeftEmail\":\"mb@18digital.dk\"}', '2016-05-23 11:05:17', '2016-05-23 11:05:17', '8a2c6232-cb4d-4759-93bb-0d3dcb13f11c'),
 ('83', '1', 'Elektronikforsikring', NULL, '{\"efFirstname\":\"asdf\",\"efLastname\":\"asdf\",\"postnr\":\"2500 Valby\",\"adresse\":\"Bredahlsvej\",\"vejnr\":\"13\",\"telefonnr\":\"3131\",\"eMail\":\"mb@18digital.dk\",\"bekraeftEmail\":\"mb@18digital.dk\"}', '2016-05-23 11:06:25', '2016-05-23 11:06:25', '64e90f67-3f1b-4bd9-8e80-39d7922a0c89'),
 ('84', '1', 'Elektronikforsikring', NULL, '{\"efFirstname\":\"Henning\",\"efLastname\":\"Larsen\",\"postnr\":\"2830 Virum\",\"adresse\":\"Berberisv\\u00e6nget\",\"vejnr\":\"13\",\"telefonnr\":\"31310006\",\"eMail\":\"mb@18digital.dk\",\"bekraeftEmail\":\"mb@18digital.dk\"}', '2016-05-23 11:13:14', '2016-05-23 11:13:14', 'c7488077-fe41-4e16-92cf-991adf58471e');



DROP TABLE IF EXISTS `craft_formbuilder2_forms`;


--
-- Schema for table `craft_formbuilder2_forms`
--
CREATE TABLE `craft_formbuilder2_forms` (
  `id` int(11) NOT NULL AUTO_INCREMENT,
  `name` varchar(255) COLLATE utf8_unicode_ci NOT NULL,
  `handle` varchar(255) COLLATE utf8_unicode_ci NOT NULL,
  `fieldLayoutId` int(10) DEFAULT NULL,
  `formSettings` text COLLATE utf8_unicode_ci,
  `spamProtectionSettings` text COLLATE utf8_unicode_ci,
  `messageSettings` text COLLATE utf8_unicode_ci,
  `notificationSettings` text COLLATE utf8_unicode_ci,
  `dateCreated` datetime NOT NULL,
  `dateUpdated` datetime NOT NULL,
  `uid` char(36) COLLATE utf8_unicode_ci NOT NULL DEFAULT '0',
  PRIMARY KEY (`id`),
  UNIQUE KEY `craft_formbuilder2_forms_id_unq_idx` (`id`),
  UNIQUE KEY `craft_formbuilder2_forms_name_unq_idx` (`name`),
  UNIQUE KEY `craft_formbuilder2_forms_handle_unq_idx` (`handle`),
  KEY `craft_formbuilder2_forms_fieldLayoutId_fk` (`fieldLayoutId`)
) ENGINE=InnoDB AUTO_INCREMENT=2 DEFAULT CHARSET=utf8 COLLATE=utf8_unicode_ci;

--
-- Data for table `craft_formbuilder2_forms`
--

INSERT INTO `craft_formbuilder2_forms` (`id`, `name`, `handle`, `fieldLayoutId`, `formSettings`, `spamProtectionSettings`, `messageSettings`, `notificationSettings`, `dateCreated`, `dateUpdated`, `uid`) VALUES
 ('1', 'Elektronikforsikring', 'insurrenceorder', '25', '{\"formRedirect\":{\"customRedirect\":\"1\",\"customRedirectUrl\":\"orderconfirm\"},\"hasFileUploads\":\"\",\"ajaxSubmit\":\"\"}', '{\"spamTimeMethod\":\"1\",\"spamTimeMethodTime\":\"1\",\"spamHoneypotMethod\":\"1\",\"spamHoneypotMethodMessage\":\"elektronikforsikring\"}', '{\"successMessage\":\"\",\"errorMessage\":\"\"}', '{\"notifySubmission\":\"1\",\"emailSettings\":{\"notifyEmail\":\"mb@18digital.dk\",\"emailSubject\":\"Ordre \",\"sendSubmissionData\":\"\"},\"templateSettings\":{\"emailTemplateStyle\":\"text\",\"emailCustomLogo\":\"\",\"emailBackgroundColor\":\"#f5f5f5\",\"emailContainerWidth\":\"500\",\"emailBodyCopy\":\"\",\"emailAdditionalFooterCopy\":\"\"},\"notifySubmitter\":\"1\",\"submitterEmail\":\"eMail\",\"submitterEmailSubject\":\"Elektronikforsikring - Ordrebekr\\u00e6ftelse\",\"customSubject\":\"\",\"customSubjectLine\":\"\"}', '2016-05-13 10:19:41', '2016-05-23 10:54:28', '0e898a68-fcdc-476c-ac4e-4cbfef421357');



DROP TABLE IF EXISTS `craft_globalsets`;


--
-- Schema for table `craft_globalsets`
--
CREATE TABLE `craft_globalsets` (
  `id` int(11) NOT NULL,
  `name` varchar(255) COLLATE utf8_unicode_ci NOT NULL,
  `handle` varchar(255) COLLATE utf8_unicode_ci NOT NULL,
  `fieldLayoutId` int(10) DEFAULT NULL,
  `dateCreated` datetime NOT NULL,
  `dateUpdated` datetime NOT NULL,
  `uid` char(36) COLLATE utf8_unicode_ci NOT NULL DEFAULT '0',
  PRIMARY KEY (`id`),
  UNIQUE KEY `craft_globalsets_name_unq_idx` (`name`),
  UNIQUE KEY `craft_globalsets_handle_unq_idx` (`handle`),
  KEY `craft_globalsets_fieldLayoutId_fk` (`fieldLayoutId`)
) ENGINE=InnoDB DEFAULT CHARSET=utf8 COLLATE=utf8_unicode_ci;

--
-- Data for table `craft_globalsets`
--

INSERT INTO `craft_globalsets` (`id`, `name`, `handle`, `fieldLayoutId`, `dateCreated`, `dateUpdated`, `uid`) VALUES
 ('130', 'Suppliers', 'suppliers', '53', '2016-06-01 13:39:24', '2016-06-01 18:39:26', '3c1c8885-8f07-4443-b858-d91f32db5db2'),
 ('277', 'Globals', 'globals', '93', '2016-07-01 09:47:28', '2016-07-01 10:06:13', '4c804484-a11b-4334-8d46-34a62a248902'),
 ('100009', 'Forsikringscertifikat', 'forsikringscertifikat', '101', '2016-07-05 11:57:51', '2016-07-05 12:00:50', '762f8e2a-d818-4380-96fd-c294bb08ceee');



DROP TABLE IF EXISTS `craft_info`;


--
-- Schema for table `craft_info`
--
CREATE TABLE `craft_info` (
  `id` int(11) NOT NULL AUTO_INCREMENT,
  `version` varchar(15) COLLATE utf8_unicode_ci NOT NULL,
  `build` int(11) unsigned NOT NULL,
  `schemaVersion` varchar(15) COLLATE utf8_unicode_ci NOT NULL,
  `releaseDate` datetime NOT NULL,
  `edition` tinyint(1) unsigned NOT NULL DEFAULT '0',
  `siteName` varchar(100) COLLATE utf8_unicode_ci NOT NULL,
  `siteUrl` varchar(255) COLLATE utf8_unicode_ci NOT NULL,
  `timezone` varchar(30) COLLATE utf8_unicode_ci DEFAULT NULL,
  `on` tinyint(1) unsigned NOT NULL DEFAULT '0',
  `maintenance` tinyint(1) unsigned NOT NULL DEFAULT '0',
  `track` varchar(40) COLLATE utf8_unicode_ci NOT NULL,
  `dateCreated` datetime NOT NULL,
  `dateUpdated` datetime NOT NULL,
  `uid` char(36) COLLATE utf8_unicode_ci NOT NULL DEFAULT '0',
  PRIMARY KEY (`id`)
) ENGINE=InnoDB AUTO_INCREMENT=2 DEFAULT CHARSET=utf8 COLLATE=utf8_unicode_ci;

--
-- Data for table `craft_info`
--

INSERT INTO `craft_info` (`id`, `version`, `build`, `schemaVersion`, `releaseDate`, `edition`, `siteName`, `siteUrl`, `timezone`, `on`, `maintenance`, `track`, `dateCreated`, `dateUpdated`, `uid`) VALUES
 ('1', '2.6', '2797', '2.6.5', '2016-07-18 17:52:13', '2', 'Elektronikforsikring', 'http://ef.18digital.dev', 'Europe/Copenhagen', '1', '1', 'stable', '2016-03-30 12:09:16', '2016-08-08 07:53:51', '81bf3a99-8d20-4d54-8cfa-38f415fb221b');



DROP TABLE IF EXISTS `craft_locales`;


--
-- Schema for table `craft_locales`
--
CREATE TABLE `craft_locales` (
  `locale` char(12) COLLATE utf8_unicode_ci NOT NULL,
  `sortOrder` smallint(6) unsigned DEFAULT NULL,
  `dateCreated` datetime NOT NULL,
  `dateUpdated` datetime NOT NULL,
  `uid` char(36) COLLATE utf8_unicode_ci NOT NULL DEFAULT '0',
  PRIMARY KEY (`locale`),
  KEY `craft_locales_sortOrder_idx` (`sortOrder`)
) ENGINE=InnoDB DEFAULT CHARSET=utf8 COLLATE=utf8_unicode_ci;

--
-- Data for table `craft_locales`
--

INSERT INTO `craft_locales` (`locale`, `sortOrder`, `dateCreated`, `dateUpdated`, `uid`) VALUES
 ('da', '1', '2016-03-30 12:09:16', '2016-03-30 12:09:16', 'bbc1a0a5-9dea-4f6c-8e9d-a80f8c02b7ad');



DROP TABLE IF EXISTS `craft_matrixblocks`;


--
-- Schema for table `craft_matrixblocks`
--
CREATE TABLE `craft_matrixblocks` (
  `id` int(11) NOT NULL,
  `ownerId` int(11) NOT NULL,
  `fieldId` int(11) NOT NULL,
  `typeId` int(11) DEFAULT NULL,
  `sortOrder` smallint(6) unsigned DEFAULT NULL,
  `ownerLocale` char(12) COLLATE utf8_unicode_ci DEFAULT NULL,
  `dateCreated` datetime NOT NULL,
  `dateUpdated` datetime NOT NULL,
  `uid` char(36) COLLATE utf8_unicode_ci NOT NULL DEFAULT '0',
  PRIMARY KEY (`id`),
  KEY `craft_matrixblocks_ownerId_idx` (`ownerId`),
  KEY `craft_matrixblocks_fieldId_idx` (`fieldId`),
  KEY `craft_matrixblocks_typeId_idx` (`typeId`),
  KEY `craft_matrixblocks_sortOrder_idx` (`sortOrder`),
  KEY `craft_matrixblocks_ownerLocale_fk` (`ownerLocale`)
) ENGINE=InnoDB DEFAULT CHARSET=utf8 COLLATE=utf8_unicode_ci;

--
-- Data for table `craft_matrixblocks`
--

INSERT INTO `craft_matrixblocks` (`id`, `ownerId`, `fieldId`, `typeId`, `sortOrder`, `ownerLocale`, `dateCreated`, `dateUpdated`, `uid`) VALUES
 ('182', '180', '26', '4', '1', NULL, '2016-06-23 13:48:19', '2016-06-27 09:44:57', 'fb4c7307-aa40-429b-a6c6-3461eba1ffdd'),
 ('184', '183', '26', '4', '1', NULL, '2016-06-23 13:52:47', '2016-06-28 11:44:14', '098189f6-0fe6-45ee-af77-0a8cb4ddbec0'),
 ('185', '183', '26', '4', '2', NULL, '2016-06-23 13:52:47', '2016-06-28 11:44:14', '17dcdef2-c9d7-47c9-963e-aad0ec8ee7b7'),
 ('186', '183', '26', '4', '3', NULL, '2016-06-23 13:52:47', '2016-06-28 11:44:14', '899a1d15-035d-4ca5-91b5-d9f0243ab4d2'),
 ('187', '183', '26', '4', '4', NULL, '2016-06-23 13:52:47', '2016-06-28 11:44:14', '30ec9833-0172-451f-bc2b-44d0dede453c'),
 ('188', '180', '26', '4', '2', NULL, '2016-06-27 09:29:21', '2016-06-27 09:44:57', '9e10f01b-cc3f-468f-b90e-a9204c4982c5'),
 ('189', '180', '26', '4', '3', NULL, '2016-06-27 09:29:21', '2016-06-27 09:44:57', 'dcd62eb2-9c64-4568-a00b-2574fccf2a2b'),
 ('193', '183', '26', '4', '5', NULL, '2016-06-28 11:44:14', '2016-06-28 11:44:14', '55153d74-6b17-431c-a8d6-12a8e49352d0'),
 ('194', '183', '26', '4', '6', NULL, '2016-06-28 11:44:14', '2016-06-28 11:44:14', 'ab7b7624-437e-4ce2-9c6c-aa5da6a4e87b'),
 ('195', '183', '26', '4', '7', NULL, '2016-06-28 11:44:14', '2016-06-28 11:44:14', 'd50cb4a0-4b1a-4bee-9373-73e3c3617ddd'),
 ('197', '196', '26', '4', '1', NULL, '2016-06-28 11:45:18', '2016-06-28 11:45:18', '9d158c94-dd52-440f-9fee-f8a2b89304c1'),
 ('199', '198', '26', '4', '1', NULL, '2016-06-28 11:49:23', '2016-06-28 11:49:23', '8c440e21-1ba2-4581-aaa2-1c5e41c374ce'),
 ('200', '198', '26', '4', '2', NULL, '2016-06-28 11:49:23', '2016-06-28 11:49:23', '6041de9d-2484-4cd7-97af-0774aab03e33'),
 ('201', '198', '26', '4', '3', NULL, '2016-06-28 11:49:23', '2016-06-28 11:49:23', 'aeda54db-099b-4c9e-8b30-e5d03fa2b869'),
 ('202', '198', '26', '4', '4', NULL, '2016-06-28 11:49:23', '2016-06-28 11:49:23', '7ff91055-2a30-4ead-bdd8-4f6bbeac0520'),
 ('204', '203', '26', '4', '1', NULL, '2016-06-28 11:51:03', '2016-06-28 11:51:03', '53ae267d-8937-446b-b74c-64f07a119f44'),
 ('205', '203', '26', '4', '2', NULL, '2016-06-28 11:51:03', '2016-06-28 11:51:03', '27216cb3-be8a-496e-8911-a6725329d569'),
 ('207', '206', '26', '4', '1', NULL, '2016-06-28 11:53:18', '2016-06-28 11:53:18', '21af7816-a1d4-49a6-9111-85ff49a8600a'),
 ('208', '206', '26', '4', '2', NULL, '2016-06-28 11:53:18', '2016-06-28 11:53:18', '72efc8cd-104a-4106-b93b-5d931295b5ca'),
 ('211', '210', '26', '4', '1', NULL, '2016-06-28 12:24:44', '2016-06-28 12:24:44', '356d79cc-59e7-4b9c-ab45-aa331f15f685'),
 ('213', '212', '26', '4', '1', NULL, '2016-06-28 12:28:37', '2016-06-28 12:28:37', '5cad946e-f44f-4bc2-916e-329b4db7f223'),
 ('214', '212', '26', '4', '2', NULL, '2016-06-28 12:28:37', '2016-06-28 12:28:37', '59b08547-6e7c-4c52-9903-017dd21d8412'),
 ('216', '215', '26', '4', '1', NULL, '2016-06-28 12:29:54', '2016-06-28 12:29:54', 'c75da90d-f16b-40cc-b2a4-72c2fbe2672f'),
 ('217', '215', '26', '4', '2', NULL, '2016-06-28 12:29:54', '2016-06-28 12:29:54', '21a14391-5e31-4114-b779-41bfe9182cde'),
 ('219', '218', '26', '4', '1', NULL, '2016-06-28 12:31:32', '2016-06-28 12:31:32', '8c7dd4e7-b88b-4644-891e-46c144a3ee4b'),
 ('220', '218', '26', '4', '2', NULL, '2016-06-28 12:31:32', '2016-06-28 12:31:32', '612a7d6c-b1ff-47af-8ce4-9c07304f699c'),
 ('222', '221', '26', '4', '1', NULL, '2016-06-28 12:32:35', '2016-06-28 12:32:35', '0020a7c8-f86d-4f27-8ac2-fd9767c4abed'),
 ('223', '221', '26', '4', '2', NULL, '2016-06-28 12:32:35', '2016-06-28 12:32:35', '8cf6be4a-3416-4655-a35b-5124e4458f82'),
 ('225', '224', '26', '4', '1', NULL, '2016-06-28 12:33:49', '2016-06-28 12:33:49', 'd87d88c2-e730-4245-872e-52a94aed7c4a'),
 ('226', '224', '26', '4', '2', NULL, '2016-06-28 12:33:49', '2016-06-28 12:33:49', 'f0dfc736-5ac6-417c-814f-a93b73820960'),
 ('228', '227', '29', '5', '1', NULL, '2016-06-29 09:08:53', '2016-06-30 08:44:00', '2f76b2fa-aaf0-4b56-af79-192d74ff4440'),
 ('230', '227', '29', '5', '2', NULL, '2016-06-29 11:51:55', '2016-06-30 08:44:00', 'a7af601a-8da9-4a2b-acbf-f023a02cbff3'),
 ('231', '227', '29', '5', '3', NULL, '2016-06-29 11:51:55', '2016-06-30 08:44:00', '160eb885-0e9c-4a85-92d5-edde4fabe281'),
 ('232', '227', '29', '5', '4', NULL, '2016-06-29 11:51:55', '2016-06-30 08:44:00', '4e87076b-4b16-49bc-9ee6-6a27130f9e00'),
 ('233', '227', '29', '5', '5', NULL, '2016-06-29 11:51:55', '2016-06-30 08:44:00', '67e8f65e-f629-482f-ae8f-21832a0ba714'),
 ('234', '227', '29', '5', '6', NULL, '2016-06-29 11:51:55', '2016-06-30 08:44:00', 'ae2be194-5734-4425-a3cd-857885471e83'),
 ('235', '227', '29', '5', '7', NULL, '2016-06-29 11:51:55', '2016-06-30 08:44:00', '87809d28-fbe3-4fdc-94ad-f8097fd016f4'),
 ('236', '227', '29', '5', '8', NULL, '2016-06-29 11:51:55', '2016-06-30 08:44:00', '23bd4b5e-22ac-4554-88c3-9ef978ea7638'),
 ('237', '227', '29', '5', '9', NULL, '2016-06-29 11:51:55', '2016-06-30 08:44:00', 'fd1202ec-794d-4a44-b533-f12c057d9d93'),
 ('250', '248', '29', '5', '1', NULL, '2016-06-30 11:39:14', '2016-06-30 11:39:14', '8b788b89-ba75-439b-a11b-04d475de79bb'),
 ('253', '251', '29', '5', '1', NULL, '2016-06-30 13:33:07', '2016-07-01 11:05:02', '2ebd4f78-9feb-45a7-9ae1-3fefdd1c952a'),
 ('255', '254', '29', '5', '1', NULL, '2016-06-30 13:49:10', '2016-07-01 11:05:42', '36679d36-8b72-43bf-a424-8b93c0a6a8cb'),
 ('256', '254', '29', '5', '2', NULL, '2016-06-30 13:51:23', '2016-07-01 11:05:42', '81a6ddab-f4a0-4bc3-82d2-2fbb2a4c7658'),
 ('257', '254', '29', '5', '3', NULL, '2016-06-30 13:51:23', '2016-07-01 11:05:42', '0ec72119-7913-42a2-bd39-a8a98d861800'),
 ('258', '254', '29', '5', '4', NULL, '2016-06-30 13:51:23', '2016-07-01 11:05:42', '167de380-28df-4ee6-881c-a81646aadfe9'),
 ('259', '254', '29', '5', '5', NULL, '2016-06-30 13:51:23', '2016-07-01 11:05:42', '45460aff-5e54-467f-8924-a7c4eee343ce'),
 ('260', '254', '29', '5', '6', NULL, '2016-06-30 13:51:23', '2016-07-01 11:05:42', 'e33f7ecd-dbef-4ec5-b72d-c33c6223e7c1'),
 ('261', '254', '29', '5', '7', NULL, '2016-06-30 13:51:23', '2016-07-01 11:05:42', 'bd7121f8-f234-4795-8dda-3d093db1e5a4'),
 ('262', '254', '29', '5', '8', NULL, '2016-06-30 13:51:23', '2016-07-01 11:05:42', '70aacc74-44ab-4144-92df-24eb4dc681cd'),
 ('263', '254', '29', '5', '9', NULL, '2016-06-30 13:51:23', '2016-07-01 11:05:42', '9c7022ed-3bc9-4090-b3df-3bcefce8a75e'),
 ('265', '264', '29', '5', '1', NULL, '2016-06-30 13:56:58', '2016-07-01 11:03:42', 'f8a27453-f282-4e55-aec0-c50785145e0a'),
 ('276', '274', '29', '5', '1', NULL, '2016-07-01 09:23:51', '2016-07-01 09:27:48', 'e1f2653b-6c95-4359-a181-835813f9f446'),
 ('278', '277', '36', '6', '1', NULL, '2016-07-01 09:53:56', '2016-07-01 10:01:27', '4d0f1448-561c-4a52-8055-dfea7dd18003'),
 ('279', '277', '36', '6', '2', NULL, '2016-07-01 10:01:27', '2016-07-01 10:01:27', 'b9fcc53e-8d38-4d8b-9e77-23262d931df2'),
 ('100010', '100009', '43', '7', '1', NULL, '2016-07-05 12:01:22', '2016-07-05 14:27:37', '410351ff-6110-4683-b66f-9f9fa101ee67'),
 ('100011', '100009', '43', '7', '2', NULL, '2016-07-05 12:02:01', '2016-07-05 14:27:37', '57d79a2e-4aea-4ce7-9831-68d958c90556'),
 ('100012', '100009', '43', '7', '3', NULL, '2016-07-05 14:02:16', '2016-07-05 14:27:37', '2bd28975-adbe-4a93-9a20-e44d4ca0f29f'),
 ('100013', '100009', '43', '7', '4', NULL, '2016-07-05 14:02:16', '2016-07-05 14:27:37', 'dd3863bf-2175-4070-9100-8a2fff4ed295'),
 ('100014', '100009', '43', '7', '5', NULL, '2016-07-05 14:02:16', '2016-07-05 14:27:37', '611c9849-8a0f-47ce-8e59-270e3fd1565a'),
 ('100015', '100009', '43', '7', '6', NULL, '2016-07-05 14:04:38', '2016-07-05 14:27:37', '4df19140-db58-4092-bf5e-79de144f3be1'),
 ('100017', '100009', '43', '7', '7', NULL, '2016-07-05 14:16:54', '2016-07-05 14:27:37', 'd45d261e-2e34-4412-a631-94711c31f2e5'),
 ('100018', '100009', '43', '7', '8', NULL, '2016-07-05 14:19:36', '2016-07-05 14:27:37', 'ed8372b1-275f-490f-b33e-caad3e26c582'),
 ('100019', '100009', '43', '7', '9', NULL, '2016-07-05 14:22:35', '2016-07-05 14:27:37', '255775a5-930d-4255-9272-69675b7e49dc'),
 ('100020', '100009', '43', '7', '10', NULL, '2016-07-05 14:22:35', '2016-07-05 14:27:37', 'd7f1067f-4e4d-4561-9fe6-f5d378640359'),
 ('100021', '100009', '43', '7', '11', NULL, '2016-07-05 14:22:35', '2016-07-05 14:27:37', 'c22c744c-2cab-44e7-9cfb-a5ab69fc7285'),
 ('100022', '100009', '43', '7', '12', NULL, '2016-07-05 14:22:35', '2016-07-05 14:27:37', 'e68100d5-4a60-4dea-bce3-c29db3aa3be8'),
 ('100023', '100009', '43', '7', '13', NULL, '2016-07-05 14:24:15', '2016-07-05 14:27:37', '240e3e41-a6ee-44ab-ae53-6609a8fd6956'),
 ('100024', '100009', '43', '7', '14', NULL, '2016-07-05 14:24:15', '2016-07-05 14:27:37', '23a67d5e-3dc4-4545-85b2-aba5ccac1b89'),
 ('100025', '100009', '43', '7', '15', NULL, '2016-07-05 14:24:43', '2016-07-05 14:27:37', 'dcc7a7aa-b5b3-440d-9215-cef45b8e7e45');



DROP TABLE IF EXISTS `craft_matrixblocktypes`;


--
-- Schema for table `craft_matrixblocktypes`
--
CREATE TABLE `craft_matrixblocktypes` (
  `id` int(11) NOT NULL AUTO_INCREMENT,
  `fieldId` int(11) NOT NULL,
  `fieldLayoutId` int(11) DEFAULT NULL,
  `name` varchar(255) COLLATE utf8_unicode_ci NOT NULL,
  `handle` varchar(255) COLLATE utf8_unicode_ci NOT NULL,
  `sortOrder` smallint(6) unsigned DEFAULT NULL,
  `dateCreated` datetime NOT NULL,
  `dateUpdated` datetime NOT NULL,
  `uid` char(36) COLLATE utf8_unicode_ci NOT NULL DEFAULT '0',
  PRIMARY KEY (`id`),
  UNIQUE KEY `craft_matrixblocktypes_name_fieldId_unq_idx` (`name`,`fieldId`),
  UNIQUE KEY `craft_matrixblocktypes_handle_fieldId_unq_idx` (`handle`,`fieldId`),
  KEY `craft_matrixblocktypes_fieldId_fk` (`fieldId`),
  KEY `craft_matrixblocktypes_fieldLayoutId_fk` (`fieldLayoutId`)
) ENGINE=InnoDB AUTO_INCREMENT=8 DEFAULT CHARSET=utf8 COLLATE=utf8_unicode_ci;

--
-- Data for table `craft_matrixblocktypes`
--

INSERT INTO `craft_matrixblocktypes` (`id`, `fieldId`, `fieldLayoutId`, `name`, `handle`, `sortOrder`, `dateCreated`, `dateUpdated`, `uid`) VALUES
 ('4', '26', '68', 'Svar', 'answer', '1', '2016-06-23 13:46:57', '2016-06-23 13:53:35', '9e8ac349-9472-4456-9227-821adc8bc25a'),
 ('5', '29', '75', 'block', 'block', '1', '2016-06-29 09:03:52', '2016-06-29 09:09:11', '557c9372-5243-44a6-81b5-32645a3f932e'),
 ('6', '36', '92', 'Global', 'global', '1', '2016-07-01 09:49:18', '2016-07-01 09:53:42', '47be07a8-11cb-464f-a2da-e84784291d70'),
 ('7', '43', '107', 'Linje', 'line', '1', '2016-07-05 12:00:22', '2016-07-05 14:05:49', '9e03bc20-6d81-4fbd-8c84-d259d81eb21f');



DROP TABLE IF EXISTS `craft_matrixcontent_answer`;


--
-- Schema for table `craft_matrixcontent_answer`
--
CREATE TABLE `craft_matrixcontent_answer` (
  `id` int(11) NOT NULL AUTO_INCREMENT,
  `elementId` int(11) NOT NULL,
  `locale` char(12) COLLATE utf8_unicode_ci NOT NULL,
  `field_answer_answer` text COLLATE utf8_unicode_ci,
  `dateCreated` datetime NOT NULL,
  `dateUpdated` datetime NOT NULL,
  `uid` char(36) COLLATE utf8_unicode_ci NOT NULL DEFAULT '0',
  PRIMARY KEY (`id`),
  UNIQUE KEY `craft_matrixcontent_answer_elementId_locale_unq_idx` (`elementId`,`locale`),
  KEY `craft_matrixcontent_answer_locale_fk` (`locale`)
) ENGINE=InnoDB AUTO_INCREMENT=31 DEFAULT CHARSET=utf8 COLLATE=utf8_unicode_ci;

--
-- Data for table `craft_matrixcontent_answer`
--

INSERT INTO `craft_matrixcontent_answer` (`id`, `elementId`, `locale`, `field_answer_answer`, `dateCreated`, `dateUpdated`, `uid`) VALUES
 ('1', '182', 'da', '<p>JA prisen ændrer sig ikke selvom man har flere skader</p>', '2016-06-23 13:48:19', '2016-06-27 09:44:57', 'ef1cbb30-78de-4e66-ad45-a1a665bf3c26'),
 ('2', '184', 'da', '<p>Fordi der ingen selvrisiko er</p>', '2016-06-23 13:52:47', '2016-06-28 11:44:14', '3a147081-328a-4eb9-bdfc-8970e4b4816a'),
 ('3', '185', 'da', '<p>Fordi der ingen afskrivning er</p>', '2016-06-23 13:52:47', '2016-06-28 11:44:14', 'dcf11b6a-e438-4f21-93cc-76995c60134e'),
 ('4', '186', 'da', '<p>Fordi du kan nøjes med én forsikring på dine produkter og derved slipper for at have en på hvert produkt</p>', '2016-06-23 13:52:47', '2016-06-28 11:44:14', '89dc4a2f-099f-4dc2-9caa-b65e3c34ddda'),
 ('5', '187', 'da', '<p>\nFordi du aldrig kommer til at mangle forsikring på din elektronik\n\n\n</p>', '2016-06-23 13:52:47', '2016-06-28 11:44:14', 'a0d5b73f-3ef2-4045-a2c0-a970c40ae6f7'),
 ('6', '188', 'da', '<p>bare fordi</p>', '2016-06-27 09:29:21', '2016-06-27 09:44:57', '8c7c18cd-caf1-456d-b3dd-4c4ed10ed16f'),
 ('7', '189', 'da', '', '2016-06-27 09:29:21', '2016-06-27 09:44:57', 'ff30cd44-adca-4c9b-ae3f-63d7f94ee629'),
 ('8', '193', 'da', '<p>\n\nFordi du\nnøjagtigt ved hvordan du er forsikret, uanset hvilket produkt det er og hvor\ndet er købt</p><p>\n\n</p>', '2016-06-28 11:44:14', '2016-06-28 11:44:14', '9af770e8-0c9a-48f4-8ab7-905bde3f3951'),
 ('9', '194', 'da', '<p>\n\nFordi du\naltid skal henvende dig samme sted når du har en skade, og derved slipper for\nat kontakte flere forskellige</p><p>\n\n</p>', '2016-06-28 11:44:14', '2016-06-28 11:44:14', '0bb2d75e-8eeb-4430-b7bb-42645dc3067c'),
 ('10', '195', 'da', '<p>\n\nFordi du altid\nvil blive mødt med kvalificeret kundeservice af vores professionelle personale</p><p>\n\n</p>', '2016-06-28 11:44:14', '2016-06-28 11:44:14', '785bd3f6-7e45-4c4f-b635-55e6d2270eff'),
 ('11', '197', 'da', '<p>\n\nNej, der er\ningen selvrisiko uanset om du har 1 eller flere skader</p><p>\n\n</p>', '2016-06-28 11:45:18', '2016-06-28 11:45:18', 'd5dd2e96-f21a-4b14-b5cf-7b4ff8b2e69b'),
 ('12', '199', 'da', '<p>Nej det\ngør det ikke, det betyder at forsikringen ikke afskriver grundet produktets\nalder</p>', '2016-06-28 11:49:23', '2016-06-28 11:49:23', '80f6e24b-798c-4bf9-b99b-384a4920fe80'),
 ('13', '200', 'da', '<p>\n\nHvis et\nprodukt kan repareres indenfor værdien af oprindelig købspris eller prisen på hvad \net teknisk tilsvarende produkt koster i dag, så vil produktet blive repareret</p><p>\n\n</p>', '2016-06-28 11:49:23', '2016-06-28 11:49:23', 'b191dc75-486f-438e-b202-3ef77fdc5614'),
 ('14', '201', 'da', '<p>Hvis\nproduktet ikke kan repareres indenfor oprindelig købspris eller hvad et teknisk\ntilsvarende koster i dag, så erklæres produktet for totalskadet, og du får et\nnyt teknisk tilsvarende produkt</p><p>\n\n</p>', '2016-06-28 11:49:23', '2016-06-28 11:49:23', '8f984346-2411-4633-ac7b-28e11912aa7e'),
 ('15', '202', 'da', '<p>\n\nDer kan\naldrig erstattes for mere end oprindelig købspris</p><p>\n\n</p>', '2016-06-28 11:49:23', '2016-06-28 11:49:23', '13a65e1d-aa4c-4370-8d12-56aec6871316'),
 ('16', '204', 'da', '<p>\n\nDet er langt\nde fleste produkter indenfor elektronik og hårde hvidevare produkter, men der er undtagelser.</p><p>\n\n</p>', '2016-06-28 11:51:03', '2016-06-28 11:51:03', '22a6e57f-1158-45bd-8102-c110fc921bc9'),
 ('17', '205', 'da', '<p>\n\nSe\nbetingelserne, her står oplyst hvilke produkter der er omfattet</p><p>\n\n</p>', '2016-06-28 11:51:03', '2016-06-28 11:51:03', '041c7f24-34d8-4120-a57f-e022f897dd74'),
 ('18', '207', 'da', '<p>\n\nDet kommer\nan på hvilket produkt der er tale om. Forsikringen dækker fra 2 til 5 år\ngældende fra produktets købsdato</p><p>\n\n</p>', '2016-06-28 11:53:18', '2016-06-28 11:53:18', '926c8d68-333c-4c8d-9815-e4a609aafa62'),
 ('19', '208', 'da', '<p>\n\nSe\nbetingelserne, her står oplyst forsikringsperioden for hvert produkt der er\nomfattet – perioden er gældende fra købsdato af produktet</p><p>\n\n</p>', '2016-06-28 11:53:18', '2016-06-28 11:53:18', '7cd43403-8f85-4302-bb69-4a99754a480e'),
 ('20', '211', 'da', '<p>\n\nJa, skader\nsom er dækningsberettiget er dækket uanset hvor skaden sker</p><p>\n\n</p>', '2016-06-28 12:24:44', '2016-06-28 12:24:44', 'b4dd76c3-84f1-409c-a9a6-8438910fb7e3'),
 ('21', '213', 'da', '<p>\n\nNej\nforsikringen dækker ingen former for tyveri eller bortkomst </p><p>\n\n</p>', '2016-06-28 12:28:37', '2016-06-28 12:28:37', 'bc3cb797-69c5-477d-9927-fa81d33f5f91'),
 ('22', '214', 'da', '<p>\n\nTyveri er\ndækket af ens indbo ( i de fleste tilfælde, kommer selvfølgelig an på hvilken\ntype tyveri der er tale om – her må man tage kontakt til sin indbo forsikring)</p><p>\n\n</p>', '2016-06-28 12:28:37', '2016-06-28 12:28:37', '8b65581f-e042-44dc-bcb1-ca31e2e6cb23'),
 ('23', '216', 'da', '<p>Ja,\nforsikringen dækker uanset hvem i husstanden der taber et produkt eller på\nanden måde kommer til at ødelægge produktet (hvis det vel og mærket er en\ndækningsberettiget skade)</p><p>\n\n</p>', '2016-06-28 12:29:53', '2016-06-28 12:29:53', '99af9bd8-cd4d-4829-a3dc-510e5a771f82'),
 ('24', '217', 'da', '<p>\n\nSe\nbetingelserne, her kan du læse mere om hvad den dækker og ikke dækker</p><p>\n\n</p>', '2016-06-28 12:29:54', '2016-06-28 12:29:54', '66e5ea4d-7b99-43bd-9bfd-6da9a829ddf4'),
 ('25', '219', 'da', '<p>\n\nDen\nfortsætter så længe du betaler dit månedlige abonnement på 99 kr.</p><p>\n\n</p>', '2016-06-28 12:31:32', '2016-06-28 12:31:32', 'a0ba5f04-0fc2-46dd-a7c4-b4a33d78eab5'),
 ('26', '220', 'da', '<p>\n\nDu trækkes\nautomatisk 99 k. fra dit kort, som du har købt forsikringen med</p><p>\n\n</p>', '2016-06-28 12:31:32', '2016-06-28 12:31:32', '3092b8a1-17a9-47de-99ab-1209ca175f57'),
 ('27', '222', 'da', '<p>\n\nJa, du har\n14 dages fuld fortrydelsesret fra købsdatoen</p><p>\n\n</p>', '2016-06-28 12:32:35', '2016-06-28 12:32:35', 'edfd094a-b574-46d8-9295-c3093fc5dd58'),
 ('28', '223', 'da', '<p>\n\nHerefter kan\ndu opsige forsikringen med løbende måned + 30 dage</p><p>\n\n</p>', '2016-06-28 12:32:35', '2016-06-28 12:32:35', '214f181a-ca2e-4ffe-861b-cfde07eee5d9'),
 ('29', '225', 'da', '<p>Nej, hvis dit\nprodukt går i stykker indenfor de første 2 år, og der er tale om en\nfunktionsfejl (ikke en udefrakommende skade), så skal du kontakte den\nforhandler, som du har købt produktet hos</p><p>\n\n</p>', '2016-06-28 12:33:49', '2016-06-28 12:33:49', 'e19e0918-d54e-4720-947f-754dc4f2d466'),
 ('30', '226', 'da', '<p>\n\nHvis der\nsker en funktionsfejl efter den 2-årige reklamationsperiode er udløbet, så skal\ndu anmelde skaden til Danrisk</p><p>\n\n</p>', '2016-06-28 12:33:49', '2016-06-28 12:33:49', 'de5239e2-a7f3-42ec-94c2-af79b477c8a2');



DROP TABLE IF EXISTS `craft_matrixcontent_forsikringscertifikat`;


--
-- Schema for table `craft_matrixcontent_forsikringscertifikat`
--
CREATE TABLE `craft_matrixcontent_forsikringscertifikat` (
  `id` int(11) NOT NULL AUTO_INCREMENT,
  `elementId` int(11) NOT NULL,
  `locale` char(12) COLLATE utf8_unicode_ci NOT NULL,
  `field_line_fieldName` text COLLATE utf8_unicode_ci,
  `field_line_value` text COLLATE utf8_unicode_ci,
  `field_line_prefix` text COLLATE utf8_unicode_ci,
  `field_line_fieldVariabel` text COLLATE utf8_unicode_ci,
  `dateCreated` datetime NOT NULL,
  `dateUpdated` datetime NOT NULL,
  `uid` char(36) COLLATE utf8_unicode_ci NOT NULL DEFAULT '0',
  PRIMARY KEY (`id`),
  UNIQUE KEY `craft_matrixcontent_forsikringscertifika_elementId_locale_unq_id` (`elementId`,`locale`),
  KEY `craft_matrixcontent_forsikringscertifikat_locale_fk` (`locale`)
) ENGINE=InnoDB AUTO_INCREMENT=17 DEFAULT CHARSET=utf8 COLLATE=utf8_unicode_ci;

--
-- Data for table `craft_matrixcontent_forsikringscertifikat`
--

INSERT INTO `craft_matrixcontent_forsikringscertifikat` (`id`, `elementId`, `locale`, `field_line_fieldName`, `field_line_value`, `field_line_prefix`, `field_line_fieldVariabel`, `dateCreated`, `dateUpdated`, `uid`) VALUES
 ('1', '100010', 'da', 'Policenr', '<p>Policenr.</p>', '', 'policytype', '2016-07-05 12:01:22', '2016-07-05 14:27:37', '3d114740-bdce-4e59-b2ea-01babe7f2fa9'),
 ('2', '100011', 'da', 'Forsikringstype', '<p>Elektronikforsikring</p>', '', 'insurrenceType', '2016-07-05 12:02:01', '2016-07-05 14:27:37', 'a715efd2-c9b4-43e1-a4a3-6a7d506df172'),
 ('3', '100012', 'da', 'Risikobærer', '<p>Qudos Insurance A/S, Kongevejen 371, 2840 Holte</p>', '', 'ricicitaker', '2016-07-05 14:02:16', '2016-07-05 14:27:37', '97cd2ea8-7004-4de2-89d9-78be01ba5a1e'),
 ('4', '100013', 'da', 'Administrator', '<p>Danrisk Forsikringsagentur ApS, Havnevej 1, 4000 Roskilde, telefon 46306030</p>', '', 'administrator', '2016-07-05 14:02:16', '2016-07-05 14:27:37', '879ff46b-ef8e-4590-be2e-be18d9c8e91c'),
 ('5', '100014', 'da', 'Forsikringsperiode', '<p>Forsikringen gælder fra <strong>{order.dateOrdered|date(\'d-m-y\')}</strong> og i henholdsvis 2, 3, 4, eller 5 år ud fra produkttype – se betingelser.</p>', '', 'insurrencePeriod', '2016-07-05 14:02:16', '2016-07-05 14:27:37', '901a7dca-1f83-4ac7-b802-b1f146efbeef'),
 ('6', '100015', 'da', 'Sikrede / Medforsikrede', '', '', 'insurrenceTaker', '2016-07-05 14:04:38', '2016-07-05 14:27:37', 'eb18c738-f03a-470b-850c-13580304af12'),
 ('8', '100017', 'da', 'Forsikringssted', '', '', 'insurrenceAddress', '2016-07-05 14:16:54', '2016-07-05 14:27:37', '12beb343-6d8c-4d23-b734-8efe7b16f97a'),
 ('9', '100018', 'da', 'Risikobeskrivelse', '<p>Elektronikforsikring for <strong>Elektronik- og hvidevarer produkter i hjemmet.</strong></p>', '', 'risiciDescription', '2016-07-05 14:19:36', '2016-07-05 14:27:37', '817d02bd-e259-49f2-a71d-20e571be2612'),
 ('10', '100019', 'da', 'Dækning', '<p>Elektronikforsikring - se betingelser</p>', '', 'cover', '2016-07-05 14:22:35', '2016-07-05 14:27:37', '08fecce7-2484-4bde-a7eb-a5ab7d68f4ab'),
 ('11', '100020', 'da', 'Forsikringssum', '<p>Produktets købspris – se betingelser</p>', '', 'insurrenceAmount', '2016-07-05 14:22:35', '2016-07-05 14:27:37', 'c97a8798-fb5b-4d97-84ac-98f852f89245'),
 ('12', '100021', 'da', 'Selvrisiko', '<p>Ingen selvrisiko</p>', '', 'ownRisk', '2016-07-05 14:22:35', '2016-07-05 14:27:37', 'c8502322-2839-4cbb-9c13-15e85bf2436b'),
 ('13', '100022', 'da', 'Karensperiode', '<p>3 måneder</p>', '', 'waitingPeriod', '2016-07-05 14:22:35', '2016-07-05 14:27:37', '47fb8902-d212-4a55-9973-9bcd84117204'),
 ('14', '100023', 'da', 'Særlige betingelser', '<p>Købsfaktura i forsikringstagers navn og/eller adresse skal kunne fremvises ved enhver skade.</p>', '', 'specialTerms', '2016-07-05 14:24:15', '2016-07-05 14:27:37', '77bf9a1a-ae15-47a8-befe-9e7c08edfa22'),
 ('15', '100024', 'da', 'Præmie​​', '<p>Den månedlige præmie andrager: 99 kr.<br /></p>', '', 'insurance', '2016-07-05 14:24:15', '2016-07-05 14:27:37', 'd21449ad-2f46-4eb3-8d4c-eccf14639c2e'),
 ('16', '100025', 'da', 'Kontaktinfo', '<p>Alle skader anmeldes online på <a href=\"http://www.elektronik-forsikring.dk\">www.elektronik-forsikring.dk</a>                 <br />Evt. spørgsmål kan rettes til info@darfo.dk.</p>', '', 'contactInfo', '2016-07-05 14:24:43', '2016-07-05 14:27:37', '40ebbfc0-091b-4550-be63-a1c22bca9f0a');



DROP TABLE IF EXISTS `craft_matrixcontent_global`;


--
-- Schema for table `craft_matrixcontent_global`
--
CREATE TABLE `craft_matrixcontent_global` (
  `id` int(11) NOT NULL AUTO_INCREMENT,
  `elementId` int(11) NOT NULL,
  `locale` char(12) COLLATE utf8_unicode_ci NOT NULL,
  `field_global_headline` text COLLATE utf8_unicode_ci,
  `field_global_value` text COLLATE utf8_unicode_ci,
  `dateCreated` datetime NOT NULL,
  `dateUpdated` datetime NOT NULL,
  `uid` char(36) COLLATE utf8_unicode_ci NOT NULL DEFAULT '0',
  PRIMARY KEY (`id`),
  UNIQUE KEY `craft_matrixcontent_global_elementId_locale_unq_idx` (`elementId`,`locale`),
  KEY `craft_matrixcontent_global_locale_fk` (`locale`)
) ENGINE=InnoDB AUTO_INCREMENT=3 DEFAULT CHARSET=utf8 COLLATE=utf8_unicode_ci;

--
-- Data for table `craft_matrixcontent_global`
--

INSERT INTO `craft_matrixcontent_global` (`id`, `elementId`, `locale`, `field_global_headline`, `field_global_value`, `dateCreated`, `dateUpdated`, `uid`) VALUES
 ('1', '278', 'da', 'martin', 'Beuschau', '2016-07-01 09:53:56', '2016-07-01 10:01:27', '9eea0c2f-8795-4337-b056-24c34782542b'),
 ('2', '279', 'da', 'test', 'blæst', '2016-07-01 10:01:27', '2016-07-01 10:01:27', 'd5ec0fca-f847-498b-8e40-2af1a1fb1311');



DROP TABLE IF EXISTS `craft_matrixcontent_sektion`;


--
-- Schema for table `craft_matrixcontent_sektion`
--
CREATE TABLE `craft_matrixcontent_sektion` (
  `id` int(11) NOT NULL AUTO_INCREMENT,
  `elementId` int(11) NOT NULL,
  `locale` char(12) COLLATE utf8_unicode_ci NOT NULL,
  `field_block_headline` text COLLATE utf8_unicode_ci,
  `field_block_body` text COLLATE utf8_unicode_ci,
  `dateCreated` datetime NOT NULL,
  `dateUpdated` datetime NOT NULL,
  `uid` char(36) COLLATE utf8_unicode_ci NOT NULL DEFAULT '0',
  PRIMARY KEY (`id`),
  UNIQUE KEY `craft_matrixcontent_sektion_elementId_locale_unq_idx` (`elementId`,`locale`),
  KEY `craft_matrixcontent_sektion_locale_fk` (`locale`)
) ENGINE=InnoDB AUTO_INCREMENT=31 DEFAULT CHARSET=utf8 COLLATE=utf8_unicode_ci;

--
-- Data for table `craft_matrixcontent_sektion`
--

INSERT INTO `craft_matrixcontent_sektion` (`id`, `elementId`, `locale`, `field_block_headline`, `field_block_body`, `dateCreated`, `dateUpdated`, `uid`) VALUES
 ('1', '228', 'da', 'Omfang', '<p>Nærværende kontantkøbsbetingelser er gældende for køb af forsikring online på www.elektronik-forsikring.dk Hjemmesiden www.elektronik-forsikring.dk ejes og drives af Danrisk Forsikringsagentur APS, Havnevej 1, 4000 Roskilde, CVR.NR. 33953194 Betingelserne kan ikke ændres.</p>', '2016-06-29 09:08:53', '2016-06-30 08:44:00', '5edf2f7d-ef3e-4078-8051-5c657a1ded09'),
 ('2', '230', 'da', 'Aftaleindgåelser', '<h6>\n\n</h6>\n\n<p>Køber skal ved køb acceptere kontantkøbsbetingelserne.\nKøber opfordres til at læse betingelserne grundigt igennem og gøre sig bekendt\nmed de forpligtelser og rettigheder, som betingelserne giver. Køber får en kopi\naf betingelser sammen med en bekræftelse af bestillingen pr. e-mail.</p>\n\n\n\n\n\n\n\n<p>\n\n</p>', '2016-06-29 11:51:55', '2016-06-30 08:44:00', 'db805165-c958-4c1a-8107-9a8bdc575667'),
 ('3', '231', 'da', 'Ejendomsret', '<h5><strong class=\"redactor-inline-converted\">\n\n</strong></h5>\n\n<p>Køber besidder fra købsdatoen ejendomsretten til\nElektronikforsikringen.</p>', '2016-06-29 11:51:55', '2016-06-30 08:44:00', '4ea9186f-5b59-4b00-a89d-e144978591f6'),
 ('4', '232', 'da', 'Betalingsbetingelser og gebyrer', '<h5>\n\n</h5>\n\n<p>Betaling for bestilte varer kan ske online ved brug af\nDankort, Visa-Dankort, Visa, Visa Electron, MasterCard og Maestro. Ved betaling med en af disse betalingskort, tillægges der et betalingskortgebyr, som varierer fra kort til kort.  Inden\nkøber vælger at godkende ordren, bliver gebyret oplyst.</p>\n\n\n\n\n\n\n\n<p>\n\n</p>\n\n\n\n\n\n\n\n<p>Betaling via kreditkort er underlagt kortudsteders\nbetingelser for anvendelse. Når køber bestiller med kreditkort trækkes beløbet\npå købers konto med det samme, da Elektronikforsikringen er gældende ved købet.\nBeløbet der trækkes er rest præmien for den givne måned samt for måneden efter.</p>\n\n\n\n\n\n\n\n<p>\n\n</p>', '2016-06-29 11:51:55', '2016-06-30 08:44:00', '00422b91-ace9-41b7-90e4-d27f28ca9672'),
 ('5', '233', 'da', 'Levering', '<p>Levering sker til den af køber oplyste E-mail adresse. Der er ikke tale om en fysisk vare, men en\nElektronikforsikring som leveres i det kunden køber.</p>\n\n<p>\n\n</p>\n\n\n\n\n\n\n\n<p>Forsikringen træder i kraft på købsdatoen.</p>\n\n\n\n\n\n\n\n<p>\n\n</p>', '2016-06-29 11:51:55', '2016-06-30 08:44:00', '30184e97-2666-420f-9cdc-0bde50baa4e9'),
 ('6', '234', 'da', 'Fortrydelsesret', '<p>Køber har ret til at træde tilbage fra denne aftale uden\nbegrundelse inden for 14 dage.</p>\n\n<p>\n\n</p>\n\n\n\n\n\n\n\n<p>Fortrydelsesfristen udløber 14 dage efter den dag, hvor\nkøber har købt Elektronikforsikringen.</p>\n\n\n\n\n\n\n\n<p>\n\n</p>\n\n\n\n\n\n\n\n<p>For at udøve fortrydelsesretten, skal køber meddele Danrisk\nForsikringsagentur ApS sin beslutning om, at fortryde denne aftale i en utvetydig\nerklæring (f.eks. ved brev eller e-mail). </p>\n\n\n\n\n\n\n\n<p>\n\n</p>\n\n\n\n\n\n\n\n<p>Fortrydelsesfristen er overholdt, hvis køber sender sin\nmeddelelse om udøvelse af fortrydelsesretten, inden fortrydelsesfristen er\nudløbet.</p>\n\n\n\n\n\n\n\n<p>\n\n</p>\n\n\n\n\n\n\n\n<p>Hvis køber udøver sin fortrydelsesret i denne aftale,\nrefunderer Danrisk\nForsikringsagentur ApS alle betalinger modtaget fra køber uden unødig forsinkelse\nog under alle omstændigheder senest 14 dage fra den dato, hvor Danrisk\nForsikringsagentur ApS har modtaget meddelelse om købers beslutning om at\nfortryde denne aftale.</p>\n\n\n\n\n\n\n\n<p>\n\n</p>\n\n\n\n\n\n\n\n<p>Danrisk\nForsikringsagentur ApS gennemfører en sådan tilbagebetaling med samme\nbetalingsmiddel, som køber benyttede ved den oprindelige transaktion, medmindre\nkøber udtrykkeligt har indvilget i noget andet. Under alle omstændigheder\npålægges køber ingen former for gebyrer som følge af tilbagebetalingen.</p>\n\n\n\n\n\n\n\n<p>\n\n</p>', '2016-06-29 11:51:55', '2016-06-30 08:44:00', '0d7e15cb-4ca7-4fcd-ab3c-7fab69f9d9f6'),
 ('7', '235', 'da', 'Persondatapolitik og videregivelse af personoplysninger', '<p>Ifølge Persondataloven har Danrisk Forsikringsagentur ApS pligt til at oplyse køber om bl.a. hvilke typer af\npersonoplysninger, der behandles, med hvilket formål behandlingen sker, samt\nhvem oplysningerne videregives til.</p>\n\n<p>\n\n</p>\n\n\n\n\n\n\n\n<p>Danrisk\nForsikringsagentur ApS behandler oplysninger om køber til kundeadministration.</p>\n\n\n\n\n\n\n\n<p>\n\n</p>\n\n\n\n\n\n\n\n<p>Din personsikkerhed er en vigtig del af vores\nkundepolitik. Vi lever op til alle regler i persondataloven.</p>\n\n\n\n\n\n\n\n<p>\n\n</p>\n\n\n\n\n\n\n\n<p>Ved køb af Elektronikforsikring på\nwww.elektronik-forsikring.dk bliver køber registreret som kunde. De personlige\noplysninger der registreres er: Navn, adresse, telefonnummer og E-mail. </p>\n\n\n\n\n\n\n\n<p>\n\n</p>\n\n\n\n\n\n\n\n<p>Den dataansvarlige er:</p>\n\n\n\n\n\n\n\n<p>\n\n</p>\n\n\n\n\n\n\n\n<p>Danrisk Forsikringsagentur\nApS</p>\n\n\n\n\n\n\n\n<p>\n\n</p>\n\n\n\n\n\n\n\n<p>Havnevej 1</p>\n\n\n\n\n\n\n\n<p>\n\n</p>\n\n\n\n\n\n\n\n<p>4000 Roskilde</p>\n\n\n\n\n\n\n\n<p>\n\n</p>\n\n\n\n\n\n\n\n<p>CVR.NR. 33953194</p>\n\n\n\n\n\n\n\n<p>\n\n</p>\n\n\n\n\n\n\n\n<p>Som registreret hos Danrisk Forsikringsagentur ApS har du altid ret til at gøre indsigelse mod registreringen. Du\nhar også ret til indsigt i hvilke oplysninger, der er registreret om dig. Disse\nrettigheder har du efter persondataloven og henvendelse i forbindelse hermed\nrettes til den dataansvarlige.</p>\n\n\n\n\n\n\n\n<p>\n\n</p>\n\n\n\n\n\n\n\n<p>Køber kan klage over Danrisk Forsikringsagentur ApS ´s behandling af oplysninger om køber til elektronik-forsikring.dk\nog til Datatilsynet.</p>\n\n\n\n\n\n\n\n<p>\n\n</p>', '2016-06-29 11:51:55', '2016-06-30 08:44:00', '103a66c1-28f2-4776-bc47-a60a19287327'),
 ('8', '236', 'da', 'Klageadgang', '<p>Køber har mulighed for at få behandlet en klage (ved\nskriftlig henvendelse) til: info@darfo.dk.</p>\n\n<p>\n\n</p>\n\n\n\n\n\n\n\n<p>Køber har også mulighed for at indbringe klage til Center\nfor Klageløsning og/eller Forbrugerklagenævnet, Carl Jacobsens Vej 35, 2500\nValby. Læs mere på www.forbrug.dk.</p>\n\n\n\n\n\n\n\n<p>\n\n</p>\n\n\n\n\n\n\n\n<p>EU-Kommissionens online klageportal kan også anvendes ved\nindgivelse af en klage. Ved indgivelse af en klage skal du angive vores e-mail\nadresse info@darfo.dk.</p>\n\n\n\n\n\n\n\n<p>\n\n</p>\n\n\n\n\n\n\n\n<p>Forbrugerombudsmanden fører tilsyn med elektronik-forsikring.dk\nvirksomhed, som kun består af Elektronikforsikringen.</p>\n\n\n\n\n\n\n\n<p>\n\n</p>\n\n\n\n\n\n\n\n<p>Retsforholdet afgøres efter dansk ret.</p>\n\n\n\n\n\n\n\n<p>\n\n</p>', '2016-06-29 11:51:55', '2016-06-30 08:44:00', '255e3c1d-7407-412f-bd4e-c98e3e740062'),
 ('9', '237', 'da', 'Forsikring', '<p>De gældende betingelser for Elektronikforsikringen findes\npå <a href=\"http://www.elektronik-forsikring.dk/\">www.elektronik-forsikring.dk</a>. Her kan køber desuden printe de gældende\nforsikringsbetingelser.  </p>\n\n<p>\n\n</p>\n\n\n\n\n\n\n\n<p>Ved accepten af elektronik-forsirking.dk handelsbetingelser\ni forbindelse med købet af en Elektronikforsikring, tilkendegives det\nsamtidigt, at forsikringsbetingelserne er læst.</p>\n\n\n\n\n\n\n\n<p>\n\n</p>', '2016-06-29 11:51:55', '2016-06-30 08:44:00', '931ebff9-40d7-4937-9d53-a5c13b3674d3'),
 ('10', '250', 'da', 'Information ved køb', '<p>Du har købt en Elektronikforsikring gennem DANRISK Forsikringsagentur ApS (DANRISK), Havnevej 1, 4000 Roskilde, tlf.:+45 46306030, mail: info@darfo.dk, forsikringsagent for QUDOS Insurance A/S, Kongevejen 371, 2840 Holte, CVR.nr. 33956967. DANRISK er registreret som forsikringsagent i Agentregisteret (kan ses på): <a href=\"http://www.forsikringogpension.dk/medlemmer/Agentregisteret/Sider/Agents%C3%B8gning.aspx\">http://www.forsikringogpension.dk/medlemmer/Agentregisteret/Sider/Agentsøgning.aspx</a>.<br /></p>\n\n<p> QUDOS Insurance A/S, Kongevejen 371, 2840 Holte, CVR.nr. 33956967, er forsikringsudbyder og den ansvarlige overfor forsikrede i henhold til forsikringspolicen.\n\n  </p>\n\n\n\n<p>Forsikringens væsentligste indhold er beskrevet i nærværende dokument. QUDOS er omfattet af Forsikringsgarantifonden. De fuldstændige vilkår samt forsikringsbeviset fremsendes via mail, efter at du har købt forsikringen fra DANRISK. Du kan læse de samlede forsikringsbetingelser på <a href=\"http://www.elektronik-forsikring.dk\">www.elektronik-forsikring.dk</a>.\n\n  </p>\n\n\n\n<p>Den samlede pris inkl. afgifter fremgår af kvitteringen.\n\n  </p>\n\n\n\n<p>For distributionen af Elektronikforsikringen modtager DANRISK en provision af QUDOS. Størrelsen af provisionen kan oplyses ved henvendelse til DANRISK.\n\n  </p>\n\n\n\n<p><b>Fortrydelse:</b>\n\n  </p>\n\n<p>Du har 14 dages fortrydelsesret fra købsdatoen. Hvis fortrydelsesfristen udløber på en helligdag, lørdag, grundlovsdag,\n\n  </p>\n\n<p>juleaftensdag eller nytårsaftensdag, er fristen først den følgende hverdag. Vil du gøre brug af fortrydelsesfristen skal du inden de 14 dage give besked om, at du har fortrudt dit køb af forsikringen, til DANRISK, Havnevej 1, 4000 Roskilde, eller på E-mail <a href=\"mailto:infor@darfo.dk\">infor@darfo.dk</a>.\n\n  </p>\n\n\n\n<p>Fortrydelsen skal ske skriftligt.\n\n  </p>\n\n<p><b>Forsikringens dækningsomfang:</b>\n\n  </p>\n\n<p>Såfremt du har en indboforsikring kan du have en dækning for tyveri eller udefra kommende skader på dit produkt.\n\n  </p>\n\n\n\n<p>Elektronikforsikring dækker værkstedets udgifter i forbindelse med at det forsikrede produkt er blevet skadet som følge af en pludselig og uforudset udefra kommende hændelse (skade), som ikke dækkes af en leverandørgaranti eller falder ind under sælgers ansvar ifølge købeloven (mangler). Derudover har du dækning for funktionsfejl efter udløb af den 2-årige reklamationsret i.h.t Købelovens § 83, for de apparater der har en længere forsikringsperiode end 2 år (se betingelser)\n\n  </p>\n\n\n\n<p><b>Forsikringens betaling og løbetid:</b>\n\n  </p>\n\n<p>Forsikringen betales til Danrisk ved købet. Her trækkes for restbeløbet for købsmåneden + måneden efter.\n\n  </p>\n\n\n\n<p>Forsikringen løber indtil den opsiges. Der er tale om en månedlig abonnementsbetaling på 99 kr., som automatisk trækkes på det betalingskort der er brugt ved købet.  Forsikringen kan altid opsiges med løbende måned + 30 dage.\n\n  </p>\n\n\n\n<p>Såfremt sikrede ønsker at gøre brug af forsikringen til dækning af en skade, skal sikrede gå ind på <a href=\"http://www.elektronikforsikring.dk\">www.elektronikforsikring.dk</a> hvor online skadesanmeldelsen udfyldes og sammen med den ønskede dokumentation sendes til DANRISK. Ved tvivls spørgsmål, kan DANRISK træffes på tlf. nr.+45 46306030, ml. 9.00 og 15.00, eller på E-mail adressen: <a href=\"mailto:info@darfo.dk\">info@darfo.dk</a>\n\n  </p>\n\n\n\n<p><b>Klage:</b>\n\n  </p>\n\n<p>Såfremt sikrede har en klage, kan sikrede henvende sig hos DANRISK eller hos QUDOS på de angivne adresser. Såfremt dette ikke løser problemet, kan uoverensstemmelsen indbringes for Ankenævnet for Forsikring, Anker Heegaards Gade 2, 1572 Kbh. V., tlf. 33158900. Reglerne herfor fremgår af <a href=\"http://www.ankeforsikring.dk\">www.ankeforsikring.dk</a>.\n\n  </p>\n\n\n\n<p>                                    </p>', '2016-06-30 11:39:14', '2016-06-30 11:39:14', '4e8cdcbb-073e-4274-978b-6d76b9543935'),
 ('11', '253', 'da', 'Nærværende', '<p>Nærværende kontantkøbsbetingelser er gældende for køb af forsikring online på <a href=\"http://www.elektronik-forsikring.dk/\">www.elektronik-forsikring.dk</a> Hjemmesiden <a href=\"http://www.elektronik-forsikring.dk/\">www.elektronik-forsikring.dk</a> ejes og drives af Danrisk Forsikringsagentur APS, Havnevej 1, 4000 Roskilde, CVR.NR. 33953194 Betingelserne kan ikke ændres.</p>', '2016-06-30 13:33:07', '2016-07-01 11:05:02', '9ee953cf-8bd4-476f-b1cd-4a1697a5926b'),
 ('12', '255', 'da', 'Omfang', '<p>Nærværende kontantkøbsbetingelser er gældende for køb af forsikring online på <a href=\"http://www.elektronik-forsikring.dk/\">www.elektronik-forsikring.dk</a> Hjemmesiden <a href=\"http://www.elektronik-forsikring.dk/\">www.elektronik-forsikring.dk</a> ejes og drives af Danrisk Forsikringsagentur APS, Havnevej 1, 4000 Roskilde, CVR.NR. 33953194 Betingelserne kan ikke ændres.</p>', '2016-06-30 13:49:10', '2016-07-01 11:05:42', '9ffe9304-b115-4699-ae4f-3a42f308a83d'),
 ('13', '256', 'da', 'Aftaleindgåelser', '<p>Køber skal ved køb acceptere kontantkøbsbetingelserne. Køber opfordres til at læse betingelserne grundigt igennem og gøre sig bekendt med de forpligtelser og rettigheder, som betingelserne giver. Køber får en kopi af betingelser sammen med en bekræftelse af bestillingen pr. e-mail.</p>', '2016-06-30 13:51:23', '2016-07-01 11:05:42', 'c7cc1f3d-76c5-48fb-8430-abeede789cad'),
 ('14', '257', 'da', 'Ejendomsret', '<p>Køber besidder fra købsdatoen ejendomsretten til Elektronikforsikringen.</p>', '2016-06-30 13:51:23', '2016-07-01 11:05:42', 'a8b0fa4b-fab9-46de-8de6-4b965d9de321'),
 ('15', '258', 'da', 'Betalingsbetingelser og gebyrer', '<p>Betaling for bestilte varer kan ske online ved brug af Dankort, Visa-Dankort, Visa, Visa Electron, MasterCard og Maestro. Ved betaling med en af disse betalingskort, tillægges der et betalingskortgebyr, som varierer fra kort til kort.  Inden køber vælger at godkende ordren, bliver gebyret oplyst.<br /></p>\n\n\n\n<p>Betaling via kreditkort er underlagt kortudsteders betingelser for anvendelse. Når køber bestiller med kreditkort trækkes beløbet på købers konto med det samme, da Elektronikforsikringen er gældende ved købet. Beløbet der trækkes er rest præmien for den givne måned samt for måneden efter.</p>', '2016-06-30 13:51:23', '2016-07-01 11:05:42', 'cbb06a5d-6a7b-4233-a650-663a6a444dfd'),
 ('16', '259', 'da', 'Levering', '<p>Levering sker til den af køber oplyste E-mail adresse. Der er ikke tale om en fysisk vare, men en Elektronikforsikring som leveres i det kunden køber.</p>\n\n\n\n<p>Forsikringen træder i kraft på købsdatoen.</p>', '2016-06-30 13:51:23', '2016-07-01 11:05:42', 'd61bda89-9b5e-436e-a39e-7fd40a3d0946'),
 ('17', '260', 'da', 'Fortrydelsesret', '<p>Køber har ret til at træde tilbage fra denne aftale uden begrundelse inden for 14 dage.</p>\n\n\n\n<p>Fortrydelsesfristen udløber 14 dage efter den dag, hvor køber har købt Elektronikforsikringen.</p>\n\n\n\n\n\n<p>For at udøve fortrydelsesretten, skal køber meddele Danrisk Forsikringsagentur ApS sin beslutning om, at fortryde denne aftale i en utvetydig erklæring (f.eks. ved brev eller e-mail).</p>\n\n\n\n\n\n<p>Fortrydelsesfristen er overholdt, hvis køber sender sin meddelelse om udøvelse af fortrydelsesretten, inden fortrydelsesfristen er udløbet.</p>\n\n\n\n\n\n<p>Hvis køber udøver sin fortrydelsesret i denne aftale, refunderer Danrisk Forsikringsagentur ApS alle betalinger modtaget fra køber uden unødig forsinkelse og under alle omstændigheder senest 14 dage fra den dato, hvor Danrisk Forsikringsagentur ApS har modtaget meddelelse om købers beslutning om at fortryde denne aftale.</p>\n\n\n\n\n\n<p>Danrisk Forsikringsagentur ApS gennemfører en sådan tilbagebetaling med samme betalingsmiddel, som køber benyttede ved den oprindelige transaktion, medmindre køber udtrykkeligt har indvilget i noget andet. Under alle omstændigheder pålægges køber ingen former for gebyrer som følge af tilbagebetalingen.</p>', '2016-06-30 13:51:23', '2016-07-01 11:05:42', 'b9c0f7d0-bd86-4d2c-9104-d0b4970a5742'),
 ('18', '261', 'da', 'Persondatapolitik og videregivelse af personoplysninger', '<p>Ifølge Persondataloven har Danrisk Forsikringsagentur ApS pligt til at oplyse køber om bl.a. hvilke typer af personoplysninger, der behandles, med hvilket formål behandlingen sker, samt hvem oplysningerne videregives til.</p>\n\n\n\n<p>Danrisk Forsikringsagentur ApS behandler oplysninger om køber til kundeadministration.</p>\n\n\n\n\n\n<p>Din personsikkerhed er en vigtig del af vores kundepolitik. Vi lever op til alle regler i persondataloven.</p>\n\n\n\n\n\n<p>Ved køb af Elektronikforsikring på <a href=\"http://www.elektronik-forsikring.dk/\">www.elektronik-forsikring.dk</a> bliver køber registreret som kunde. De personlige oplysninger der registreres er: Navn, adresse, telefonnummer og E-mail.</p>\n\n\n\n\n\n<p>Den dataansvarlige er:</p>\n\n\n\n\n\n<p>Danrisk Forsikringsagentur ApS</p>\n\n\n\n\n\n<p>Havnevej 1</p>\n\n\n\n\n\n<p>4000 Roskilde</p>\n\n\n\n\n\n<p>CVR.NR. 33953194</p>\n\n\n\n\n\n<p>Som registreret hos Danrisk Forsikringsagentur ApS har du altid ret til at gøre indsigelse mod registreringen. Du har også ret til indsigt i hvilke oplysninger, der er registreret om dig. Disse rettigheder har du efter persondataloven og henvendelse i forbindelse hermed rettes til den dataansvarlige.</p>\n\n\n\n\n\n<p>Køber kan klage over Danrisk Forsikringsagentur ApS ´s behandling af oplysninger om køber til elektronik-forsikring.dk og til Datatilsynet.</p>', '2016-06-30 13:51:23', '2016-07-01 11:05:42', 'f6285983-8c1a-4b09-8a11-7ffc1874b4e7'),
 ('19', '262', 'da', 'Klageadgang', '<p>Køber har mulighed for at få behandlet en klage (ved skriftlig henvendelse) til: info@darfo.dk.</p>\n\n\n\n<p>Køber har også mulighed for at indbringe klage til Center for Klageløsning og/eller Forbrugerklagenævnet, Carl Jacobsens Vej 35, 2500 Valby. Læs mere på www.forbrug.dk.</p>\n\n\n\n\n\n<p>EU-Kommissionens online klageportal kan også anvendes ved indgivelse af en klage. Ved indgivelse af en klage skal du angive vores e-mail adresse info@darfo.dk.</p>\n\n\n\n\n\n<p>Forbrugerombudsmanden fører tilsyn med elektronik-forsikring.dk virksomhed, som kun består af Elektronikforsikringen.</p>\n\n\n\n\n\n<p>Retsforholdet afgøres efter dansk ret.</p>', '2016-06-30 13:51:23', '2016-07-01 11:05:42', 'c6c7e782-55d0-4d5a-83b7-69e630589db8'),
 ('20', '263', 'da', 'Forsikring', '<p>De gældende betingelser for Elektronikforsikringen findes på <a href=\"http://www.elektronik-forsikring.dk/\">www.elektronik-forsikring.dk</a>. Her kan køber desuden printe de gældende forsikringsbetingelser. </p>\n\n\n\n<p>Ved accepten af elektronik-forsirking.dk handelsbetingelser i forbindelse med købet af en Elektronikforsikring, tilkendegives det samtidigt, at forsikringsbetingelserne er læst.</p>', '2016-06-30 13:51:23', '2016-07-01 11:05:42', '2ac3be01-ec36-4636-b03c-752ce749271d'),
 ('21', '265', 'da', '', '<h2>Information ved køb</h2>\n\n<p>Du har købt en Elektronikforsikring gennem DANRISK Forsikringsagentur ApS (DANRISK), Havnevej 1, 4000 Roskilde, tlf.:+45 46306030, mail: info@darfo.dk, forsikringsagent for QUDOS Insurance A/S, Kongevejen 371, 2840 Holte, CVR.nr. 33956967. DANRISK er registreret som forsikringsagent i Agentregisteret (kan ses på): <a href=\"http://www.forsikringogpension.dk/medlemmer/Agentregisteret/Sider/Agents%C3%B8gning.aspx\">http://www.forsikringogpension.dk/medlemmer/Agentregisteret/Sider/Agentsøgning.aspx</a>.</p>\n\n\n\n<p>QUDOS Insurance A/S, Kongevejen 371, 2840 Holte, CVR.nr. 33956967, er forsikringsudbyder og den ansvarlige overfor forsikrede i henhold til forsikringspolicen.</p>\n\n\n\n<p>Forsikringens væsentligste indhold er beskrevet i nærværende dokument. QUDOS er omfattet af Forsikringsgarantifonden. De fuldstændige vilkår samt forsikringsbeviset fremsendes via mail, efter at du har købt forsikringen fra DANRISK. Du kan læse de samlede forsikringsbetingelser på <a href=\"http://www.elektronik-forsikring.dk/\">www.elektronik-forsikring.dk</a>.</p>\n\n\n\n<p>Den samlede pris inkl. afgifter fremgår af kvitteringen.</p>\n\n\n\n<p>For distributionen af Elektronikforsikringen modtager DANRISK en provision af QUDOS. Størrelsen af provisionen kan oplyses ved henvendelse til DANRISK.</p>\n\n\n\n<h2>Fortrydelse</h2>\n\n\n\n<p>Du har 14 dages fortrydelsesret fra købsdatoen. Hvis fortrydelsesfristen udløber på en helligdag, lørdag, grundlovsdag,</p>\n\n\n\n<p>juleaftensdag eller nytårsaftensdag, er fristen først den følgende hverdag. Vil du gøre brug af fortrydelsesfristen skal du inden de 14 dage give besked om, at du har fortrudt dit køb af forsikringen, til DANRISK, Havnevej 1, 4000 Roskilde, eller på E-mail <a href=\"mailto:infor@darfo.dk\">infor@darfo.dk</a>.</p>\n\n\n\n<p>Fortrydelsen skal ske skriftligt.</p>\n\n\n\n<h2>Forsikringens dækningsomfang</h2>\n\n\n\n<p>Såfremt du har en indboforsikring kan du have en dækning for tyveri eller udefra kommende skader på dit produkt.</p>\n\n\n\n<p>Elektronikforsikring dækker værkstedets udgifter i forbindelse med at det forsikrede produkt er blevet skadet som følge af en pludselig og uforudset udefra kommende hændelse (skade), som ikke dækkes af en leverandørgaranti eller falder ind under sælgers ansvar ifølge købeloven (mangler). Derudover har du dækning for funktionsfejl efter udløb af den 2-årige reklamationsret i.h.t Købelovens § 83, for de apparater der har en længere forsikringsperiode end 2 år (se betingelser)</p>\n\n\n\n<h2>Forsikringens betaling og løbetid</h2>\n\n\n\n<p>Forsikringen betales til Danrisk ved købet. Her trækkes for restbeløbet for købsmåneden + måneden efter.</p>\n\n\n\n<p>Forsikringen løber indtil den opsiges. Der er tale om en månedlig abonnementsbetaling på 99 kr., som automatisk trækkes på det betalingskort der er brugt ved købet.  Forsikringen kan altid opsiges med løbende måned + 30 dage.</p>\n\n\n\n<p>Såfremt sikrede ønsker at gøre brug af forsikringen til dækning af en skade, skal sikrede gå ind på <a href=\"http://www.elektronikforsikring.dk/\">www.elektronikforsikring.dk</a> hvor online skadesanmeldelsen udfyldes og sammen med den ønskede dokumentation sendes til DANRISK. Ved tvivls spørgsmål, kan DANRISK træffes på tlf. nr.+45 46306030, ml. 9.00 og 15.00, eller på E-mail adressen: <a href=\"mailto:info@darfo.dk\">info@darfo.dk</a></p>\n\n\n\n<h2>Klage</h2>\n\n\n\n<p>Såfremt sikrede har en klage, kan sikrede henvende sig hos DANRISK eller hos QUDOS på de angivne adresser. Såfremt dette ikke løser problemet, kan uoverensstemmelsen indbringes for Ankenævnet for Forsikring, Anker Heegaards Gade 2, 1572 Kbh. V., tlf. 33158900. Reglerne herfor fremgår af <a href=\"http://www.ankeforsikring.dk/\">www.ankeforsikring.dk</a>.</p>\n\n\n\n<p>                                    </p>', '2016-06-30 13:56:58', '2016-07-01 11:03:42', 'cfc36e68-f447-4d9f-b78f-c95683aad6a5'),
 ('30', '276', 'da', 'Kontakt', '<p>Har du brug for at komme i kontakt med os, er du mere end velkommen til at skrive eller ringe. </p>\n\n<p>Danrisk<br />Havnevej 1<br />4000 Roskilde</p>\n\n<p>Email: kontakt@danrisk.com<br />Telefon: Telefon 46306030</p><p>Cvr.: 33953194<br /></p>', '2016-07-01 09:23:51', '2016-07-01 09:27:48', '69fc396c-be2a-401a-8b99-1d13a4360829');



DROP TABLE IF EXISTS `craft_migrations`;


--
-- Schema for table `craft_migrations`
--
CREATE TABLE `craft_migrations` (
  `id` int(11) NOT NULL AUTO_INCREMENT,
  `pluginId` int(11) DEFAULT NULL,
  `version` varchar(255) COLLATE utf8_unicode_ci NOT NULL,
  `applyTime` datetime NOT NULL,
  `dateCreated` datetime NOT NULL,
  `dateUpdated` datetime NOT NULL,
  `uid` char(36) COLLATE utf8_unicode_ci NOT NULL DEFAULT '0',
  PRIMARY KEY (`id`),
  UNIQUE KEY `craft_migrations_version_unq_idx` (`version`),
  KEY `craft_migrations_pluginId_fk` (`pluginId`)
) ENGINE=InnoDB AUTO_INCREMENT=67 DEFAULT CHARSET=utf8 COLLATE=utf8_unicode_ci;

--
-- Data for table `craft_migrations`
--

INSERT INTO `craft_migrations` (`id`, `pluginId`, `version`, `applyTime`, `dateCreated`, `dateUpdated`, `uid`) VALUES
 ('1', NULL, 'm000000_000000_base', '2016-03-30 12:09:16', '2016-03-30 12:09:16', '2016-03-30 12:09:16', '0228d344-d478-476e-8496-629697702f32'),
 ('2', NULL, 'm140730_000001_add_filename_and_format_to_transformindex', '2016-03-30 12:09:16', '2016-03-30 12:09:16', '2016-03-30 12:09:16', 'bcc52f68-730f-4020-b577-115eed6533a9'),
 ('3', NULL, 'm140815_000001_add_format_to_transforms', '2016-03-30 12:09:16', '2016-03-30 12:09:16', '2016-03-30 12:09:16', 'd843b2ec-86b9-4871-bb30-9d85a1b65e9b'),
 ('4', NULL, 'm140822_000001_allow_more_than_128_items_per_field', '2016-03-30 12:09:16', '2016-03-30 12:09:16', '2016-03-30 12:09:16', '8c3e62a0-adb0-4f0a-9e6c-746671ae4a96'),
 ('5', NULL, 'm140829_000001_single_title_formats', '2016-03-30 12:09:16', '2016-03-30 12:09:16', '2016-03-30 12:09:16', '652a31c8-9ec0-427e-ab3a-ab59927cb9fb'),
 ('6', NULL, 'm140831_000001_extended_cache_keys', '2016-03-30 12:09:16', '2016-03-30 12:09:16', '2016-03-30 12:09:16', 'c1b8b01b-0eda-454a-8cda-45273b486b2c'),
 ('7', NULL, 'm140922_000001_delete_orphaned_matrix_blocks', '2016-03-30 12:09:16', '2016-03-30 12:09:16', '2016-03-30 12:09:16', '4c264e5c-dc00-41d6-b596-1c774c9145b2'),
 ('8', NULL, 'm141008_000001_elements_index_tune', '2016-03-30 12:09:16', '2016-03-30 12:09:16', '2016-03-30 12:09:16', '49cabe83-53c4-40c0-be39-6e92eb53ac2f'),
 ('9', NULL, 'm141009_000001_assets_source_handle', '2016-03-30 12:09:16', '2016-03-30 12:09:16', '2016-03-30 12:09:16', '17e02227-1a56-4cc5-ab8c-86c07f5e2a45'),
 ('10', NULL, 'm141024_000001_field_layout_tabs', '2016-03-30 12:09:16', '2016-03-30 12:09:16', '2016-03-30 12:09:16', '8634f901-240d-417d-b8ce-4df56d753267'),
 ('11', NULL, 'm141030_000000_plugin_schema_versions', '2016-03-30 12:09:16', '2016-03-30 12:09:16', '2016-03-30 12:09:16', '490052dd-9a9a-48ac-9d8d-5b63e620330f'),
 ('12', NULL, 'm141030_000001_drop_structure_move_permission', '2016-03-30 12:09:16', '2016-03-30 12:09:16', '2016-03-30 12:09:16', 'aef8b875-e865-4978-abd2-e65d53049b32'),
 ('13', NULL, 'm141103_000001_tag_titles', '2016-03-30 12:09:16', '2016-03-30 12:09:16', '2016-03-30 12:09:16', '164b246b-f0a2-4e09-9e39-8fde8ecdd55a'),
 ('14', NULL, 'm141109_000001_user_status_shuffle', '2016-03-30 12:09:16', '2016-03-30 12:09:16', '2016-03-30 12:09:16', '264a1628-eb24-4b6f-93f8-78f88042bdf3'),
 ('15', NULL, 'm141126_000001_user_week_start_day', '2016-03-30 12:09:16', '2016-03-30 12:09:16', '2016-03-30 12:09:16', '7cdf2484-5d75-447e-ade9-6d0c53460c5a'),
 ('16', NULL, 'm150210_000001_adjust_user_photo_size', '2016-03-30 12:09:16', '2016-03-30 12:09:16', '2016-03-30 12:09:16', '4232d2ab-1260-4cb3-99d5-04687b2b816d'),
 ('17', NULL, 'm150724_000001_adjust_quality_settings', '2016-03-30 12:09:16', '2016-03-30 12:09:16', '2016-03-30 12:09:16', 'fef43a78-efd6-4cd0-97e9-ba26f6cc9687'),
 ('18', NULL, 'm150827_000000_element_index_settings', '2016-03-30 12:09:16', '2016-03-30 12:09:16', '2016-03-30 12:09:16', '31da243e-b2d1-4bdb-9346-b4b727005f1a'),
 ('19', NULL, 'm150918_000001_add_colspan_to_widgets', '2016-03-30 12:09:16', '2016-03-30 12:09:16', '2016-03-30 12:09:16', '5e3beee0-a369-4474-a38a-7be40976d944'),
 ('20', NULL, 'm151007_000000_clear_asset_caches', '2016-03-30 12:09:16', '2016-03-30 12:09:16', '2016-03-30 12:09:16', '3917b2dd-8012-41f7-acf2-8c63ccbb36e4'),
 ('21', NULL, 'm151109_000000_text_url_formats', '2016-03-30 12:09:16', '2016-03-30 12:09:16', '2016-03-30 12:09:16', '50830962-c4b0-4b28-86ff-82ed727643a6'),
 ('22', NULL, 'm151110_000000_move_logo', '2016-03-30 12:09:16', '2016-03-30 12:09:16', '2016-03-30 12:09:16', 'fafd1527-c16f-4eb5-9458-cc991ad52c5b'),
 ('23', NULL, 'm151117_000000_adjust_image_widthheight', '2016-03-30 12:09:16', '2016-03-30 12:09:16', '2016-03-30 12:09:16', '79348cd5-828e-4fe1-a8f8-f567d8d1cf85'),
 ('24', NULL, 'm151127_000000_clear_license_key_status', '2016-03-30 12:09:16', '2016-03-30 12:09:16', '2016-03-30 12:09:16', '48d8f812-6783-4537-bcd5-872a69a62e2f'),
 ('25', NULL, 'm151127_000000_plugin_license_keys', '2016-03-30 12:09:16', '2016-03-30 12:09:16', '2016-03-30 12:09:16', '581d47ba-eb91-47db-9582-f099f41438c7'),
 ('26', NULL, 'm151130_000000_update_pt_widget_feeds', '2016-03-30 12:09:16', '2016-03-30 12:09:16', '2016-03-30 12:09:16', 'a79e12ae-0629-4205-8799-589178459068'),
 ('27', NULL, 'm160114_000000_asset_sources_public_url_default_true', '2016-03-30 12:09:16', '2016-03-30 12:09:16', '2016-03-30 12:09:16', '934241ac-70a7-468f-8db8-3d391b164bdc'),
 ('28', NULL, 'm160223_000000_sortorder_to_smallint', '2016-03-30 12:09:16', '2016-03-30 12:09:16', '2016-03-30 12:09:16', '2d76a811-641a-423b-9828-4fe3b63eee5a'),
 ('29', NULL, 'm160229_000000_set_default_entry_statuses', '2016-03-30 12:09:16', '2016-03-30 12:09:16', '2016-03-30 12:09:16', '8559b907-c4da-4743-9b50-ce0db79ae509'),
 ('30', NULL, 'm160304_000000_client_permissions', '2016-03-30 12:09:16', '2016-03-30 12:09:16', '2016-03-30 12:09:16', '5a94379b-b83f-4413-8fc5-67290a3032c5'),
 ('31', NULL, 'm160322_000000_asset_filesize', '2016-03-30 12:09:16', '2016-03-30 12:09:16', '2016-03-30 12:09:16', 'fc619e9d-9307-45de-a329-bcb08fc65fd6'),
 ('32', NULL, 'm160503_000000_orphaned_fieldlayouts', '2016-05-13 10:14:12', '2016-05-13 10:14:12', '2016-05-13 10:14:12', '85d47eec-ef3e-46e2-9f32-18206b4114b4'),
 ('33', NULL, 'm160510_000000_tasksettings', '2016-05-23 09:16:53', '2016-05-23 09:16:53', '2016-05-23 09:16:53', '6ec4dc63-fe52-4305-960b-1407b81bee6e'),
 ('34', '3', 'm150916_010101_Commerce_Rename', '2016-05-24 09:30:00', '2016-05-24 09:30:00', '2016-05-24 09:30:00', '1baa0a76-e4f6-4834-8c52-55b6c5365c6a'),
 ('35', '3', 'm150917_010101_Commerce_DropEmailTypeColumn', '2016-05-24 09:30:00', '2016-05-24 09:30:00', '2016-05-24 09:30:00', 'c26869d6-ba1c-4d82-a730-c6877e9b0cdd'),
 ('36', '3', 'm150917_010102_Commerce_RenameCodeToHandletaxCatColumn', '2016-05-24 09:30:00', '2016-05-24 09:30:00', '2016-05-24 09:30:00', 'e98bb022-e638-449a-975f-c9e039b6d945'),
 ('37', '3', 'm150918_010101_Commerce_AddProductTypeLocales', '2016-05-24 09:30:00', '2016-05-24 09:30:00', '2016-05-24 09:30:00', '68d2a6aa-6f7a-4e69-ba31-dcddd53d22c5'),
 ('38', '3', 'm150918_010102_Commerce_RemoveNonLocaleBasedUrlFormat', '2016-05-24 09:30:00', '2016-05-24 09:30:00', '2016-05-24 09:30:00', 'e1168b8d-6b4b-442b-915a-8ef41a03c299'),
 ('39', '3', 'm150919_010101_Commerce_AddHasDimensionsToProductType', '2016-05-24 09:30:00', '2016-05-24 09:30:00', '2016-05-24 09:30:00', '48186792-5356-464a-abac-b35fbe6cd62a'),
 ('40', '3', 'm151004_142113_commerce_PaymentMethods_name_unique', '2016-05-24 09:30:00', '2016-05-24 09:30:00', '2016-05-24 09:30:00', '8e943b99-a463-4d40-8973-a81ff52e99c8'),
 ('41', '3', 'm151018_010101_Commerce_DiscountCodeNull', '2016-05-24 09:30:00', '2016-05-24 09:30:00', '2016-05-24 09:30:00', '53726f20-6ab5-4212-bf57-45c093c94ae2'),
 ('42', '3', 'm151025_010101_Commerce_AddHandleToShippingMethod', '2016-05-24 09:30:00', '2016-05-24 09:30:00', '2016-05-24 09:30:00', '0e400d8e-88cb-4333-88cb-90bfa2d5570f'),
 ('43', '3', 'm151027_010101_Commerce_NewVariantUI', '2016-05-24 09:30:00', '2016-05-24 09:30:00', '2016-05-24 09:30:00', '394f5326-9c96-499f-9697-6a18b40c97f9'),
 ('44', '3', 'm151027_010102_Commerce_ProductDateNames', '2016-05-24 09:30:00', '2016-05-24 09:30:00', '2016-05-24 09:30:00', 'e446cd93-e061-47bd-8da7-d983c1719454'),
 ('45', '3', 'm151102_010101_Commerce_PaymentTypeInMethodNotSettings', '2016-05-24 09:30:00', '2016-05-24 09:30:00', '2016-05-24 09:30:00', '2d2aaa96-0454-4501-b810-b0ecd257b30d'),
 ('46', '3', 'm151103_010101_Commerce_DefaultVariant', '2016-05-24 09:30:00', '2016-05-24 09:30:00', '2016-05-24 09:30:00', 'a9185556-6d8c-4f98-b1ce-b01a3de7d8b5'),
 ('47', '3', 'm151109_010101_Commerce_AddCompanyNumberToAddress', '2016-05-24 09:30:00', '2016-05-24 09:30:00', '2016-05-24 09:30:00', '87f96bb5-3b0f-46a9-8b2e-189d632aa660'),
 ('48', '3', 'm151109_010102_Commerce_AddOptionsToLineItems', '2016-05-24 09:30:00', '2016-05-24 09:30:00', '2016-05-24 09:30:00', '6093b120-ad7b-4bc4-afe6-3c84e88dcac1'),
 ('49', '3', 'm151110_010101_Commerce_RenameCompanyToAddress', '2016-05-24 09:30:00', '2016-05-24 09:30:00', '2016-05-24 09:30:00', 'e1067475-51ac-4b7b-88dc-980686811c32'),
 ('50', '3', 'm151111_010101_Commerce_ShowVariantTitleField', '2016-05-24 09:30:00', '2016-05-24 09:30:00', '2016-05-24 09:30:00', '1e334d60-3ca2-4ec0-a9e7-fa0ec32c1112'),
 ('51', '3', 'm151112_010101_Commerce_AutoSkuFormat', '2016-05-24 09:30:00', '2016-05-24 09:30:00', '2016-05-24 09:30:00', '05f57213-da46-441a-967a-fc013ffac76d'),
 ('52', '3', 'm151117_010101_Commerce_TaxIncluded', '2016-05-24 09:30:00', '2016-05-24 09:30:00', '2016-05-24 09:30:00', 'eb3ca031-1028-454f-8ce0-9f8666842c72'),
 ('53', '3', 'm151124_010101_Commerce_AddressManagement', '2016-05-24 09:30:00', '2016-05-24 09:30:00', '2016-05-24 09:30:00', '980f951c-bd15-406f-9515-d9b8e2c663ce'),
 ('54', '3', 'm151127_010101_Commerce_TaxRateTaxableOptions', '2016-05-24 09:30:00', '2016-05-24 09:30:00', '2016-05-24 09:30:00', '9d2cbf00-5eb2-49b6-b917-e6e94e69fc5c'),
 ('55', '3', 'm151210_010101_Commerce_FixMissingLineItemDimensionData', '2016-05-24 09:30:00', '2016-05-24 09:30:00', '2016-05-24 09:30:00', 'd1b67b9d-72e7-4b74-81aa-4b778c2151f2'),
 ('56', '3', 'm160215_010101_Commerce_ConsistentDecimalType', '2016-05-24 09:30:00', '2016-05-24 09:30:00', '2016-05-24 09:30:00', '8c1fa72f-a16a-4611-8347-31b0b0eb002f'),
 ('57', '3', 'm160226_010101_Commerce_OrderStatusSortOrder', '2016-05-24 09:30:00', '2016-05-24 09:30:00', '2016-05-24 09:30:00', 'e4070dec-d962-44a8-bbbb-94e5dd92de15'),
 ('58', '3', 'm160226_010102_Commerce_isCompleted', '2016-05-24 09:30:00', '2016-05-24 09:30:00', '2016-05-24 09:30:00', 'c2be7827-05a0-4e1b-b9d2-da5c38140769'),
 ('59', '3', 'm160227_010101_Commerce_OrderAdjustmentIncludedFlag', '2016-05-24 09:30:00', '2016-05-24 09:30:00', '2016-05-24 09:30:00', 'e975e019-2fbc-4980-bc2a-4771f56316c1'),
 ('60', '3', 'm160229_010101_Commerce_ShippingZone', '2016-05-24 09:30:00', '2016-05-24 09:30:00', '2016-05-24 09:30:00', '282b098a-d6a3-471f-8758-2b67026fddaf'),
 ('61', '3', 'm160229_010104_Commerce_SoftDeleteAndReorderPaymentMethod', '2016-05-24 09:30:00', '2016-05-24 09:30:00', '2016-05-24 09:30:00', '0204e0e4-6580-4df6-9370-0357b583a0ab'),
 ('62', '3', 'm160401_010101_Commerce_KeepAllTransactions', '2016-05-24 09:30:00', '2016-05-24 09:30:00', '2016-05-24 09:30:00', '9d0d43a3-9fd1-482e-9989-5b0fe5740df4'),
 ('63', '3', 'm160405_010101_Commerce_FixDefaultVariantId', '2016-05-24 09:30:00', '2016-05-24 09:30:00', '2016-05-24 09:30:00', '59125958-053c-40c3-b430-27e81ab85af3'),
 ('64', '3', 'm160406_010101_Commerce_RemoveUnusedAuthorId', '2016-05-24 09:30:00', '2016-05-24 09:30:00', '2016-05-24 09:30:00', 'abf84b37-1e50-41ca-9cdd-af4ecc7cb95f'),
 ('65', '3', 'm160425_010101_Commerce_DeleteCountriesAndStates', '2016-05-24 09:30:00', '2016-05-24 09:30:00', '2016-05-24 09:30:00', 'fd06cfff-ab45-44f9-bca8-34f88e8201d6'),
 ('66', '3', 'm160606_010101_Commerce_PerEmailLimitOnDiscount', '2016-06-10 08:13:04', '2016-06-10 08:13:04', '2016-06-10 08:13:04', '5ad37359-8fcf-4dfa-a5b7-60d6029a651e');



DROP TABLE IF EXISTS `craft_plugins`;


--
-- Schema for table `craft_plugins`
--
CREATE TABLE `craft_plugins` (
  `id` int(11) NOT NULL AUTO_INCREMENT,
  `class` varchar(150) COLLATE utf8_unicode_ci NOT NULL,
  `version` varchar(15) COLLATE utf8_unicode_ci NOT NULL,
  `schemaVersion` varchar(15) COLLATE utf8_unicode_ci DEFAULT NULL,
  `licenseKey` char(24) COLLATE utf8_unicode_ci DEFAULT NULL,
  `licenseKeyStatus` enum('valid','invalid','mismatched','unknown') COLLATE utf8_unicode_ci NOT NULL DEFAULT 'unknown',
  `enabled` tinyint(1) unsigned NOT NULL DEFAULT '0',
  `settings` text COLLATE utf8_unicode_ci,
  `installDate` datetime NOT NULL,
  `dateCreated` datetime NOT NULL,
  `dateUpdated` datetime NOT NULL,
  `uid` char(36) COLLATE utf8_unicode_ci NOT NULL DEFAULT '0',
  PRIMARY KEY (`id`)
) ENGINE=InnoDB AUTO_INCREMENT=24 DEFAULT CHARSET=utf8 COLLATE=utf8_unicode_ci;

--
-- Data for table `craft_plugins`
--

INSERT INTO `craft_plugins` (`id`, `class`, `version`, `schemaVersion`, `licenseKey`, `licenseKeyStatus`, `enabled`, `settings`, `installDate`, `dateCreated`, `dateUpdated`, `uid`) VALUES
 ('3', 'Commerce', '1.1.1212', '1.0.13', '8041KF0LQ9GL6QZX8G0C2NCZ', 'valid', '1', '{\"defaultCurrency\":\"DKK\",\"weightUnits\":\"g\",\"dimensionUnits\":\"mm\",\"emailSenderAddress\":\"\",\"emailSenderName\":\"\",\"orderPdfPath\":\"commerce\\/_pdf\\/order\"}', '2016-05-24 09:30:00', '2016-05-24 09:30:00', '2016-08-08 07:53:48', 'd006d3d7-be55-486b-a07b-c4e01be5a1f3'),
 ('4', 'd18ital', '', NULL, NULL, 'unknown', '1', NULL, '2016-05-25 20:31:57', '2016-05-25 20:31:57', '2016-05-25 20:31:57', '0fc95446-28d4-4216-b366-ed30ea2f9385'),
 ('5', 'WordItUp', '1.0.0', NULL, NULL, 'unknown', '1', NULL, '2016-05-25 20:35:50', '2016-05-25 20:35:50', '2016-05-25 20:35:50', '9a743042-3310-4b92-a4db-f6251e5ac161'),
 ('7', 'Digital18', '1.0.0', NULL, NULL, 'unknown', '1', NULL, '2016-05-26 10:46:46', '2016-05-26 10:46:46', '2016-08-08 07:53:48', 'b2927c9e-46e9-44a6-8645-cffc49ccf002'),
 ('10', 'new18digital', '1.0.0', '1.0.0', NULL, 'unknown', '1', NULL, '2016-05-31 06:40:06', '2016-05-31 06:40:06', '2016-08-08 07:53:48', 'fd0119f6-34d8-4eb2-a08d-b409c270da45'),
 ('11', 'Kint', '1.1.0', '1.0.0', NULL, 'unknown', '1', NULL, '2016-06-01 19:01:15', '2016-06-01 19:01:15', '2016-08-08 07:53:48', '64f15fa7-9279-4c36-9dc4-160c75eae063'),
 ('19', 'Cronjob', '0.1.0', NULL, NULL, 'unknown', '1', NULL, '2016-06-16 15:10:34', '2016-06-16 15:10:34', '2016-08-08 07:53:48', '7e74890d-5cdc-421f-bf33-ce0f7c869eac'),
 ('20', 'Epay', '0.1', NULL, NULL, 'unknown', '1', NULL, '2016-06-21 05:56:10', '2016-06-21 05:56:10', '2016-08-08 07:53:48', '5757a2ac-bf60-4c4d-bbdd-ff7ddbf18c7f'),
 ('21', 'Elektronikforsikring', '1.0.0', '1.0.0', NULL, 'unknown', '1', '{\"navisionEmail\":\"mb@18digital.dk\",\"forsikring\":\"ELEKTRONIKFORSIKRING\",\"kladdetype\":\"0\",\"csvFileName\":\"DS_ELEKTRONIK\",\"kladetype\":\"0\",\"orderStatusId\":\"3\"}', '2016-06-27 21:41:30', '2016-06-27 21:41:30', '2016-08-08 07:53:48', '3a4fd990-8109-4329-8877-ebded680f380'),
 ('22', 'Adminbar', '2.0.2', '2.0.0', NULL, 'unknown', '0', '{\"autoEmbed\":false,\"customLinks\":[],\"defaultColor\":\"#cccccc\"}', '2016-06-30 09:41:17', '2016-06-30 09:41:17', '2016-07-04 17:12:35', 'ab408a1b-4256-4e6c-8a05-20c8cad64f73'),
 ('23', 'DigitalProducts', '1.0.0', '1.0.0', NULL, 'unknown', '1', NULL, '2016-07-01 11:19:25', '2016-07-01 11:19:25', '2016-08-08 07:53:48', '82b4024c-185e-4792-9071-2e3bdf08b174');



DROP TABLE IF EXISTS `craft_rackspaceaccess`;


--
-- Schema for table `craft_rackspaceaccess`
--
CREATE TABLE `craft_rackspaceaccess` (
  `id` int(11) NOT NULL AUTO_INCREMENT,
  `connectionKey` varchar(255) COLLATE utf8_unicode_ci NOT NULL,
  `token` varchar(255) COLLATE utf8_unicode_ci NOT NULL,
  `storageUrl` varchar(255) COLLATE utf8_unicode_ci NOT NULL,
  `cdnUrl` varchar(255) COLLATE utf8_unicode_ci NOT NULL,
  `dateCreated` datetime NOT NULL,
  `dateUpdated` datetime NOT NULL,
  `uid` char(36) COLLATE utf8_unicode_ci NOT NULL DEFAULT '0',
  PRIMARY KEY (`id`),
  UNIQUE KEY `craft_rackspaceaccess_connectionKey_unq_idx` (`connectionKey`)
) ENGINE=InnoDB DEFAULT CHARSET=utf8 COLLATE=utf8_unicode_ci;

DROP TABLE IF EXISTS `craft_relations`;


--
-- Schema for table `craft_relations`
--
CREATE TABLE `craft_relations` (
  `id` int(11) NOT NULL AUTO_INCREMENT,
  `fieldId` int(11) NOT NULL,
  `sourceId` int(11) NOT NULL,
  `sourceLocale` char(12) COLLATE utf8_unicode_ci DEFAULT NULL,
  `targetId` int(11) NOT NULL,
  `sortOrder` smallint(6) DEFAULT NULL,
  `dateCreated` datetime NOT NULL,
  `dateUpdated` datetime NOT NULL,
  `uid` char(36) COLLATE utf8_unicode_ci NOT NULL DEFAULT '0',
  PRIMARY KEY (`id`),
  UNIQUE KEY `craft_relations_fieldId_sourceId_sourceLocale_targetId_unq_idx` (`fieldId`,`sourceId`,`sourceLocale`,`targetId`),
  KEY `craft_relations_sourceId_fk` (`sourceId`),
  KEY `craft_relations_sourceLocale_fk` (`sourceLocale`),
  KEY `craft_relations_targetId_fk` (`targetId`)
) ENGINE=InnoDB AUTO_INCREMENT=64 DEFAULT CHARSET=utf8 COLLATE=utf8_unicode_ci;

--
-- Data for table `craft_relations`
--

INSERT INTO `craft_relations` (`id`, `fieldId`, `sourceId`, `sourceLocale`, `targetId`, `sortOrder`, `dateCreated`, `dateUpdated`, `uid`) VALUES
 ('22', '35', '227', NULL, '247', '1', '2016-06-30 08:44:00', '2016-06-30 08:44:00', '92894a33-f0c4-4530-a9cb-9c2618248e98'),
 ('43', '35', '274', NULL, '275', '1', '2016-07-01 09:27:48', '2016-07-01 09:27:48', 'c603ccfe-222c-46ef-bfa9-b1a5f69f7701'),
 ('44', '39', '277', NULL, '240', '1', '2016-07-01 10:06:27', '2016-07-01 10:06:27', '5a2c6007-634d-4da2-99ad-9c1c96e3518d'),
 ('45', '35', '264', NULL, '243', '1', '2016-07-01 11:03:42', '2016-07-01 11:03:42', '17723956-d19f-4061-befc-463225ca0a66'),
 ('46', '35', '251', NULL, '244', '1', '2016-07-01 11:05:02', '2016-07-01 11:05:02', 'a9a98974-8b67-47d5-8f43-f1cd0934aa23'),
 ('47', '35', '254', NULL, '243', '1', '2016-07-01 11:05:42', '2016-07-01 11:05:42', 'ef4da9fd-c1b5-4b55-858e-c1ca8f92e73a'),
 ('63', '16', '281', NULL, '244', '1', '2016-07-20 09:21:10', '2016-07-20 09:21:10', 'b5269f6f-c118-41f9-9350-1bb4e5763b06');



DROP TABLE IF EXISTS `craft_routes`;


--
-- Schema for table `craft_routes`
--
CREATE TABLE `craft_routes` (
  `id` int(11) NOT NULL AUTO_INCREMENT,
  `locale` char(12) COLLATE utf8_unicode_ci DEFAULT NULL,
  `urlParts` varchar(255) COLLATE utf8_unicode_ci NOT NULL,
  `urlPattern` varchar(255) COLLATE utf8_unicode_ci NOT NULL,
  `template` varchar(255) COLLATE utf8_unicode_ci NOT NULL,
  `sortOrder` smallint(6) unsigned DEFAULT NULL,
  `dateCreated` datetime NOT NULL,
  `dateUpdated` datetime NOT NULL,
  `uid` char(36) COLLATE utf8_unicode_ci NOT NULL DEFAULT '0',
  PRIMARY KEY (`id`),
  UNIQUE KEY `craft_routes_urlPattern_unq_idx` (`urlPattern`),
  KEY `craft_routes_locale_idx` (`locale`)
) ENGINE=InnoDB AUTO_INCREMENT=3 DEFAULT CHARSET=utf8 COLLATE=utf8_unicode_ci;

--
-- Data for table `craft_routes`
--

INSERT INTO `craft_routes` (`id`, `locale`, `urlParts`, `urlPattern`, `template`, `sortOrder`, `dateCreated`, `dateUpdated`, `uid`) VALUES
 ('1', NULL, '[\"commerce\\/order\\/ok\"]', 'commerce\\/order\\/ok', 'commerce/order/ok', '1', '2016-06-02 07:18:36', '2016-06-02 07:29:18', '18d102f0-0942-4892-a5ce-c787c40b37a3'),
 ('2', NULL, '[\"kundeservice\\/faq\"]', 'kundeservice\\/faq', 'faq/index', '2', '2016-07-01 10:56:44', '2016-07-01 10:56:44', '7d544d0e-5ea0-473f-8683-3f39728d43fa');



DROP TABLE IF EXISTS `craft_searchindex`;


--
-- Schema for table `craft_searchindex`
--
CREATE TABLE `craft_searchindex` (
  `elementId` int(11) NOT NULL,
  `attribute` varchar(25) COLLATE utf8_unicode_ci NOT NULL,
  `fieldId` int(11) NOT NULL,
  `locale` char(12) COLLATE utf8_unicode_ci NOT NULL,
  `keywords` text COLLATE utf8_unicode_ci NOT NULL,
  PRIMARY KEY (`elementId`,`attribute`,`fieldId`,`locale`),
  FULLTEXT KEY `craft_searchindex_keywords_idx` (`keywords`)
) ENGINE=MyISAM DEFAULT CHARSET=utf8 COLLATE=utf8_unicode_ci;

--
-- Data for table `craft_searchindex`
--

INSERT INTO `craft_searchindex` (`elementId`, `attribute`, `fieldId`, `locale`, `keywords`) VALUES
 ('95', 'filename', '0', 'da', ' folder svg '),
 ('95', 'extension', '0', 'da', ' svg '),
 ('95', 'kind', '0', 'da', ' image '),
 ('95', 'slug', '0', 'da', ' folder '),
 ('95', 'title', '0', 'da', ' folder '),
 ('123', 'filename', '0', 'da', ' folder svg '),
 ('123', 'extension', '0', 'da', ' svg '),
 ('123', 'kind', '0', 'da', ' image '),
 ('123', 'slug', '0', 'da', ' folder '),
 ('123', 'title', '0', 'da', ' folder '),
 ('133', 'filename', '0', 'da', ' bilka svg '),
 ('133', 'extension', '0', 'da', ' svg '),
 ('133', 'kind', '0', 'da', ' image '),
 ('133', 'slug', '0', 'da', ' bilka '),
 ('133', 'title', '0', 'da', ' bilka '),
 ('201', 'field', '27', 'da', ' hvis produktet ikke kan repareres indenfor oprindelig kobspris eller hvad et teknisk tilsvarende koster i dag sa erklaeres produktet for totalskadet og du far et nyt teknisk tilsvarende produkt '),
 ('200', 'slug', '0', 'da', ''),
 ('200', 'field', '27', 'da', ' hvis et produkt kan repareres indenfor vaerdien af oprindelig kobspris eller prisen pa hvad et teknisk tilsvarende produkt koster i dag sa vil produktet blive repareret '),
 ('199', 'slug', '0', 'da', ''),
 ('199', 'field', '27', 'da', ' nej det gor det ikke det betyder at forsikringen ikke afskriver grundet produktets alder '),
 ('198', 'title', '0', 'da', ' nar der ingen afskrivning er betyder det sa at jeg altid far erstattet for den oprindelige kobspris '),
 ('198', 'slug', '0', 'da', ' nar der ingen afskrivning er betyder det sa at jeg altid far erstattet for den oprindelige kobspris '),
 ('198', 'field', '26', 'da', ' nej det gor det ikke det betyder at forsikringen ikke afskriver grundet produktets alder hvis et produkt kan repareres indenfor vaerdien af oprindelig kobspris eller prisen pa hvad et teknisk tilsvarende produkt koster i dag sa vil produktet blive repareret hvis produktet ikke kan repareres indenfor oprindelig kobspris eller hvad et teknisk tilsvarende koster i dag sa erklaeres produktet for totalskadet og du far et nyt teknisk tilsvarende produkt der kan aldrig erstattes for mere end oprindelig kobspris '),
 ('198', 'field', '25', 'da', ' nar der ingen afskrivning er betyder det sa at jeg altid far erstattet for den oprindelige kobspris '),
 ('198', 'field', '28', 'da', ' daekning '),
 ('197', 'slug', '0', 'da', ''),
 ('197', 'field', '27', 'da', ' nej der er ingen selvrisiko uanset om du har 1 eller flere skader '),
 ('196', 'title', '0', 'da', ' hvis jeg har flere skader vil der sa komme en selvrisiko '),
 ('196', 'slug', '0', 'da', ' hvis jeg har flere skader vil der sa komme en selvrisiko '),
 ('196', 'field', '26', 'da', ' nej der er ingen selvrisiko uanset om du har 1 eller flere skader '),
 ('196', 'field', '25', 'da', ' hvis jeg har flere skader vil der sa komme en selvrisiko '),
 ('196', 'field', '28', 'da', ' fordele '),
 ('195', 'slug', '0', 'da', ''),
 ('195', 'field', '27', 'da', ' fordi du altid vil blive modt med kvalificeret kundeservice af vores professionelle personale '),
 ('194', 'slug', '0', 'da', ''),
 ('194', 'field', '27', 'da', ' fordi du altid skal henvende dig samme sted nar du har en skade og derved slipper for at kontakte flere forskellige '),
 ('193', 'slug', '0', 'da', ''),
 ('193', 'field', '27', 'da', ' fordi du nojagtigt ved hvordan du er forsikret uanset hvilket produkt det er og hvor det er kobt '),
 ('297', 'slug', '0', 'da', ''),
 ('293', 'product', '0', 'da', ' 281 1 0 da 1 elektronikforsikring 2016 07 01 2016 07 04 2016 07 01 0 1 el 2 99 0000 '),
 ('293', 'slug', '0', 'da', ''),
 ('100033', 'product', '0', 'da', ' 281 1 0 da 1 elektronikforsikring 2016 07 01 2016 07 05 2016 07 01 0 1 el 2 99 0000 '),
 ('100008', 'licensedto', '0', 'da', ' mb 18digital dk '),
 ('295', 'licensedto', '0', 'da', ' mb 18digital dk '),
 ('295', 'product', '0', 'da', ' 281 1 0 da 1 elektronikforsikring 2016 07 01 2016 07 04 2016 07 01 0 1 el 2 99 0000 '),
 ('293', 'licensedto', '0', 'da', ' mb 18digital dk '),
 ('291', 'email', '0', 'da', ' mb 18digital dk '),
 ('291', 'slug', '0', 'da', ''),
 ('100010', 'field', '44', 'da', ' policenr '),
 ('100008', 'slug', '0', 'da', ''),
 ('100009', 'slug', '0', 'da', ''),
 ('2', 'slug', '0', 'da', ' homepage '),
 ('2', 'title', '0', 'da', ' welcome to elektronikforsikring dev '),
 ('2', 'field', '1', 'da', ' it s true this site doesn t have a whole lot of content yet but don t worry our web developers have just installed the cms and they re setting things up for the content editors this very moment soon elektronikforsikring dev will be an oasis of fresh perspectives sharp analyses and astute opinions that will keep you coming back again and again '),
 ('3', 'slug', '0', 'da', ' we just installed craft '),
 ('3', 'title', '0', 'da', ' jeg hedder karina '),
 ('3', 'field', '1', 'da', ' craft is the cms that s powering elektronikforsikring dev it s beautiful powerful flexible and easy to use and it s made by pixel tonic we can t wait to dive in and see what it s capable of this is even more captivating content which you couldn t see on the news index page because it was entered after a page break and the news index template only likes to show the content on the first page craft a nice alternative to word if you re making a website '),
 ('3', 'field', '2', 'da', ''),
 ('5', 'slug', '0', 'da', ' orderconfirm '),
 ('5', 'title', '0', 'da', ' orderconfirm '),
 ('5', 'field', '1', 'da', ' tak for din bestilling vi har modtaget din ordre og er allerede i gang med at behandle den vi har ogsa sendt dig en bekraeftelse pa den indtastet e mail din forsikring er gaeldende med det samme nar ordren er faerdigbehandlet sa sender vi den officielle police med venlig hilsen kundeservicechefkarina byrdal '),
 ('5', 'field', '2', 'da', ''),
 ('130', 'slug', '0', 'da', ''),
 ('130', 'field', '18', 'da', ' fotex fotex wupti wupti bilka dk bilka dk bilka bilka andet andet '),
 ('1', 'username', '0', 'da', ' admin '),
 ('1', 'firstname', '0', 'da', ' martin '),
 ('1', 'lastname', '0', 'da', ' beuschau '),
 ('1', 'fullname', '0', 'da', ' martin beuschau '),
 ('1', 'email', '0', 'da', ' mb 18digital dk '),
 ('1', 'slug', '0', 'da', ''),
 ('100035', 'licensedto', '0', 'da', ' mb 18digital dk '),
 ('100006', 'licensedto', '0', 'da', ' mb 18digital dk '),
 ('178', 'field', '9', 'da', ''),
 ('178', 'number', '0', 'da', ' 31699e6092b74c77680ea1b3f70a940d '),
 ('178', 'email', '0', 'da', ' mb 18digital dk '),
 ('178', 'slug', '0', 'da', ''),
 ('179', 'slug', '0', 'da', ''),
 ('179', 'title', '0', 'da', ' fordele '),
 ('180', 'slug', '0', 'da', ' faq '),
 ('180', 'title', '0', 'da', ' koster den virkelig kun 99 kr md '),
 ('180', 'field', '19', 'da', ' kan det virkelig vaere rigtigt at den kun koster 99 kr ogsa selvom jeg har flere skader '),
 ('180', 'field', '20', 'da', ' ja prisen aendre sig ikke selvom man har flere skader '),
 ('182', 'field', '27', 'da', ' ja prisen aendrer sig ikke selvom man har flere skader '),
 ('180', 'field', '25', 'da', ' koster den virkelig kun 99 kr md '),
 ('180', 'field', '22', 'da', ''),
 ('180', 'field', '26', 'da', ' ja prisen aendrer sig ikke selvom man har flere skader bare fordi '),
 ('182', 'slug', '0', 'da', ''),
 ('180', 'field', '28', 'da', ' fordele '),
 ('183', 'field', '26', 'da', ' fordi der ingen selvrisiko er fordi der ingen afskrivning er fordi du kan nojes med en forsikring pa dine produkter og derved slipper for at have en pa hvert produkt fordi du aldrig kommer til at mangle forsikring pa din elektronik fordi du nojagtigt ved hvordan du er forsikret uanset hvilket produkt det er og hvor det er kobt fordi du altid skal henvende dig samme sted nar du har en skade og derved slipper for at kontakte flere forskellige fordi du altid vil blive modt med kvalificeret kundeservice af vores professionelle personale '),
 ('183', 'slug', '0', 'da', ' hvorfor skal jeg kobe elektronikforsikring hos danrisk '),
 ('183', 'title', '0', 'da', ' hvorfor skal jeg kobe elektronikforsikring hos danrisk '),
 ('184', 'field', '27', 'da', ' fordi der ingen selvrisiko er '),
 ('184', 'slug', '0', 'da', ''),
 ('185', 'field', '27', 'da', ' fordi der ingen afskrivning er '),
 ('185', 'slug', '0', 'da', ''),
 ('186', 'field', '27', 'da', ' fordi du kan nojes med en forsikring pa dine produkter og derved slipper for at have en pa hvert produkt '),
 ('186', 'slug', '0', 'da', ''),
 ('187', 'field', '27', 'da', ' fordi du aldrig kommer til at mangle forsikring pa din elektronik '),
 ('187', 'slug', '0', 'da', ''),
 ('183', 'field', '28', 'da', ' pris ');
INSERT INTO `craft_searchindex` (`elementId`, `attribute`, `fieldId`, `locale`, `keywords`) VALUES
 ('183', 'field', '25', 'da', ' hvorfor skal jeg kobe elektronikforsikring hos danrisk '),
 ('188', 'field', '27', 'da', ' bare fordi '),
 ('188', 'slug', '0', 'da', ''),
 ('189', 'field', '27', 'da', ''),
 ('189', 'slug', '0', 'da', ''),
 ('190', 'username', '0', 'da', ' karina '),
 ('190', 'firstname', '0', 'da', ' karina '),
 ('190', 'lastname', '0', 'da', ' byrdal '),
 ('190', 'fullname', '0', 'da', ' karina byrdal '),
 ('190', 'email', '0', 'da', ' kkr darfo dk '),
 ('190', 'slug', '0', 'da', ''),
 ('201', 'slug', '0', 'da', ''),
 ('202', 'field', '27', 'da', ' der kan aldrig erstattes for mere end oprindelig kobspris '),
 ('202', 'slug', '0', 'da', ''),
 ('203', 'field', '28', 'da', ' fordele '),
 ('203', 'field', '25', 'da', ' hvilke produkter er omfattet af forsikringen er det alle '),
 ('203', 'field', '26', 'da', ' det er langt de fleste produkter indenfor elektronik og harde hvidevare produkter men der er undtagelser se betingelserne her star oplyst hvilke produkter der er omfattet '),
 ('203', 'slug', '0', 'da', ' hvilke produkter er omfattet af forsikringen er det alle '),
 ('203', 'title', '0', 'da', ' hvilke produkter er omfattet af forsikringen er det alle '),
 ('204', 'field', '27', 'da', ' det er langt de fleste produkter indenfor elektronik og harde hvidevare produkter men der er undtagelser '),
 ('204', 'slug', '0', 'da', ''),
 ('205', 'field', '27', 'da', ' se betingelserne her star oplyst hvilke produkter der er omfattet '),
 ('205', 'slug', '0', 'da', ''),
 ('206', 'field', '28', 'da', ' betingelser '),
 ('206', 'field', '25', 'da', ' hvor laenge daekker forsikringen mine produkter '),
 ('206', 'field', '26', 'da', ' det kommer an pa hvilket produkt der er tale om forsikringen daekker fra 2 til 5 ar gaeldende fra produktets kobsdato se betingelserne her star oplyst forsikringsperioden for hvert produkt der er omfattet perioden er gaeldende fra kobsdato af produktet '),
 ('206', 'slug', '0', 'da', ' hvor laenge daekker forsikringen mine produkter '),
 ('206', 'title', '0', 'da', ' hvor laenge daekker forsikringen mine produkter '),
 ('207', 'field', '27', 'da', ' det kommer an pa hvilket produkt der er tale om forsikringen daekker fra 2 til 5 ar gaeldende fra produktets kobsdato '),
 ('207', 'slug', '0', 'da', ''),
 ('208', 'field', '27', 'da', ' se betingelserne her star oplyst forsikringsperioden for hvert produkt der er omfattet perioden er gaeldende fra kobsdato af produktet '),
 ('208', 'slug', '0', 'da', ''),
 ('209', 'field', '28', 'da', ' daekning '),
 ('209', 'field', '25', 'da', ' hvis jeg kober en forsikring i dag vil mine produkter i hjemmet sa vaere daekket med det samme '),
 ('209', 'field', '26', 'da', ''),
 ('209', 'slug', '0', 'da', ' hvis jeg kober en forsikring i dag vil mine produkter i hjemmet sa vaere daekket med det samme '),
 ('209', 'title', '0', 'da', ' hvis jeg kober en forsikring i dag vil mine produkter i hjemmet sa vaere daekket med det samme '),
 ('210', 'field', '28', 'da', ' daekning '),
 ('210', 'field', '25', 'da', ' daekker forsikringen hvis jeg eksempel har mit kamera med pa ferie uden for danmark '),
 ('210', 'field', '26', 'da', ' ja skader som er daekningsberettiget er daekket uanset hvor skaden sker '),
 ('210', 'slug', '0', 'da', ' daekker forsikringen hvis jeg eksempel har mit kamera med pa ferie uden for danmark '),
 ('210', 'title', '0', 'da', ' daekker forsikringen hvis jeg eksempel har mit kamera med pa ferie uden for danmark '),
 ('211', 'field', '27', 'da', ' ja skader som er daekningsberettiget er daekket uanset hvor skaden sker '),
 ('211', 'slug', '0', 'da', ''),
 ('212', 'field', '28', 'da', ' daekning '),
 ('212', 'field', '25', 'da', ' daekker forsikringen tyveri '),
 ('212', 'field', '26', 'da', ' nej forsikringen daekker ingen former for tyveri eller bortkomst tyveri er daekket af ens indbo i de fleste tilfaelde kommer selvfolgelig an pa hvilken type tyveri der er tale om her ma man tage kontakt til sin indbo forsikring '),
 ('212', 'slug', '0', 'da', ' daekker forsikringen tyveri '),
 ('212', 'title', '0', 'da', ' daekker forsikringen tyveri '),
 ('213', 'field', '27', 'da', ' nej forsikringen daekker ingen former for tyveri eller bortkomst '),
 ('213', 'slug', '0', 'da', ''),
 ('214', 'field', '27', 'da', ' tyveri er daekket af ens indbo i de fleste tilfaelde kommer selvfolgelig an pa hvilken type tyveri der er tale om her ma man tage kontakt til sin indbo forsikring '),
 ('214', 'slug', '0', 'da', ''),
 ('215', 'field', '28', 'da', ' daekning '),
 ('215', 'field', '25', 'da', ' jeg har 3 hjemmeboende born daekker forsikringen hvis min datter laner min mobil fordi hun skal spille pa den og hun kommer til at tabe den sa skaermen gar i stykker '),
 ('215', 'field', '26', 'da', ' ja forsikringen daekker uanset hvem i husstanden der taber et produkt eller pa anden made kommer til at odelaegge produktet hvis det vel og maerket er en daekningsberettiget skade se betingelserne her kan du laese mere om hvad den daekker og ikke daekker '),
 ('215', 'slug', '0', 'da', ' jeg har 3 hjemmeboende born daekker forsikringen hvis min datter laner min mobil fordi hun skal spille pa den og hun kommer til at tabe den sa skaermen gar i stykker '),
 ('215', 'title', '0', 'da', ' jeg har 3 hjemmeboende born daekker forsikringen hvis min datter laner min mobil fordi hun skal spille pa den og hun kommer til at tabe den sa skaermen gar i stykker '),
 ('216', 'field', '27', 'da', ' ja forsikringen daekker uanset hvem i husstanden der taber et produkt eller pa anden made kommer til at odelaegge produktet hvis det vel og maerket er en daekningsberettiget skade '),
 ('216', 'slug', '0', 'da', ''),
 ('217', 'field', '27', 'da', ' se betingelserne her kan du laese mere om hvad den daekker og ikke daekker '),
 ('217', 'slug', '0', 'da', ''),
 ('218', 'field', '28', 'da', ' fordele '),
 ('218', 'field', '25', 'da', ' hvor laenge lober min forsikring '),
 ('218', 'field', '26', 'da', ' den fortsaetter sa laenge du betaler dit manedlige abonnement pa 99 kr du traekkes automatisk 99 k fra dit kort som du har kobt forsikringen med '),
 ('218', 'slug', '0', 'da', ' hvor laenge lober min forsikring '),
 ('218', 'title', '0', 'da', ' hvor laenge lober min forsikring '),
 ('219', 'field', '27', 'da', ' den fortsaetter sa laenge du betaler dit manedlige abonnement pa 99 kr '),
 ('219', 'slug', '0', 'da', ''),
 ('220', 'field', '27', 'da', ' du traekkes automatisk 99 k fra dit kort som du har kobt forsikringen med '),
 ('220', 'slug', '0', 'da', ''),
 ('221', 'field', '28', 'da', ' betingelser '),
 ('221', 'field', '25', 'da', ' kan jeg opsige min forsikring '),
 ('221', 'field', '26', 'da', ' ja du har 14 dages fuld fortrydelsesret fra kobsdatoen herefter kan du opsige forsikringen med lobende maned 30 dage '),
 ('221', 'slug', '0', 'da', ' kan jeg opsige min forsikring '),
 ('221', 'title', '0', 'da', ' kan jeg opsige min forsikring '),
 ('222', 'field', '27', 'da', ' ja du har 14 dages fuld fortrydelsesret fra kobsdatoen '),
 ('222', 'slug', '0', 'da', ''),
 ('223', 'field', '27', 'da', ' herefter kan du opsige forsikringen med lobende maned 30 dage '),
 ('223', 'slug', '0', 'da', ''),
 ('224', 'field', '28', 'da', ' daekning '),
 ('224', 'field', '25', 'da', ' hvad hvis mit produkt gar i stykker indenfor den 2 arige reklamationsperiode skal jeg sa ogsa anmelde skaden hos danrisk '),
 ('224', 'field', '26', 'da', ' nej hvis dit produkt gar i stykker indenfor de forste 2 ar og der er tale om en funktionsfejl ikke en udefrakommende skade sa skal du kontakte den forhandler som du har kobt produktet hos hvis der sker en funktionsfejl efter den 2 arige reklamationsperiode er udlobet sa skal du anmelde skaden til danrisk '),
 ('224', 'slug', '0', 'da', ' hvad hvis mit produkt gar i stykker indenfor den 2 arige reklamationsperiode skal jeg sa ogsa anmelde skaden hos danrisk '),
 ('224', 'title', '0', 'da', ' hvad hvis mit produkt gar i stykker indenfor den 2 arige reklamationsperiode skal jeg sa ogsa anmelde skaden hos danrisk '),
 ('225', 'field', '27', 'da', ' nej hvis dit produkt gar i stykker indenfor de forste 2 ar og der er tale om en funktionsfejl ikke en udefrakommende skade sa skal du kontakte den forhandler som du har kobt produktet hos '),
 ('225', 'slug', '0', 'da', ''),
 ('226', 'field', '27', 'da', ' hvis der sker en funktionsfejl efter den 2 arige reklamationsperiode er udlobet sa skal du anmelde skaden til danrisk '),
 ('226', 'slug', '0', 'da', ''),
 ('227', 'slug', '0', 'da', ' betingelser '),
 ('227', 'title', '0', 'da', ' betingelser '),
 ('227', 'field', '32', 'da', ' kontantkobsbetingelser '),
 ('227', 'field', '33', 'da', ' privat '),
 ('227', 'field', '1', 'da', ''),
 ('227', 'field', '29', 'da', ' naervaerende kontantkobsbetingelser er gaeldende for kob af forsikring online pa www elektronik forsikring dk hjemmesiden www elektronik forsikring dk ejes og drives af danrisk forsikringsagentur aps havnevej 1 4000 roskilde cvr nr 33953194 betingelserne kan ikke aendres omfang kober skal ved kob acceptere kontantkobsbetingelserne kober opfordres til at laese betingelserne grundigt igennem og gore sig bekendt med de forpligtelser og rettigheder som betingelserne giver kober far en kopi af betingelser sammen med en bekraeftelse af bestillingen pr e mail aftaleindgaelser kober besidder fra kobsdatoen ejendomsretten til elektronikforsikringen ejendomsret betaling for bestilte varer kan ske online ved brug af dankort visa dankort visa visa electron mastercard og maestro ved betaling med en af disse betalingskort tillaegges der et betalingskortgebyr som varierer fra kort til kort inden kober vaelger at godkende ordren bliver gebyret oplyst betaling via kreditkort er underlagt kortudsteders betingelser for anvendelse nar kober bestiller med kreditkort traekkes belobet pa kobers konto med det samme da elektronikforsikringen er gaeldende ved kobet belobet der traekkes er rest praemien for den givne maned samt for maneden efter betalingsbetingelser og gebyrer levering sker til den af kober oplyste e mail adresse der er ikke tale om en fysisk vare men en elektronikforsikring som leveres i det kunden kober forsikringen traeder i kraft pa kobsdatoen levering kober har ret til at traede tilbage fra denne aftale uden begrundelse inden for 14 dage fortrydelsesfristen udlober 14 dage efter den dag hvor kober har kobt elektronikforsikringen for at udove fortrydelsesretten skal kober meddele danrisk forsikringsagentur aps sin beslutning om at fortryde denne aftale i en utvetydig erklaering f eks ved brev eller e mail fortrydelsesfristen er overholdt hvis kober sender sin meddelelse om udovelse af fortrydelsesretten inden fortrydelsesfristen er udlobet hvis kober udover sin fortrydelsesret i denne aftale refunderer danrisk forsikringsagentur aps alle betalinger modtaget fra kober uden unodig forsinkelse og under alle omstaendigheder senest 14 dage fra den dato hvor danrisk forsikringsagentur aps har modtaget meddelelse om kobers beslutning om at fortryde denne aftale danrisk forsikringsagentur aps gennemforer en sadan tilbagebetaling med samme betalingsmiddel som kober benyttede ved den oprindelige transaktion medmindre kober udtrykkeligt har indvilget i noget andet under alle omstaendigheder palaegges kober ingen former for gebyrer som folge af tilbagebetalingen fortrydelsesret ifolge persondataloven har danrisk forsikringsagentur aps pligt til at oplyse kober om bl a hvilke typer af personoplysninger der behandles med hvilket formal behandlingen sker samt hvem oplysningerne videregives til danrisk forsikringsagentur aps behandler oplysninger om kober til kundeadministration din personsikkerhed er en vigtig del af vores kundepolitik vi lever op til alle regler i persondataloven ved kob af elektronikforsikring pa www elektronik forsikring dk bliver kober registreret som kunde de personlige oplysninger der registreres er navn adresse telefonnummer og e mail den dataansvarlige er danrisk forsikringsagentur aps havnevej 1 4000 roskilde cvr nr 33953194 som registreret hos danrisk forsikringsagentur aps har du altid ret til at gore indsigelse mod registreringen du har ogsa ret til indsigt i hvilke oplysninger der er registreret om dig disse rettigheder har du efter persondataloven og henvendelse i forbindelse hermed rettes til den dataansvarlige kober kan klage over danrisk forsikringsagentur aps s behandling af oplysninger om kober til elektronik forsikring dk og til datatilsynet persondatapolitik og videregivelse af personoplysninger kober har mulighed for at fa behandlet en klage ved skriftlig henvendelse til info darfo dk kober har ogsa mulighed for at indbringe klage til center for klagelosning og eller forbrugerklagenaevnet carl jacobsens vej 35 2500 valby laes mere pa www forbrug dk eu kommissionens online klageportal kan ogsa anvendes ved indgivelse af en klage ved indgivelse af en klage skal du angive vores e mail adresse info darfo dk forbrugerombudsmanden forer tilsyn med elektronik forsikring dk virksomhed som kun bestar af elektronikforsikringen retsforholdet afgores efter dansk ret klageadgang de gaeldende betingelser for elektronikforsikringen findes pa www elektronik forsikring dk her kan kober desuden printe de gaeldende forsikringsbetingelser ved accepten af elektronik forsirking dk handelsbetingelser i forbindelse med kobet af en elektronikforsikring tilkendegives det samtidigt at forsikringsbetingelserne er laest forsikring '),
 ('228', 'field', '30', 'da', ' omfang '),
 ('228', 'field', '31', 'da', ' naervaerende kontantkobsbetingelser er gaeldende for kob af forsikring online pa www elektronik forsikring dk hjemmesiden www elektronik forsikring dk ejes og drives af danrisk forsikringsagentur aps havnevej 1 4000 roskilde cvr nr 33953194 betingelserne kan ikke aendres '),
 ('228', 'slug', '0', 'da', ''),
 ('227', 'field', '34', 'da', ' betingelser '),
 ('285', 'product', '0', 'da', ' 281 1 0 da 1 elektronikforsikring 2016 07 01 2016 07 01 2016 07 01 1 1 el 1 99 0000 ');
INSERT INTO `craft_searchindex` (`elementId`, `attribute`, `fieldId`, `locale`, `keywords`) VALUES
 ('247', 'slug', '0', 'da', ' pencil '),
 ('227', 'field', '35', 'da', ' pencil '),
 ('227', 'field', '2', 'da', ''),
 ('230', 'field', '30', 'da', ' aftaleindgaelser '),
 ('230', 'field', '31', 'da', ' kober skal ved kob acceptere kontantkobsbetingelserne kober opfordres til at laese betingelserne grundigt igennem og gore sig bekendt med de forpligtelser og rettigheder som betingelserne giver kober far en kopi af betingelser sammen med en bekraeftelse af bestillingen pr e mail '),
 ('230', 'slug', '0', 'da', ''),
 ('231', 'field', '30', 'da', ' ejendomsret '),
 ('231', 'field', '31', 'da', ' kober besidder fra kobsdatoen ejendomsretten til elektronikforsikringen '),
 ('231', 'slug', '0', 'da', ''),
 ('232', 'field', '30', 'da', ' betalingsbetingelser og gebyrer '),
 ('232', 'field', '31', 'da', ' betaling for bestilte varer kan ske online ved brug af dankort visa dankort visa visa electron mastercard og maestro ved betaling med en af disse betalingskort tillaegges der et betalingskortgebyr som varierer fra kort til kort inden kober vaelger at godkende ordren bliver gebyret oplyst betaling via kreditkort er underlagt kortudsteders betingelser for anvendelse nar kober bestiller med kreditkort traekkes belobet pa kobers konto med det samme da elektronikforsikringen er gaeldende ved kobet belobet der traekkes er rest praemien for den givne maned samt for maneden efter '),
 ('232', 'slug', '0', 'da', ''),
 ('233', 'field', '30', 'da', ' levering '),
 ('233', 'field', '31', 'da', ' levering sker til den af kober oplyste e mail adresse der er ikke tale om en fysisk vare men en elektronikforsikring som leveres i det kunden kober forsikringen traeder i kraft pa kobsdatoen '),
 ('233', 'slug', '0', 'da', ''),
 ('234', 'field', '30', 'da', ' fortrydelsesret '),
 ('234', 'field', '31', 'da', ' kober har ret til at traede tilbage fra denne aftale uden begrundelse inden for 14 dage fortrydelsesfristen udlober 14 dage efter den dag hvor kober har kobt elektronikforsikringen for at udove fortrydelsesretten skal kober meddele danrisk forsikringsagentur aps sin beslutning om at fortryde denne aftale i en utvetydig erklaering f eks ved brev eller e mail fortrydelsesfristen er overholdt hvis kober sender sin meddelelse om udovelse af fortrydelsesretten inden fortrydelsesfristen er udlobet hvis kober udover sin fortrydelsesret i denne aftale refunderer danrisk forsikringsagentur aps alle betalinger modtaget fra kober uden unodig forsinkelse og under alle omstaendigheder senest 14 dage fra den dato hvor danrisk forsikringsagentur aps har modtaget meddelelse om kobers beslutning om at fortryde denne aftale danrisk forsikringsagentur aps gennemforer en sadan tilbagebetaling med samme betalingsmiddel som kober benyttede ved den oprindelige transaktion medmindre kober udtrykkeligt har indvilget i noget andet under alle omstaendigheder palaegges kober ingen former for gebyrer som folge af tilbagebetalingen '),
 ('234', 'slug', '0', 'da', ''),
 ('235', 'field', '30', 'da', ' persondatapolitik og videregivelse af personoplysninger '),
 ('235', 'field', '31', 'da', ' ifolge persondataloven har danrisk forsikringsagentur aps pligt til at oplyse kober om bl a hvilke typer af personoplysninger der behandles med hvilket formal behandlingen sker samt hvem oplysningerne videregives til danrisk forsikringsagentur aps behandler oplysninger om kober til kundeadministration din personsikkerhed er en vigtig del af vores kundepolitik vi lever op til alle regler i persondataloven ved kob af elektronikforsikring pa www elektronik forsikring dk bliver kober registreret som kunde de personlige oplysninger der registreres er navn adresse telefonnummer og e mail den dataansvarlige er danrisk forsikringsagentur aps havnevej 1 4000 roskilde cvr nr 33953194 som registreret hos danrisk forsikringsagentur aps har du altid ret til at gore indsigelse mod registreringen du har ogsa ret til indsigt i hvilke oplysninger der er registreret om dig disse rettigheder har du efter persondataloven og henvendelse i forbindelse hermed rettes til den dataansvarlige kober kan klage over danrisk forsikringsagentur aps s behandling af oplysninger om kober til elektronik forsikring dk og til datatilsynet '),
 ('235', 'slug', '0', 'da', ''),
 ('236', 'field', '30', 'da', ' klageadgang '),
 ('236', 'field', '31', 'da', ' kober har mulighed for at fa behandlet en klage ved skriftlig henvendelse til info darfo dk kober har ogsa mulighed for at indbringe klage til center for klagelosning og eller forbrugerklagenaevnet carl jacobsens vej 35 2500 valby laes mere pa www forbrug dk eu kommissionens online klageportal kan ogsa anvendes ved indgivelse af en klage ved indgivelse af en klage skal du angive vores e mail adresse info darfo dk forbrugerombudsmanden forer tilsyn med elektronik forsikring dk virksomhed som kun bestar af elektronikforsikringen retsforholdet afgores efter dansk ret '),
 ('236', 'slug', '0', 'da', ''),
 ('237', 'field', '30', 'da', ' forsikring '),
 ('237', 'field', '31', 'da', ' de gaeldende betingelser for elektronikforsikringen findes pa www elektronik forsikring dk her kan kober desuden printe de gaeldende forsikringsbetingelser ved accepten af elektronik forsirking dk handelsbetingelser i forbindelse med kobet af en elektronikforsikring tilkendegives det samtidigt at forsikringsbetingelserne er laest '),
 ('237', 'slug', '0', 'da', ''),
 ('240', 'kind', '0', 'da', ' image '),
 ('240', 'slug', '0', 'da', ' cards '),
 ('240', 'extension', '0', 'da', ' png '),
 ('240', 'filename', '0', 'da', ' cards png '),
 ('247', 'kind', '0', 'da', ' image '),
 ('247', 'extension', '0', 'da', ' jpg '),
 ('247', 'filename', '0', 'da', ' pencil jpg '),
 ('240', 'title', '0', 'da', ' cards '),
 ('241', 'filename', '0', 'da', ' danrisk logo svg '),
 ('241', 'extension', '0', 'da', ' svg '),
 ('241', 'kind', '0', 'da', ' image '),
 ('241', 'slug', '0', 'da', ' danrisk logo '),
 ('241', 'title', '0', 'da', ' danrisk logo '),
 ('242', 'filename', '0', 'da', ' elektronikforsikring logo svg '),
 ('242', 'extension', '0', 'da', ' svg '),
 ('242', 'kind', '0', 'da', ' image '),
 ('242', 'slug', '0', 'da', ' elektronikforsikring logo '),
 ('242', 'title', '0', 'da', ' elektronikforsikring logo '),
 ('243', 'filename', '0', 'da', ' faq jpg '),
 ('243', 'extension', '0', 'da', ' jpg '),
 ('243', 'kind', '0', 'da', ' image '),
 ('243', 'slug', '0', 'da', ' faq '),
 ('243', 'title', '0', 'da', ' faq '),
 ('244', 'filename', '0', 'da', ' foto jpg '),
 ('244', 'extension', '0', 'da', ' jpg '),
 ('244', 'kind', '0', 'da', ' image '),
 ('244', 'slug', '0', 'da', ' foto '),
 ('244', 'title', '0', 'da', ' foto '),
 ('245', 'filename', '0', 'da', ' girls jpg '),
 ('245', 'extension', '0', 'da', ' jpg '),
 ('245', 'kind', '0', 'da', ' image '),
 ('245', 'slug', '0', 'da', ' girls '),
 ('245', 'title', '0', 'da', ' girls '),
 ('247', 'title', '0', 'da', ' pencil '),
 ('248', 'slug', '0', 'da', ' lovpligtige betingelser '),
 ('248', 'title', '0', 'da', ' lovpligtige betingelser '),
 ('285', 'licensedto', '0', 'da', ' mb 18digital dk '),
 ('248', 'field', '1', 'da', ''),
 ('248', 'field', '29', 'da', ' du har kobt en elektronikforsikring gennem danrisk forsikringsagentur aps danrisk havnevej 1 4000 roskilde tlf 45 46306030 mail info darfo dk forsikringsagent for qudos insurance a s kongevejen 371 2840 holte cvr nr 33956967 danrisk er registreret som forsikringsagent i agentregisteret kan ses pa http www forsikringogpension dk medlemmer agentregisteret sider agentsogning aspx qudos insurance a s kongevejen 371 2840 holte cvr nr 33956967 er forsikringsudbyder og den ansvarlige overfor forsikrede i henhold til forsikringspolicen forsikringens vaesentligste indhold er beskrevet i naervaerende dokument qudos er omfattet af forsikringsgarantifonden de fuldstaendige vilkar samt forsikringsbeviset fremsendes via mail efter at du har kobt forsikringen fra danrisk du kan laese de samlede forsikringsbetingelser pa www elektronik forsikring dk den samlede pris inkl afgifter fremgar af kvitteringen for distributionen af elektronikforsikringen modtager danrisk en provision af qudos storrelsen af provisionen kan oplyses ved henvendelse til danrisk fortrydelse du har 14 dages fortrydelsesret fra kobsdatoen hvis fortrydelsesfristen udlober pa en helligdag lordag grundlovsdag juleaftensdag eller nytarsaftensdag er fristen forst den folgende hverdag vil du gore brug af fortrydelsesfristen skal du inden de 14 dage give besked om at du har fortrudt dit kob af forsikringen til danrisk havnevej 1 4000 roskilde eller pa e mail infor darfo dk fortrydelsen skal ske skriftligt forsikringens daekningsomfang safremt du har en indboforsikring kan du have en daekning for tyveri eller udefra kommende skader pa dit produkt elektronikforsikring daekker vaerkstedets udgifter i forbindelse med at det forsikrede produkt er blevet skadet som folge af en pludselig og uforudset udefra kommende haendelse skade som ikke daekkes af en leverandorgaranti eller falder ind under saelgers ansvar ifolge kobeloven mangler derudover har du daekning for funktionsfejl efter udlob af den 2 arige reklamationsret i h t kobelovens 83 for de apparater der har en laengere forsikringsperiode end 2 ar se betingelser forsikringens betaling og lobetid forsikringen betales til danrisk ved kobet her traekkes for restbelobet for kobsmaneden maneden efter forsikringen lober indtil den opsiges der er tale om en manedlig abonnementsbetaling pa 99 kr som automatisk traekkes pa det betalingskort der er brugt ved kobet forsikringen kan altid opsiges med lobende maned 30 dage safremt sikrede onsker at gore brug af forsikringen til daekning af en skade skal sikrede ga ind pa www elektronikforsikring dk hvor online skadesanmeldelsen udfyldes og sammen med den onskede dokumentation sendes til danrisk ved tvivls sporgsmal kan danrisk traeffes pa tlf nr 45 46306030 ml 9 00 og 15 00 eller pa e mail adressen info darfo dk klage safremt sikrede har en klage kan sikrede henvende sig hos danrisk eller hos qudos pa de angivne adresser safremt dette ikke loser problemet kan uoverensstemmelsen indbringes for ankenaevnet for forsikring anker heegaards gade 2 1572 kbh v tlf 33158900 reglerne herfor fremgar af www ankeforsikring dk information ved kob '),
 ('248', 'field', '34', 'da', ' lovpligtige betingelser '),
 ('248', 'field', '33', 'da', ''),
 ('248', 'field', '35', 'da', ' paper '),
 ('248', 'field', '2', 'da', ''),
 ('250', 'field', '30', 'da', ' information ved kob '),
 ('250', 'field', '31', 'da', ' du har kobt en elektronikforsikring gennem danrisk forsikringsagentur aps danrisk havnevej 1 4000 roskilde tlf 45 46306030 mail info darfo dk forsikringsagent for qudos insurance a s kongevejen 371 2840 holte cvr nr 33956967 danrisk er registreret som forsikringsagent i agentregisteret kan ses pa http www forsikringogpension dk medlemmer agentregisteret sider agentsogning aspx qudos insurance a s kongevejen 371 2840 holte cvr nr 33956967 er forsikringsudbyder og den ansvarlige overfor forsikrede i henhold til forsikringspolicen forsikringens vaesentligste indhold er beskrevet i naervaerende dokument qudos er omfattet af forsikringsgarantifonden de fuldstaendige vilkar samt forsikringsbeviset fremsendes via mail efter at du har kobt forsikringen fra danrisk du kan laese de samlede forsikringsbetingelser pa www elektronik forsikring dk den samlede pris inkl afgifter fremgar af kvitteringen for distributionen af elektronikforsikringen modtager danrisk en provision af qudos storrelsen af provisionen kan oplyses ved henvendelse til danrisk fortrydelse du har 14 dages fortrydelsesret fra kobsdatoen hvis fortrydelsesfristen udlober pa en helligdag lordag grundlovsdag juleaftensdag eller nytarsaftensdag er fristen forst den folgende hverdag vil du gore brug af fortrydelsesfristen skal du inden de 14 dage give besked om at du har fortrudt dit kob af forsikringen til danrisk havnevej 1 4000 roskilde eller pa e mail infor darfo dk fortrydelsen skal ske skriftligt forsikringens daekningsomfang safremt du har en indboforsikring kan du have en daekning for tyveri eller udefra kommende skader pa dit produkt elektronikforsikring daekker vaerkstedets udgifter i forbindelse med at det forsikrede produkt er blevet skadet som folge af en pludselig og uforudset udefra kommende haendelse skade som ikke daekkes af en leverandorgaranti eller falder ind under saelgers ansvar ifolge kobeloven mangler derudover har du daekning for funktionsfejl efter udlob af den 2 arige reklamationsret i h t kobelovens 83 for de apparater der har en laengere forsikringsperiode end 2 ar se betingelser forsikringens betaling og lobetid forsikringen betales til danrisk ved kobet her traekkes for restbelobet for kobsmaneden maneden efter forsikringen lober indtil den opsiges der er tale om en manedlig abonnementsbetaling pa 99 kr som automatisk traekkes pa det betalingskort der er brugt ved kobet forsikringen kan altid opsiges med lobende maned 30 dage safremt sikrede onsker at gore brug af forsikringen til daekning af en skade skal sikrede ga ind pa www elektronikforsikring dk hvor online skadesanmeldelsen udfyldes og sammen med den onskede dokumentation sendes til danrisk ved tvivls sporgsmal kan danrisk traeffes pa tlf nr 45 46306030 ml 9 00 og 15 00 eller pa e mail adressen info darfo dk klage safremt sikrede har en klage kan sikrede henvende sig hos danrisk eller hos qudos pa de angivne adresser safremt dette ikke loser problemet kan uoverensstemmelsen indbringes for ankenaevnet for forsikring anker heegaards gade 2 1572 kbh v tlf 33158900 reglerne herfor fremgar af www ankeforsikring dk '),
 ('250', 'slug', '0', 'da', ''),
 ('251', 'field', '34', 'da', ' nar skaden er sket '),
 ('251', 'field', '1', 'da', ' her kommer der noget tekst '),
 ('251', 'field', '29', 'da', ' naervaerende kontantkobsbetingelser er gaeldende for kob af forsikring online pa www elektronik forsikring dk hjemmesiden www elektronik forsikring dk ejes og drives af danrisk forsikringsagentur aps havnevej 1 4000 roskilde cvr nr 33953194 betingelserne kan ikke aendres naervaerende '),
 ('251', 'field', '33', 'da', ' elektronikforsikring daekker vaesentligt bedre end tillaegsdaekninger pa indboforsikringen '),
 ('251', 'field', '35', 'da', ' foto '),
 ('251', 'field', '2', 'da', ''),
 ('251', 'slug', '0', 'da', ' naar skaden er sket '),
 ('251', 'title', '0', 'da', ' nar skaden er sket '),
 ('252', 'filename', '0', 'da', ' customer jpg '),
 ('252', 'extension', '0', 'da', ' jpg '),
 ('252', 'kind', '0', 'da', ' image '),
 ('252', 'slug', '0', 'da', ' customer '),
 ('252', 'title', '0', 'da', ' customer '),
 ('253', 'field', '30', 'da', ' naervaerende '),
 ('253', 'field', '31', 'da', ' naervaerende kontantkobsbetingelser er gaeldende for kob af forsikring online pa www elektronik forsikring dk hjemmesiden www elektronik forsikring dk ejes og drives af danrisk forsikringsagentur aps havnevej 1 4000 roskilde cvr nr 33953194 betingelserne kan ikke aendres '),
 ('253', 'slug', '0', 'da', ''),
 ('254', 'field', '34', 'da', ' handelsbetingelser '),
 ('254', 'field', '1', 'da', ''),
 ('254', 'field', '29', 'da', ' naervaerende kontantkobsbetingelser er gaeldende for kob af forsikring online pa www elektronik forsikring dk hjemmesiden www elektronik forsikring dk ejes og drives af danrisk forsikringsagentur aps havnevej 1 4000 roskilde cvr nr 33953194 betingelserne kan ikke aendres omfang kober skal ved kob acceptere kontantkobsbetingelserne kober opfordres til at laese betingelserne grundigt igennem og gore sig bekendt med de forpligtelser og rettigheder som betingelserne giver kober far en kopi af betingelser sammen med en bekraeftelse af bestillingen pr e mail aftaleindgaelser kober besidder fra kobsdatoen ejendomsretten til elektronikforsikringen ejendomsret betaling for bestilte varer kan ske online ved brug af dankort visa dankort visa visa electron mastercard og maestro ved betaling med en af disse betalingskort tillaegges der et betalingskortgebyr som varierer fra kort til kort inden kober vaelger at godkende ordren bliver gebyret oplyst betaling via kreditkort er underlagt kortudsteders betingelser for anvendelse nar kober bestiller med kreditkort traekkes belobet pa kobers konto med det samme da elektronikforsikringen er gaeldende ved kobet belobet der traekkes er rest praemien for den givne maned samt for maneden efter betalingsbetingelser og gebyrer levering sker til den af kober oplyste e mail adresse der er ikke tale om en fysisk vare men en elektronikforsikring som leveres i det kunden kober forsikringen traeder i kraft pa kobsdatoen levering kober har ret til at traede tilbage fra denne aftale uden begrundelse inden for 14 dage fortrydelsesfristen udlober 14 dage efter den dag hvor kober har kobt elektronikforsikringen for at udove fortrydelsesretten skal kober meddele danrisk forsikringsagentur aps sin beslutning om at fortryde denne aftale i en utvetydig erklaering f eks ved brev eller e mail fortrydelsesfristen er overholdt hvis kober sender sin meddelelse om udovelse af fortrydelsesretten inden fortrydelsesfristen er udlobet hvis kober udover sin fortrydelsesret i denne aftale refunderer danrisk forsikringsagentur aps alle betalinger modtaget fra kober uden unodig forsinkelse og under alle omstaendigheder senest 14 dage fra den dato hvor danrisk forsikringsagentur aps har modtaget meddelelse om kobers beslutning om at fortryde denne aftale danrisk forsikringsagentur aps gennemforer en sadan tilbagebetaling med samme betalingsmiddel som kober benyttede ved den oprindelige transaktion medmindre kober udtrykkeligt har indvilget i noget andet under alle omstaendigheder palaegges kober ingen former for gebyrer som folge af tilbagebetalingen fortrydelsesret ifolge persondataloven har danrisk forsikringsagentur aps pligt til at oplyse kober om bl a hvilke typer af personoplysninger der behandles med hvilket formal behandlingen sker samt hvem oplysningerne videregives til danrisk forsikringsagentur aps behandler oplysninger om kober til kundeadministration din personsikkerhed er en vigtig del af vores kundepolitik vi lever op til alle regler i persondataloven ved kob af elektronikforsikring pa www elektronik forsikring dk bliver kober registreret som kunde de personlige oplysninger der registreres er navn adresse telefonnummer og e mail den dataansvarlige er danrisk forsikringsagentur aps havnevej 1 4000 roskilde cvr nr 33953194 som registreret hos danrisk forsikringsagentur aps har du altid ret til at gore indsigelse mod registreringen du har ogsa ret til indsigt i hvilke oplysninger der er registreret om dig disse rettigheder har du efter persondataloven og henvendelse i forbindelse hermed rettes til den dataansvarlige kober kan klage over danrisk forsikringsagentur aps s behandling af oplysninger om kober til elektronik forsikring dk og til datatilsynet persondatapolitik og videregivelse af personoplysninger kober har mulighed for at fa behandlet en klage ved skriftlig henvendelse til info darfo dk kober har ogsa mulighed for at indbringe klage til center for klagelosning og eller forbrugerklagenaevnet carl jacobsens vej 35 2500 valby laes mere pa www forbrug dk eu kommissionens online klageportal kan ogsa anvendes ved indgivelse af en klage ved indgivelse af en klage skal du angive vores e mail adresse info darfo dk forbrugerombudsmanden forer tilsyn med elektronik forsikring dk virksomhed som kun bestar af elektronikforsikringen retsforholdet afgores efter dansk ret klageadgang de gaeldende betingelser for elektronikforsikringen findes pa www elektronik forsikring dk her kan kober desuden printe de gaeldende forsikringsbetingelser ved accepten af elektronik forsirking dk handelsbetingelser i forbindelse med kobet af en elektronikforsikring tilkendegives det samtidigt at forsikringsbetingelserne er laest forsikring '),
 ('254', 'field', '33', 'da', ' her skal der skrives lidt teaser test '),
 ('254', 'field', '35', 'da', ' faq '),
 ('254', 'field', '2', 'da', ''),
 ('254', 'slug', '0', 'da', ' handelsbetingelser '),
 ('254', 'title', '0', 'da', ' handelsbetingelser '),
 ('255', 'field', '30', 'da', ' omfang '),
 ('255', 'field', '31', 'da', ' naervaerende kontantkobsbetingelser er gaeldende for kob af forsikring online pa www elektronik forsikring dk hjemmesiden www elektronik forsikring dk ejes og drives af danrisk forsikringsagentur aps havnevej 1 4000 roskilde cvr nr 33953194 betingelserne kan ikke aendres '),
 ('255', 'slug', '0', 'da', '');
INSERT INTO `craft_searchindex` (`elementId`, `attribute`, `fieldId`, `locale`, `keywords`) VALUES
 ('256', 'field', '30', 'da', ' aftaleindgaelser '),
 ('256', 'field', '31', 'da', ' kober skal ved kob acceptere kontantkobsbetingelserne kober opfordres til at laese betingelserne grundigt igennem og gore sig bekendt med de forpligtelser og rettigheder som betingelserne giver kober far en kopi af betingelser sammen med en bekraeftelse af bestillingen pr e mail '),
 ('256', 'slug', '0', 'da', ''),
 ('257', 'field', '30', 'da', ' ejendomsret '),
 ('257', 'field', '31', 'da', ' kober besidder fra kobsdatoen ejendomsretten til elektronikforsikringen '),
 ('257', 'slug', '0', 'da', ''),
 ('258', 'field', '30', 'da', ' betalingsbetingelser og gebyrer '),
 ('258', 'field', '31', 'da', ' betaling for bestilte varer kan ske online ved brug af dankort visa dankort visa visa electron mastercard og maestro ved betaling med en af disse betalingskort tillaegges der et betalingskortgebyr som varierer fra kort til kort inden kober vaelger at godkende ordren bliver gebyret oplyst betaling via kreditkort er underlagt kortudsteders betingelser for anvendelse nar kober bestiller med kreditkort traekkes belobet pa kobers konto med det samme da elektronikforsikringen er gaeldende ved kobet belobet der traekkes er rest praemien for den givne maned samt for maneden efter '),
 ('258', 'slug', '0', 'da', ''),
 ('259', 'field', '30', 'da', ' levering '),
 ('259', 'field', '31', 'da', ' levering sker til den af kober oplyste e mail adresse der er ikke tale om en fysisk vare men en elektronikforsikring som leveres i det kunden kober forsikringen traeder i kraft pa kobsdatoen '),
 ('259', 'slug', '0', 'da', ''),
 ('260', 'field', '30', 'da', ' fortrydelsesret '),
 ('260', 'field', '31', 'da', ' kober har ret til at traede tilbage fra denne aftale uden begrundelse inden for 14 dage fortrydelsesfristen udlober 14 dage efter den dag hvor kober har kobt elektronikforsikringen for at udove fortrydelsesretten skal kober meddele danrisk forsikringsagentur aps sin beslutning om at fortryde denne aftale i en utvetydig erklaering f eks ved brev eller e mail fortrydelsesfristen er overholdt hvis kober sender sin meddelelse om udovelse af fortrydelsesretten inden fortrydelsesfristen er udlobet hvis kober udover sin fortrydelsesret i denne aftale refunderer danrisk forsikringsagentur aps alle betalinger modtaget fra kober uden unodig forsinkelse og under alle omstaendigheder senest 14 dage fra den dato hvor danrisk forsikringsagentur aps har modtaget meddelelse om kobers beslutning om at fortryde denne aftale danrisk forsikringsagentur aps gennemforer en sadan tilbagebetaling med samme betalingsmiddel som kober benyttede ved den oprindelige transaktion medmindre kober udtrykkeligt har indvilget i noget andet under alle omstaendigheder palaegges kober ingen former for gebyrer som folge af tilbagebetalingen '),
 ('260', 'slug', '0', 'da', ''),
 ('261', 'field', '30', 'da', ' persondatapolitik og videregivelse af personoplysninger '),
 ('261', 'field', '31', 'da', ' ifolge persondataloven har danrisk forsikringsagentur aps pligt til at oplyse kober om bl a hvilke typer af personoplysninger der behandles med hvilket formal behandlingen sker samt hvem oplysningerne videregives til danrisk forsikringsagentur aps behandler oplysninger om kober til kundeadministration din personsikkerhed er en vigtig del af vores kundepolitik vi lever op til alle regler i persondataloven ved kob af elektronikforsikring pa www elektronik forsikring dk bliver kober registreret som kunde de personlige oplysninger der registreres er navn adresse telefonnummer og e mail den dataansvarlige er danrisk forsikringsagentur aps havnevej 1 4000 roskilde cvr nr 33953194 som registreret hos danrisk forsikringsagentur aps har du altid ret til at gore indsigelse mod registreringen du har ogsa ret til indsigt i hvilke oplysninger der er registreret om dig disse rettigheder har du efter persondataloven og henvendelse i forbindelse hermed rettes til den dataansvarlige kober kan klage over danrisk forsikringsagentur aps s behandling af oplysninger om kober til elektronik forsikring dk og til datatilsynet '),
 ('261', 'slug', '0', 'da', ''),
 ('262', 'field', '30', 'da', ' klageadgang '),
 ('262', 'field', '31', 'da', ' kober har mulighed for at fa behandlet en klage ved skriftlig henvendelse til info darfo dk kober har ogsa mulighed for at indbringe klage til center for klagelosning og eller forbrugerklagenaevnet carl jacobsens vej 35 2500 valby laes mere pa www forbrug dk eu kommissionens online klageportal kan ogsa anvendes ved indgivelse af en klage ved indgivelse af en klage skal du angive vores e mail adresse info darfo dk forbrugerombudsmanden forer tilsyn med elektronik forsikring dk virksomhed som kun bestar af elektronikforsikringen retsforholdet afgores efter dansk ret '),
 ('262', 'slug', '0', 'da', ''),
 ('263', 'field', '30', 'da', ' forsikring '),
 ('263', 'field', '31', 'da', ' de gaeldende betingelser for elektronikforsikringen findes pa www elektronik forsikring dk her kan kober desuden printe de gaeldende forsikringsbetingelser ved accepten af elektronik forsirking dk handelsbetingelser i forbindelse med kobet af en elektronikforsikring tilkendegives det samtidigt at forsikringsbetingelserne er laest '),
 ('263', 'slug', '0', 'da', ''),
 ('264', 'field', '34', 'da', ' lovpligtige oplysninger '),
 ('264', 'field', '1', 'da', ''),
 ('264', 'field', '29', 'da', ' information ved kob du har kobt en elektronikforsikring gennem danrisk forsikringsagentur aps danrisk havnevej 1 4000 roskilde tlf 45 46306030 mail info darfo dk forsikringsagent for qudos insurance a s kongevejen 371 2840 holte cvr nr 33956967 danrisk er registreret som forsikringsagent i agentregisteret kan ses pa http www forsikringogpension dk medlemmer agentregisteret sider agentsogning aspx qudos insurance a s kongevejen 371 2840 holte cvr nr 33956967 er forsikringsudbyder og den ansvarlige overfor forsikrede i henhold til forsikringspolicen forsikringens vaesentligste indhold er beskrevet i naervaerende dokument qudos er omfattet af forsikringsgarantifonden de fuldstaendige vilkar samt forsikringsbeviset fremsendes via mail efter at du har kobt forsikringen fra danrisk du kan laese de samlede forsikringsbetingelser pa www elektronik forsikring dk den samlede pris inkl afgifter fremgar af kvitteringen for distributionen af elektronikforsikringen modtager danrisk en provision af qudos storrelsen af provisionen kan oplyses ved henvendelse til danrisk fortrydelse du har 14 dages fortrydelsesret fra kobsdatoen hvis fortrydelsesfristen udlober pa en helligdag lordag grundlovsdag juleaftensdag eller nytarsaftensdag er fristen forst den folgende hverdag vil du gore brug af fortrydelsesfristen skal du inden de 14 dage give besked om at du har fortrudt dit kob af forsikringen til danrisk havnevej 1 4000 roskilde eller pa e mail infor darfo dk fortrydelsen skal ske skriftligt forsikringens daekningsomfang safremt du har en indboforsikring kan du have en daekning for tyveri eller udefra kommende skader pa dit produkt elektronikforsikring daekker vaerkstedets udgifter i forbindelse med at det forsikrede produkt er blevet skadet som folge af en pludselig og uforudset udefra kommende haendelse skade som ikke daekkes af en leverandorgaranti eller falder ind under saelgers ansvar ifolge kobeloven mangler derudover har du daekning for funktionsfejl efter udlob af den 2 arige reklamationsret i h t kobelovens 83 for de apparater der har en laengere forsikringsperiode end 2 ar se betingelser forsikringens betaling og lobetid forsikringen betales til danrisk ved kobet her traekkes for restbelobet for kobsmaneden maneden efter forsikringen lober indtil den opsiges der er tale om en manedlig abonnementsbetaling pa 99 kr som automatisk traekkes pa det betalingskort der er brugt ved kobet forsikringen kan altid opsiges med lobende maned 30 dage safremt sikrede onsker at gore brug af forsikringen til daekning af en skade skal sikrede ga ind pa www elektronikforsikring dk hvor online skadesanmeldelsen udfyldes og sammen med den onskede dokumentation sendes til danrisk ved tvivls sporgsmal kan danrisk traeffes pa tlf nr 45 46306030 ml 9 00 og 15 00 eller pa e mail adressen info darfo dk klage safremt sikrede har en klage kan sikrede henvende sig hos danrisk eller hos qudos pa de angivne adresser safremt dette ikke loser problemet kan uoverensstemmelsen indbringes for ankenaevnet for forsikring anker heegaards gade 2 1572 kbh v tlf 33158900 reglerne herfor fremgar af www ankeforsikring dk '),
 ('264', 'field', '33', 'da', ' her skal der skrives lidt teaser test '),
 ('264', 'field', '35', 'da', ' faq '),
 ('264', 'field', '2', 'da', ''),
 ('264', 'slug', '0', 'da', ' lovpligtige oplysninger '),
 ('264', 'title', '0', 'da', ' lovpligtige oplysninger '),
 ('265', 'field', '30', 'da', ''),
 ('265', 'field', '31', 'da', ' information ved kob du har kobt en elektronikforsikring gennem danrisk forsikringsagentur aps danrisk havnevej 1 4000 roskilde tlf 45 46306030 mail info darfo dk forsikringsagent for qudos insurance a s kongevejen 371 2840 holte cvr nr 33956967 danrisk er registreret som forsikringsagent i agentregisteret kan ses pa http www forsikringogpension dk medlemmer agentregisteret sider agentsogning aspx qudos insurance a s kongevejen 371 2840 holte cvr nr 33956967 er forsikringsudbyder og den ansvarlige overfor forsikrede i henhold til forsikringspolicen forsikringens vaesentligste indhold er beskrevet i naervaerende dokument qudos er omfattet af forsikringsgarantifonden de fuldstaendige vilkar samt forsikringsbeviset fremsendes via mail efter at du har kobt forsikringen fra danrisk du kan laese de samlede forsikringsbetingelser pa www elektronik forsikring dk den samlede pris inkl afgifter fremgar af kvitteringen for distributionen af elektronikforsikringen modtager danrisk en provision af qudos storrelsen af provisionen kan oplyses ved henvendelse til danrisk fortrydelse du har 14 dages fortrydelsesret fra kobsdatoen hvis fortrydelsesfristen udlober pa en helligdag lordag grundlovsdag juleaftensdag eller nytarsaftensdag er fristen forst den folgende hverdag vil du gore brug af fortrydelsesfristen skal du inden de 14 dage give besked om at du har fortrudt dit kob af forsikringen til danrisk havnevej 1 4000 roskilde eller pa e mail infor darfo dk fortrydelsen skal ske skriftligt forsikringens daekningsomfang safremt du har en indboforsikring kan du have en daekning for tyveri eller udefra kommende skader pa dit produkt elektronikforsikring daekker vaerkstedets udgifter i forbindelse med at det forsikrede produkt er blevet skadet som folge af en pludselig og uforudset udefra kommende haendelse skade som ikke daekkes af en leverandorgaranti eller falder ind under saelgers ansvar ifolge kobeloven mangler derudover har du daekning for funktionsfejl efter udlob af den 2 arige reklamationsret i h t kobelovens 83 for de apparater der har en laengere forsikringsperiode end 2 ar se betingelser forsikringens betaling og lobetid forsikringen betales til danrisk ved kobet her traekkes for restbelobet for kobsmaneden maneden efter forsikringen lober indtil den opsiges der er tale om en manedlig abonnementsbetaling pa 99 kr som automatisk traekkes pa det betalingskort der er brugt ved kobet forsikringen kan altid opsiges med lobende maned 30 dage safremt sikrede onsker at gore brug af forsikringen til daekning af en skade skal sikrede ga ind pa www elektronikforsikring dk hvor online skadesanmeldelsen udfyldes og sammen med den onskede dokumentation sendes til danrisk ved tvivls sporgsmal kan danrisk traeffes pa tlf nr 45 46306030 ml 9 00 og 15 00 eller pa e mail adressen info darfo dk klage safremt sikrede har en klage kan sikrede henvende sig hos danrisk eller hos qudos pa de angivne adresser safremt dette ikke loser problemet kan uoverensstemmelsen indbringes for ankenaevnet for forsikring anker heegaards gade 2 1572 kbh v tlf 33158900 reglerne herfor fremgar af www ankeforsikring dk '),
 ('265', 'slug', '0', 'da', ''),
 ('100012', 'field', '47', 'da', ' ricicitaker '),
 ('100011', 'field', '47', 'da', ' insurrencetype '),
 ('100004', 'slug', '0', 'da', ''),
 ('100011', 'field', '46', 'da', ''),
 ('100010', 'field', '46', 'da', ''),
 ('100011', 'field', '45', 'da', ' elektronikforsikring '),
 ('100011', 'slug', '0', 'da', ''),
 ('100003', 'licensedto', '0', 'da', ' mb 18digital dk '),
 ('100003', 'product', '0', 'da', ' 281 1 0 da 1 elektronikforsikring 2016 07 01 2016 07 04 2016 07 01 0 1 el 2 99 0000 '),
 ('100003', 'slug', '0', 'da', ''),
 ('100004', 'licensedto', '0', 'da', ' mb 18digital dk '),
 ('100004', 'product', '0', 'da', ' 281 1 0 da 1 elektronikforsikring 2016 07 01 2016 07 04 2016 07 01 0 1 el 2 99 0000 '),
 ('100010', 'field', '47', 'da', ' policytype '),
 ('100011', 'field', '44', 'da', ' forsikringstype '),
 ('100001', 'product', '0', 'da', ' 281 1 0 da 1 elektronikforsikring 2016 07 01 2016 07 04 2016 07 01 0 1 el 2 99 0000 '),
 ('100001', 'slug', '0', 'da', ''),
 ('100009', 'field', '43', 'da', ' policenr policenr policytype forsikringstype elektronikforsikring insurrencetype risikobaerer qudos insurance a s kongevejen 371 2840 holte ricicitaker administrator danrisk forsikringsagentur aps havnevej 1 4000 roskilde telefon 46306030 administrator forsikringsperiode forsikringen gaelder fra order dateordered date d m y og i henholdsvis 2 3 4 eller 5 ar ud fra produkttype se betingelser insurrenceperiod sikrede medforsikrede insurrencetaker forsikringssted insurrenceaddress risikobeskrivelse elektronikforsikring for elektronik og hvidevarer produkter i hjemmet risicidescription daekning elektronikforsikring se betingelser cover forsikringssum produktets kobspris se betingelser insurrenceamount selvrisiko ingen selvrisiko ownrisk karensperiode 3 maneder waitingperiod saerlige betingelser kobsfaktura i forsikringstagers navn og eller adresse skal kunne fremvises ved enhver skade specialterms praemie​​ den manedlige praemie andrager 99 kr insurance kontaktinfo alle skader anmeldes online pa www elektronik forsikring dk evt sporgsmal kan rettes til info darfo dk contactinfo '),
 ('100001', 'licensedto', '0', 'da', ' mb 18digital dk '),
 ('100006', 'product', '0', 'da', ' 281 1 0 da 1 elektronikforsikring 2016 07 01 2016 07 04 2016 07 01 0 1 el 2 99 0000 '),
 ('100006', 'slug', '0', 'da', ''),
 ('100033', 'slug', '0', 'da', ''),
 ('285', 'slug', '0', 'da', ''),
 ('295', 'slug', '0', 'da', ''),
 ('100008', 'product', '0', 'da', ' 281 1 0 da 1 elektronikforsikring 2016 07 01 2016 07 04 2016 07 01 0 1 el 2 99 0000 '),
 ('100010', 'slug', '0', 'da', ''),
 ('100010', 'field', '45', 'da', ' policenr '),
 ('289', 'licensedto', '0', 'da', ' mb 18digital dk '),
 ('289', 'product', '0', 'da', ' 281 1 0 da 1 elektronikforsikring 2016 07 01 2016 07 04 2016 07 01 0 1 el 2 99 0000 '),
 ('289', 'slug', '0', 'da', ''),
 ('290', 'field', '9', 'da', ''),
 ('290', 'number', '0', 'da', ' 08ddd8401b5e96662e60d3b3929d7446 '),
 ('290', 'email', '0', 'da', ' mb 18digital dk '),
 ('290', 'slug', '0', 'da', ''),
 ('291', 'field', '9', 'da', ''),
 ('291', 'number', '0', 'da', ' bd7fc4750989ab8564f0e2fce5ba3e54 '),
 ('283', 'slug', '0', 'da', ''),
 ('277', 'slug', '0', 'da', ''),
 ('277', 'field', '36', 'da', ' martin beuschau test blaest '),
 ('278', 'field', '37', 'da', ' martin '),
 ('278', 'field', '38', 'da', ' beuschau '),
 ('278', 'slug', '0', 'da', ''),
 ('279', 'field', '37', 'da', ' test '),
 ('279', 'field', '38', 'da', ' blaest '),
 ('279', 'slug', '0', 'da', ''),
 ('277', 'field', '39', 'da', ' cards '),
 ('280', 'title', '0', 'da', ' elektronikforsikring '),
 ('280', 'slug', '0', 'da', ' elektronikforsikring '),
 ('281', 'title', '0', 'da', ' elektronikforsikring '),
 ('281', 'slug', '0', 'da', ' elektronikforsikring '),
 ('297', 'product', '0', 'da', ' 281 1 0 da 1 elektronikforsikring 2016 07 01 2016 07 04 2016 07 01 0 1 el 2 99 0000 '),
 ('297', 'licensedto', '0', 'da', ' mb 18digital dk '),
 ('283', 'licensedto', '0', 'da', ' mb 18digital dk '),
 ('283', 'product', '0', 'da', ' 281 1 0 da 1 elektronikforsikring 2016 07 01 2016 07 01 2016 07 01 1 1 el 1 99 0000 '),
 ('275', 'slug', '0', 'da', ' mail '),
 ('275', 'title', '0', 'da', ' mail '),
 ('276', 'field', '30', 'da', ' kontakt '),
 ('276', 'field', '31', 'da', ' har du brug for at komme i kontakt med os er du mere end velkommen til at skrive eller ringe danriskhavnevej 14000 roskilde email kontakt danrisk comtelefon telefon 46306030cvr 33953194 '),
 ('276', 'slug', '0', 'da', ''),
 ('275', 'kind', '0', 'da', ' image '),
 ('275', 'extension', '0', 'da', ' jpg '),
 ('274', 'field', '34', 'da', ' kontakt '),
 ('274', 'field', '33', 'da', ' vi horer gerne fra dig '),
 ('274', 'field', '1', 'da', ''),
 ('274', 'field', '29', 'da', ' har du brug for at komme i kontakt med os er du mere end velkommen til at skrive eller ringe danriskhavnevej 14000 roskilde email kontakt danrisk comtelefon telefon 46306030cvr 33953194 kontakt '),
 ('274', 'field', '2', 'da', '');
INSERT INTO `craft_searchindex` (`elementId`, `attribute`, `fieldId`, `locale`, `keywords`) VALUES
 ('274', 'slug', '0', 'da', ' kontakt '),
 ('274', 'title', '0', 'da', ' kontakt '),
 ('275', 'filename', '0', 'da', ' mail jpg '),
 ('274', 'field', '35', 'da', ' mail '),
 ('100012', 'field', '44', 'da', ' risikobaerer '),
 ('100012', 'field', '45', 'da', ' qudos insurance a s kongevejen 371 2840 holte '),
 ('100012', 'field', '46', 'da', ''),
 ('100012', 'slug', '0', 'da', ''),
 ('100013', 'field', '47', 'da', ' administrator '),
 ('100013', 'field', '44', 'da', ' administrator '),
 ('100013', 'field', '45', 'da', ' danrisk forsikringsagentur aps havnevej 1 4000 roskilde telefon 46306030 '),
 ('100013', 'field', '46', 'da', ''),
 ('100013', 'slug', '0', 'da', ''),
 ('100014', 'field', '47', 'da', ' insurrenceperiod '),
 ('100014', 'field', '44', 'da', ' forsikringsperiode '),
 ('100014', 'field', '45', 'da', ' forsikringen gaelder fra order dateordered date d m y og i henholdsvis 2 3 4 eller 5 ar ud fra produkttype se betingelser '),
 ('100014', 'field', '46', 'da', ''),
 ('100014', 'slug', '0', 'da', ''),
 ('100015', 'field', '47', 'da', ' insurrencetaker '),
 ('100015', 'field', '44', 'da', ' sikrede medforsikrede '),
 ('100015', 'field', '45', 'da', ''),
 ('100015', 'field', '46', 'da', ''),
 ('100015', 'slug', '0', 'da', ''),
 ('100017', 'field', '47', 'da', ' insurrenceaddress '),
 ('100017', 'field', '44', 'da', ' forsikringssted '),
 ('100017', 'field', '45', 'da', ''),
 ('100017', 'field', '46', 'da', ''),
 ('100017', 'slug', '0', 'da', ''),
 ('100018', 'field', '47', 'da', ' risicidescription '),
 ('100018', 'field', '44', 'da', ' risikobeskrivelse '),
 ('100018', 'field', '45', 'da', ' elektronikforsikring for elektronik og hvidevarer produkter i hjemmet '),
 ('100018', 'field', '46', 'da', ''),
 ('100018', 'slug', '0', 'da', ''),
 ('100019', 'field', '47', 'da', ' cover '),
 ('100019', 'field', '44', 'da', ' daekning '),
 ('100019', 'field', '45', 'da', ' elektronikforsikring se betingelser '),
 ('100019', 'field', '46', 'da', ''),
 ('100019', 'slug', '0', 'da', ''),
 ('100020', 'field', '47', 'da', ' insurrenceamount '),
 ('100020', 'field', '44', 'da', ' forsikringssum '),
 ('100020', 'field', '45', 'da', ' produktets kobspris se betingelser '),
 ('100020', 'field', '46', 'da', ''),
 ('100020', 'slug', '0', 'da', ''),
 ('100021', 'field', '47', 'da', ' ownrisk '),
 ('100021', 'field', '44', 'da', ' selvrisiko '),
 ('100021', 'field', '45', 'da', ' ingen selvrisiko '),
 ('100021', 'field', '46', 'da', ''),
 ('100021', 'slug', '0', 'da', ''),
 ('100022', 'field', '47', 'da', ' waitingperiod '),
 ('100022', 'field', '44', 'da', ' karensperiode '),
 ('100022', 'field', '45', 'da', ' 3 maneder '),
 ('100022', 'field', '46', 'da', ''),
 ('100022', 'slug', '0', 'da', ''),
 ('100023', 'field', '47', 'da', ' specialterms '),
 ('100023', 'field', '44', 'da', ' saerlige betingelser '),
 ('100023', 'field', '45', 'da', ' kobsfaktura i forsikringstagers navn og eller adresse skal kunne fremvises ved enhver skade '),
 ('100023', 'field', '46', 'da', ''),
 ('100023', 'slug', '0', 'da', ''),
 ('100024', 'field', '47', 'da', ' insurance '),
 ('100024', 'field', '44', 'da', ' praemie​​ '),
 ('100024', 'field', '45', 'da', ' den manedlige praemie andrager 99 kr '),
 ('100024', 'field', '46', 'da', ''),
 ('100024', 'slug', '0', 'da', ''),
 ('100025', 'field', '47', 'da', ' contactinfo '),
 ('100025', 'field', '44', 'da', ' kontaktinfo '),
 ('100025', 'field', '45', 'da', ' alle skader anmeldes online pa www elektronik forsikring dk evt sporgsmal kan rettes til info darfo dk '),
 ('100025', 'field', '46', 'da', ''),
 ('100025', 'slug', '0', 'da', ''),
 ('281', 'field', '15', 'da', ' vores elektronikforsikring er en abonnementsaftale den koster 99 kr md som traekkes fra dit kreditkort hver den 1 i maneden der er ingen selvrisiko og praemien stiger ikke skulle uheldet vaere ude alt elektronik i husstanden der er mindre end 5 ar gammelt er daekket med vores elektronikforsikring betaler du kun for det du far derfor betaler du for indevaerende maned priceforthismonth og for kommende maned 99 kr sa er du nemlig daekket med det samme det er vigtigt du laeser vores abonnementsbetingelser godt igennem vores forsikring er et digitalt produkt du far derfor tilsendt en police nar kobet er gennemfort der hele sker pa nogle fa minutter du far naturligvis ogsa en ordrebekraeftelse pa dit kob '),
 ('281', 'field', '16', 'da', ' foto '),
 ('100033', 'licensedto', '0', 'da', ' mb 18digital dk '),
 ('100027', 'licensedto', '0', 'da', ' mb 18digital dk '),
 ('100027', 'product', '0', 'da', ' 281 1 0 da 1 elektronikforsikring 2016 07 01 2016 07 05 2016 07 01 0 1 el 2 99 0000 '),
 ('100027', 'slug', '0', 'da', ''),
 ('100029', 'licensedto', '0', 'da', ' mb 18digital dk '),
 ('100029', 'product', '0', 'da', ' 281 1 0 da 1 elektronikforsikring 2016 07 01 2016 07 05 2016 07 01 0 1 el 2 99 0000 '),
 ('100029', 'slug', '0', 'da', ''),
 ('100035', 'product', '0', 'da', ' 281 1 0 da 1 elektronikforsikring 2016 07 01 2016 07 05 2016 07 01 0 1 el 2 99 0000 '),
 ('100031', 'licensedto', '0', 'da', ' mb 18digital dk '),
 ('100031', 'product', '0', 'da', ' 281 1 0 da 1 elektronikforsikring 2016 07 01 2016 07 05 2016 07 01 0 1 el 2 99 0000 '),
 ('100031', 'slug', '0', 'da', ''),
 ('100035', 'slug', '0', 'da', ''),
 ('100037', 'licensedto', '0', 'da', ' mb 18digital dk '),
 ('100037', 'product', '0', 'da', ' 281 1 0 da 1 elektronikforsikring 2016 07 01 2016 07 05 2016 07 01 0 1 el 2 99 0000 '),
 ('100037', 'slug', '0', 'da', ''),
 ('100039', 'licensedto', '0', 'da', ' mb 18digital dk '),
 ('100039', 'product', '0', 'da', ' 281 1 0 da 1 elektronikforsikring 2016 07 01 2016 07 05 2016 07 01 0 1 el 2 99 0000 '),
 ('100039', 'slug', '0', 'da', ''),
 ('100041', 'licensedto', '0', 'da', ' mb 18digital dk '),
 ('100041', 'product', '0', 'da', ' 281 1 0 da 1 elektronikforsikring 2016 07 01 2016 07 05 2016 07 01 0 1 el 2 99 0000 '),
 ('100041', 'slug', '0', 'da', ''),
 ('100043', 'licensedto', '0', 'da', ' mb 18digital dk '),
 ('100043', 'product', '0', 'da', ' 281 1 0 da 1 elektronikforsikring 2016 07 01 2016 07 05 2016 07 01 0 1 el 2 99 0000 '),
 ('100043', 'slug', '0', 'da', ''),
 ('100045', 'licensedto', '0', 'da', ' mb 18digital dk '),
 ('100045', 'product', '0', 'da', ' 281 1 0 da 1 elektronikforsikring 2016 07 01 2016 07 05 2016 07 01 0 1 el 2 99 0000 '),
 ('100045', 'slug', '0', 'da', ''),
 ('100047', 'licensedto', '0', 'da', ' martin beuschau dk '),
 ('100047', 'product', '0', 'da', ' 281 1 0 da 1 elektronikforsikring 2016 07 01 2016 07 05 2016 07 01 0 1 el 2 99 0000 '),
 ('100047', 'slug', '0', 'da', '');
INSERT INTO `craft_searchindex` (`elementId`, `attribute`, `fieldId`, `locale`, `keywords`) VALUES
 ('100049', 'licensedto', '0', 'da', ' mb 18digital dk '),
 ('100049', 'product', '0', 'da', ' 281 1 0 da 1 elektronikforsikring 2016 07 01 2016 07 05 2016 07 01 0 1 el 2 99 0000 '),
 ('100049', 'slug', '0', 'da', ''),
 ('100051', 'licensedto', '0', 'da', ' mb 18digital dk '),
 ('100051', 'product', '0', 'da', ' 281 1 0 da 1 elektronikforsikring 2016 07 01 2016 07 05 2016 07 01 0 1 el 2 99 0000 '),
 ('100051', 'slug', '0', 'da', ''),
 ('100053', 'licensedto', '0', 'da', ' mb 18digital dk '),
 ('100053', 'product', '0', 'da', ' 281 1 0 da 1 elektronikforsikring 2016 07 01 2016 07 05 2016 07 01 0 1 el 2 99 0000 '),
 ('100053', 'slug', '0', 'da', ''),
 ('100055', 'licensedto', '0', 'da', ' mb 18digital dk '),
 ('100055', 'product', '0', 'da', ' 281 1 0 da 1 elektronikforsikring 2016 07 01 2016 07 05 2016 07 01 0 1 el 2 99 0000 '),
 ('100055', 'slug', '0', 'da', ''),
 ('100093', 'slug', '0', 'da', ''),
 ('100093', 'email', '0', 'da', ' mb 18digital dk '),
 ('100093', 'number', '0', 'da', ' 3a27ecc97b69109674e1f8901190882b '),
 ('100057', 'licensedto', '0', 'da', ' martin beuschau dk '),
 ('100057', 'product', '0', 'da', ' 281 1 0 da 1 elektronikforsikring 2016 07 01 2016 07 05 2016 07 01 0 1 el 2 99 0000 '),
 ('100057', 'slug', '0', 'da', ''),
 ('100093', 'field', '41', 'da', ''),
 ('100093', 'field', '42', 'da', ''),
 ('100059', 'licensedto', '0', 'da', ' mb 18digital dk '),
 ('100059', 'product', '0', 'da', ' 281 1 0 da 1 elektronikforsikring 2016 07 01 2016 07 05 2016 07 01 0 1 el 2 99 0000 '),
 ('100059', 'slug', '0', 'da', ''),
 ('100061', 'licensedto', '0', 'da', ' mb 18digital dk '),
 ('100061', 'product', '0', 'da', ' 281 1 0 da 1 elektronikforsikring 2016 07 01 2016 07 05 2016 07 01 0 1 el 2 99 0000 '),
 ('100061', 'slug', '0', 'da', ''),
 ('100063', 'licensedto', '0', 'da', ' mb 18digital dk '),
 ('100063', 'product', '0', 'da', ' 281 1 0 da 1 elektronikforsikring 2016 07 01 2016 07 05 2016 07 01 0 1 el 2 99 0000 '),
 ('100063', 'slug', '0', 'da', ''),
 ('100065', 'licensedto', '0', 'da', ' mb 18digital dk '),
 ('100065', 'product', '0', 'da', ' 281 1 0 da 1 elektronikforsikring 2016 07 01 2016 07 05 2016 07 01 0 1 el 2 99 0000 '),
 ('100065', 'slug', '0', 'da', ''),
 ('100092', 'slug', '0', 'da', ''),
 ('100067', 'licensedto', '0', 'da', ' mb 18digital dk '),
 ('100067', 'product', '0', 'da', ' 281 1 0 da 1 elektronikforsikring 2016 07 01 2016 07 05 2016 07 01 0 1 el 2 99 0000 '),
 ('100067', 'slug', '0', 'da', ''),
 ('100092', 'product', '0', 'da', ' 281 1 0 da 1 elektronikforsikring 2016 07 01 2016 07 05 2016 07 01 0 1 el 2 99 0000 '),
 ('100092', 'licensedto', '0', 'da', ' mb 18digital dk '),
 ('100091', 'slug', '0', 'da', ''),
 ('100069', 'licensedto', '0', 'da', ' mb 18digital dk '),
 ('100069', 'product', '0', 'da', ' 281 1 0 da 1 elektronikforsikring 2016 07 01 2016 07 05 2016 07 01 0 1 el 2 99 0000 '),
 ('100069', 'slug', '0', 'da', ''),
 ('100091', 'email', '0', 'da', ' mb 18digital dk '),
 ('100091', 'number', '0', 'da', ' e8c5f0f6d66ca9fffe6ccd21e39e6a03 '),
 ('100091', 'field', '41', 'da', ''),
 ('100071', 'licensedto', '0', 'da', ' mb 18digital dk '),
 ('100071', 'product', '0', 'da', ' 281 1 0 da 1 elektronikforsikring 2016 07 01 2016 07 05 2016 07 01 0 1 el 2 99 0000 '),
 ('100071', 'slug', '0', 'da', ''),
 ('100091', 'field', '42', 'da', ''),
 ('100090', 'slug', '0', 'da', ''),
 ('100073', 'licensedto', '0', 'da', ' mb 18digital dk '),
 ('100073', 'product', '0', 'da', ' 281 1 0 da 1 elektronikforsikring 2016 07 01 2016 07 05 2016 07 01 0 1 el 2 99 0000 '),
 ('100073', 'slug', '0', 'da', ''),
 ('100090', 'product', '0', 'da', ' 281 1 0 da 1 elektronikforsikring 2016 07 01 2016 07 05 2016 07 01 0 1 el 2 99 0000 '),
 ('100090', 'licensedto', '0', 'da', ' mb 18digital dk '),
 ('100089', 'slug', '0', 'da', ''),
 ('100075', 'licensedto', '0', 'da', ' mb 18digital dk '),
 ('100075', 'product', '0', 'da', ' 281 1 0 da 1 elektronikforsikring 2016 07 01 2016 07 05 2016 07 01 0 1 el 2 99 0000 '),
 ('100075', 'slug', '0', 'da', ''),
 ('100089', 'email', '0', 'da', ' mb 18digital dk '),
 ('100089', 'number', '0', 'da', ' fd63448a4f1ca2a7429c150d3ebf7ad8 '),
 ('100077', 'licensedto', '0', 'da', ' mb 18digital dk '),
 ('100077', 'product', '0', 'da', ' 281 1 0 da 1 elektronikforsikring 2016 07 01 2016 07 05 2016 07 01 0 1 el 2 99 0000 '),
 ('100077', 'slug', '0', 'da', ''),
 ('100089', 'field', '41', 'da', ''),
 ('100089', 'field', '42', 'da', ''),
 ('100088', 'slug', '0', 'da', ''),
 ('100079', 'licensedto', '0', 'da', ' mb 18digital dk '),
 ('100079', 'product', '0', 'da', ' 281 1 0 da 1 elektronikforsikring 2016 07 01 2016 07 05 2016 07 01 0 1 el 2 99 0000 '),
 ('100079', 'slug', '0', 'da', ''),
 ('100080', 'field', '42', 'da', ''),
 ('100080', 'field', '41', 'da', ''),
 ('100080', 'number', '0', 'da', ' e559e01040905066a4918f8a6566f82b '),
 ('100080', 'email', '0', 'da', ' mb 18digital dk '),
 ('100080', 'slug', '0', 'da', ''),
 ('100088', 'product', '0', 'da', ' 281 1 0 da 1 elektronikforsikring 2016 07 01 2016 07 05 2016 07 01 0 1 el 2 99 0000 '),
 ('100082', 'licensedto', '0', 'da', ' mb 18digital dk '),
 ('100082', 'product', '0', 'da', ' 281 1 0 da 1 elektronikforsikring 2016 07 01 2016 07 05 2016 07 01 0 1 el 2 99 0000 '),
 ('100082', 'slug', '0', 'da', ''),
 ('100088', 'licensedto', '0', 'da', ' mb 18digital dk '),
 ('100087', 'slug', '0', 'da', ''),
 ('100087', 'email', '0', 'da', ' mb 18digital dk '),
 ('100084', 'licensedto', '0', 'da', ' mb 18digital dk '),
 ('100084', 'product', '0', 'da', ' 281 1 0 da 1 elektronikforsikring 2016 07 01 2016 07 05 2016 07 01 0 1 el 2 99 0000 '),
 ('100084', 'slug', '0', 'da', ''),
 ('100087', 'number', '0', 'da', ' 2099b9d14b757c499eb7ea0e152a3369 '),
 ('100087', 'field', '41', 'da', ''),
 ('100087', 'field', '42', 'da', ''),
 ('100086', 'licensedto', '0', 'da', ' martin beuschau dk '),
 ('100086', 'product', '0', 'da', ' 281 1 0 da 1 elektronikforsikring 2016 07 01 2016 07 05 2016 07 01 0 1 el 2 99 0000 '),
 ('100086', 'slug', '0', 'da', '');



DROP TABLE IF EXISTS `craft_sections`;


--
-- Schema for table `craft_sections`
--
CREATE TABLE `craft_sections` (
  `id` int(11) NOT NULL AUTO_INCREMENT,
  `structureId` int(11) DEFAULT NULL,
  `name` varchar(255) COLLATE utf8_unicode_ci NOT NULL,
  `handle` varchar(255) COLLATE utf8_unicode_ci NOT NULL,
  `type` enum('single','channel','structure') COLLATE utf8_unicode_ci NOT NULL DEFAULT 'channel',
  `hasUrls` tinyint(1) unsigned NOT NULL DEFAULT '1',
  `template` varchar(500) COLLATE utf8_unicode_ci DEFAULT NULL,
  `enableVersioning` tinyint(1) unsigned NOT NULL DEFAULT '0',
  `dateCreated` datetime NOT NULL,
  `dateUpdated` datetime NOT NULL,
  `uid` char(36) COLLATE utf8_unicode_ci NOT NULL DEFAULT '0',
  PRIMARY KEY (`id`),
  UNIQUE KEY `craft_sections_name_unq_idx` (`name`),
  UNIQUE KEY `craft_sections_handle_unq_idx` (`handle`),
  KEY `craft_sections_structureId_fk` (`structureId`)
) ENGINE=InnoDB AUTO_INCREMENT=10 DEFAULT CHARSET=utf8 COLLATE=utf8_unicode_ci;

--
-- Data for table `craft_sections`
--

INSERT INTO `craft_sections` (`id`, `structureId`, `name`, `handle`, `type`, `hasUrls`, `template`, `enableVersioning`, `dateCreated`, `dateUpdated`, `uid`) VALUES
 ('1', NULL, 'Homepage', 'homepage', 'single', '1', 'index', '1', '2016-03-30 12:09:20', '2016-06-21 07:44:28', '5247b1e2-ed75-44e0-8933-3fc0fbfc4a6c'),
 ('2', NULL, 'News', 'news', 'channel', '1', 'news/_entry', '1', '2016-03-30 12:09:21', '2016-03-30 12:09:21', '3bea8851-3477-4c62-bad6-80fe1f5f19b6'),
 ('3', NULL, 'Orderconfirm', 'orderconfirm', 'single', '1', 'commerce/orderok', '1', '2016-05-13 10:59:36', '2016-06-02 07:17:14', '91d2db13-daf7-4d72-9f56-4a5378754a67'),
 ('4', NULL, 'Fordele', 'advantages', 'single', '1', 'advantages', '1', '2016-06-22 11:13:43', '2016-06-22 11:13:43', 'a09f024c-9ef7-4077-b346-2c31263a0039'),
 ('5', '1', 'FAQ', 'faq', 'structure', '0', NULL, '1', '2016-06-23 13:27:09', '2016-06-29 09:06:00', '12c93089-ae78-47ea-8505-e27580972630'),
 ('6', NULL, 'Betingelser', 'betingelser', 'single', '1', 'betingelser/index', '1', '2016-06-29 09:05:44', '2016-06-29 09:05:44', '66f72d04-41cb-4a77-8eb1-f3826251ecd1'),
 ('7', NULL, 'Lovpligtige oplysninger', 'lovpligtigeBetingelser', 'single', '1', 'betingelser/index', '1', '2016-06-30 11:14:48', '2016-06-30 11:55:24', 'b9934ac0-e54f-4723-9092-c7ede42a1a3c'),
 ('8', '2', 'Kundeservice', 'kundeservice', 'structure', '1', 'default/_entry', '1', '2016-06-30 12:51:10', '2016-06-30 13:16:06', '5b2596f4-11ce-40d1-bcd1-957aa097921e'),
 ('9', NULL, 'Kontakt', 'kontakt', 'single', '1', 'kontakt/kontakt', '1', '2016-07-01 08:34:41', '2016-07-01 08:35:40', '2b0e4f1e-3995-4d02-abcd-8657f37c935a');



DROP TABLE IF EXISTS `craft_sections_i18n`;


--
-- Schema for table `craft_sections_i18n`
--
CREATE TABLE `craft_sections_i18n` (
  `id` int(11) NOT NULL AUTO_INCREMENT,
  `sectionId` int(11) NOT NULL,
  `locale` char(12) COLLATE utf8_unicode_ci NOT NULL,
  `enabledByDefault` tinyint(1) unsigned NOT NULL DEFAULT '1',
  `urlFormat` text COLLATE utf8_unicode_ci,
  `nestedUrlFormat` text COLLATE utf8_unicode_ci,
  `dateCreated` datetime NOT NULL,
  `dateUpdated` datetime NOT NULL,
  `uid` char(36) COLLATE utf8_unicode_ci NOT NULL DEFAULT '0',
  PRIMARY KEY (`id`),
  UNIQUE KEY `craft_sections_i18n_sectionId_locale_unq_idx` (`sectionId`,`locale`),
  KEY `craft_sections_i18n_locale_fk` (`locale`)
) ENGINE=InnoDB AUTO_INCREMENT=10 DEFAULT CHARSET=utf8 COLLATE=utf8_unicode_ci;

--
-- Data for table `craft_sections_i18n`
--

INSERT INTO `craft_sections_i18n` (`id`, `sectionId`, `locale`, `enabledByDefault`, `urlFormat`, `nestedUrlFormat`, `dateCreated`, `dateUpdated`, `uid`) VALUES
 ('1', '1', 'da', '1', '__home__', NULL, '2016-03-30 12:09:20', '2016-03-30 12:09:20', '959f6de6-8274-4e77-b08b-1960de85164e'),
 ('2', '2', 'da', '1', 'news/{postDate.year}/{slug}', NULL, '2016-03-30 12:09:21', '2016-03-30 12:09:21', '45a41e1d-1ede-4d88-90e8-ccb2b587816c'),
 ('3', '3', 'da', '1', 'orderconfirm', NULL, '2016-05-13 10:59:36', '2016-05-13 10:59:36', 'fa402f16-9efb-4929-9442-9c990a8b7117'),
 ('4', '4', 'da', '1', 'fordele', NULL, '2016-06-22 11:13:43', '2016-06-22 11:13:43', '24f8b14d-707d-4a8b-bb78-a10514410987'),
 ('5', '5', 'da', '1', NULL, NULL, '2016-06-23 13:27:09', '2016-06-23 13:44:11', '3e5ea908-35b9-4dc7-92ad-3c2a78f982d2'),
 ('6', '6', 'da', '1', 'betingelser', NULL, '2016-06-29 09:05:44', '2016-06-29 09:05:44', '5e720a6c-2dc0-4688-bd85-160127d36603'),
 ('7', '7', 'da', '1', 'lovpligtige-oplysninger', NULL, '2016-06-30 11:14:48', '2016-06-30 11:55:24', '848148a9-0a51-4115-bb80-447f224c5e83'),
 ('8', '8', 'da', '1', 'kundeservice/{slug}', '{parent.uri}/{slug}', '2016-06-30 12:51:10', '2016-06-30 12:51:10', 'fe8e0a97-fb92-41c1-91d5-7b917f8c4110'),
 ('9', '9', 'da', '1', 'kontakt', NULL, '2016-07-01 08:34:41', '2016-07-01 08:35:40', 'a9e0dd38-62fd-4885-b9da-547d36a5c07f');



DROP TABLE IF EXISTS `craft_sessions`;


--
-- Schema for table `craft_sessions`
--
CREATE TABLE `craft_sessions` (
  `id` int(11) NOT NULL AUTO_INCREMENT,
  `userId` int(11) NOT NULL,
  `token` char(100) COLLATE utf8_unicode_ci NOT NULL,
  `dateCreated` datetime NOT NULL,
  `dateUpdated` datetime NOT NULL,
  `uid` char(36) COLLATE utf8_unicode_ci NOT NULL DEFAULT '0',
  PRIMARY KEY (`id`),
  KEY `craft_sessions_uid_idx` (`uid`),
  KEY `craft_sessions_token_idx` (`token`),
  KEY `craft_sessions_dateUpdated_idx` (`dateUpdated`),
  KEY `craft_sessions_userId_fk` (`userId`)
) ENGINE=InnoDB AUTO_INCREMENT=107 DEFAULT CHARSET=utf8 COLLATE=utf8_unicode_ci;

DROP TABLE IF EXISTS `craft_shunnedmessages`;


--
-- Schema for table `craft_shunnedmessages`
--
CREATE TABLE `craft_shunnedmessages` (
  `id` int(11) NOT NULL AUTO_INCREMENT,
  `userId` int(11) NOT NULL,
  `message` varchar(255) COLLATE utf8_unicode_ci NOT NULL,
  `expiryDate` datetime DEFAULT NULL,
  `dateCreated` datetime NOT NULL,
  `dateUpdated` datetime NOT NULL,
  `uid` char(36) COLLATE utf8_unicode_ci NOT NULL DEFAULT '0',
  PRIMARY KEY (`id`),
  UNIQUE KEY `craft_shunnedmessages_userId_message_unq_idx` (`userId`,`message`)
) ENGINE=InnoDB DEFAULT CHARSET=utf8 COLLATE=utf8_unicode_ci;

DROP TABLE IF EXISTS `craft_structureelements`;


--
-- Schema for table `craft_structureelements`
--
CREATE TABLE `craft_structureelements` (
  `id` int(11) NOT NULL AUTO_INCREMENT,
  `structureId` int(11) NOT NULL,
  `elementId` int(11) DEFAULT NULL,
  `root` int(11) unsigned DEFAULT NULL,
  `lft` int(11) unsigned NOT NULL,
  `rgt` int(11) unsigned NOT NULL,
  `level` smallint(6) unsigned NOT NULL,
  `dateCreated` datetime NOT NULL,
  `dateUpdated` datetime NOT NULL,
  `uid` char(36) COLLATE utf8_unicode_ci NOT NULL DEFAULT '0',
  PRIMARY KEY (`id`),
  UNIQUE KEY `craft_structureelements_structureId_elementId_unq_idx` (`structureId`,`elementId`),
  KEY `craft_structureelements_root_idx` (`root`),
  KEY `craft_structureelements_lft_idx` (`lft`),
  KEY `craft_structureelements_rgt_idx` (`rgt`),
  KEY `craft_structureelements_level_idx` (`level`),
  KEY `craft_structureelements_elementId_fk` (`elementId`)
) ENGINE=InnoDB AUTO_INCREMENT=19 DEFAULT CHARSET=utf8 COLLATE=utf8_unicode_ci;

--
-- Data for table `craft_structureelements`
--

INSERT INTO `craft_structureelements` (`id`, `structureId`, `elementId`, `root`, `lft`, `rgt`, `level`, `dateCreated`, `dateUpdated`, `uid`) VALUES
 ('1', '1', NULL, '1', '1', '28', '0', '2016-06-23 13:44:11', '2016-06-23 13:44:11', '43519ea2-8182-4eca-a191-0c41ec71007a'),
 ('2', '1', '180', '1', '2', '3', '1', '2016-06-23 13:44:12', '2016-06-23 13:44:12', '00cf8929-9f28-4130-882d-c512e5b1e0f6'),
 ('3', '1', '183', '1', '4', '5', '1', '2016-06-23 13:52:47', '2016-06-23 13:52:47', '55ffa117-d9d3-4fa1-be3c-83015db4f6ff'),
 ('4', '1', '196', '1', '6', '7', '1', '2016-06-28 11:45:18', '2016-06-28 11:45:18', 'f48b8fee-50db-457b-a3b4-a0ea7f01e427'),
 ('5', '1', '198', '1', '8', '9', '1', '2016-06-28 11:49:23', '2016-06-28 11:49:23', '49b438c7-ec6d-4892-9a80-02eefbc76ce4'),
 ('6', '1', '203', '1', '10', '11', '1', '2016-06-28 11:51:03', '2016-06-28 11:51:03', '6ce11d1f-f225-4f18-92b5-eacd67523224'),
 ('7', '1', '206', '1', '12', '13', '1', '2016-06-28 11:53:18', '2016-06-28 11:53:18', 'a692c577-23f5-48d0-95af-f9214deaa683'),
 ('8', '1', '209', '1', '14', '15', '1', '2016-06-28 11:54:16', '2016-06-28 11:54:16', '0fc4c5ec-cc25-4a99-b9c4-9a517ece3e93'),
 ('9', '1', '210', '1', '16', '17', '1', '2016-06-28 12:24:44', '2016-06-28 12:24:44', '44e42a6a-f0f5-4bc4-9a31-6ed57164fe58'),
 ('10', '1', '212', '1', '18', '19', '1', '2016-06-28 12:28:37', '2016-06-28 12:28:37', '718ff9ae-90cb-4960-8851-00ecaaf97ed9'),
 ('11', '1', '215', '1', '20', '21', '1', '2016-06-28 12:29:54', '2016-06-28 12:29:54', '79f711f0-a028-4363-86c6-4650879eba87'),
 ('12', '1', '218', '1', '22', '23', '1', '2016-06-28 12:31:32', '2016-06-28 12:31:32', 'bd0da7bd-54ba-4ea2-8213-60311bd034b9'),
 ('13', '1', '221', '1', '24', '25', '1', '2016-06-28 12:32:35', '2016-06-28 12:32:35', 'd5e6cc5e-62d1-4b29-8469-4ec02ae4b292'),
 ('14', '1', '224', '1', '26', '27', '1', '2016-06-28 12:33:49', '2016-06-28 12:33:49', '044eb0b7-e44a-4aaa-a5da-1ac2347d0950'),
 ('15', '2', NULL, '15', '1', '8', '0', '2016-06-30 13:07:51', '2016-06-30 13:07:51', '63c2569d-77b7-4acd-8f60-75b14fc35cb0'),
 ('16', '2', '251', '15', '2', '3', '1', '2016-06-30 13:07:51', '2016-06-30 13:07:51', '0e1dfb05-5432-4e7b-b79e-0c6305b16756'),
 ('17', '2', '254', '15', '4', '5', '1', '2016-06-30 13:46:35', '2016-06-30 13:46:35', 'f0c07da4-c91f-421f-9007-0aa84f43510f'),
 ('18', '2', '264', '15', '6', '7', '1', '2016-06-30 13:56:58', '2016-06-30 13:56:58', '66e7ab9a-e2f2-42b6-ac94-0eff105a61d0');



DROP TABLE IF EXISTS `craft_structures`;


--
-- Schema for table `craft_structures`
--
CREATE TABLE `craft_structures` (
  `id` int(11) NOT NULL AUTO_INCREMENT,
  `maxLevels` smallint(6) unsigned DEFAULT NULL,
  `dateCreated` datetime NOT NULL,
  `dateUpdated` datetime NOT NULL,
  `uid` char(36) COLLATE utf8_unicode_ci NOT NULL DEFAULT '0',
  PRIMARY KEY (`id`)
) ENGINE=InnoDB AUTO_INCREMENT=3 DEFAULT CHARSET=utf8 COLLATE=utf8_unicode_ci;

--
-- Data for table `craft_structures`
--

INSERT INTO `craft_structures` (`id`, `maxLevels`, `dateCreated`, `dateUpdated`, `uid`) VALUES
 ('1', NULL, '2016-06-23 13:44:11', '2016-06-29 09:06:00', '16faeeca-a2a0-48ac-a16a-f8172c5747a7'),
 ('2', NULL, '2016-06-30 12:51:10', '2016-06-30 13:16:06', 'da3a339a-ac9b-4c36-9943-5b7baaab177a');



DROP TABLE IF EXISTS `craft_systemsettings`;


--
-- Schema for table `craft_systemsettings`
--
CREATE TABLE `craft_systemsettings` (
  `id` int(11) NOT NULL AUTO_INCREMENT,
  `category` varchar(15) COLLATE utf8_unicode_ci NOT NULL,
  `settings` text COLLATE utf8_unicode_ci,
  `dateCreated` datetime NOT NULL,
  `dateUpdated` datetime NOT NULL,
  `uid` char(36) COLLATE utf8_unicode_ci NOT NULL DEFAULT '0',
  PRIMARY KEY (`id`),
  UNIQUE KEY `craft_systemsettings_category_unq_idx` (`category`)
) ENGINE=InnoDB AUTO_INCREMENT=2 DEFAULT CHARSET=utf8 COLLATE=utf8_unicode_ci;

--
-- Data for table `craft_systemsettings`
--

INSERT INTO `craft_systemsettings` (`id`, `category`, `settings`, `dateCreated`, `dateUpdated`, `uid`) VALUES
 ('1', 'email', '{\"template\":\"commerce\\/_emails\\/orderRecieved\",\"protocol\":\"smtp\",\"emailAddress\":\"mb@18digital.dk\",\"senderName\":\"Elektronikforsikring\",\"smtpAuth\":1,\"username\":\"postmaster@sandbox7c738fa97ce847a6adc79c9ed9161f72.mailgun.org\",\"password\":\"6f7cc2ef1761044157529c0e01b7a17f\",\"smtpSecureTransportType\":\"tls\",\"port\":\"587\",\"host\":\"smtp.mailgun.org\",\"timeout\":\"30\"}', '2016-03-30 12:09:20', '2016-05-24 20:48:07', 'c4501d47-9c7e-4d31-af37-b2d3a8a9e783');



DROP TABLE IF EXISTS `craft_taggroups`;


--
-- Schema for table `craft_taggroups`
--
CREATE TABLE `craft_taggroups` (
  `id` int(11) NOT NULL AUTO_INCREMENT,
  `name` varchar(255) COLLATE utf8_unicode_ci NOT NULL,
  `handle` varchar(255) COLLATE utf8_unicode_ci NOT NULL,
  `fieldLayoutId` int(10) DEFAULT NULL,
  `dateCreated` datetime NOT NULL,
  `dateUpdated` datetime NOT NULL,
  `uid` char(36) COLLATE utf8_unicode_ci NOT NULL DEFAULT '0',
  PRIMARY KEY (`id`),
  UNIQUE KEY `craft_taggroups_name_unq_idx` (`name`),
  UNIQUE KEY `craft_taggroups_handle_unq_idx` (`handle`),
  KEY `craft_taggroups_fieldLayoutId_fk` (`fieldLayoutId`)
) ENGINE=InnoDB AUTO_INCREMENT=2 DEFAULT CHARSET=utf8 COLLATE=utf8_unicode_ci;

--
-- Data for table `craft_taggroups`
--

INSERT INTO `craft_taggroups` (`id`, `name`, `handle`, `fieldLayoutId`, `dateCreated`, `dateUpdated`, `uid`) VALUES
 ('1', 'Default', 'default', '1', '2016-03-30 12:09:20', '2016-03-30 12:09:20', '6fc039ae-2b7e-46ec-8c12-0722097dbbfa');



DROP TABLE IF EXISTS `craft_tags`;


--
-- Schema for table `craft_tags`
--
CREATE TABLE `craft_tags` (
  `id` int(11) NOT NULL,
  `groupId` int(11) NOT NULL,
  `dateCreated` datetime NOT NULL,
  `dateUpdated` datetime NOT NULL,
  `uid` char(36) COLLATE utf8_unicode_ci NOT NULL DEFAULT '0',
  PRIMARY KEY (`id`),
  KEY `craft_tags_groupId_fk` (`groupId`)
) ENGINE=InnoDB DEFAULT CHARSET=utf8 COLLATE=utf8_unicode_ci;

DROP TABLE IF EXISTS `craft_tasks`;


--
-- Schema for table `craft_tasks`
--
CREATE TABLE `craft_tasks` (
  `id` int(11) NOT NULL AUTO_INCREMENT,
  `root` int(11) unsigned DEFAULT NULL,
  `lft` int(11) unsigned NOT NULL,
  `rgt` int(11) unsigned NOT NULL,
  `level` smallint(6) unsigned NOT NULL,
  `currentStep` int(11) unsigned DEFAULT NULL,
  `totalSteps` int(11) unsigned DEFAULT NULL,
  `status` enum('pending','error','running') COLLATE utf8_unicode_ci DEFAULT NULL,
  `type` varchar(150) COLLATE utf8_unicode_ci NOT NULL,
  `description` varchar(255) COLLATE utf8_unicode_ci DEFAULT NULL,
  `settings` mediumtext COLLATE utf8_unicode_ci,
  `dateCreated` datetime NOT NULL,
  `dateUpdated` datetime NOT NULL,
  `uid` char(36) COLLATE utf8_unicode_ci NOT NULL DEFAULT '0',
  PRIMARY KEY (`id`),
  KEY `craft_tasks_root_idx` (`root`),
  KEY `craft_tasks_lft_idx` (`lft`),
  KEY `craft_tasks_rgt_idx` (`rgt`),
  KEY `craft_tasks_level_idx` (`level`)
) ENGINE=InnoDB AUTO_INCREMENT=2 DEFAULT CHARSET=utf8 COLLATE=utf8_unicode_ci;

DROP TABLE IF EXISTS `craft_templatecachecriteria`;


--
-- Schema for table `craft_templatecachecriteria`
--
CREATE TABLE `craft_templatecachecriteria` (
  `id` int(11) NOT NULL AUTO_INCREMENT,
  `cacheId` int(11) NOT NULL,
  `type` varchar(150) COLLATE utf8_unicode_ci NOT NULL,
  `criteria` text COLLATE utf8_unicode_ci NOT NULL,
  PRIMARY KEY (`id`),
  KEY `craft_templatecachecriteria_cacheId_fk` (`cacheId`),
  KEY `craft_templatecachecriteria_type_idx` (`type`)
) ENGINE=InnoDB DEFAULT CHARSET=utf8 COLLATE=utf8_unicode_ci;

DROP TABLE IF EXISTS `craft_templatecacheelements`;


--
-- Schema for table `craft_templatecacheelements`
--
CREATE TABLE `craft_templatecacheelements` (
  `cacheId` int(11) NOT NULL,
  `elementId` int(11) NOT NULL,
  KEY `craft_templatecacheelements_cacheId_fk` (`cacheId`),
  KEY `craft_templatecacheelements_elementId_fk` (`elementId`)
) ENGINE=InnoDB DEFAULT CHARSET=utf8 COLLATE=utf8_unicode_ci;

DROP TABLE IF EXISTS `craft_templatecaches`;


--
-- Schema for table `craft_templatecaches`
--
CREATE TABLE `craft_templatecaches` (
  `id` int(11) NOT NULL AUTO_INCREMENT,
  `cacheKey` varchar(255) COLLATE utf8_unicode_ci NOT NULL,
  `locale` char(12) COLLATE utf8_unicode_ci NOT NULL,
  `path` varchar(255) COLLATE utf8_unicode_ci DEFAULT NULL,
  `expiryDate` datetime NOT NULL,
  `body` mediumtext COLLATE utf8_unicode_ci NOT NULL,
  PRIMARY KEY (`id`),
  KEY `craft_templatecaches_expiryDate_cacheKey_locale_path_idx` (`expiryDate`,`cacheKey`,`locale`,`path`),
  KEY `craft_templatecaches_locale_fk` (`locale`)
) ENGINE=InnoDB DEFAULT CHARSET=utf8 COLLATE=utf8_unicode_ci;

DROP TABLE IF EXISTS `craft_tokens`;


--
-- Schema for table `craft_tokens`
--
CREATE TABLE `craft_tokens` (
  `id` int(11) NOT NULL AUTO_INCREMENT,
  `token` char(32) COLLATE utf8_unicode_ci NOT NULL,
  `route` text COLLATE utf8_unicode_ci,
  `usageLimit` tinyint(3) unsigned DEFAULT NULL,
  `usageCount` tinyint(3) unsigned DEFAULT NULL,
  `expiryDate` datetime NOT NULL,
  `dateCreated` datetime NOT NULL,
  `dateUpdated` datetime NOT NULL,
  `uid` char(36) COLLATE utf8_unicode_ci NOT NULL DEFAULT '0',
  PRIMARY KEY (`id`),
  UNIQUE KEY `craft_tokens_token_unq_idx` (`token`),
  KEY `craft_tokens_expiryDate_idx` (`expiryDate`)
) ENGINE=InnoDB DEFAULT CHARSET=utf8 COLLATE=utf8_unicode_ci;

DROP TABLE IF EXISTS `craft_usergroups`;


--
-- Schema for table `craft_usergroups`
--
CREATE TABLE `craft_usergroups` (
  `id` int(11) NOT NULL AUTO_INCREMENT,
  `name` varchar(255) COLLATE utf8_unicode_ci NOT NULL,
  `handle` varchar(255) COLLATE utf8_unicode_ci NOT NULL,
  `dateCreated` datetime NOT NULL,
  `dateUpdated` datetime NOT NULL,
  `uid` char(36) COLLATE utf8_unicode_ci NOT NULL DEFAULT '0',
  PRIMARY KEY (`id`)
) ENGINE=InnoDB DEFAULT CHARSET=utf8 COLLATE=utf8_unicode_ci;

DROP TABLE IF EXISTS `craft_usergroups_users`;


--
-- Schema for table `craft_usergroups_users`
--
CREATE TABLE `craft_usergroups_users` (
  `id` int(11) NOT NULL AUTO_INCREMENT,
  `groupId` int(11) NOT NULL,
  `userId` int(11) NOT NULL,
  `dateCreated` datetime NOT NULL,
  `dateUpdated` datetime NOT NULL,
  `uid` char(36) COLLATE utf8_unicode_ci NOT NULL DEFAULT '0',
  PRIMARY KEY (`id`),
  UNIQUE KEY `craft_usergroups_users_groupId_userId_unq_idx` (`groupId`,`userId`),
  KEY `craft_usergroups_users_userId_fk` (`userId`)
) ENGINE=InnoDB DEFAULT CHARSET=utf8 COLLATE=utf8_unicode_ci;

DROP TABLE IF EXISTS `craft_userpermissions`;


--
-- Schema for table `craft_userpermissions`
--
CREATE TABLE `craft_userpermissions` (
  `id` int(11) NOT NULL AUTO_INCREMENT,
  `name` varchar(255) COLLATE utf8_unicode_ci NOT NULL,
  `dateCreated` datetime NOT NULL,
  `dateUpdated` datetime NOT NULL,
  `uid` char(36) COLLATE utf8_unicode_ci NOT NULL DEFAULT '0',
  PRIMARY KEY (`id`),
  UNIQUE KEY `craft_userpermissions_name_unq_idx` (`name`)
) ENGINE=InnoDB DEFAULT CHARSET=utf8 COLLATE=utf8_unicode_ci;

DROP TABLE IF EXISTS `craft_userpermissions_usergroups`;


--
-- Schema for table `craft_userpermissions_usergroups`
--
CREATE TABLE `craft_userpermissions_usergroups` (
  `id` int(11) NOT NULL AUTO_INCREMENT,
  `permissionId` int(11) NOT NULL,
  `groupId` int(11) NOT NULL,
  `dateCreated` datetime NOT NULL,
  `dateUpdated` datetime NOT NULL,
  `uid` char(36) COLLATE utf8_unicode_ci NOT NULL DEFAULT '0',
  PRIMARY KEY (`id`),
  UNIQUE KEY `craft_userpermissions_usergroups_permissionId_groupId_unq_idx` (`permissionId`,`groupId`),
  KEY `craft_userpermissions_usergroups_groupId_fk` (`groupId`)
) ENGINE=InnoDB DEFAULT CHARSET=utf8 COLLATE=utf8_unicode_ci;

DROP TABLE IF EXISTS `craft_userpermissions_users`;


--
-- Schema for table `craft_userpermissions_users`
--
CREATE TABLE `craft_userpermissions_users` (
  `id` int(11) NOT NULL AUTO_INCREMENT,
  `permissionId` int(11) NOT NULL,
  `userId` int(11) NOT NULL,
  `dateCreated` datetime NOT NULL,
  `dateUpdated` datetime NOT NULL,
  `uid` char(36) COLLATE utf8_unicode_ci NOT NULL DEFAULT '0',
  PRIMARY KEY (`id`),
  UNIQUE KEY `craft_userpermissions_users_permissionId_userId_unq_idx` (`permissionId`,`userId`),
  KEY `craft_userpermissions_users_userId_fk` (`userId`)
) ENGINE=InnoDB DEFAULT CHARSET=utf8 COLLATE=utf8_unicode_ci;

DROP TABLE IF EXISTS `craft_users`;


--
-- Schema for table `craft_users`
--
CREATE TABLE `craft_users` (
  `id` int(11) NOT NULL,
  `username` varchar(100) COLLATE utf8_unicode_ci NOT NULL,
  `photo` varchar(100) COLLATE utf8_unicode_ci DEFAULT NULL,
  `firstName` varchar(100) COLLATE utf8_unicode_ci DEFAULT NULL,
  `lastName` varchar(100) COLLATE utf8_unicode_ci DEFAULT NULL,
  `email` varchar(255) COLLATE utf8_unicode_ci NOT NULL,
  `password` char(255) COLLATE utf8_unicode_ci DEFAULT NULL,
  `preferredLocale` char(12) COLLATE utf8_unicode_ci DEFAULT NULL,
  `weekStartDay` tinyint(1) unsigned NOT NULL DEFAULT '0',
  `admin` tinyint(1) unsigned NOT NULL DEFAULT '0',
  `client` tinyint(1) unsigned NOT NULL DEFAULT '0',
  `locked` tinyint(1) unsigned NOT NULL DEFAULT '0',
  `suspended` tinyint(1) unsigned NOT NULL DEFAULT '0',
  `pending` tinyint(1) unsigned NOT NULL DEFAULT '0',
  `archived` tinyint(1) unsigned NOT NULL DEFAULT '0',
  `lastLoginDate` datetime DEFAULT NULL,
  `lastLoginAttemptIPAddress` varchar(45) COLLATE utf8_unicode_ci DEFAULT NULL,
  `invalidLoginWindowStart` datetime DEFAULT NULL,
  `invalidLoginCount` tinyint(4) unsigned DEFAULT NULL,
  `lastInvalidLoginDate` datetime DEFAULT NULL,
  `lockoutDate` datetime DEFAULT NULL,
  `verificationCode` char(100) COLLATE utf8_unicode_ci DEFAULT NULL,
  `verificationCodeIssuedDate` datetime DEFAULT NULL,
  `unverifiedEmail` varchar(255) COLLATE utf8_unicode_ci DEFAULT NULL,
  `passwordResetRequired` tinyint(1) unsigned NOT NULL DEFAULT '0',
  `lastPasswordChangeDate` datetime DEFAULT NULL,
  `dateCreated` datetime NOT NULL,
  `dateUpdated` datetime NOT NULL,
  `uid` char(36) COLLATE utf8_unicode_ci NOT NULL DEFAULT '0',
  PRIMARY KEY (`id`),
  UNIQUE KEY `craft_users_username_unq_idx` (`username`),
  UNIQUE KEY `craft_users_email_unq_idx` (`email`),
  KEY `craft_users_verificationCode_idx` (`verificationCode`),
  KEY `craft_users_uid_idx` (`uid`),
  KEY `craft_users_preferredLocale_fk` (`preferredLocale`)
) ENGINE=InnoDB DEFAULT CHARSET=utf8 COLLATE=utf8_unicode_ci;

--
-- Data for table `craft_users`
--

INSERT INTO `craft_users` (`id`, `username`, `photo`, `firstName`, `lastName`, `email`, `password`, `preferredLocale`, `weekStartDay`, `admin`, `client`, `locked`, `suspended`, `pending`, `archived`, `lastLoginDate`, `lastLoginAttemptIPAddress`, `invalidLoginWindowStart`, `invalidLoginCount`, `lastInvalidLoginDate`, `lockoutDate`, `verificationCode`, `verificationCodeIssuedDate`, `unverifiedEmail`, `passwordResetRequired`, `lastPasswordChangeDate`, `dateCreated`, `dateUpdated`, `uid`) VALUES
 ('1', 'admin', 'martin.jpg', 'Martin', 'Beuschau', 'mb@18digital.dk', '$2y$13$ggWJ4k0EXE/fDl9AoQnd1.oXMpdZchIoWbsK/vf4N.3lkBHpf31xG', NULL, '1', '1', '0', '0', '0', '0', '0', '2016-08-08 07:38:17', '127.0.0.1', NULL, NULL, '2016-07-01 10:58:36', NULL, NULL, NULL, NULL, '0', '2016-03-30 12:09:18', '2016-03-30 12:09:18', '2016-08-08 07:38:17', '102edccd-8918-49f6-8382-907dc3c5725a'),
 ('190', 'Karina', NULL, 'Karina', 'Byrdal', 'kkr@darfo.dk', '$2y$13$GEay7dmAi7bZj/V3GxlEyOSnL19WHQaG7qImUC3xVYYHYCFUHyGp2', NULL, '0', '1', '0', '0', '0', '0', '0', '2016-06-29 09:35:19', '212.112.158.21', NULL, NULL, NULL, NULL, NULL, NULL, NULL, '0', '2016-06-27 09:53:22', '2016-06-27 09:52:24', '2016-06-29 09:35:19', '7c92d7c0-49ec-4914-a538-6cfbed556097');



DROP TABLE IF EXISTS `craft_widgets`;


--
-- Schema for table `craft_widgets`
--
CREATE TABLE `craft_widgets` (
  `id` int(11) NOT NULL AUTO_INCREMENT,
  `userId` int(11) NOT NULL,
  `type` varchar(150) COLLATE utf8_unicode_ci NOT NULL,
  `sortOrder` smallint(6) unsigned DEFAULT NULL,
  `colspan` tinyint(4) unsigned DEFAULT NULL,
  `settings` text COLLATE utf8_unicode_ci,
  `enabled` tinyint(1) unsigned NOT NULL DEFAULT '1',
  `dateCreated` datetime NOT NULL,
  `dateUpdated` datetime NOT NULL,
  `uid` char(36) COLLATE utf8_unicode_ci NOT NULL DEFAULT '0',
  PRIMARY KEY (`id`),
  KEY `craft_widgets_userId_fk` (`userId`)
) ENGINE=InnoDB AUTO_INCREMENT=12 DEFAULT CHARSET=utf8 COLLATE=utf8_unicode_ci;

--
-- Data for table `craft_widgets`
--

INSERT INTO `craft_widgets` (`id`, `userId`, `type`, `sortOrder`, `colspan`, `settings`, `enabled`, `dateCreated`, `dateUpdated`, `uid`) VALUES
 ('1', '1', 'RecentEntries', '1', '2', NULL, '0', '2016-03-30 12:09:23', '2016-05-25 19:07:42', '26132cb2-11f7-4eb8-a63c-5c326f843e51'),
 ('2', '1', 'GetHelp', '2', NULL, NULL, '0', '2016-03-30 12:09:23', '2016-05-25 19:07:49', '63b4016f-e47f-4d5d-8fbf-865634097b7b'),
 ('3', '1', 'Updates', '3', NULL, NULL, '0', '2016-03-30 12:09:23', '2016-05-25 19:08:22', 'a6d5044c-6d22-4938-b4b6-9c476e7ca987'),
 ('4', '1', 'Feed', '4', NULL, '{\"url\":\"https:\\/\\/craftcms.com\\/news.rss\",\"title\":\"Craft News\"}', '0', '2016-03-30 12:09:23', '2016-05-25 19:08:18', '7415fb61-0c4e-44c0-a5c9-fee4d9310bd7'),
 ('5', '1', 'Commerce_Orders', '2', '2', '{\"orderStatusId\":\"2\",\"limit\":\"10\"}', '1', '2016-05-25 19:08:31', '2016-06-27 21:43:02', 'b9f1fa4c-5b28-4341-94bc-48eab22495e2'),
 ('6', '1', 'Commerce_Revenue', '3', NULL, '{\"dateRange\":\"d7\"}', '1', '2016-05-25 19:08:41', '2016-06-27 21:42:59', '0f8e5695-0bf0-46f2-afa3-5c42dd3ce6f8'),
 ('7', '190', 'RecentEntries', '1', NULL, NULL, '1', '2016-06-27 09:54:08', '2016-06-27 09:54:08', '417e7b78-9321-442f-a7f4-4c08244022e6'),
 ('8', '190', 'GetHelp', '2', NULL, NULL, '1', '2016-06-27 09:54:08', '2016-06-27 09:54:08', 'd1dd83c5-2851-4cb2-ac90-e7eb2a115282'),
 ('9', '190', 'Updates', '3', NULL, NULL, '1', '2016-06-27 09:54:08', '2016-06-27 09:54:08', 'da9baed6-c88c-49d6-b970-768155ea59e7'),
 ('10', '190', 'Feed', '4', NULL, '{\"url\":\"https:\\/\\/craftcms.com\\/news.rss\",\"title\":\"Craft News\"}', '1', '2016-06-27 09:54:08', '2016-06-27 09:54:08', '5e297229-ec5e-45d4-a053-ddbd01e24b86'),
 ('11', '1', 'Elektronikforsikring', '1', '3', '{\"navisionEmail\":\"elektronikforsikring@elektronikforsikring.dk\"}', '1', '2016-06-27 21:42:28', '2016-06-27 21:43:47', '8937ea3c-2f47-41ab-a223-f95a8250fe76');


--
-- Constraints for tables
--


--
-- Constraints for table `craft_assetfiles`
--
ALTER TABLE `craft_assetfiles`
	ADD CONSTRAINT `craft_assetfiles_folderId_fk` FOREIGN KEY (`folderId`) REFERENCES `craft_assetfolders` (`id`) ON DELETE CASCADE,
	ADD CONSTRAINT `craft_assetfiles_id_fk` FOREIGN KEY (`id`) REFERENCES `craft_elements` (`id`) ON DELETE CASCADE,
	ADD CONSTRAINT `craft_assetfiles_sourceId_fk` FOREIGN KEY (`sourceId`) REFERENCES `craft_assetsources` (`id`) ON DELETE CASCADE;

--
-- Constraints for table `craft_assetfolders`
--
ALTER TABLE `craft_assetfolders`
	ADD CONSTRAINT `craft_assetfolders_parentId_fk` FOREIGN KEY (`parentId`) REFERENCES `craft_assetfolders` (`id`) ON DELETE CASCADE,
	ADD CONSTRAINT `craft_assetfolders_sourceId_fk` FOREIGN KEY (`sourceId`) REFERENCES `craft_assetsources` (`id`) ON DELETE CASCADE;

--
-- Constraints for table `craft_assetindexdata`
--
ALTER TABLE `craft_assetindexdata`
	ADD CONSTRAINT `craft_assetindexdata_sourceId_fk` FOREIGN KEY (`sourceId`) REFERENCES `craft_assetsources` (`id`) ON DELETE CASCADE;

--
-- Constraints for table `craft_assetsources`
--
ALTER TABLE `craft_assetsources`
	ADD CONSTRAINT `craft_assetsources_fieldLayoutId_fk` FOREIGN KEY (`fieldLayoutId`) REFERENCES `craft_fieldlayouts` (`id`) ON DELETE SET NULL;

--
-- Constraints for table `craft_categories`
--
ALTER TABLE `craft_categories`
	ADD CONSTRAINT `craft_categories_groupId_fk` FOREIGN KEY (`groupId`) REFERENCES `craft_categorygroups` (`id`) ON DELETE CASCADE,
	ADD CONSTRAINT `craft_categories_id_fk` FOREIGN KEY (`id`) REFERENCES `craft_elements` (`id`) ON DELETE CASCADE;

--
-- Constraints for table `craft_categorygroups`
--
ALTER TABLE `craft_categorygroups`
	ADD CONSTRAINT `craft_categorygroups_fieldLayoutId_fk` FOREIGN KEY (`fieldLayoutId`) REFERENCES `craft_fieldlayouts` (`id`) ON DELETE SET NULL,
	ADD CONSTRAINT `craft_categorygroups_structureId_fk` FOREIGN KEY (`structureId`) REFERENCES `craft_structures` (`id`) ON DELETE CASCADE;

--
-- Constraints for table `craft_categorygroups_i18n`
--
ALTER TABLE `craft_categorygroups_i18n`
	ADD CONSTRAINT `craft_categorygroups_i18n_groupId_fk` FOREIGN KEY (`groupId`) REFERENCES `craft_categorygroups` (`id`) ON DELETE CASCADE,
	ADD CONSTRAINT `craft_categorygroups_i18n_locale_fk` FOREIGN KEY (`locale`) REFERENCES `craft_locales` (`locale`) ON DELETE CASCADE ON UPDATE CASCADE;

--
-- Constraints for table `craft_commerce_addresses`
--
ALTER TABLE `craft_commerce_addresses`
	ADD CONSTRAINT `craft_commerce_addresses_countryId_fk` FOREIGN KEY (`countryId`) REFERENCES `craft_commerce_countries` (`id`) ON DELETE SET NULL,
	ADD CONSTRAINT `craft_commerce_addresses_stateId_fk` FOREIGN KEY (`stateId`) REFERENCES `craft_commerce_states` (`id`) ON DELETE SET NULL;

--
-- Constraints for table `craft_commerce_customer_discountuses`
--
ALTER TABLE `craft_commerce_customer_discountuses`
	ADD CONSTRAINT `craft_commerce_customer_discountuses_customerId_fk` FOREIGN KEY (`customerId`) REFERENCES `craft_commerce_customers` (`id`) ON DELETE CASCADE ON UPDATE CASCADE,
	ADD CONSTRAINT `craft_commerce_customer_discountuses_discountId_fk` FOREIGN KEY (`discountId`) REFERENCES `craft_commerce_discounts` (`id`) ON DELETE CASCADE ON UPDATE CASCADE;

--
-- Constraints for table `craft_commerce_customers`
--
ALTER TABLE `craft_commerce_customers`
	ADD CONSTRAINT `craft_commerce_customers_userId_fk` FOREIGN KEY (`userId`) REFERENCES `craft_users` (`id`) ON DELETE SET NULL;

--
-- Constraints for table `craft_commerce_customers_addresses`
--
ALTER TABLE `craft_commerce_customers_addresses`
	ADD CONSTRAINT `craft_commerce_customers_addresses_addressId_fk` FOREIGN KEY (`addressId`) REFERENCES `craft_commerce_addresses` (`id`) ON DELETE CASCADE ON UPDATE CASCADE,
	ADD CONSTRAINT `craft_commerce_customers_addresses_customerId_fk` FOREIGN KEY (`customerId`) REFERENCES `craft_commerce_customers` (`id`) ON DELETE CASCADE ON UPDATE CASCADE;

--
-- Constraints for table `craft_commerce_discount_products`
--
ALTER TABLE `craft_commerce_discount_products`
	ADD CONSTRAINT `craft_commerce_discount_products_discountId_fk` FOREIGN KEY (`discountId`) REFERENCES `craft_commerce_discounts` (`id`) ON DELETE CASCADE ON UPDATE CASCADE,
	ADD CONSTRAINT `craft_commerce_discount_products_productId_fk` FOREIGN KEY (`productId`) REFERENCES `craft_commerce_products` (`id`) ON DELETE CASCADE ON UPDATE CASCADE;

--
-- Constraints for table `craft_commerce_discount_producttypes`
--
ALTER TABLE `craft_commerce_discount_producttypes`
	ADD CONSTRAINT `craft_commerce_discount_producttypes_discountId_fk` FOREIGN KEY (`discountId`) REFERENCES `craft_commerce_discounts` (`id`) ON DELETE CASCADE ON UPDATE CASCADE,
	ADD CONSTRAINT `craft_commerce_discount_producttypes_productTypeId_fk` FOREIGN KEY (`productTypeId`) REFERENCES `craft_commerce_producttypes` (`id`) ON DELETE CASCADE ON UPDATE CASCADE;

--
-- Constraints for table `craft_commerce_discount_usergroups`
--
ALTER TABLE `craft_commerce_discount_usergroups`
	ADD CONSTRAINT `craft_commerce_discount_usergroups_discountId_fk` FOREIGN KEY (`discountId`) REFERENCES `craft_commerce_discounts` (`id`) ON DELETE CASCADE ON UPDATE CASCADE,
	ADD CONSTRAINT `craft_commerce_discount_usergroups_userGroupId_fk` FOREIGN KEY (`userGroupId`) REFERENCES `craft_usergroups` (`id`) ON DELETE CASCADE ON UPDATE CASCADE;

--
-- Constraints for table `craft_commerce_lineitems`
--
ALTER TABLE `craft_commerce_lineitems`
	ADD CONSTRAINT `craft_commerce_lineitems_orderId_fk` FOREIGN KEY (`orderId`) REFERENCES `craft_commerce_orders` (`id`) ON DELETE CASCADE,
	ADD CONSTRAINT `craft_commerce_lineitems_purchasableId_fk` FOREIGN KEY (`purchasableId`) REFERENCES `craft_elements` (`id`) ON DELETE SET NULL ON UPDATE CASCADE,
	ADD CONSTRAINT `craft_commerce_lineitems_taxCategoryId_fk` FOREIGN KEY (`taxCategoryId`) REFERENCES `craft_commerce_taxcategories` (`id`) ON UPDATE CASCADE;

--
-- Constraints for table `craft_commerce_orderadjustments`
--
ALTER TABLE `craft_commerce_orderadjustments`
	ADD CONSTRAINT `craft_commerce_orderadjustments_orderId_fk` FOREIGN KEY (`orderId`) REFERENCES `craft_commerce_orders` (`id`) ON DELETE CASCADE;

--
-- Constraints for table `craft_commerce_orderhistories`
--
ALTER TABLE `craft_commerce_orderhistories`
	ADD CONSTRAINT `craft_commerce_orderhistories_customerId_fk` FOREIGN KEY (`customerId`) REFERENCES `craft_commerce_customers` (`id`) ON DELETE CASCADE ON UPDATE CASCADE,
	ADD CONSTRAINT `craft_commerce_orderhistories_newStatusId_fk` FOREIGN KEY (`newStatusId`) REFERENCES `craft_commerce_orderstatuses` (`id`) ON UPDATE CASCADE,
	ADD CONSTRAINT `craft_commerce_orderhistories_orderId_fk` FOREIGN KEY (`orderId`) REFERENCES `craft_commerce_orders` (`id`) ON DELETE CASCADE ON UPDATE CASCADE,
	ADD CONSTRAINT `craft_commerce_orderhistories_prevStatusId_fk` FOREIGN KEY (`prevStatusId`) REFERENCES `craft_commerce_orderstatuses` (`id`) ON UPDATE CASCADE;

--
-- Constraints for table `craft_commerce_orders`
--
ALTER TABLE `craft_commerce_orders`
	ADD CONSTRAINT `craft_commerce_orders_billingAddressId_fk` FOREIGN KEY (`billingAddressId`) REFERENCES `craft_commerce_addresses` (`id`) ON DELETE SET NULL,
	ADD CONSTRAINT `craft_commerce_orders_customerId_fk` FOREIGN KEY (`customerId`) REFERENCES `craft_commerce_customers` (`id`) ON DELETE SET NULL,
	ADD CONSTRAINT `craft_commerce_orders_id_fk` FOREIGN KEY (`id`) REFERENCES `craft_elements` (`id`) ON DELETE CASCADE,
	ADD CONSTRAINT `craft_commerce_orders_orderStatusId_fk` FOREIGN KEY (`orderStatusId`) REFERENCES `craft_commerce_orderstatuses` (`id`) ON UPDATE CASCADE,
	ADD CONSTRAINT `craft_commerce_orders_paymentMethodId_fk` FOREIGN KEY (`paymentMethodId`) REFERENCES `craft_commerce_paymentmethods` (`id`) ON DELETE SET NULL,
	ADD CONSTRAINT `craft_commerce_orders_shippingAddressId_fk` FOREIGN KEY (`shippingAddressId`) REFERENCES `craft_commerce_addresses` (`id`) ON DELETE SET NULL;

--
-- Constraints for table `craft_commerce_ordersettings`
--
ALTER TABLE `craft_commerce_ordersettings`
	ADD CONSTRAINT `craft_commerce_ordersettings_fieldLayoutId_fk` FOREIGN KEY (`fieldLayoutId`) REFERENCES `craft_fieldlayouts` (`id`) ON DELETE SET NULL;

--
-- Constraints for table `craft_commerce_orderstatus_emails`
--
ALTER TABLE `craft_commerce_orderstatus_emails`
	ADD CONSTRAINT `craft_commerce_orderstatus_emails_emailId_fk` FOREIGN KEY (`emailId`) REFERENCES `craft_commerce_emails` (`id`) ON DELETE CASCADE ON UPDATE CASCADE,
	ADD CONSTRAINT `craft_commerce_orderstatus_emails_orderStatusId_fk` FOREIGN KEY (`orderStatusId`) REFERENCES `craft_commerce_orderstatuses` (`id`) ON DELETE CASCADE ON UPDATE CASCADE;

--
-- Constraints for table `craft_commerce_products`
--
ALTER TABLE `craft_commerce_products`
	ADD CONSTRAINT `craft_commerce_products_id_fk` FOREIGN KEY (`id`) REFERENCES `craft_elements` (`id`) ON DELETE CASCADE,
	ADD CONSTRAINT `craft_commerce_products_taxCategoryId_fk` FOREIGN KEY (`taxCategoryId`) REFERENCES `craft_commerce_taxcategories` (`id`),
	ADD CONSTRAINT `craft_commerce_products_typeId_fk` FOREIGN KEY (`typeId`) REFERENCES `craft_commerce_producttypes` (`id`) ON DELETE CASCADE;

--
-- Constraints for table `craft_commerce_producttypes`
--
ALTER TABLE `craft_commerce_producttypes`
	ADD CONSTRAINT `craft_commerce_producttypes_fieldLayoutId_fk` FOREIGN KEY (`fieldLayoutId`) REFERENCES `craft_fieldlayouts` (`id`) ON DELETE SET NULL,
	ADD CONSTRAINT `craft_commerce_producttypes_variantFieldLayoutId_fk` FOREIGN KEY (`variantFieldLayoutId`) REFERENCES `craft_fieldlayouts` (`id`) ON DELETE SET NULL;

--
-- Constraints for table `craft_commerce_producttypes_i18n`
--
ALTER TABLE `craft_commerce_producttypes_i18n`
	ADD CONSTRAINT `craft_commerce_producttypes_i18n_locale_fk` FOREIGN KEY (`locale`) REFERENCES `craft_locales` (`locale`) ON DELETE CASCADE ON UPDATE CASCADE,
	ADD CONSTRAINT `craft_commerce_producttypes_i18n_productTypeId_fk` FOREIGN KEY (`productTypeId`) REFERENCES `craft_commerce_producttypes` (`id`) ON DELETE CASCADE;

--
-- Constraints for table `craft_commerce_purchasables`
--
ALTER TABLE `craft_commerce_purchasables`
	ADD CONSTRAINT `craft_commerce_purchasables_id_fk` FOREIGN KEY (`id`) REFERENCES `craft_elements` (`id`) ON DELETE CASCADE;

--
-- Constraints for table `craft_commerce_sale_products`
--
ALTER TABLE `craft_commerce_sale_products`
	ADD CONSTRAINT `craft_commerce_sale_products_productId_fk` FOREIGN KEY (`productId`) REFERENCES `craft_commerce_products` (`id`) ON DELETE CASCADE ON UPDATE CASCADE,
	ADD CONSTRAINT `craft_commerce_sale_products_saleId_fk` FOREIGN KEY (`saleId`) REFERENCES `craft_commerce_sales` (`id`) ON DELETE CASCADE ON UPDATE CASCADE;

--
-- Constraints for table `craft_commerce_sale_producttypes`
--
ALTER TABLE `craft_commerce_sale_producttypes`
	ADD CONSTRAINT `craft_commerce_sale_producttypes_productTypeId_fk` FOREIGN KEY (`productTypeId`) REFERENCES `craft_commerce_producttypes` (`id`) ON DELETE CASCADE ON UPDATE CASCADE,
	ADD CONSTRAINT `craft_commerce_sale_producttypes_saleId_fk` FOREIGN KEY (`saleId`) REFERENCES `craft_commerce_sales` (`id`) ON DELETE CASCADE ON UPDATE CASCADE;

--
-- Constraints for table `craft_commerce_sale_usergroups`
--
ALTER TABLE `craft_commerce_sale_usergroups`
	ADD CONSTRAINT `craft_commerce_sale_usergroups_saleId_fk` FOREIGN KEY (`saleId`) REFERENCES `craft_commerce_sales` (`id`) ON DELETE CASCADE ON UPDATE CASCADE,
	ADD CONSTRAINT `craft_commerce_sale_usergroups_userGroupId_fk` FOREIGN KEY (`userGroupId`) REFERENCES `craft_usergroups` (`id`) ON DELETE CASCADE ON UPDATE CASCADE;

--
-- Constraints for table `craft_commerce_shippingrules`
--
ALTER TABLE `craft_commerce_shippingrules`
	ADD CONSTRAINT `craft_commerce_shippingrules_methodId_fk` FOREIGN KEY (`methodId`) REFERENCES `craft_commerce_shippingmethods` (`id`),
	ADD CONSTRAINT `craft_commerce_shippingrules_shippingZoneId_fk` FOREIGN KEY (`shippingZoneId`) REFERENCES `craft_commerce_shippingzones` (`id`) ON DELETE SET NULL;

--
-- Constraints for table `craft_commerce_shippingzone_countries`
--
ALTER TABLE `craft_commerce_shippingzone_countries`
	ADD CONSTRAINT `craft_commerce_shippingzone_countries_countryId_fk` FOREIGN KEY (`countryId`) REFERENCES `craft_commerce_countries` (`id`) ON DELETE CASCADE ON UPDATE CASCADE,
	ADD CONSTRAINT `craft_commerce_shippingzone_countries_shippingZoneId_fk` FOREIGN KEY (`shippingZoneId`) REFERENCES `craft_commerce_shippingzones` (`id`) ON DELETE CASCADE ON UPDATE CASCADE;

--
-- Constraints for table `craft_commerce_shippingzone_states`
--
ALTER TABLE `craft_commerce_shippingzone_states`
	ADD CONSTRAINT `craft_commerce_shippingzone_states_shippingZoneId_fk` FOREIGN KEY (`shippingZoneId`) REFERENCES `craft_commerce_shippingzones` (`id`) ON DELETE CASCADE ON UPDATE CASCADE,
	ADD CONSTRAINT `craft_commerce_shippingzone_states_stateId_fk` FOREIGN KEY (`stateId`) REFERENCES `craft_commerce_states` (`id`) ON DELETE CASCADE ON UPDATE CASCADE;

--
-- Constraints for table `craft_commerce_states`
--
ALTER TABLE `craft_commerce_states`
	ADD CONSTRAINT `craft_commerce_states_countryId_fk` FOREIGN KEY (`countryId`) REFERENCES `craft_commerce_countries` (`id`) ON DELETE CASCADE ON UPDATE CASCADE;

--
-- Constraints for table `craft_commerce_taxrates`
--
ALTER TABLE `craft_commerce_taxrates`
	ADD CONSTRAINT `craft_commerce_taxrates_taxCategoryId_fk` FOREIGN KEY (`taxCategoryId`) REFERENCES `craft_commerce_taxcategories` (`id`) ON UPDATE CASCADE,
	ADD CONSTRAINT `craft_commerce_taxrates_taxZoneId_fk` FOREIGN KEY (`taxZoneId`) REFERENCES `craft_commerce_taxzones` (`id`) ON UPDATE CASCADE;

--
-- Constraints for table `craft_commerce_taxzone_countries`
--
ALTER TABLE `craft_commerce_taxzone_countries`
	ADD CONSTRAINT `craft_commerce_taxzone_countries_countryId_fk` FOREIGN KEY (`countryId`) REFERENCES `craft_commerce_countries` (`id`) ON DELETE CASCADE ON UPDATE CASCADE,
	ADD CONSTRAINT `craft_commerce_taxzone_countries_taxZoneId_fk` FOREIGN KEY (`taxZoneId`) REFERENCES `craft_commerce_taxzones` (`id`) ON DELETE CASCADE ON UPDATE CASCADE;

--
-- Constraints for table `craft_commerce_taxzone_states`
--
ALTER TABLE `craft_commerce_taxzone_states`
	ADD CONSTRAINT `craft_commerce_taxzone_states_stateId_fk` FOREIGN KEY (`stateId`) REFERENCES `craft_commerce_states` (`id`) ON DELETE CASCADE ON UPDATE CASCADE,
	ADD CONSTRAINT `craft_commerce_taxzone_states_taxZoneId_fk` FOREIGN KEY (`taxZoneId`) REFERENCES `craft_commerce_taxzones` (`id`) ON DELETE CASCADE ON UPDATE CASCADE;

--
-- Constraints for table `craft_commerce_transactions`
--
ALTER TABLE `craft_commerce_transactions`
	ADD CONSTRAINT `craft_commerce_transactions_orderId_fk` FOREIGN KEY (`orderId`) REFERENCES `craft_commerce_orders` (`id`) ON DELETE CASCADE,
	ADD CONSTRAINT `craft_commerce_transactions_parentId_fk` FOREIGN KEY (`parentId`) REFERENCES `craft_commerce_transactions` (`id`) ON DELETE CASCADE ON UPDATE CASCADE,
	ADD CONSTRAINT `craft_commerce_transactions_paymentMethodId_fk` FOREIGN KEY (`paymentMethodId`) REFERENCES `craft_commerce_paymentmethods` (`id`) ON UPDATE CASCADE,
	ADD CONSTRAINT `craft_commerce_transactions_userId_fk` FOREIGN KEY (`userId`) REFERENCES `craft_users` (`id`) ON DELETE SET NULL;

--
-- Constraints for table `craft_commerce_variants`
--
ALTER TABLE `craft_commerce_variants`
	ADD CONSTRAINT `craft_commerce_variants_id_fk` FOREIGN KEY (`id`) REFERENCES `craft_elements` (`id`) ON DELETE CASCADE,
	ADD CONSTRAINT `craft_commerce_variants_productId_fk` FOREIGN KEY (`productId`) REFERENCES `craft_commerce_products` (`id`) ON DELETE SET NULL ON UPDATE CASCADE;

--
-- Constraints for table `craft_content`
--
ALTER TABLE `craft_content`
	ADD CONSTRAINT `craft_content_elementId_fk` FOREIGN KEY (`elementId`) REFERENCES `craft_elements` (`id`) ON DELETE CASCADE,
	ADD CONSTRAINT `craft_content_locale_fk` FOREIGN KEY (`locale`) REFERENCES `craft_locales` (`locale`) ON DELETE CASCADE ON UPDATE CASCADE;

--
-- Constraints for table `craft_digitalproducts_licenses`
--
ALTER TABLE `craft_digitalproducts_licenses`
	ADD CONSTRAINT `craft_digitalproducts_licenses_id_fk` FOREIGN KEY (`id`) REFERENCES `craft_elements` (`id`) ON DELETE CASCADE,
	ADD CONSTRAINT `craft_digitalproducts_licenses_orderId_fk` FOREIGN KEY (`orderId`) REFERENCES `craft_commerce_orders` (`id`) ON DELETE SET NULL,
	ADD CONSTRAINT `craft_digitalproducts_licenses_productId_fk` FOREIGN KEY (`productId`) REFERENCES `craft_digitalproducts_products` (`id`) ON DELETE SET NULL;

--
-- Constraints for table `craft_digitalproducts_products`
--
ALTER TABLE `craft_digitalproducts_products`
	ADD CONSTRAINT `craft_digitalproducts_products_id_fk` FOREIGN KEY (`id`) REFERENCES `craft_elements` (`id`) ON DELETE CASCADE,
	ADD CONSTRAINT `craft_digitalproducts_products_taxCategoryId_fk` FOREIGN KEY (`taxCategoryId`) REFERENCES `craft_commerce_taxcategories` (`id`),
	ADD CONSTRAINT `craft_digitalproducts_products_typeId_fk` FOREIGN KEY (`typeId`) REFERENCES `craft_digitalproducts_producttypes` (`id`) ON DELETE CASCADE;

--
-- Constraints for table `craft_digitalproducts_producttypes`
--
ALTER TABLE `craft_digitalproducts_producttypes`
	ADD CONSTRAINT `craft_digitalproducts_producttypes_fieldLayoutId_fk` FOREIGN KEY (`fieldLayoutId`) REFERENCES `craft_fieldlayouts` (`id`) ON DELETE SET NULL;

--
-- Constraints for table `craft_digitalproducts_producttypes_i18n`
--
ALTER TABLE `craft_digitalproducts_producttypes_i18n`
	ADD CONSTRAINT `craft_digitalproducts_producttypes_i18n_locale_fk` FOREIGN KEY (`locale`) REFERENCES `craft_locales` (`locale`) ON DELETE CASCADE ON UPDATE CASCADE,
	ADD CONSTRAINT `craft_digitalproducts_producttypes_i18n_productTypeId_fk` FOREIGN KEY (`productTypeId`) REFERENCES `craft_digitalproducts_producttypes` (`id`) ON DELETE CASCADE;

--
-- Constraints for table `craft_elements_i18n`
--
ALTER TABLE `craft_elements_i18n`
	ADD CONSTRAINT `craft_elements_i18n_elementId_fk` FOREIGN KEY (`elementId`) REFERENCES `craft_elements` (`id`) ON DELETE CASCADE,
	ADD CONSTRAINT `craft_elements_i18n_locale_fk` FOREIGN KEY (`locale`) REFERENCES `craft_locales` (`locale`) ON DELETE CASCADE ON UPDATE CASCADE;

--
-- Constraints for table `craft_emailmessages`
--
ALTER TABLE `craft_emailmessages`
	ADD CONSTRAINT `craft_emailmessages_locale_fk` FOREIGN KEY (`locale`) REFERENCES `craft_locales` (`locale`) ON DELETE CASCADE ON UPDATE CASCADE;

--
-- Constraints for table `craft_entries`
--
ALTER TABLE `craft_entries`
	ADD CONSTRAINT `craft_entries_authorId_fk` FOREIGN KEY (`authorId`) REFERENCES `craft_users` (`id`) ON DELETE CASCADE,
	ADD CONSTRAINT `craft_entries_id_fk` FOREIGN KEY (`id`) REFERENCES `craft_elements` (`id`) ON DELETE CASCADE,
	ADD CONSTRAINT `craft_entries_sectionId_fk` FOREIGN KEY (`sectionId`) REFERENCES `craft_sections` (`id`) ON DELETE CASCADE,
	ADD CONSTRAINT `craft_entries_typeId_fk` FOREIGN KEY (`typeId`) REFERENCES `craft_entrytypes` (`id`) ON DELETE CASCADE;

--
-- Constraints for table `craft_entrydrafts`
--
ALTER TABLE `craft_entrydrafts`
	ADD CONSTRAINT `craft_entrydrafts_creatorId_fk` FOREIGN KEY (`creatorId`) REFERENCES `craft_users` (`id`) ON DELETE CASCADE,
	ADD CONSTRAINT `craft_entrydrafts_entryId_fk` FOREIGN KEY (`entryId`) REFERENCES `craft_entries` (`id`) ON DELETE CASCADE,
	ADD CONSTRAINT `craft_entrydrafts_locale_fk` FOREIGN KEY (`locale`) REFERENCES `craft_locales` (`locale`) ON DELETE CASCADE ON UPDATE CASCADE,
	ADD CONSTRAINT `craft_entrydrafts_sectionId_fk` FOREIGN KEY (`sectionId`) REFERENCES `craft_sections` (`id`) ON DELETE CASCADE;

--
-- Constraints for table `craft_entrytypes`
--
ALTER TABLE `craft_entrytypes`
	ADD CONSTRAINT `craft_entrytypes_fieldLayoutId_fk` FOREIGN KEY (`fieldLayoutId`) REFERENCES `craft_fieldlayouts` (`id`) ON DELETE SET NULL,
	ADD CONSTRAINT `craft_entrytypes_sectionId_fk` FOREIGN KEY (`sectionId`) REFERENCES `craft_sections` (`id`) ON DELETE CASCADE;

--
-- Constraints for table `craft_entryversions`
--
ALTER TABLE `craft_entryversions`
	ADD CONSTRAINT `craft_entryversions_creatorId_fk` FOREIGN KEY (`creatorId`) REFERENCES `craft_users` (`id`) ON DELETE SET NULL,
	ADD CONSTRAINT `craft_entryversions_entryId_fk` FOREIGN KEY (`entryId`) REFERENCES `craft_entries` (`id`) ON DELETE CASCADE,
	ADD CONSTRAINT `craft_entryversions_locale_fk` FOREIGN KEY (`locale`) REFERENCES `craft_locales` (`locale`) ON DELETE CASCADE ON UPDATE CASCADE,
	ADD CONSTRAINT `craft_entryversions_sectionId_fk` FOREIGN KEY (`sectionId`) REFERENCES `craft_sections` (`id`) ON DELETE CASCADE;

--
-- Constraints for table `craft_fieldlayoutfields`
--
ALTER TABLE `craft_fieldlayoutfields`
	ADD CONSTRAINT `craft_fieldlayoutfields_fieldId_fk` FOREIGN KEY (`fieldId`) REFERENCES `craft_fields` (`id`) ON DELETE CASCADE,
	ADD CONSTRAINT `craft_fieldlayoutfields_layoutId_fk` FOREIGN KEY (`layoutId`) REFERENCES `craft_fieldlayouts` (`id`) ON DELETE CASCADE,
	ADD CONSTRAINT `craft_fieldlayoutfields_tabId_fk` FOREIGN KEY (`tabId`) REFERENCES `craft_fieldlayouttabs` (`id`) ON DELETE CASCADE;

--
-- Constraints for table `craft_fieldlayouttabs`
--
ALTER TABLE `craft_fieldlayouttabs`
	ADD CONSTRAINT `craft_fieldlayouttabs_layoutId_fk` FOREIGN KEY (`layoutId`) REFERENCES `craft_fieldlayouts` (`id`) ON DELETE CASCADE;

--
-- Constraints for table `craft_fields`
--
ALTER TABLE `craft_fields`
	ADD CONSTRAINT `craft_fields_groupId_fk` FOREIGN KEY (`groupId`) REFERENCES `craft_fieldgroups` (`id`) ON DELETE CASCADE;

--
-- Constraints for table `craft_formbuilder2_entries`
--
ALTER TABLE `craft_formbuilder2_entries`
	ADD CONSTRAINT `craft_formbuilder2_entries_formId_fk` FOREIGN KEY (`formId`) REFERENCES `craft_formbuilder2_forms` (`id`) ON DELETE CASCADE,
	ADD CONSTRAINT `craft_formbuilder2_entries_id_fk` FOREIGN KEY (`id`) REFERENCES `craft_elements` (`id`) ON DELETE CASCADE;

--
-- Constraints for table `craft_formbuilder2_forms`
--
ALTER TABLE `craft_formbuilder2_forms`
	ADD CONSTRAINT `craft_formbuilder2_forms_fieldLayoutId_fk` FOREIGN KEY (`fieldLayoutId`) REFERENCES `craft_fieldlayouts` (`id`) ON DELETE SET NULL;

--
-- Constraints for table `craft_globalsets`
--
ALTER TABLE `craft_globalsets`
	ADD CONSTRAINT `craft_globalsets_fieldLayoutId_fk` FOREIGN KEY (`fieldLayoutId`) REFERENCES `craft_fieldlayouts` (`id`) ON DELETE SET NULL,
	ADD CONSTRAINT `craft_globalsets_id_fk` FOREIGN KEY (`id`) REFERENCES `craft_elements` (`id`) ON DELETE CASCADE;

--
-- Constraints for table `craft_matrixblocks`
--
ALTER TABLE `craft_matrixblocks`
	ADD CONSTRAINT `craft_matrixblocks_fieldId_fk` FOREIGN KEY (`fieldId`) REFERENCES `craft_fields` (`id`) ON DELETE CASCADE,
	ADD CONSTRAINT `craft_matrixblocks_id_fk` FOREIGN KEY (`id`) REFERENCES `craft_elements` (`id`) ON DELETE CASCADE,
	ADD CONSTRAINT `craft_matrixblocks_ownerId_fk` FOREIGN KEY (`ownerId`) REFERENCES `craft_elements` (`id`) ON DELETE CASCADE,
	ADD CONSTRAINT `craft_matrixblocks_ownerLocale_fk` FOREIGN KEY (`ownerLocale`) REFERENCES `craft_locales` (`locale`) ON DELETE CASCADE ON UPDATE CASCADE,
	ADD CONSTRAINT `craft_matrixblocks_typeId_fk` FOREIGN KEY (`typeId`) REFERENCES `craft_matrixblocktypes` (`id`) ON DELETE CASCADE;

--
-- Constraints for table `craft_matrixblocktypes`
--
ALTER TABLE `craft_matrixblocktypes`
	ADD CONSTRAINT `craft_matrixblocktypes_fieldId_fk` FOREIGN KEY (`fieldId`) REFERENCES `craft_fields` (`id`) ON DELETE CASCADE,
	ADD CONSTRAINT `craft_matrixblocktypes_fieldLayoutId_fk` FOREIGN KEY (`fieldLayoutId`) REFERENCES `craft_fieldlayouts` (`id`) ON DELETE SET NULL;

--
-- Constraints for table `craft_matrixcontent_answer`
--
ALTER TABLE `craft_matrixcontent_answer`
	ADD CONSTRAINT `craft_matrixcontent_answer_elementId_fk` FOREIGN KEY (`elementId`) REFERENCES `craft_elements` (`id`) ON DELETE CASCADE,
	ADD CONSTRAINT `craft_matrixcontent_answer_locale_fk` FOREIGN KEY (`locale`) REFERENCES `craft_locales` (`locale`) ON DELETE CASCADE ON UPDATE CASCADE;

--
-- Constraints for table `craft_matrixcontent_forsikringscertifikat`
--
ALTER TABLE `craft_matrixcontent_forsikringscertifikat`
	ADD CONSTRAINT `craft_matrixcontent_forsikringscertifikat_elementId_fk` FOREIGN KEY (`elementId`) REFERENCES `craft_elements` (`id`) ON DELETE CASCADE,
	ADD CONSTRAINT `craft_matrixcontent_forsikringscertifikat_locale_fk` FOREIGN KEY (`locale`) REFERENCES `craft_locales` (`locale`) ON DELETE CASCADE ON UPDATE CASCADE;

--
-- Constraints for table `craft_matrixcontent_global`
--
ALTER TABLE `craft_matrixcontent_global`
	ADD CONSTRAINT `craft_matrixcontent_global_elementId_fk` FOREIGN KEY (`elementId`) REFERENCES `craft_elements` (`id`) ON DELETE CASCADE,
	ADD CONSTRAINT `craft_matrixcontent_global_locale_fk` FOREIGN KEY (`locale`) REFERENCES `craft_locales` (`locale`) ON DELETE CASCADE ON UPDATE CASCADE;

--
-- Constraints for table `craft_matrixcontent_sektion`
--
ALTER TABLE `craft_matrixcontent_sektion`
	ADD CONSTRAINT `craft_matrixcontent_sektion_elementId_fk` FOREIGN KEY (`elementId`) REFERENCES `craft_elements` (`id`) ON DELETE CASCADE,
	ADD CONSTRAINT `craft_matrixcontent_sektion_locale_fk` FOREIGN KEY (`locale`) REFERENCES `craft_locales` (`locale`) ON DELETE CASCADE ON UPDATE CASCADE;

--
-- Constraints for table `craft_migrations`
--
ALTER TABLE `craft_migrations`
	ADD CONSTRAINT `craft_migrations_pluginId_fk` FOREIGN KEY (`pluginId`) REFERENCES `craft_plugins` (`id`) ON DELETE CASCADE;

--
-- Constraints for table `craft_relations`
--
ALTER TABLE `craft_relations`
	ADD CONSTRAINT `craft_relations_fieldId_fk` FOREIGN KEY (`fieldId`) REFERENCES `craft_fields` (`id`) ON DELETE CASCADE,
	ADD CONSTRAINT `craft_relations_sourceId_fk` FOREIGN KEY (`sourceId`) REFERENCES `craft_elements` (`id`) ON DELETE CASCADE,
	ADD CONSTRAINT `craft_relations_sourceLocale_fk` FOREIGN KEY (`sourceLocale`) REFERENCES `craft_locales` (`locale`) ON DELETE CASCADE ON UPDATE CASCADE,
	ADD CONSTRAINT `craft_relations_targetId_fk` FOREIGN KEY (`targetId`) REFERENCES `craft_elements` (`id`) ON DELETE CASCADE;

--
-- Constraints for table `craft_routes`
--
ALTER TABLE `craft_routes`
	ADD CONSTRAINT `craft_routes_locale_fk` FOREIGN KEY (`locale`) REFERENCES `craft_locales` (`locale`) ON DELETE CASCADE ON UPDATE CASCADE;

--
-- Constraints for table `craft_sections`
--
ALTER TABLE `craft_sections`
	ADD CONSTRAINT `craft_sections_structureId_fk` FOREIGN KEY (`structureId`) REFERENCES `craft_structures` (`id`) ON DELETE SET NULL;

--
-- Constraints for table `craft_sections_i18n`
--
ALTER TABLE `craft_sections_i18n`
	ADD CONSTRAINT `craft_sections_i18n_locale_fk` FOREIGN KEY (`locale`) REFERENCES `craft_locales` (`locale`) ON DELETE CASCADE ON UPDATE CASCADE,
	ADD CONSTRAINT `craft_sections_i18n_sectionId_fk` FOREIGN KEY (`sectionId`) REFERENCES `craft_sections` (`id`) ON DELETE CASCADE;

--
-- Constraints for table `craft_sessions`
--
ALTER TABLE `craft_sessions`
	ADD CONSTRAINT `craft_sessions_userId_fk` FOREIGN KEY (`userId`) REFERENCES `craft_users` (`id`) ON DELETE CASCADE;

--
-- Constraints for table `craft_shunnedmessages`
--
ALTER TABLE `craft_shunnedmessages`
	ADD CONSTRAINT `craft_shunnedmessages_userId_fk` FOREIGN KEY (`userId`) REFERENCES `craft_users` (`id`) ON DELETE CASCADE;

--
-- Constraints for table `craft_structureelements`
--
ALTER TABLE `craft_structureelements`
	ADD CONSTRAINT `craft_structureelements_elementId_fk` FOREIGN KEY (`elementId`) REFERENCES `craft_elements` (`id`) ON DELETE CASCADE,
	ADD CONSTRAINT `craft_structureelements_structureId_fk` FOREIGN KEY (`structureId`) REFERENCES `craft_structures` (`id`) ON DELETE CASCADE;

--
-- Constraints for table `craft_taggroups`
--
ALTER TABLE `craft_taggroups`
	ADD CONSTRAINT `craft_taggroups_fieldLayoutId_fk` FOREIGN KEY (`fieldLayoutId`) REFERENCES `craft_fieldlayouts` (`id`) ON DELETE SET NULL;

--
-- Constraints for table `craft_tags`
--
ALTER TABLE `craft_tags`
	ADD CONSTRAINT `craft_tags_groupId_fk` FOREIGN KEY (`groupId`) REFERENCES `craft_taggroups` (`id`) ON DELETE CASCADE,
	ADD CONSTRAINT `craft_tags_id_fk` FOREIGN KEY (`id`) REFERENCES `craft_elements` (`id`) ON DELETE CASCADE;

--
-- Constraints for table `craft_templatecachecriteria`
--
ALTER TABLE `craft_templatecachecriteria`
	ADD CONSTRAINT `craft_templatecachecriteria_cacheId_fk` FOREIGN KEY (`cacheId`) REFERENCES `craft_templatecaches` (`id`) ON DELETE CASCADE;

--
-- Constraints for table `craft_templatecacheelements`
--
ALTER TABLE `craft_templatecacheelements`
	ADD CONSTRAINT `craft_templatecacheelements_cacheId_fk` FOREIGN KEY (`cacheId`) REFERENCES `craft_templatecaches` (`id`) ON DELETE CASCADE,
	ADD CONSTRAINT `craft_templatecacheelements_elementId_fk` FOREIGN KEY (`elementId`) REFERENCES `craft_elements` (`id`) ON DELETE CASCADE;

--
-- Constraints for table `craft_templatecaches`
--
ALTER TABLE `craft_templatecaches`
	ADD CONSTRAINT `craft_templatecaches_locale_fk` FOREIGN KEY (`locale`) REFERENCES `craft_locales` (`locale`) ON DELETE CASCADE ON UPDATE CASCADE;

--
-- Constraints for table `craft_usergroups_users`
--
ALTER TABLE `craft_usergroups_users`
	ADD CONSTRAINT `craft_usergroups_users_groupId_fk` FOREIGN KEY (`groupId`) REFERENCES `craft_usergroups` (`id`) ON DELETE CASCADE,
	ADD CONSTRAINT `craft_usergroups_users_userId_fk` FOREIGN KEY (`userId`) REFERENCES `craft_users` (`id`) ON DELETE CASCADE;

--
-- Constraints for table `craft_userpermissions_usergroups`
--
ALTER TABLE `craft_userpermissions_usergroups`
	ADD CONSTRAINT `craft_userpermissions_usergroups_groupId_fk` FOREIGN KEY (`groupId`) REFERENCES `craft_usergroups` (`id`) ON DELETE CASCADE,
	ADD CONSTRAINT `craft_userpermissions_usergroups_permissionId_fk` FOREIGN KEY (`permissionId`) REFERENCES `craft_userpermissions` (`id`) ON DELETE CASCADE;

--
-- Constraints for table `craft_userpermissions_users`
--
ALTER TABLE `craft_userpermissions_users`
	ADD CONSTRAINT `craft_userpermissions_users_permissionId_fk` FOREIGN KEY (`permissionId`) REFERENCES `craft_userpermissions` (`id`) ON DELETE CASCADE,
	ADD CONSTRAINT `craft_userpermissions_users_userId_fk` FOREIGN KEY (`userId`) REFERENCES `craft_users` (`id`) ON DELETE CASCADE;

--
-- Constraints for table `craft_users`
--
ALTER TABLE `craft_users`
	ADD CONSTRAINT `craft_users_id_fk` FOREIGN KEY (`id`) REFERENCES `craft_elements` (`id`) ON DELETE CASCADE,
	ADD CONSTRAINT `craft_users_preferredLocale_fk` FOREIGN KEY (`preferredLocale`) REFERENCES `craft_locales` (`locale`) ON DELETE SET NULL ON UPDATE CASCADE;

--
-- Constraints for table `craft_widgets`
--
ALTER TABLE `craft_widgets`
	ADD CONSTRAINT `craft_widgets_userId_fk` FOREIGN KEY (`userId`) REFERENCES `craft_users` (`id`) ON DELETE CASCADE;

SET FOREIGN_KEY_CHECKS = 1;
