-- Generated by Craft v2.6.2788 on 26/05/2016 11.15.19.

--
-- Disable foreign key checks and autocommit.
--

SET FOREIGN_KEY_CHECKS = 0;
SET SQL_MODE = "NO_AUTO_VALUE_ON_ZERO";
SET AUTOCOMMIT = 0;
SET NAMES utf8;


DROP TABLE IF EXISTS `craft_assetfiles`;


--
-- Schema for table `craft_assetfiles`
--
CREATE TABLE `craft_assetfiles` (
  `id` int(11) NOT NULL,
  `sourceId` int(11) DEFAULT NULL,
  `folderId` int(11) NOT NULL,
  `filename` varchar(255) COLLATE utf8_unicode_ci NOT NULL,
  `kind` varchar(50) COLLATE utf8_unicode_ci NOT NULL DEFAULT 'unknown',
  `width` int(11) unsigned DEFAULT NULL,
  `height` int(11) unsigned DEFAULT NULL,
  `size` bigint(20) unsigned DEFAULT NULL,
  `dateModified` datetime DEFAULT NULL,
  `dateCreated` datetime NOT NULL,
  `dateUpdated` datetime NOT NULL,
  `uid` char(36) COLLATE utf8_unicode_ci NOT NULL DEFAULT '0',
  PRIMARY KEY (`id`),
  UNIQUE KEY `craft_assetfiles_filename_folderId_unq_idx` (`filename`,`folderId`),
  KEY `craft_assetfiles_sourceId_fk` (`sourceId`),
  KEY `craft_assetfiles_folderId_fk` (`folderId`)
) ENGINE=InnoDB DEFAULT CHARSET=utf8 COLLATE=utf8_unicode_ci;

--
-- Data for table `craft_assetfiles`
--

INSERT INTO `craft_assetfiles` (`id`, `sourceId`, `folderId`, `filename`, `kind`, `width`, `height`, `size`, `dateModified`, `dateCreated`, `dateUpdated`, `uid`) VALUES
 ('95', NULL, '6', 'folder.svg', 'image', '100', '100', '1136', '2016-05-24 10:34:44', '2016-05-24 10:34:44', '2016-05-24 10:34:51', '2522f7d2-6acd-4210-83ad-de988832dc0c');



DROP TABLE IF EXISTS `craft_assetfolders`;


--
-- Schema for table `craft_assetfolders`
--
CREATE TABLE `craft_assetfolders` (
  `id` int(11) NOT NULL AUTO_INCREMENT,
  `parentId` int(11) DEFAULT NULL,
  `sourceId` int(11) DEFAULT NULL,
  `name` varchar(255) COLLATE utf8_unicode_ci NOT NULL,
  `path` varchar(255) COLLATE utf8_unicode_ci DEFAULT NULL,
  `dateCreated` datetime NOT NULL,
  `dateUpdated` datetime NOT NULL,
  `uid` char(36) COLLATE utf8_unicode_ci NOT NULL DEFAULT '0',
  PRIMARY KEY (`id`),
  UNIQUE KEY `craft_assetfolders_name_parentId_sourceId_unq_idx` (`name`,`parentId`,`sourceId`),
  KEY `craft_assetfolders_parentId_fk` (`parentId`),
  KEY `craft_assetfolders_sourceId_fk` (`sourceId`)
) ENGINE=InnoDB AUTO_INCREMENT=7 DEFAULT CHARSET=utf8 COLLATE=utf8_unicode_ci;

--
-- Data for table `craft_assetfolders`
--

INSERT INTO `craft_assetfolders` (`id`, `parentId`, `sourceId`, `name`, `path`, `dateCreated`, `dateUpdated`, `uid`) VALUES
 ('1', NULL, NULL, 'Temporary source', NULL, '2016-05-24 10:20:44', '2016-05-24 10:20:44', '7c57e43a-3080-4b5d-9c92-d11765fa9190'),
 ('2', '1', NULL, 'user_1', NULL, '2016-05-24 10:20:44', '2016-05-24 10:20:44', '0db7ca4c-4f93-4384-afbb-81b779c5bc24'),
 ('3', '2', NULL, 'field_14', 'field_14/', '2016-05-24 10:20:44', '2016-05-24 10:20:44', '780da027-ffdb-4f71-a58c-bd4353c6022d'),
 ('4', '1', NULL, 'images', 'images/', '2016-05-24 10:34:51', '2016-05-24 10:34:51', '1d6d45ba-ebbc-4274-b7fa-68a89e07619e'),
 ('5', '4', NULL, 'commerce', 'images/commerce/', '2016-05-24 10:34:51', '2016-05-24 10:34:51', '6bcae836-9776-46b2-8bdc-f8f2fdc0d70c'),
 ('6', '5', NULL, 'products', 'images/commerce/products/', '2016-05-24 10:34:51', '2016-05-24 10:34:51', '2cb92977-9839-447f-8874-83bdab626e83');



DROP TABLE IF EXISTS `craft_assetindexdata`;


--
-- Schema for table `craft_assetindexdata`
--
CREATE TABLE `craft_assetindexdata` (
  `id` int(11) NOT NULL AUTO_INCREMENT,
  `sessionId` varchar(36) COLLATE utf8_unicode_ci NOT NULL DEFAULT '',
  `sourceId` int(10) NOT NULL,
  `offset` int(10) NOT NULL,
  `uri` varchar(255) COLLATE utf8_unicode_ci DEFAULT NULL,
  `size` varchar(255) COLLATE utf8_unicode_ci DEFAULT NULL,
  `recordId` int(10) DEFAULT NULL,
  `dateCreated` datetime NOT NULL,
  `dateUpdated` datetime NOT NULL,
  `uid` char(36) COLLATE utf8_unicode_ci NOT NULL DEFAULT '0',
  PRIMARY KEY (`id`),
  UNIQUE KEY `craft_assetindexdata_sessionId_sourceId_offset_unq_idx` (`sessionId`,`sourceId`,`offset`),
  KEY `craft_assetindexdata_sourceId_fk` (`sourceId`)
) ENGINE=InnoDB DEFAULT CHARSET=utf8 COLLATE=utf8_unicode_ci;

DROP TABLE IF EXISTS `craft_assetsources`;


--
-- Schema for table `craft_assetsources`
--
CREATE TABLE `craft_assetsources` (
  `id` int(11) NOT NULL AUTO_INCREMENT,
  `name` varchar(255) COLLATE utf8_unicode_ci NOT NULL,
  `handle` varchar(255) COLLATE utf8_unicode_ci NOT NULL,
  `type` varchar(150) COLLATE utf8_unicode_ci NOT NULL,
  `settings` text COLLATE utf8_unicode_ci,
  `sortOrder` smallint(6) unsigned DEFAULT NULL,
  `fieldLayoutId` int(10) DEFAULT NULL,
  `dateCreated` datetime NOT NULL,
  `dateUpdated` datetime NOT NULL,
  `uid` char(36) COLLATE utf8_unicode_ci NOT NULL DEFAULT '0',
  PRIMARY KEY (`id`),
  UNIQUE KEY `craft_assetsources_name_unq_idx` (`name`),
  UNIQUE KEY `craft_assetsources_handle_unq_idx` (`handle`),
  KEY `craft_assetsources_fieldLayoutId_fk` (`fieldLayoutId`)
) ENGINE=InnoDB DEFAULT CHARSET=utf8 COLLATE=utf8_unicode_ci;

DROP TABLE IF EXISTS `craft_assettransformindex`;


--
-- Schema for table `craft_assettransformindex`
--
CREATE TABLE `craft_assettransformindex` (
  `id` int(11) NOT NULL AUTO_INCREMENT,
  `fileId` int(11) NOT NULL,
  `filename` varchar(255) COLLATE utf8_unicode_ci DEFAULT NULL,
  `format` varchar(255) COLLATE utf8_unicode_ci DEFAULT NULL,
  `location` varchar(255) COLLATE utf8_unicode_ci NOT NULL,
  `sourceId` int(11) DEFAULT NULL,
  `fileExists` tinyint(1) DEFAULT NULL,
  `inProgress` tinyint(1) DEFAULT NULL,
  `dateIndexed` datetime DEFAULT NULL,
  `dateCreated` datetime NOT NULL,
  `dateUpdated` datetime NOT NULL,
  `uid` char(36) COLLATE utf8_unicode_ci NOT NULL DEFAULT '0',
  PRIMARY KEY (`id`),
  KEY `craft_assettransformindex_sourceId_fileId_location_idx` (`sourceId`,`fileId`,`location`)
) ENGINE=InnoDB DEFAULT CHARSET=utf8 COLLATE=utf8_unicode_ci;

DROP TABLE IF EXISTS `craft_assettransforms`;


--
-- Schema for table `craft_assettransforms`
--
CREATE TABLE `craft_assettransforms` (
  `id` int(11) NOT NULL AUTO_INCREMENT,
  `name` varchar(255) COLLATE utf8_unicode_ci NOT NULL,
  `handle` varchar(255) COLLATE utf8_unicode_ci NOT NULL,
  `mode` enum('stretch','fit','crop') COLLATE utf8_unicode_ci NOT NULL DEFAULT 'crop',
  `position` enum('top-left','top-center','top-right','center-left','center-center','center-right','bottom-left','bottom-center','bottom-right') COLLATE utf8_unicode_ci NOT NULL DEFAULT 'center-center',
  `height` int(10) DEFAULT NULL,
  `width` int(10) DEFAULT NULL,
  `format` varchar(255) COLLATE utf8_unicode_ci DEFAULT NULL,
  `quality` int(10) DEFAULT NULL,
  `dimensionChangeTime` datetime DEFAULT NULL,
  `dateCreated` datetime NOT NULL,
  `dateUpdated` datetime NOT NULL,
  `uid` char(36) COLLATE utf8_unicode_ci NOT NULL DEFAULT '0',
  PRIMARY KEY (`id`),
  UNIQUE KEY `craft_assettransforms_name_unq_idx` (`name`),
  UNIQUE KEY `craft_assettransforms_handle_unq_idx` (`handle`)
) ENGINE=InnoDB DEFAULT CHARSET=utf8 COLLATE=utf8_unicode_ci;

DROP TABLE IF EXISTS `craft_categories`;


--
-- Schema for table `craft_categories`
--
CREATE TABLE `craft_categories` (
  `id` int(11) NOT NULL,
  `groupId` int(11) NOT NULL,
  `dateCreated` datetime NOT NULL,
  `dateUpdated` datetime NOT NULL,
  `uid` char(36) COLLATE utf8_unicode_ci NOT NULL DEFAULT '0',
  PRIMARY KEY (`id`),
  KEY `craft_categories_groupId_fk` (`groupId`)
) ENGINE=InnoDB DEFAULT CHARSET=utf8 COLLATE=utf8_unicode_ci;

DROP TABLE IF EXISTS `craft_categorygroups`;


--
-- Schema for table `craft_categorygroups`
--
CREATE TABLE `craft_categorygroups` (
  `id` int(11) NOT NULL AUTO_INCREMENT,
  `structureId` int(11) NOT NULL,
  `fieldLayoutId` int(11) DEFAULT NULL,
  `name` varchar(255) COLLATE utf8_unicode_ci NOT NULL,
  `handle` varchar(255) COLLATE utf8_unicode_ci NOT NULL,
  `hasUrls` tinyint(1) unsigned NOT NULL DEFAULT '1',
  `template` varchar(500) COLLATE utf8_unicode_ci DEFAULT NULL,
  `dateCreated` datetime NOT NULL,
  `dateUpdated` datetime NOT NULL,
  `uid` char(36) COLLATE utf8_unicode_ci NOT NULL DEFAULT '0',
  PRIMARY KEY (`id`),
  UNIQUE KEY `craft_categorygroups_name_unq_idx` (`name`),
  UNIQUE KEY `craft_categorygroups_handle_unq_idx` (`handle`),
  KEY `craft_categorygroups_structureId_fk` (`structureId`),
  KEY `craft_categorygroups_fieldLayoutId_fk` (`fieldLayoutId`)
) ENGINE=InnoDB DEFAULT CHARSET=utf8 COLLATE=utf8_unicode_ci;

DROP TABLE IF EXISTS `craft_categorygroups_i18n`;


--
-- Schema for table `craft_categorygroups_i18n`
--
CREATE TABLE `craft_categorygroups_i18n` (
  `id` int(11) NOT NULL AUTO_INCREMENT,
  `groupId` int(11) NOT NULL,
  `locale` char(12) COLLATE utf8_unicode_ci NOT NULL,
  `urlFormat` text COLLATE utf8_unicode_ci,
  `nestedUrlFormat` text COLLATE utf8_unicode_ci,
  `dateCreated` datetime NOT NULL,
  `dateUpdated` datetime NOT NULL,
  `uid` char(36) COLLATE utf8_unicode_ci NOT NULL DEFAULT '0',
  PRIMARY KEY (`id`),
  UNIQUE KEY `craft_categorygroups_i18n_groupId_locale_unq_idx` (`groupId`,`locale`),
  KEY `craft_categorygroups_i18n_locale_fk` (`locale`)
) ENGINE=InnoDB DEFAULT CHARSET=utf8 COLLATE=utf8_unicode_ci;

DROP TABLE IF EXISTS `craft_commerce_addresses`;


--
-- Schema for table `craft_commerce_addresses`
--
CREATE TABLE `craft_commerce_addresses` (
  `id` int(11) NOT NULL AUTO_INCREMENT,
  `firstName` varchar(255) COLLATE utf8_unicode_ci NOT NULL,
  `lastName` varchar(255) COLLATE utf8_unicode_ci NOT NULL,
  `countryId` int(10) DEFAULT NULL,
  `stateId` int(10) DEFAULT NULL,
  `address1` varchar(255) COLLATE utf8_unicode_ci DEFAULT NULL,
  `address2` varchar(255) COLLATE utf8_unicode_ci DEFAULT NULL,
  `city` varchar(255) COLLATE utf8_unicode_ci DEFAULT NULL,
  `zipCode` varchar(255) COLLATE utf8_unicode_ci DEFAULT NULL,
  `phone` varchar(255) COLLATE utf8_unicode_ci DEFAULT NULL,
  `alternativePhone` varchar(255) COLLATE utf8_unicode_ci DEFAULT NULL,
  `businessName` varchar(255) COLLATE utf8_unicode_ci DEFAULT NULL,
  `businessTaxId` varchar(255) COLLATE utf8_unicode_ci DEFAULT NULL,
  `stateName` varchar(255) COLLATE utf8_unicode_ci DEFAULT NULL,
  `dateCreated` datetime NOT NULL,
  `dateUpdated` datetime NOT NULL,
  `uid` char(36) COLLATE utf8_unicode_ci NOT NULL DEFAULT '0',
  PRIMARY KEY (`id`),
  KEY `craft_commerce_addresses_countryId_fk` (`countryId`),
  KEY `craft_commerce_addresses_stateId_fk` (`stateId`)
) ENGINE=InnoDB AUTO_INCREMENT=66 DEFAULT CHARSET=utf8 COLLATE=utf8_unicode_ci;

--
-- Data for table `craft_commerce_addresses`
--

INSERT INTO `craft_commerce_addresses` (`id`, `firstName`, `lastName`, `countryId`, `stateId`, `address1`, `address2`, `city`, `zipCode`, `phone`, `alternativePhone`, `businessName`, `businessTaxId`, `stateName`, `dateCreated`, `dateUpdated`, `uid`) VALUES
 ('2', 'Martin', 'Beuschau', NULL, NULL, 'Danshøjvej 22', NULL, 'Valby', '2500', '31310006', NULL, NULL, NULL, NULL, '2016-05-24 10:01:19', '2016-05-24 10:01:19', '3734a4b7-054a-49cb-82e2-c1ed9a5a142e'),
 ('3', 'Martin', 'Beuschau', NULL, NULL, 'Danshøjvej 22', NULL, 'Valby', '2500', '31310006', NULL, NULL, NULL, NULL, '2016-05-24 10:01:19', '2016-05-24 10:01:19', '84ecc53f-b33d-48f9-83b3-0bfc99953b71'),
 ('9', 'Martin', 'Beuschau', '59', NULL, 'Danshøjvej 22', '', 'Valby', '2500', '31310006', '', '', '', NULL, '2016-05-24 12:10:27', '2016-05-25 19:58:54', 'b06784f3-aef2-45bb-b162-8d33553305c6'),
 ('12', 'John', 'Nielsen', NULL, NULL, 'Roskildevej', NULL, 'Roskilde', '220', '31310006', NULL, NULL, NULL, NULL, '2016-05-24 12:14:09', '2016-05-24 12:14:09', '2ad426b7-943c-439d-8c59-496e60b1fc02'),
 ('13', 'Martin', 'Beuschau', NULL, NULL, 'Danshøjvej 22', NULL, 'Valby', '2500', '31310006', NULL, NULL, NULL, NULL, '2016-05-24 12:40:59', '2016-05-24 12:40:59', '7806dd36-dd0b-46f8-9606-3aadeeba5831'),
 ('14', 'Martin', 'Beuschau', NULL, NULL, 'Danshøjvej 22', NULL, 'Valby', '2500', '31310006', NULL, NULL, NULL, NULL, '2016-05-24 12:40:59', '2016-05-24 12:40:59', 'f6d25066-73fc-41df-bfbe-ff157c4c8cc3'),
 ('15', 'Martin', 'Beuschau', NULL, NULL, 'Danshøjvej 22', NULL, 'Valby', '2500', '31310006', NULL, NULL, NULL, NULL, '2016-05-24 13:07:55', '2016-05-24 13:07:55', 'd483c1d8-de1a-4aeb-b2ae-7ef473388351'),
 ('16', 'Martin', 'Beuschau', NULL, NULL, 'Danshøjvej 22', NULL, 'Valby', '2500', '31310006', NULL, NULL, NULL, NULL, '2016-05-24 13:09:27', '2016-05-24 13:09:27', 'e0febd0f-3f23-4ba1-85a1-8531ac033e92'),
 ('17', 'Martin', 'Beuschau', NULL, NULL, 'Danshøjvej 22', NULL, 'Valby', '2500', '31310006', NULL, NULL, NULL, NULL, '2016-05-24 13:09:59', '2016-05-24 13:09:59', 'c8a8e2f0-9b17-4978-bf73-daafa2295744'),
 ('18', 'Martin', 'Beuschau', NULL, NULL, 'Danshøjvej 22', NULL, 'Valby', '2500', '31310006', NULL, NULL, NULL, NULL, '2016-05-24 13:13:13', '2016-05-24 13:13:13', '79f1d704-c8c6-4206-a383-b30646a18771'),
 ('19', 'Martin', 'Beuschau', NULL, NULL, 'Danshøjvej 22', NULL, 'Valby', '2500', '31310006', NULL, NULL, NULL, NULL, '2016-05-24 13:46:47', '2016-05-24 13:46:47', '449267b5-1eee-4bb4-8397-a85b67d89d8b'),
 ('20', 'Louise', 'Beuschau', NULL, NULL, 'Danshøjvej 22', NULL, 'Valby', '2500', '31310006', NULL, NULL, NULL, NULL, '2016-05-24 14:10:02', '2016-05-24 14:10:02', '021c7e08-2290-4a34-847e-c1ff19f615ac'),
 ('21', 'Martin', 'Beuschau', NULL, NULL, 'Danshøjvej 22', NULL, 'Valby', '2500', '31310006', NULL, NULL, NULL, NULL, '2016-05-24 20:28:14', '2016-05-24 20:28:14', 'd06d8ff3-f310-4ff8-a6bc-fc28e744457d'),
 ('22', 'Martin', 'Beuschau', NULL, NULL, 'Danshøjvej 22', NULL, 'Valby', '2500', '31310006', NULL, NULL, NULL, NULL, '2016-05-24 20:29:52', '2016-05-24 20:29:52', 'e9fb7fe6-7cfa-44e0-b1ff-8285a6b5f330'),
 ('23', 'Martin', 'Beuschau', NULL, NULL, 'Danshøjvej 22', NULL, 'Valby', '2500', '31310006', NULL, NULL, NULL, NULL, '2016-05-24 20:29:52', '2016-05-24 20:29:52', '2e54fc18-6c2a-49b9-8e55-deb321caeff9'),
 ('24', 'Martin', 'Beuschau', NULL, NULL, 'Danshøjvej 22', NULL, 'Valby', '2500', '31310006', NULL, NULL, NULL, NULL, '2016-05-24 20:33:05', '2016-05-24 20:33:05', '4791caf9-ae31-4396-a019-43ed0fdb3bc1'),
 ('25', 'Martin', 'Beuschau', NULL, NULL, 'Danshøjvej 22', NULL, 'Valby', '2500', '31310006', NULL, NULL, NULL, NULL, '2016-05-24 20:33:05', '2016-05-24 20:33:05', '5afa0a92-8d33-4611-bd0b-0e081fc4d277'),
 ('26', 'Martin', 'Beuschau', NULL, NULL, 'Danshøjvej 22', NULL, 'Valby', '2500', '31310006', NULL, NULL, NULL, NULL, '2016-05-24 20:49:43', '2016-05-24 20:49:43', '4a227b67-2308-403d-a4a6-7439fb802302'),
 ('27', 'Martin', 'Beuschau', NULL, NULL, 'Danshøjvej 22', NULL, 'Valby', '2500', '31310006', NULL, NULL, NULL, NULL, '2016-05-24 20:49:43', '2016-05-24 20:49:43', 'e2550a8e-d448-486b-8000-3645b26d3ad6'),
 ('28', 'Martin', 'Beuschau', NULL, NULL, 'Danshøjvej 22', NULL, 'Valby', '2500', '31310006', NULL, NULL, NULL, NULL, '2016-05-24 20:59:18', '2016-05-24 20:59:18', 'ad417b2d-934d-468a-8352-6567e8d9d1e1'),
 ('29', 'Martin', 'Beuschau', NULL, NULL, 'Danshøjvej 22', NULL, 'Valby', '2500', '31310006', NULL, NULL, NULL, NULL, '2016-05-24 20:59:18', '2016-05-24 20:59:18', 'e66144e6-df26-4bb4-bf8e-cbcb77f4833e'),
 ('30', 'Martin', 'Beuschau', NULL, NULL, 'Danshøjvej 22', NULL, 'Valby', '2500', '31310006', NULL, NULL, NULL, NULL, '2016-05-25 13:58:53', '2016-05-25 13:58:53', '87c24629-660e-4580-b0f3-a6314d28280a'),
 ('31', 'Martin', 'Beuschau', NULL, NULL, 'Danshøjvej 22', NULL, 'Valby', '2500', '31310006', NULL, NULL, NULL, NULL, '2016-05-25 13:59:06', '2016-05-25 13:59:06', '1b1f9757-7963-475c-b895-17ae2852a6ab'),
 ('32', 'Martin', 'Beuschau', NULL, NULL, 'Danshøjvej 22', NULL, 'Valby', '2500', '31310006', NULL, NULL, NULL, NULL, '2016-05-25 13:59:06', '2016-05-25 13:59:06', '30e4f301-e25f-4f7e-94df-64560cac27da'),
 ('33', 'Martin', 'Beuschau', NULL, NULL, 'Danshøjvej 22', NULL, 'Valby', '2500', '31310006', NULL, NULL, NULL, NULL, '2016-05-25 14:04:07', '2016-05-25 14:04:07', '3f9accab-4329-4fed-bca1-3500de6f9408'),
 ('34', 'Martin', 'Beuschau', NULL, NULL, 'Danshøjvej 22', NULL, 'Valby', '2500', '31310006', NULL, NULL, NULL, NULL, '2016-05-25 14:04:07', '2016-05-25 14:04:07', '75ea10d1-8ceb-44b0-bc5f-3b5745e4304c'),
 ('35', 'Martin', 'Beuschau', NULL, NULL, 'Danshøjvej 22', NULL, 'Valby', '2500', '31310006', NULL, NULL, NULL, NULL, '2016-05-25 14:08:24', '2016-05-25 14:08:24', '0b34a5c1-555e-48ef-a258-beca801d4bf1'),
 ('36', 'Martin', 'Beuschau', NULL, NULL, 'Danshøjvej 22', NULL, 'Valby', '2500', '31310006', NULL, NULL, NULL, NULL, '2016-05-25 14:08:24', '2016-05-25 14:08:24', '5a3ea3c1-561e-43b6-825e-d884bf3a1c53'),
 ('37', 'Martin', 'Beuschau', NULL, NULL, 'Danshøjvej 22', NULL, 'Valby', '2500', '31310006', NULL, NULL, NULL, NULL, '2016-05-25 15:00:24', '2016-05-25 15:00:24', '4ca19ef0-e4b0-4642-8de8-17a0aee39077'),
 ('38', 'Martin', 'Beuschau', NULL, NULL, 'Danshøjvej 22', NULL, 'Valby', '2500', '31310006', NULL, NULL, NULL, NULL, '2016-05-25 15:00:24', '2016-05-25 15:00:24', 'e298911c-3a51-4957-87b9-6669a79a0bb0'),
 ('39', 'Martin', 'Beuschau', NULL, NULL, 'Danshøjvej 22', NULL, 'Valby', '2500', '31310006', NULL, NULL, NULL, NULL, '2016-05-25 15:02:26', '2016-05-25 15:02:26', '043e8794-92f9-45bf-aeee-a8b7057681c1'),
 ('40', 'Martin', 'Beuschau', NULL, NULL, 'Danshøjvej 22', NULL, 'Valby', '2500', '31310006', NULL, NULL, NULL, NULL, '2016-05-25 15:02:26', '2016-05-25 15:02:26', '4be06c9b-6928-402a-bee4-b849d66210a5'),
 ('41', 'Martin', 'Beuschau', NULL, NULL, 'Danshøjvej 22', NULL, 'Valby', '2500', '31310006', NULL, NULL, NULL, NULL, '2016-05-25 15:52:42', '2016-05-25 15:52:42', 'eacff017-e67c-4ce6-b184-265c81ecb89b'),
 ('42', 'Martin', 'Beuschau', NULL, NULL, 'Danshøjvej 22', NULL, 'Valby', '2500', '31310006', NULL, NULL, NULL, NULL, '2016-05-25 15:52:42', '2016-05-25 15:52:42', 'c2d9efa7-9d8b-47bb-a36d-8ed8d3248811'),
 ('43', 'Martin', 'Beuschau', NULL, NULL, 'Danshøjvej 22', NULL, 'Valby', '2500', '31310006', NULL, NULL, NULL, NULL, '2016-05-25 15:58:29', '2016-05-25 15:58:29', '38b2da38-bdaf-4652-8b09-95185f1c7fd7'),
 ('44', 'Martin', 'Beuschau', NULL, NULL, 'Danshøjvej 22', NULL, 'Valby', '2500', '31310006', NULL, NULL, NULL, NULL, '2016-05-25 15:58:29', '2016-05-25 15:58:29', 'a436a5cb-4f5a-4ed5-aa3b-f4a263adbeb5'),
 ('45', 'Martin', 'Beuschau', NULL, NULL, 'Danshøjvej 22', NULL, 'Valby', '2500', '31310006', NULL, NULL, NULL, NULL, '2016-05-25 16:09:26', '2016-05-25 16:09:26', '3381a180-0d03-46d7-9e34-89ad62a8da9e'),
 ('46', 'Martin', 'Beuschau', NULL, NULL, 'Danshøjvej 22', NULL, 'Valby', '2500', '31310006', NULL, NULL, NULL, NULL, '2016-05-25 16:09:26', '2016-05-25 16:09:26', '2c282588-93c0-422c-8797-bc1e7825840d'),
 ('47', 'Martin', 'Beuschau', NULL, NULL, 'Danshøjvej 22', NULL, 'Valby', '2500', '31310006', NULL, NULL, NULL, NULL, '2016-05-25 16:23:03', '2016-05-25 16:23:03', '4158c533-cf20-465a-b581-73ec675efc6c'),
 ('48', 'Martin', 'Beuschau', NULL, NULL, 'Danshøjvej 22', NULL, 'Valby', '2500', '31310006', NULL, NULL, NULL, NULL, '2016-05-25 16:23:03', '2016-05-25 16:23:03', '94a56d48-cffa-4c65-9fe9-bee30039972d'),
 ('49', 'Martin', 'Beuschau', NULL, NULL, 'Danshøjvej 22', NULL, 'Valby', '2500', '31310006', NULL, NULL, NULL, NULL, '2016-05-25 17:33:14', '2016-05-25 17:33:14', '043ba289-2de5-4225-b361-1414a46032ae'),
 ('50', 'Martin', 'Beuschau', NULL, NULL, 'Danshøjvej 22', NULL, 'Valby', '2500', '31310006', NULL, NULL, NULL, NULL, '2016-05-25 17:35:05', '2016-05-25 17:35:05', '8ee69d87-3524-4e75-b350-02a96d65e18d'),
 ('51', 'Martin', 'Beuschau', '59', NULL, 'Danshøjvej 22', '', 'Valby', '2500', '31310006', '', '', '', NULL, '2016-05-25 17:58:14', '2016-05-25 17:58:14', '51227348-8db1-4010-948d-b7c6c8fffcb9'),
 ('52', 'Martin', 'Beuschau', '59', NULL, 'Danshøjvej 22', '', 'Valby', '2500', '31310006', '', '', '', NULL, '2016-05-25 17:58:14', '2016-05-25 17:58:14', '7ca112af-0721-4f87-8400-61c918d4d59e'),
 ('53', 'Martin', 'Beuschau', '59', NULL, 'Danshøjvej 22', '', 'Valby', '2500', '31310006', '', '', '', NULL, '2016-05-25 18:13:10', '2016-05-25 18:13:10', 'a698e047-9602-4456-8ef4-b3c333827afc'),
 ('54', 'Martin', 'Beuschau', '59', NULL, 'Danshøjvej 22', '', 'Valby', '2500', '31310006', '', '', '', NULL, '2016-05-25 18:13:10', '2016-05-25 18:13:10', '60351469-462a-4f2b-a484-8b0d08d8083e'),
 ('55', 'Martin', 'Beuschau', '59', NULL, 'Danshøjvej 22', '', 'Valby', '2500', '31310006', '', '', '', NULL, '2016-05-25 18:28:42', '2016-05-25 18:28:42', '0ab74fb3-c683-4b2e-9bc6-c721039db77b'),
 ('56', 'Martin', 'Beuschau', '59', NULL, 'Danshøjvej 22', '', 'Valby', '2500', '31310006', '', '', '', NULL, '2016-05-25 18:28:42', '2016-05-25 18:28:42', '3bf6a712-0e2b-4275-8826-421df20441c9'),
 ('57', 'Martin', 'Beuschau', '59', NULL, 'Danshøjvej 22', '', 'Valby', '2500', '31310006', '', '', '', NULL, '2016-05-25 18:32:56', '2016-05-25 18:32:56', '73b769ad-cf2c-4741-bb23-341e70e80997'),
 ('58', 'Martin', 'Beuschau', '59', NULL, 'Danshøjvej 22', '', 'Valby', '2500', '31310006', '', '', '', NULL, '2016-05-25 18:32:56', '2016-05-25 18:32:56', 'bc57c1df-9cf7-4aaf-93ae-fa49b3a767d2'),
 ('59', 'Martin', 'Beuschau', '59', NULL, 'Danshøjvej 22', '', 'Valby', '2500', '31310006', '', '', '', NULL, '2016-05-25 18:49:44', '2016-05-25 18:49:44', 'efc31a01-f40d-4691-9803-5c582b6a9172'),
 ('60', 'Martin', 'Beuschau', '59', NULL, 'Danshøjvej 22', '', 'Valby', '2500', '31310006', '', '', '', NULL, '2016-05-25 18:49:44', '2016-05-25 18:49:44', '82305e4d-f51b-4d36-a5c6-fe8cae9d89f4'),
 ('61', 'Louise', 'Beuschau', NULL, NULL, 'Danshøjvej 22', NULL, 'Valby', '2500', '27113408', NULL, NULL, NULL, NULL, '2016-05-25 18:53:56', '2016-05-25 18:53:56', '74e31878-1ee2-4346-a06c-74726faa984d'),
 ('62', 'Louise', 'Beuschau', NULL, NULL, 'Danshøjvej 22', NULL, 'Valby', '2500', '27113408', NULL, NULL, NULL, NULL, '2016-05-25 18:54:32', '2016-05-25 18:54:32', '5249e866-5040-42b2-ba74-4496411bec37'),
 ('63', 'Louise', 'Beuschau', NULL, NULL, 'Danshøjvej 22', NULL, 'Valby', '2500', '27113408', NULL, NULL, NULL, NULL, '2016-05-25 18:54:32', '2016-05-25 18:54:32', 'e05d9287-448c-4fd6-85b7-06d519e55ef1'),
 ('64', 'Martin', 'Beuschau', '59', NULL, 'Danshøjvej 22', '', 'Valby', '2500', '31310006', '', '', '', NULL, '2016-05-25 19:59:51', '2016-05-25 19:59:51', '56ce7eb3-1448-4126-81f2-aa3d5edc47a7'),
 ('65', 'Martin', 'Beuschau', '59', NULL, 'Danshøjvej 22', '', 'Valby', '2500', '31310006', '', '', '', NULL, '2016-05-25 19:59:51', '2016-05-25 19:59:51', '26537a08-d914-4541-a4d2-54b7d4615710');



DROP TABLE IF EXISTS `craft_commerce_countries`;


--
-- Schema for table `craft_commerce_countries`
--
CREATE TABLE `craft_commerce_countries` (
  `id` int(11) NOT NULL AUTO_INCREMENT,
  `name` varchar(255) COLLATE utf8_unicode_ci NOT NULL,
  `iso` varchar(2) COLLATE utf8_unicode_ci NOT NULL,
  `stateRequired` tinyint(1) unsigned NOT NULL DEFAULT '0',
  `dateCreated` datetime NOT NULL,
  `dateUpdated` datetime NOT NULL,
  `uid` char(36) COLLATE utf8_unicode_ci NOT NULL DEFAULT '0',
  PRIMARY KEY (`id`),
  UNIQUE KEY `craft_commerce_countries_name_unq_idx` (`name`),
  UNIQUE KEY `craft_commerce_countries_iso_unq_idx` (`iso`)
) ENGINE=InnoDB AUTO_INCREMENT=250 DEFAULT CHARSET=utf8 COLLATE=utf8_unicode_ci;

--
-- Data for table `craft_commerce_countries`
--

INSERT INTO `craft_commerce_countries` (`id`, `name`, `iso`, `stateRequired`, `dateCreated`, `dateUpdated`, `uid`) VALUES
 ('1', 'Andorra', 'AD', '0', '2016-05-24 09:30:02', '2016-05-24 09:30:02', 'a092f314-6853-4d43-bd90-5223b1358771'),
 ('2', 'United Arab Emirates', 'AE', '0', '2016-05-24 09:30:02', '2016-05-24 09:30:02', '49879b55-99b5-4361-a6ce-ed4308f95ce8'),
 ('3', 'Afghanistan', 'AF', '0', '2016-05-24 09:30:02', '2016-05-24 09:30:02', '743bbffe-1012-405c-91d7-5f9e301f688c'),
 ('4', 'Antigua and Barbuda', 'AG', '0', '2016-05-24 09:30:02', '2016-05-24 09:30:02', 'ff3d9514-d9a7-47bf-a6a4-aafb0abe1b15'),
 ('5', 'Anguilla', 'AI', '0', '2016-05-24 09:30:02', '2016-05-24 09:30:02', 'f08a0987-bd77-473c-97f9-f52202712554'),
 ('6', 'Albania', 'AL', '0', '2016-05-24 09:30:02', '2016-05-24 09:30:02', '10a3d4e6-8704-4ca1-a567-df2e75fe9bc3'),
 ('7', 'Armenia', 'AM', '0', '2016-05-24 09:30:02', '2016-05-24 09:30:02', 'cb5bb5f3-53dc-44a1-b303-7a864c769496'),
 ('8', 'Angola', 'AO', '0', '2016-05-24 09:30:02', '2016-05-24 09:30:02', 'b2e236dc-89cd-4c41-a594-252b229841b0'),
 ('9', 'Antarctica', 'AQ', '0', '2016-05-24 09:30:02', '2016-05-24 09:30:02', '398d363a-6dc9-4627-8b48-5a554f5a2d63'),
 ('10', 'Argentina', 'AR', '0', '2016-05-24 09:30:02', '2016-05-24 09:30:02', 'c2322833-8d76-4924-9873-3190c5c2ce67'),
 ('11', 'American Samoa', 'AS', '0', '2016-05-24 09:30:02', '2016-05-24 09:30:02', 'fd8376ec-9d26-4075-a14d-83ec3900576d'),
 ('12', 'Austria', 'AT', '0', '2016-05-24 09:30:02', '2016-05-24 09:30:02', '046fb47b-755b-4df5-b96f-2112c9917e7f'),
 ('13', 'Australia', 'AU', '0', '2016-05-24 09:30:02', '2016-05-24 09:30:02', 'b14b5441-658a-44c8-9bdd-36185341ce66'),
 ('14', 'Aruba', 'AW', '0', '2016-05-24 09:30:02', '2016-05-24 09:30:02', 'd236dfb7-1868-48e7-b192-3e81535ff173'),
 ('15', 'Aland Islands', 'AX', '0', '2016-05-24 09:30:02', '2016-05-24 09:30:02', 'e652f9b7-284e-49b4-8f70-87b40790ff8e'),
 ('16', 'Azerbaijan', 'AZ', '0', '2016-05-24 09:30:02', '2016-05-24 09:30:02', '20ac2cdc-01c3-490d-a89f-d763cdbbb701'),
 ('17', 'Bosnia and Herzegovina', 'BA', '0', '2016-05-24 09:30:02', '2016-05-24 09:30:02', 'b2c0586e-cac7-4355-9a7a-83c0e33e9d90'),
 ('18', 'Barbados', 'BB', '0', '2016-05-24 09:30:02', '2016-05-24 09:30:02', 'ae388e32-bd38-43ba-bc94-d14c881972fd'),
 ('19', 'Bangladesh', 'BD', '0', '2016-05-24 09:30:02', '2016-05-24 09:30:02', '9fe4b908-cd9e-4c45-a0a1-281bbb6ba7c0'),
 ('20', 'Belgium', 'BE', '0', '2016-05-24 09:30:02', '2016-05-24 09:30:02', '817d1832-3109-4a91-a3bf-b426843cb59d'),
 ('21', 'Burkina Faso', 'BF', '0', '2016-05-24 09:30:02', '2016-05-24 09:30:02', '7757b9cc-3266-4169-ab3b-77d35b63188a'),
 ('22', 'Bulgaria', 'BG', '0', '2016-05-24 09:30:02', '2016-05-24 09:30:02', '6dfdd9ec-0b2b-4a8f-b136-d63f7331a3e8'),
 ('23', 'Bahrain', 'BH', '0', '2016-05-24 09:30:02', '2016-05-24 09:30:02', '326c94c4-4c9e-495b-9ff1-5750003a02ae'),
 ('24', 'Burundi', 'BI', '0', '2016-05-24 09:30:02', '2016-05-24 09:30:02', '2fd6fa7b-d957-4f91-9c5b-8bc4e85f0d0f'),
 ('25', 'Benin', 'BJ', '0', '2016-05-24 09:30:02', '2016-05-24 09:30:02', '17fdc593-5ef9-4981-8e7c-c969b60e9669'),
 ('26', 'Saint Barthelemy', 'BL', '0', '2016-05-24 09:30:02', '2016-05-24 09:30:02', '5befaff3-296e-4110-b40e-1524dd50fbad'),
 ('27', 'Bermuda', 'BM', '0', '2016-05-24 09:30:02', '2016-05-24 09:30:02', 'd9089451-e7e8-4821-b9e3-d0602260ae58'),
 ('28', 'Brunei Darussalam', 'BN', '0', '2016-05-24 09:30:02', '2016-05-24 09:30:02', 'e5627adb-d62e-44ab-b3a4-a9b24bc1cdaa'),
 ('29', 'Bolivia', 'BO', '0', '2016-05-24 09:30:02', '2016-05-24 09:30:02', 'b04a4051-5490-45f5-bb37-a346115ee5d1'),
 ('30', 'Bonaire, Sint Eustatius and Saba', 'BQ', '0', '2016-05-24 09:30:02', '2016-05-24 09:30:02', '6ad9608c-c10a-4790-8e16-362f0899e7d3'),
 ('31', 'Brazil', 'BR', '0', '2016-05-24 09:30:02', '2016-05-24 09:30:02', 'f40381dc-375b-4beb-b76e-7450cac23af0'),
 ('32', 'Bahamas', 'BS', '0', '2016-05-24 09:30:02', '2016-05-24 09:30:02', 'e6c67324-b010-495e-8f8a-95fce6a8b0aa'),
 ('33', 'Bhutan', 'BT', '0', '2016-05-24 09:30:02', '2016-05-24 09:30:02', '09a4ca27-3693-4745-baac-b9be4cb1546b'),
 ('34', 'Bouvet Island', 'BV', '0', '2016-05-24 09:30:02', '2016-05-24 09:30:02', 'b18a2d90-eca5-4ac9-9739-c563796eac9d'),
 ('35', 'Botswana', 'BW', '0', '2016-05-24 09:30:02', '2016-05-24 09:30:02', 'dbacc88e-0adf-458c-86d5-77ccff5df7c0'),
 ('36', 'Belarus', 'BY', '0', '2016-05-24 09:30:02', '2016-05-24 09:30:02', '263d4b17-9022-4c7e-be9e-a401eb35fd57'),
 ('37', 'Belize', 'BZ', '0', '2016-05-24 09:30:02', '2016-05-24 09:30:02', '675757c4-3af3-4def-aa7e-6c0371f918aa'),
 ('38', 'Canada', 'CA', '0', '2016-05-24 09:30:02', '2016-05-24 09:30:02', 'a41a1af4-8a25-456b-b5a2-b0b228255389'),
 ('39', 'Cocos (Keeling) Islands', 'CC', '0', '2016-05-24 09:30:02', '2016-05-24 09:30:02', 'ad2bd758-50b0-4467-baa5-ddfc0b3ec7eb'),
 ('40', 'Democratic Republic of Congo', 'CD', '0', '2016-05-24 09:30:02', '2016-05-24 09:30:02', '04bddc06-68b4-4676-bc21-b8877ed8752f'),
 ('41', 'Central African Republic', 'CF', '0', '2016-05-24 09:30:02', '2016-05-24 09:30:02', '0a413077-895c-498e-983c-91583624259a'),
 ('42', 'Congo', 'CG', '0', '2016-05-24 09:30:02', '2016-05-24 09:30:02', '7c490def-f043-42e4-96fe-9dd88e6ed9b3'),
 ('43', 'Switzerland', 'CH', '0', '2016-05-24 09:30:02', '2016-05-24 09:30:02', '9da76d70-afb9-40cd-a3b5-cc62c5495ab0'),
 ('44', 'Ivory Coast', 'CI', '0', '2016-05-24 09:30:02', '2016-05-24 09:30:02', '892358d2-df12-4495-aacd-ac3aaf1c52ed'),
 ('45', 'Cook Islands', 'CK', '0', '2016-05-24 09:30:02', '2016-05-24 09:30:02', '40e891b7-5ea8-4f7f-8df0-6f0ff8b6b6b0'),
 ('46', 'Chile', 'CL', '0', '2016-05-24 09:30:02', '2016-05-24 09:30:02', 'e6e386e7-d620-45c4-9660-11d7e247afeb'),
 ('47', 'Cameroon', 'CM', '0', '2016-05-24 09:30:02', '2016-05-24 09:30:02', '16e02bf8-3108-43f6-a240-bf23bc91ba06'),
 ('48', 'China', 'CN', '0', '2016-05-24 09:30:02', '2016-05-24 09:30:02', 'b82486b6-47b3-49c9-ad11-06658b44f09f'),
 ('49', 'Colombia', 'CO', '0', '2016-05-24 09:30:02', '2016-05-24 09:30:02', '17e49143-ee47-485e-a56c-af26a1edb832'),
 ('50', 'Costa Rica', 'CR', '0', '2016-05-24 09:30:02', '2016-05-24 09:30:02', 'cc00309b-4843-42bf-ae7d-7e8e2383b690'),
 ('51', 'Cuba', 'CU', '0', '2016-05-24 09:30:02', '2016-05-24 09:30:02', '4b4baca2-9a54-47d3-abd4-9300919faae9'),
 ('52', 'Cape Verde', 'CV', '0', '2016-05-24 09:30:02', '2016-05-24 09:30:02', '8a06fe60-475c-4d69-819a-b26925c21fe1'),
 ('53', 'Curacao', 'CW', '0', '2016-05-24 09:30:02', '2016-05-24 09:30:02', '297c2549-c6ea-42c4-a779-7b1c98e75e7b'),
 ('54', 'Christmas Island', 'CX', '0', '2016-05-24 09:30:02', '2016-05-24 09:30:02', 'f78bf8f6-e4f0-47dc-a09e-6e613f2645a1'),
 ('55', 'Cyprus', 'CY', '0', '2016-05-24 09:30:02', '2016-05-24 09:30:02', '669b00ca-3b36-47cc-94d2-d7fbeb4d7e8a'),
 ('56', 'Czech Republic', 'CZ', '0', '2016-05-24 09:30:02', '2016-05-24 09:30:02', '4b8bc18c-2e89-4aa5-b8a3-98a71f96a33f'),
 ('57', 'Germany', 'DE', '0', '2016-05-24 09:30:02', '2016-05-24 09:30:02', 'd9d408ea-d3a4-4dd6-b44c-c613e1d04d24'),
 ('58', 'Djibouti', 'DJ', '0', '2016-05-24 09:30:02', '2016-05-24 09:30:02', 'f3a6a773-8822-4e53-be19-55e96f275c0e'),
 ('59', 'Denmark', 'DK', '0', '2016-05-24 09:30:02', '2016-05-24 09:30:02', 'bdfd7259-fa7f-4da6-abd1-0fdb4510d4d9'),
 ('60', 'Dominica', 'DM', '0', '2016-05-24 09:30:02', '2016-05-24 09:30:02', 'e9806ca5-acd3-459a-9ed8-8cc100236836'),
 ('61', 'Dominican Republic', 'DO', '0', '2016-05-24 09:30:02', '2016-05-24 09:30:02', 'a4c0db1c-d441-437f-a9b6-38335f665cb4'),
 ('62', 'Algeria', 'DZ', '0', '2016-05-24 09:30:02', '2016-05-24 09:30:02', 'ad9d8e85-9aff-4900-856a-1fb878d8bafc'),
 ('63', 'Ecuador', 'EC', '0', '2016-05-24 09:30:02', '2016-05-24 09:30:02', 'ed22d736-376e-417a-baab-b0cd51fe9a73'),
 ('64', 'Estonia', 'EE', '0', '2016-05-24 09:30:02', '2016-05-24 09:30:02', '1e3c24f9-97a7-495c-bd64-081a13a3c12e'),
 ('65', 'Egypt', 'EG', '0', '2016-05-24 09:30:02', '2016-05-24 09:30:02', 'dc51713a-e936-43e4-9ce6-ca8db9eb9e4b'),
 ('66', 'Western Sahara', 'EH', '0', '2016-05-24 09:30:02', '2016-05-24 09:30:02', '47fdb3c7-cf70-44b8-8aa8-213a0baf4bb8'),
 ('67', 'Eritrea', 'ER', '0', '2016-05-24 09:30:02', '2016-05-24 09:30:02', '48e19526-faf3-4621-944c-75024410aae6'),
 ('68', 'Spain', 'ES', '0', '2016-05-24 09:30:02', '2016-05-24 09:30:02', 'be9a45b2-2fac-442d-9dfe-85fa05d64cea'),
 ('69', 'Ethiopia', 'ET', '0', '2016-05-24 09:30:02', '2016-05-24 09:30:02', '7fe32d03-4633-489a-8a7d-e27d18a8212f'),
 ('70', 'Finland', 'FI', '0', '2016-05-24 09:30:02', '2016-05-24 09:30:02', 'b984fb8e-146b-44ad-b362-7c26c3cc9b30'),
 ('71', 'Fiji', 'FJ', '0', '2016-05-24 09:30:02', '2016-05-24 09:30:02', '0349a057-50f9-4b33-9f71-d59b26d1e364'),
 ('72', 'Falkland Islands (Malvinas)', 'FK', '0', '2016-05-24 09:30:02', '2016-05-24 09:30:02', '6f134d39-912f-4dee-9b6e-a87cfeb6b675'),
 ('73', 'Micronesia', 'FM', '0', '2016-05-24 09:30:02', '2016-05-24 09:30:02', 'b93266b0-0f44-419a-a65d-599bea36fc4e'),
 ('74', 'Faroe Islands', 'FO', '0', '2016-05-24 09:30:02', '2016-05-24 09:30:02', '15a8c7b7-6972-4b9e-9b99-1d2688ffc9ef'),
 ('75', 'France', 'FR', '0', '2016-05-24 09:30:02', '2016-05-24 09:30:02', 'f5d5e264-6f4b-4b4f-9aec-0995533320c0'),
 ('76', 'Gabon', 'GA', '0', '2016-05-24 09:30:02', '2016-05-24 09:30:02', 'de37f133-2823-4da1-8e56-7d177f28ab9a'),
 ('77', 'United Kingdom', 'GB', '0', '2016-05-24 09:30:02', '2016-05-24 09:30:02', '87d0cd89-cadd-481a-b6d0-bf706a79b318'),
 ('78', 'Grenada', 'GD', '0', '2016-05-24 09:30:02', '2016-05-24 09:30:02', 'd0ae111f-6c48-4812-8f2a-526ed3608739'),
 ('79', 'Georgia', 'GE', '0', '2016-05-24 09:30:02', '2016-05-24 09:30:02', '38a9b2ae-8298-41a2-90c0-e3ca2021fcea'),
 ('80', 'French Guiana', 'GF', '0', '2016-05-24 09:30:02', '2016-05-24 09:30:02', '54c2c8e8-4be2-4e8f-9021-6d7f06fa2219'),
 ('81', 'Guernsey', 'GG', '0', '2016-05-24 09:30:02', '2016-05-24 09:30:02', '36e66e86-7444-4583-ba90-c072eead53b9'),
 ('82', 'Ghana', 'GH', '0', '2016-05-24 09:30:02', '2016-05-24 09:30:02', '9c2cc00e-912f-4fef-8f0b-51f92a2b0259'),
 ('83', 'Gibraltar', 'GI', '0', '2016-05-24 09:30:02', '2016-05-24 09:30:02', '63a910fb-0f00-471b-b3e1-b51c66043870'),
 ('84', 'Greenland', 'GL', '0', '2016-05-24 09:30:02', '2016-05-24 09:30:02', '40873abf-3ba2-40ad-81bb-c7f24a02ff23'),
 ('85', 'Gambia', 'GM', '0', '2016-05-24 09:30:02', '2016-05-24 09:30:02', '6c9d7669-4c44-4ae5-b636-c06333c710ba'),
 ('86', 'Guinea', 'GN', '0', '2016-05-24 09:30:02', '2016-05-24 09:30:02', '0c002492-d331-4e4c-b107-bd1766613915'),
 ('87', 'Guadeloupe', 'GP', '0', '2016-05-24 09:30:02', '2016-05-24 09:30:02', 'dac92207-f79a-4940-baeb-d0bdc0506e46'),
 ('88', 'Equatorial Guinea', 'GQ', '0', '2016-05-24 09:30:02', '2016-05-24 09:30:02', '05585bcb-a0f0-4ed7-b5ee-dc8676b62596'),
 ('89', 'Greece', 'GR', '0', '2016-05-24 09:30:02', '2016-05-24 09:30:02', '8ad3bb02-465b-472d-ac24-b798dfe3011c'),
 ('90', 'S. Georgia and S. Sandwich Isls.', 'GS', '0', '2016-05-24 09:30:02', '2016-05-24 09:30:02', '77d1ce43-719a-41df-bd63-9793f9f91ed7'),
 ('91', 'Guatemala', 'GT', '0', '2016-05-24 09:30:02', '2016-05-24 09:30:02', '94158089-ea62-4703-856c-57860c3dbad7'),
 ('92', 'Guam', 'GU', '0', '2016-05-24 09:30:02', '2016-05-24 09:30:02', '469cf6ee-622a-4d76-94c2-6f1e5f7f8671'),
 ('93', 'Guinea-Bissau', 'GW', '0', '2016-05-24 09:30:02', '2016-05-24 09:30:02', '13111437-b0be-42c1-9aef-3832058a2dfe'),
 ('94', 'Guyana', 'GY', '0', '2016-05-24 09:30:02', '2016-05-24 09:30:02', 'ca2a500a-ae63-49a2-bbb7-fd68a1c3f5bd'),
 ('95', 'Hong Kong', 'HK', '0', '2016-05-24 09:30:02', '2016-05-24 09:30:02', '014271fa-d076-4371-89d4-75232b2d1b19'),
 ('96', 'Heard and McDonald Islands', 'HM', '0', '2016-05-24 09:30:02', '2016-05-24 09:30:02', 'c4b600b9-3c43-4b2f-b9e6-c57141593f9a'),
 ('97', 'Honduras', 'HN', '0', '2016-05-24 09:30:02', '2016-05-24 09:30:02', '53423f28-bbee-4c11-8b63-38dfda254f36'),
 ('98', 'Croatia (Hrvatska)', 'HR', '0', '2016-05-24 09:30:02', '2016-05-24 09:30:02', '1b3e0364-40ae-4d9c-a9c2-327f80bd8bd2'),
 ('99', 'Haiti', 'HT', '0', '2016-05-24 09:30:02', '2016-05-24 09:30:02', 'e6a78a28-fe84-49ca-bfa9-45fb4196bdc9'),
 ('100', 'Hungary', 'HU', '0', '2016-05-24 09:30:02', '2016-05-24 09:30:02', 'e7f66aac-6131-4794-b808-4c59e90e3e9d');
INSERT INTO `craft_commerce_countries` (`id`, `name`, `iso`, `stateRequired`, `dateCreated`, `dateUpdated`, `uid`) VALUES
 ('101', 'Indonesia', 'ID', '0', '2016-05-24 09:30:02', '2016-05-24 09:30:02', '79b7a3c5-383f-42cd-8320-fbc7443de57b'),
 ('102', 'Ireland', 'IE', '0', '2016-05-24 09:30:02', '2016-05-24 09:30:02', '21aa8e91-cbe7-47e3-a642-b45925e9e9b5'),
 ('103', 'Israel', 'IL', '0', '2016-05-24 09:30:02', '2016-05-24 09:30:02', '678d7114-07fb-4049-a526-55b0d27883fc'),
 ('104', 'Isle Of Man', 'IM', '0', '2016-05-24 09:30:02', '2016-05-24 09:30:02', '24a788d1-1756-450b-a876-cbde09dfb9f9'),
 ('105', 'India', 'IN', '0', '2016-05-24 09:30:02', '2016-05-24 09:30:02', 'e038fc5f-458f-4459-96f2-4b1cba3e8888'),
 ('106', 'British Indian Ocean Territory', 'IO', '0', '2016-05-24 09:30:02', '2016-05-24 09:30:02', 'b79063cc-d4b0-4fb1-afa8-d3610c225b33'),
 ('107', 'Iraq', 'IQ', '0', '2016-05-24 09:30:02', '2016-05-24 09:30:02', '79765da3-90b2-4b60-a3eb-64c8077c4d99'),
 ('108', 'Iran', 'IR', '0', '2016-05-24 09:30:02', '2016-05-24 09:30:02', 'bbd30d04-0309-4312-92e6-e841af4f2d92'),
 ('109', 'Iceland', 'IS', '0', '2016-05-24 09:30:02', '2016-05-24 09:30:02', 'f246e82d-b452-4b37-a77b-3124bcda815a'),
 ('110', 'Italy', 'IT', '0', '2016-05-24 09:30:02', '2016-05-24 09:30:02', '7084c07e-e77b-4472-aee9-559ff1f31900'),
 ('111', 'Jersey', 'JE', '0', '2016-05-24 09:30:02', '2016-05-24 09:30:02', 'b2393fa1-d37d-4363-b6fc-1f6c63ff6529'),
 ('112', 'Jamaica', 'JM', '0', '2016-05-24 09:30:02', '2016-05-24 09:30:02', 'abd698f3-1132-4931-b4a0-427ca25ab6a1'),
 ('113', 'Jordan', 'JO', '0', '2016-05-24 09:30:02', '2016-05-24 09:30:02', '014c6c0b-de9e-4bef-ba64-246279d9ba33'),
 ('114', 'Japan', 'JP', '0', '2016-05-24 09:30:02', '2016-05-24 09:30:02', '315345c4-2f84-4c22-be60-3d359b145e38'),
 ('115', 'Kenya', 'KE', '0', '2016-05-24 09:30:02', '2016-05-24 09:30:02', 'ec9a84fb-18fd-4e51-8280-cf1abd4a6191'),
 ('116', 'Kyrgyzstan', 'KG', '0', '2016-05-24 09:30:02', '2016-05-24 09:30:02', 'c801922a-49fa-4cea-8228-0e5eb0c5053b'),
 ('117', 'Cambodia', 'KH', '0', '2016-05-24 09:30:02', '2016-05-24 09:30:02', '8cae003b-093c-4bb3-8c64-af27dfa8c456'),
 ('118', 'Kiribati', 'KI', '0', '2016-05-24 09:30:02', '2016-05-24 09:30:02', '3f4e5df9-4843-4ccf-b516-5ef065927af9'),
 ('119', 'Comoros', 'KM', '0', '2016-05-24 09:30:02', '2016-05-24 09:30:02', 'a8e42f54-1e16-48c0-ae86-276cad0c4e55'),
 ('120', 'Saint Kitts and Nevis', 'KN', '0', '2016-05-24 09:30:02', '2016-05-24 09:30:02', '619137e2-a2eb-456c-8474-b9a6ac7f9fee'),
 ('121', 'Korea (North)', 'KP', '0', '2016-05-24 09:30:02', '2016-05-24 09:30:02', '672fc302-f5e6-4c03-b2c3-0b2a2ef4535c'),
 ('122', 'Korea (South)', 'KR', '0', '2016-05-24 09:30:02', '2016-05-24 09:30:02', '4db288e5-34ef-47ac-93b6-c3c2528c6c15'),
 ('123', 'Kuwait', 'KW', '0', '2016-05-24 09:30:02', '2016-05-24 09:30:02', '2d67487c-19e9-4999-98dc-8f5c65341cee'),
 ('124', 'Cayman Islands', 'KY', '0', '2016-05-24 09:30:02', '2016-05-24 09:30:02', 'bbdf0535-8880-4601-be96-a212a513ed5b'),
 ('125', 'Kazakhstan', 'KZ', '0', '2016-05-24 09:30:02', '2016-05-24 09:30:02', '544a454f-7d97-4135-9d37-26cdd7f7ac84'),
 ('126', 'Laos', 'LA', '0', '2016-05-24 09:30:02', '2016-05-24 09:30:02', 'f94c50c4-f0b5-4fda-bf14-8f90c965986c'),
 ('127', 'Lebanon', 'LB', '0', '2016-05-24 09:30:02', '2016-05-24 09:30:02', '6cf30747-62c0-4dab-92b3-2137690dbf9c'),
 ('128', 'Saint Lucia', 'LC', '0', '2016-05-24 09:30:02', '2016-05-24 09:30:02', 'a3698cde-cce5-4ff8-8a0b-88cb6bbb2587'),
 ('129', 'Liechtenstein', 'LI', '0', '2016-05-24 09:30:02', '2016-05-24 09:30:02', 'f2ee2efb-0c6d-4a8b-b647-2b66d6546bcd'),
 ('130', 'Sri Lanka', 'LK', '0', '2016-05-24 09:30:02', '2016-05-24 09:30:02', '1098b2cd-c720-4f6d-99d4-a5ee1b37526d'),
 ('131', 'Liberia', 'LR', '0', '2016-05-24 09:30:02', '2016-05-24 09:30:02', '249283e4-ed01-459e-bf57-c2736e9f5f78'),
 ('132', 'Lesotho', 'LS', '0', '2016-05-24 09:30:02', '2016-05-24 09:30:02', '167aa072-1d6b-4de0-8ef4-a85d09da9516'),
 ('133', 'Lithuania', 'LT', '0', '2016-05-24 09:30:02', '2016-05-24 09:30:02', '7c0c16bf-d802-42cc-aeee-c23223a1eb62'),
 ('134', 'Luxembourg', 'LU', '0', '2016-05-24 09:30:02', '2016-05-24 09:30:02', 'c5daf0df-dc66-45d8-a3ac-8cbae74ed1d0'),
 ('135', 'Latvia', 'LV', '0', '2016-05-24 09:30:02', '2016-05-24 09:30:02', '7ace9b35-738a-40ab-a7d2-90cc02732f89'),
 ('136', 'Libya', 'LY', '0', '2016-05-24 09:30:02', '2016-05-24 09:30:02', 'fb1b08f6-5960-4536-bdf6-9a52994a5311'),
 ('137', 'Morocco', 'MA', '0', '2016-05-24 09:30:02', '2016-05-24 09:30:02', '7bb6c9db-e194-4b05-aac5-1d220ea31591'),
 ('138', 'Monaco', 'MC', '0', '2016-05-24 09:30:02', '2016-05-24 09:30:02', '7ff7d613-c0c5-45ca-b9a5-5475dcf13383'),
 ('139', 'Moldova', 'MD', '0', '2016-05-24 09:30:02', '2016-05-24 09:30:02', '1994591e-b588-407b-8139-8e4ca792e8d2'),
 ('140', 'Montenegro', 'ME', '0', '2016-05-24 09:30:02', '2016-05-24 09:30:02', '73c8bdf0-9f3e-4137-aa8c-398f6a5ca2fc'),
 ('141', 'Saint Martin (French part)', 'MF', '0', '2016-05-24 09:30:02', '2016-05-24 09:30:02', 'a0f5b6d8-f37f-45b5-9281-522fb32bca46'),
 ('142', 'Madagascar', 'MG', '0', '2016-05-24 09:30:02', '2016-05-24 09:30:02', '3302804d-f19f-443b-8469-85071ad2fb44'),
 ('143', 'Marshall Islands', 'MH', '0', '2016-05-24 09:30:02', '2016-05-24 09:30:02', 'f6dd920c-b72f-4b79-a8de-0462922c1088'),
 ('144', 'Macedonia', 'MK', '0', '2016-05-24 09:30:02', '2016-05-24 09:30:02', '68701651-f5b0-4fed-91e5-a4a5fc3b6038'),
 ('145', 'Mali', 'ML', '0', '2016-05-24 09:30:02', '2016-05-24 09:30:02', '832f21da-4eae-423d-8238-e8b504ecdff6'),
 ('146', 'Burma (Myanmar)', 'MM', '0', '2016-05-24 09:30:02', '2016-05-24 09:30:02', '75309bad-e8d2-4f46-af7e-278f34ab9761'),
 ('147', 'Mongolia', 'MN', '0', '2016-05-24 09:30:02', '2016-05-24 09:30:02', '3124ff5a-a847-45b8-bd9b-423de0317007'),
 ('148', 'Macau', 'MO', '0', '2016-05-24 09:30:02', '2016-05-24 09:30:02', 'a65cbbac-b60b-415a-9ad6-53d857778935'),
 ('149', 'Northern Mariana Islands', 'MP', '0', '2016-05-24 09:30:02', '2016-05-24 09:30:02', '1bcdc08c-0b52-401a-94e3-6c53c8c01396'),
 ('150', 'Martinique', 'MQ', '0', '2016-05-24 09:30:02', '2016-05-24 09:30:02', '9e050e85-e6dd-41ff-957e-4e9637eaed83'),
 ('151', 'Mauritania', 'MR', '0', '2016-05-24 09:30:02', '2016-05-24 09:30:02', 'fb92654f-08e7-495a-a874-976f504b6fbe'),
 ('152', 'Montserrat', 'MS', '0', '2016-05-24 09:30:02', '2016-05-24 09:30:02', '36d1a2bb-0bd0-43ac-8f16-5c824103667a'),
 ('153', 'Malta', 'MT', '0', '2016-05-24 09:30:02', '2016-05-24 09:30:02', 'e18c3643-4371-47ce-892e-a92d78433454'),
 ('154', 'Mauritius', 'MU', '0', '2016-05-24 09:30:02', '2016-05-24 09:30:02', '17c21c33-03e2-4018-a047-4481f9e261f9'),
 ('155', 'Maldives', 'MV', '0', '2016-05-24 09:30:02', '2016-05-24 09:30:02', 'bb72d609-154f-4d7f-9ebf-ecbb999ab21f'),
 ('156', 'Malawi', 'MW', '0', '2016-05-24 09:30:02', '2016-05-24 09:30:02', '6ed8ec79-bc0b-46b7-9118-093bf0acb91e'),
 ('157', 'Mexico', 'MX', '0', '2016-05-24 09:30:02', '2016-05-24 09:30:02', 'b26a8a47-4ec6-4f4a-8d30-2d72318a43ab'),
 ('158', 'Malaysia', 'MY', '0', '2016-05-24 09:30:02', '2016-05-24 09:30:02', '552386ba-d1d5-4c3e-b372-8235e7d51b27'),
 ('159', 'Mozambique', 'MZ', '0', '2016-05-24 09:30:02', '2016-05-24 09:30:02', '186d210c-4354-4a45-9416-70f5241e7c6f'),
 ('160', 'Namibia', 'NA', '0', '2016-05-24 09:30:02', '2016-05-24 09:30:02', '735d4c52-5490-48e3-9e48-f4d53b612c9e'),
 ('161', 'New Caledonia', 'NC', '0', '2016-05-24 09:30:02', '2016-05-24 09:30:02', 'c1410608-6b60-4273-967d-d13e5802a8db'),
 ('162', 'Niger', 'NE', '0', '2016-05-24 09:30:02', '2016-05-24 09:30:02', 'f642790d-b2d7-49bf-b005-6f2de946bc2a'),
 ('163', 'Norfolk Island', 'NF', '0', '2016-05-24 09:30:02', '2016-05-24 09:30:02', 'a2949f53-edc1-40be-9bb1-f760a11a8742'),
 ('164', 'Nigeria', 'NG', '0', '2016-05-24 09:30:02', '2016-05-24 09:30:02', '93f657c8-786d-4d7d-a0ca-ae1380db9d12'),
 ('165', 'Nicaragua', 'NI', '0', '2016-05-24 09:30:02', '2016-05-24 09:30:02', '65f7f797-0903-4511-8240-35f17e383e5c'),
 ('166', 'Netherlands', 'NL', '0', '2016-05-24 09:30:02', '2016-05-24 09:30:02', 'a35c549b-c68e-4cae-b098-5c60b67de66c'),
 ('167', 'Norway', 'NO', '0', '2016-05-24 09:30:02', '2016-05-24 09:30:02', 'c2557bb3-53db-46b4-9b75-deeda378ff1f'),
 ('168', 'Nepal', 'NP', '0', '2016-05-24 09:30:02', '2016-05-24 09:30:02', 'f66960f2-b036-4830-9a83-4e08917282a0'),
 ('169', 'Nauru', 'NR', '0', '2016-05-24 09:30:02', '2016-05-24 09:30:02', '8508188d-613c-4c1e-a82c-934ae1e3c90a'),
 ('170', 'Niue', 'NU', '0', '2016-05-24 09:30:02', '2016-05-24 09:30:02', '8bb6eb9b-66e1-42f0-babc-89205c1cfb6c'),
 ('171', 'New Zealand', 'NZ', '0', '2016-05-24 09:30:02', '2016-05-24 09:30:02', 'a10370ca-4db5-4b3c-bfdc-a0d5067b278f'),
 ('172', 'Oman', 'OM', '0', '2016-05-24 09:30:02', '2016-05-24 09:30:02', '84411b02-ced4-4164-a740-2891adbba127'),
 ('173', 'Panama', 'PA', '0', '2016-05-24 09:30:02', '2016-05-24 09:30:02', '9c33ff73-ea9a-4b14-9bc8-4a02ea7cb881'),
 ('174', 'Peru', 'PE', '0', '2016-05-24 09:30:02', '2016-05-24 09:30:02', '33b59a84-ca18-4c0f-ae59-9361482802b7'),
 ('175', 'French Polynesia', 'PF', '0', '2016-05-24 09:30:02', '2016-05-24 09:30:02', '17313240-db45-4ee4-ae57-8691c13d95af'),
 ('176', 'Papua New Guinea', 'PG', '0', '2016-05-24 09:30:02', '2016-05-24 09:30:02', '4eed3b37-fcd9-4b1b-af89-34d08c9fccc0'),
 ('177', 'Philippines', 'PH', '0', '2016-05-24 09:30:02', '2016-05-24 09:30:02', '45f0d97b-89bd-498d-9b8f-caeb56d007a6'),
 ('178', 'Pakistan', 'PK', '0', '2016-05-24 09:30:02', '2016-05-24 09:30:02', 'bd509973-1a0c-417d-a6c9-cd99357c6987'),
 ('179', 'Poland', 'PL', '0', '2016-05-24 09:30:02', '2016-05-24 09:30:02', '20a5faaf-b372-4ee9-9e5e-babe03e7f793'),
 ('180', 'St. Pierre and Miquelon', 'PM', '0', '2016-05-24 09:30:02', '2016-05-24 09:30:02', 'ac444aae-68fb-42ab-8b1d-a01777049823'),
 ('181', 'Pitcairn', 'PN', '0', '2016-05-24 09:30:02', '2016-05-24 09:30:02', 'b4d38534-f3b5-4dae-add9-754790c8dc21'),
 ('182', 'Puerto Rico', 'PR', '0', '2016-05-24 09:30:02', '2016-05-24 09:30:02', 'eecd5e2d-4985-4170-8ddc-2efe0a6c5830'),
 ('183', 'Palestinian Territory, Occupied', 'PS', '0', '2016-05-24 09:30:02', '2016-05-24 09:30:02', 'a9b80c4b-1696-4d32-9dcb-7782f1d74e6e'),
 ('184', 'Portugal', 'PT', '0', '2016-05-24 09:30:02', '2016-05-24 09:30:02', '8b3e1480-7c0a-492a-8b40-520c9c0d8669'),
 ('185', 'Palau', 'PW', '0', '2016-05-24 09:30:02', '2016-05-24 09:30:02', '4da7ef8c-3301-488f-8893-50f67dc713b3'),
 ('186', 'Paraguay', 'PY', '0', '2016-05-24 09:30:02', '2016-05-24 09:30:02', '0a6f9037-5c61-4838-856f-cc70e6e5a563'),
 ('187', 'Qatar', 'QA', '0', '2016-05-24 09:30:02', '2016-05-24 09:30:02', '923b0182-b0d0-4e86-bbcd-037d9bbcd631'),
 ('188', 'Reunion', 'RE', '0', '2016-05-24 09:30:02', '2016-05-24 09:30:02', 'a3e65bab-5112-4307-a505-0a4eafa9d2d0'),
 ('189', 'Romania', 'RO', '0', '2016-05-24 09:30:02', '2016-05-24 09:30:02', 'ba791e37-090b-4afa-92dc-dd4f6c93b1c0'),
 ('190', 'Republic of Serbia', 'RS', '0', '2016-05-24 09:30:02', '2016-05-24 09:30:02', '685cf5e4-2b9f-4fec-ac7f-3249b5f91655'),
 ('191', 'Russia', 'RU', '0', '2016-05-24 09:30:02', '2016-05-24 09:30:02', '7797c379-dc3b-4007-99af-9488fa155bd9'),
 ('192', 'Rwanda', 'RW', '0', '2016-05-24 09:30:02', '2016-05-24 09:30:02', '3761fad9-7467-4c1f-ba66-1eb1c7554464'),
 ('193', 'Saudi Arabia', 'SA', '0', '2016-05-24 09:30:02', '2016-05-24 09:30:02', '3748dff3-6f93-4103-9b86-e4196c6fc26c'),
 ('194', 'Solomon Islands', 'SB', '0', '2016-05-24 09:30:02', '2016-05-24 09:30:02', '49a48aec-d46a-47d9-934c-6f2ee11a9479'),
 ('195', 'Seychelles', 'SC', '0', '2016-05-24 09:30:02', '2016-05-24 09:30:02', 'efb6bb0a-a506-438e-aea7-604e542c83a0'),
 ('196', 'Sudan', 'SD', '0', '2016-05-24 09:30:02', '2016-05-24 09:30:02', '2d026384-113f-440c-a64e-7e6b5c7e9c29'),
 ('197', 'Sweden', 'SE', '0', '2016-05-24 09:30:02', '2016-05-24 09:30:02', '8b30751a-5ae4-4ac6-b895-695fef35cfef'),
 ('198', 'Singapore', 'SG', '0', '2016-05-24 09:30:02', '2016-05-24 09:30:02', 'b20887fb-aa2e-4d16-b52b-2d8e054d73fd'),
 ('199', 'St. Helena', 'SH', '0', '2016-05-24 09:30:02', '2016-05-24 09:30:02', '6c9d907e-783d-4fab-ac6b-b559421f52a1'),
 ('200', 'Slovenia', 'SI', '0', '2016-05-24 09:30:02', '2016-05-24 09:30:02', 'c309421d-e56d-4686-8e02-842415674352');
INSERT INTO `craft_commerce_countries` (`id`, `name`, `iso`, `stateRequired`, `dateCreated`, `dateUpdated`, `uid`) VALUES
 ('201', 'Svalbard and Jan Mayen Islands', 'SJ', '0', '2016-05-24 09:30:02', '2016-05-24 09:30:02', 'c8489094-1c73-4a2f-9faa-8f997b67db44'),
 ('202', 'Slovak Republic', 'SK', '0', '2016-05-24 09:30:02', '2016-05-24 09:30:02', '7fa75829-f806-4968-9f88-22707454581f'),
 ('203', 'Sierra Leone', 'SL', '0', '2016-05-24 09:30:02', '2016-05-24 09:30:02', '080badc2-a421-4f7f-897d-777567f99424'),
 ('204', 'San Marino', 'SM', '0', '2016-05-24 09:30:02', '2016-05-24 09:30:02', '25f846fd-759c-47c6-b6d9-3f2f24d22844'),
 ('205', 'Senegal', 'SN', '0', '2016-05-24 09:30:02', '2016-05-24 09:30:02', '4903b9fb-35ae-4474-863c-225fd03a4f2e'),
 ('206', 'Somalia', 'SO', '0', '2016-05-24 09:30:02', '2016-05-24 09:30:02', 'a5c2745f-4f2d-4280-a889-693ebc8c9045'),
 ('207', 'Suriname', 'SR', '0', '2016-05-24 09:30:02', '2016-05-24 09:30:02', '231ea905-fadf-4a06-afbe-b3ed3a7ac31f'),
 ('208', 'South Sudan', 'SS', '0', '2016-05-24 09:30:02', '2016-05-24 09:30:02', '12b618f6-4e06-47aa-b054-03c284006c92'),
 ('209', 'Sao Tome and Principe', 'ST', '0', '2016-05-24 09:30:02', '2016-05-24 09:30:02', '62a80749-e3c5-4d9b-8ce0-dbc667f67650'),
 ('210', 'El Salvador', 'SV', '0', '2016-05-24 09:30:02', '2016-05-24 09:30:02', '964a976d-f398-4528-a1da-7ea9041dc3a3'),
 ('211', 'Sint Maarten (Dutch part)', 'SX', '0', '2016-05-24 09:30:02', '2016-05-24 09:30:02', 'fdafcbe0-fde0-4cd7-887b-750eb87e3ed3'),
 ('212', 'Syria', 'SY', '0', '2016-05-24 09:30:02', '2016-05-24 09:30:02', 'd71f60cc-f2b1-4b7c-abbd-9a35ee3efa3c'),
 ('213', 'Swaziland', 'SZ', '0', '2016-05-24 09:30:02', '2016-05-24 09:30:02', 'dd048af8-f5c9-498f-badb-0ddab59c13e9'),
 ('214', 'Turks and Caicos Islands', 'TC', '0', '2016-05-24 09:30:02', '2016-05-24 09:30:02', '72566c06-e4db-4e87-99a4-57eb2965326a'),
 ('215', 'Chad', 'TD', '0', '2016-05-24 09:30:02', '2016-05-24 09:30:02', '0df64d5d-fa76-4bee-9b01-c9298360747a'),
 ('216', 'French Southern Territories', 'TF', '0', '2016-05-24 09:30:02', '2016-05-24 09:30:02', 'd62c425d-534c-4ad8-9147-f34f5bff19f2'),
 ('217', 'Togo', 'TG', '0', '2016-05-24 09:30:02', '2016-05-24 09:30:02', '067c96db-8e18-487c-aa30-01006d6d06a1'),
 ('218', 'Thailand', 'TH', '0', '2016-05-24 09:30:02', '2016-05-24 09:30:02', 'b13116f5-d26a-4f3b-8519-7a08dacb4496'),
 ('219', 'Tajikistan', 'TJ', '0', '2016-05-24 09:30:02', '2016-05-24 09:30:02', 'ce110407-2870-4bdd-9732-5bc97bedb351'),
 ('220', 'Tokelau', 'TK', '0', '2016-05-24 09:30:02', '2016-05-24 09:30:02', '03bd259d-6abf-44a7-b3ca-e623ffef7aad'),
 ('221', 'Timor-Leste', 'TL', '0', '2016-05-24 09:30:02', '2016-05-24 09:30:02', 'f20b5f36-6396-4bb5-bd32-e9d87595a972'),
 ('222', 'Turkmenistan', 'TM', '0', '2016-05-24 09:30:02', '2016-05-24 09:30:02', '8a8d5615-7529-45df-a0a2-5830d115651c'),
 ('223', 'Tunisia', 'TN', '0', '2016-05-24 09:30:02', '2016-05-24 09:30:02', '8be3ec15-53a6-4430-b5cc-0e29c9122bb0'),
 ('224', 'Tonga', 'TO', '0', '2016-05-24 09:30:02', '2016-05-24 09:30:02', '1cf19153-dc4c-49c6-ac6f-b66bfb0a0cb1'),
 ('225', 'Turkey', 'TR', '0', '2016-05-24 09:30:02', '2016-05-24 09:30:02', '31b4addf-8edc-477c-8407-52bc96ff4f55'),
 ('226', 'Trinidad and Tobago', 'TT', '0', '2016-05-24 09:30:02', '2016-05-24 09:30:02', '8f83cc58-7eef-42e6-8831-a45e2184155c'),
 ('227', 'Tuvalu', 'TV', '0', '2016-05-24 09:30:02', '2016-05-24 09:30:02', 'a3a3afdd-f677-4945-8815-c74d441171cc'),
 ('228', 'Taiwan', 'TW', '0', '2016-05-24 09:30:02', '2016-05-24 09:30:02', '92227937-4da2-4289-8d60-fe6e1e6d6abe'),
 ('229', 'Tanzania', 'TZ', '0', '2016-05-24 09:30:02', '2016-05-24 09:30:02', '01e009b1-e1f3-4940-afa2-b15753ce6b7f'),
 ('230', 'Ukraine', 'UA', '0', '2016-05-24 09:30:02', '2016-05-24 09:30:02', 'f7b8109a-cd75-4163-9bfc-a614ced1dfb3'),
 ('231', 'Uganda', 'UG', '0', '2016-05-24 09:30:02', '2016-05-24 09:30:02', '5e475a7f-c62a-4a44-aa18-4dffc8a9e969'),
 ('232', 'United States Minor Outlying Islands', 'UM', '0', '2016-05-24 09:30:02', '2016-05-24 09:30:02', 'aa79a9e5-6238-49b5-be3e-3596690bd762'),
 ('233', 'United States', 'US', '0', '2016-05-24 09:30:02', '2016-05-24 09:30:02', 'f87bddad-cdca-4616-bc55-c5447ac75dde'),
 ('234', 'Uruguay', 'UY', '0', '2016-05-24 09:30:02', '2016-05-24 09:30:02', '949565e6-6510-4661-9aeb-9f989291dc28'),
 ('235', 'Uzbekistan', 'UZ', '0', '2016-05-24 09:30:02', '2016-05-24 09:30:02', '1c89fba7-01b2-4629-bc08-d60d1abe3cc1'),
 ('236', 'Vatican City State (Holy See)', 'VA', '0', '2016-05-24 09:30:02', '2016-05-24 09:30:02', 'fe2d4c2d-1301-4055-afa7-002fc08e65c4'),
 ('237', 'Saint Vincent and the Grenadines', 'VC', '0', '2016-05-24 09:30:02', '2016-05-24 09:30:02', '63bc724c-611a-4f13-8c8f-77f7405fd3b7'),
 ('238', 'Venezuela', 'VE', '0', '2016-05-24 09:30:02', '2016-05-24 09:30:02', '29219e5a-4c66-4d02-9eb2-423558718889'),
 ('239', 'Virgin Islands (British)', 'VG', '0', '2016-05-24 09:30:02', '2016-05-24 09:30:02', '0ac9737a-16f5-4d6b-ab15-2b8e3b1107e8'),
 ('240', 'Virgin Islands (U.S.)', 'VI', '0', '2016-05-24 09:30:02', '2016-05-24 09:30:02', 'edf4ceda-d9d0-4006-bde7-65c82b67d921'),
 ('241', 'Viet Nam', 'VN', '0', '2016-05-24 09:30:02', '2016-05-24 09:30:02', 'e8cb5fe8-74bd-4cef-b893-4fbd6ea18e3f'),
 ('242', 'Vanuatu', 'VU', '0', '2016-05-24 09:30:02', '2016-05-24 09:30:02', 'a101ffc1-8e9b-42c5-9c28-f147bb2a3df9'),
 ('243', 'Wallis and Futuna Islands', 'WF', '0', '2016-05-24 09:30:02', '2016-05-24 09:30:02', 'e1c6630b-ba53-4891-9a67-09804232d74d'),
 ('244', 'Samoa', 'WS', '0', '2016-05-24 09:30:02', '2016-05-24 09:30:02', 'fc7942c2-05ae-40ae-b4df-92e7fd3c836f'),
 ('245', 'Yemen', 'YE', '0', '2016-05-24 09:30:02', '2016-05-24 09:30:02', '09a488d1-040b-4bad-89ec-a4745faeaad2'),
 ('246', 'Mayotte', 'YT', '0', '2016-05-24 09:30:02', '2016-05-24 09:30:02', 'c6c4e571-ddae-4335-853d-148817c37d19'),
 ('247', 'South Africa', 'ZA', '0', '2016-05-24 09:30:02', '2016-05-24 09:30:02', '35d8c046-65f8-4099-9328-48f558079bb7'),
 ('248', 'Zambia', 'ZM', '0', '2016-05-24 09:30:02', '2016-05-24 09:30:02', 'e5120652-a69d-431d-ac48-fc3c5d3e2645'),
 ('249', 'Zimbabwe', 'ZW', '0', '2016-05-24 09:30:02', '2016-05-24 09:30:02', '49e3718f-8417-4a59-9c6f-4fa59d3d7895');



DROP TABLE IF EXISTS `craft_commerce_customer_discountuses`;


--
-- Schema for table `craft_commerce_customer_discountuses`
--
CREATE TABLE `craft_commerce_customer_discountuses` (
  `id` int(11) NOT NULL AUTO_INCREMENT,
  `discountId` int(10) NOT NULL,
  `customerId` int(10) NOT NULL,
  `uses` int(10) unsigned NOT NULL,
  `dateCreated` datetime NOT NULL,
  `dateUpdated` datetime NOT NULL,
  `uid` char(36) COLLATE utf8_unicode_ci NOT NULL DEFAULT '0',
  PRIMARY KEY (`id`),
  UNIQUE KEY `craft_commerce_customer_discountuses_customerId_discountId_unq_i` (`customerId`,`discountId`),
  KEY `craft_commerce_customer_discountuses_discountId_fk` (`discountId`)
) ENGINE=InnoDB DEFAULT CHARSET=utf8 COLLATE=utf8_unicode_ci;

DROP TABLE IF EXISTS `craft_commerce_customers`;


--
-- Schema for table `craft_commerce_customers`
--
CREATE TABLE `craft_commerce_customers` (
  `id` int(11) NOT NULL AUTO_INCREMENT,
  `userId` int(11) DEFAULT NULL,
  `email` varchar(255) COLLATE utf8_unicode_ci DEFAULT NULL,
  `lastUsedBillingAddressId` int(10) DEFAULT NULL,
  `lastUsedShippingAddressId` int(10) DEFAULT NULL,
  `dateCreated` datetime NOT NULL,
  `dateUpdated` datetime NOT NULL,
  `uid` char(36) COLLATE utf8_unicode_ci NOT NULL DEFAULT '0',
  PRIMARY KEY (`id`),
  KEY `craft_commerce_customers_userId_fk` (`userId`)
) ENGINE=InnoDB AUTO_INCREMENT=12 DEFAULT CHARSET=utf8 COLLATE=utf8_unicode_ci;

--
-- Data for table `craft_commerce_customers`
--

INSERT INTO `craft_commerce_customers` (`id`, `userId`, `email`, `lastUsedBillingAddressId`, `lastUsedShippingAddressId`, `dateCreated`, `dateUpdated`, `uid`) VALUES
 ('1', '1', 'mb@18digital.dk', '9', '9', '2016-05-24 09:39:26', '2016-05-25 19:59:51', 'e35ae8d3-be0a-4265-8642-42bded15b10a'),
 ('2', NULL, NULL, NULL, NULL, '2016-05-24 10:46:21', '2016-05-24 10:46:21', 'dcf87ad0-55ba-405f-a290-8e9f41ace8f7'),
 ('3', NULL, 'martin@beuschau.dk', NULL, NULL, '2016-05-24 12:57:57', '2016-05-24 13:46:41', '87984a92-ebce-4a56-a6fc-ee961354f846'),
 ('4', NULL, NULL, NULL, NULL, '2016-05-24 14:00:56', '2016-05-24 14:00:56', '87cfd2ff-d31c-410a-9ecf-a429be110944'),
 ('5', NULL, 'mb@18digital.dk', NULL, NULL, '2016-05-24 14:09:38', '2016-05-24 14:09:50', 'b02fedd7-f794-4aeb-bd16-e13cd5467ec9'),
 ('6', NULL, 'mb@18digital.dk', '21', '21', '2016-05-24 20:27:57', '2016-05-24 20:29:52', '65e62da6-2b92-4e0f-a358-116829ebbf12'),
 ('7', NULL, 'martin@beuschau.dk', '30', '30', '2016-05-25 12:36:48', '2016-05-25 13:59:06', '726eda72-5c10-4ac9-b6d0-f124c4f42234'),
 ('8', NULL, 'mb@18digital.dk', NULL, NULL, '2016-05-25 17:32:59', '2016-05-25 17:33:09', '25f97d4e-f008-43ec-bd91-64c30f96180f'),
 ('9', NULL, 'mb@18digital.dk', NULL, NULL, '2016-05-25 17:34:54', '2016-05-25 17:35:00', '4cc743cf-bc81-4513-9ba3-5781aadcf923'),
 ('10', NULL, NULL, NULL, NULL, '2016-05-25 17:38:13', '2016-05-25 17:38:13', '3635e3ff-6da2-4170-87fe-31d324d2ef08'),
 ('11', NULL, 'louise@beuschau.dk', '61', '61', '2016-05-25 18:53:22', '2016-05-25 18:54:32', 'c603404f-e05d-4927-9a09-c3ebe9499374');



DROP TABLE IF EXISTS `craft_commerce_customers_addresses`;


--
-- Schema for table `craft_commerce_customers_addresses`
--
CREATE TABLE `craft_commerce_customers_addresses` (
  `id` int(11) NOT NULL AUTO_INCREMENT,
  `customerId` int(11) NOT NULL,
  `addressId` int(11) NOT NULL,
  `dateCreated` datetime NOT NULL,
  `dateUpdated` datetime NOT NULL,
  `uid` char(36) COLLATE utf8_unicode_ci NOT NULL DEFAULT '0',
  PRIMARY KEY (`id`),
  UNIQUE KEY `craft_commerce_customers_addresses_customerId_addressId_unq_idx` (`customerId`,`addressId`),
  KEY `craft_commerce_customers_addresses_customerId_idx` (`customerId`),
  KEY `craft_commerce_customers_addresses_addressId_idx` (`addressId`)
) ENGINE=InnoDB AUTO_INCREMENT=22 DEFAULT CHARSET=utf8 COLLATE=utf8_unicode_ci;

--
-- Data for table `craft_commerce_customers_addresses`
--

INSERT INTO `craft_commerce_customers_addresses` (`id`, `customerId`, `addressId`, `dateCreated`, `dateUpdated`, `uid`) VALUES
 ('7', '1', '9', '2016-05-24 12:10:27', '2016-05-25 19:58:54', '4e2de216-25a9-4012-bc02-3a371b456686'),
 ('10', '1', '12', '2016-05-24 12:14:09', '2016-05-24 12:14:09', '3a817d65-b8a2-4ca2-becc-d50f66e82607'),
 ('11', '3', '15', '2016-05-24 13:07:55', '2016-05-24 13:07:55', '0866c3c3-dbd6-4414-919a-0a87cd2ab725'),
 ('12', '3', '16', '2016-05-24 13:09:27', '2016-05-24 13:09:27', '29a43dc4-97cc-4bf7-a992-d7fac93b53ae'),
 ('13', '3', '17', '2016-05-24 13:09:59', '2016-05-24 13:09:59', '394c9241-3412-4ec8-87d2-fc752de4ab1d'),
 ('14', '3', '18', '2016-05-24 13:13:13', '2016-05-24 13:13:13', '049421e8-ebf9-4cb9-849f-8d0b367c061f'),
 ('15', '3', '19', '2016-05-24 13:46:47', '2016-05-24 13:46:47', '4d3a3914-a446-48f3-b5dc-61c21d345a92'),
 ('16', '5', '20', '2016-05-24 14:10:02', '2016-05-24 14:10:02', 'e2801ce9-48ba-42d0-bfe7-8c0c20c5c7b5'),
 ('17', '6', '21', '2016-05-24 20:28:14', '2016-05-24 20:28:14', '3fd1f176-c75e-4bb7-8ae7-5785c3f0e2e5'),
 ('18', '7', '30', '2016-05-25 13:58:53', '2016-05-25 13:58:53', '4df2db51-d41e-41aa-937a-300d62e2dbca'),
 ('19', '8', '49', '2016-05-25 17:33:14', '2016-05-25 17:33:14', '2498a86b-c0ce-4b60-b6dc-e7a4bea5b9b2'),
 ('20', '9', '50', '2016-05-25 17:35:05', '2016-05-25 17:35:05', '11b80035-bf0a-4f51-b707-896c79acd636'),
 ('21', '11', '61', '2016-05-25 18:53:56', '2016-05-25 18:53:56', 'adc2b4e5-65b0-48e2-b781-a78bf776a87c');



DROP TABLE IF EXISTS `craft_commerce_discount_products`;


--
-- Schema for table `craft_commerce_discount_products`
--
CREATE TABLE `craft_commerce_discount_products` (
  `id` int(11) NOT NULL AUTO_INCREMENT,
  `discountId` int(10) NOT NULL,
  `productId` int(10) NOT NULL,
  `dateCreated` datetime NOT NULL,
  `dateUpdated` datetime NOT NULL,
  `uid` char(36) COLLATE utf8_unicode_ci NOT NULL DEFAULT '0',
  PRIMARY KEY (`id`),
  UNIQUE KEY `craft_commerce_discount_products_discountId_productId_unq_idx` (`discountId`,`productId`),
  KEY `craft_commerce_discount_products_productId_fk` (`productId`)
) ENGINE=InnoDB DEFAULT CHARSET=utf8 COLLATE=utf8_unicode_ci;

DROP TABLE IF EXISTS `craft_commerce_discount_producttypes`;


--
-- Schema for table `craft_commerce_discount_producttypes`
--
CREATE TABLE `craft_commerce_discount_producttypes` (
  `id` int(11) NOT NULL AUTO_INCREMENT,
  `discountId` int(10) NOT NULL,
  `productTypeId` int(10) NOT NULL,
  `dateCreated` datetime NOT NULL,
  `dateUpdated` datetime NOT NULL,
  `uid` char(36) COLLATE utf8_unicode_ci NOT NULL DEFAULT '0',
  PRIMARY KEY (`id`),
  UNIQUE KEY `craft_commerc_discoun_producttype_discountI_productTypeI_unq_idx` (`discountId`,`productTypeId`),
  KEY `craft_commerce_discount_producttypes_productTypeId_fk` (`productTypeId`)
) ENGINE=InnoDB DEFAULT CHARSET=utf8 COLLATE=utf8_unicode_ci;

DROP TABLE IF EXISTS `craft_commerce_discount_usergroups`;


--
-- Schema for table `craft_commerce_discount_usergroups`
--
CREATE TABLE `craft_commerce_discount_usergroups` (
  `id` int(11) NOT NULL AUTO_INCREMENT,
  `discountId` int(10) NOT NULL,
  `userGroupId` int(10) NOT NULL,
  `dateCreated` datetime NOT NULL,
  `dateUpdated` datetime NOT NULL,
  `uid` char(36) COLLATE utf8_unicode_ci NOT NULL DEFAULT '0',
  PRIMARY KEY (`id`),
  UNIQUE KEY `craft_commerce_discount_usergroups_discountId_userGroupId_unq_id` (`discountId`,`userGroupId`),
  KEY `craft_commerce_discount_usergroups_userGroupId_fk` (`userGroupId`)
) ENGINE=InnoDB DEFAULT CHARSET=utf8 COLLATE=utf8_unicode_ci;

DROP TABLE IF EXISTS `craft_commerce_discounts`;


--
-- Schema for table `craft_commerce_discounts`
--
CREATE TABLE `craft_commerce_discounts` (
  `id` int(11) NOT NULL AUTO_INCREMENT,
  `name` varchar(255) COLLATE utf8_unicode_ci NOT NULL,
  `description` text COLLATE utf8_unicode_ci,
  `code` varchar(255) COLLATE utf8_unicode_ci DEFAULT NULL,
  `perUserLimit` int(10) unsigned NOT NULL DEFAULT '0',
  `totalUseLimit` int(10) unsigned NOT NULL DEFAULT '0',
  `totalUses` int(10) unsigned NOT NULL DEFAULT '0',
  `dateFrom` datetime DEFAULT NULL,
  `dateTo` datetime DEFAULT NULL,
  `purchaseTotal` int(10) NOT NULL DEFAULT '0',
  `purchaseQty` int(10) NOT NULL DEFAULT '0',
  `baseDiscount` decimal(14,4) NOT NULL DEFAULT '0.0000',
  `perItemDiscount` decimal(14,4) NOT NULL DEFAULT '0.0000',
  `percentDiscount` decimal(14,4) NOT NULL DEFAULT '0.0000',
  `excludeOnSale` tinyint(1) unsigned NOT NULL DEFAULT '0',
  `freeShipping` tinyint(1) unsigned NOT NULL DEFAULT '0',
  `allGroups` tinyint(1) unsigned NOT NULL DEFAULT '0',
  `allProducts` tinyint(1) unsigned NOT NULL DEFAULT '0',
  `allProductTypes` tinyint(1) unsigned NOT NULL DEFAULT '0',
  `enabled` tinyint(1) unsigned NOT NULL DEFAULT '1',
  `dateCreated` datetime NOT NULL,
  `dateUpdated` datetime NOT NULL,
  `uid` char(36) COLLATE utf8_unicode_ci NOT NULL DEFAULT '0',
  PRIMARY KEY (`id`),
  UNIQUE KEY `craft_commerce_discounts_code_unq_idx` (`code`),
  KEY `craft_commerce_discounts_dateFrom_idx` (`dateFrom`),
  KEY `craft_commerce_discounts_dateTo_idx` (`dateTo`)
) ENGINE=InnoDB DEFAULT CHARSET=utf8 COLLATE=utf8_unicode_ci;

DROP TABLE IF EXISTS `craft_commerce_emails`;


--
-- Schema for table `craft_commerce_emails`
--
CREATE TABLE `craft_commerce_emails` (
  `id` int(11) NOT NULL AUTO_INCREMENT,
  `name` varchar(255) COLLATE utf8_unicode_ci NOT NULL,
  `subject` varchar(255) COLLATE utf8_unicode_ci NOT NULL,
  `to` varchar(255) COLLATE utf8_unicode_ci NOT NULL,
  `bcc` varchar(255) COLLATE utf8_unicode_ci DEFAULT NULL,
  `enabled` tinyint(1) unsigned NOT NULL DEFAULT '0',
  `templatePath` varchar(255) COLLATE utf8_unicode_ci NOT NULL,
  `dateCreated` datetime NOT NULL,
  `dateUpdated` datetime NOT NULL,
  `uid` char(36) COLLATE utf8_unicode_ci NOT NULL DEFAULT '0',
  PRIMARY KEY (`id`)
) ENGINE=InnoDB AUTO_INCREMENT=3 DEFAULT CHARSET=utf8 COLLATE=utf8_unicode_ci;

--
-- Data for table `craft_commerce_emails`
--

INSERT INTO `craft_commerce_emails` (`id`, `name`, `subject`, `to`, `bcc`, `enabled`, `templatePath`, `dateCreated`, `dateUpdated`, `uid`) VALUES
 ('1', 'Order Recieved Notification', 'Ordre #{{order.id}} modtaget', '{{order.email}}', 'mb@18digital.dk', '1', 'commerce/_emails/orderRecieved', '2016-05-24 20:32:34', '2016-05-24 20:32:34', 'c9e82a17-296f-4dd5-8220-2f6a08505661'),
 ('2', 'Navision Order', 'Ordre #{{order.id}} modtaget', 'martin@beuschau.dk', '', '1', 'commerce/_emails/navisionOrder	', '2016-05-25 18:18:19', '2016-05-25 18:18:19', 'ec589c14-290c-47c2-a425-dc619298064a');



DROP TABLE IF EXISTS `craft_commerce_lineitems`;


--
-- Schema for table `craft_commerce_lineitems`
--
CREATE TABLE `craft_commerce_lineitems` (
  `id` int(11) NOT NULL AUTO_INCREMENT,
  `orderId` int(11) NOT NULL,
  `purchasableId` int(11) DEFAULT NULL,
  `options` text COLLATE utf8_unicode_ci,
  `optionsSignature` varchar(255) COLLATE utf8_unicode_ci NOT NULL,
  `price` decimal(14,4) unsigned NOT NULL,
  `saleAmount` decimal(14,4) NOT NULL DEFAULT '0.0000',
  `salePrice` decimal(14,4) NOT NULL DEFAULT '0.0000',
  `tax` decimal(14,4) NOT NULL DEFAULT '0.0000',
  `taxIncluded` decimal(14,4) NOT NULL DEFAULT '0.0000',
  `shippingCost` decimal(14,4) unsigned NOT NULL DEFAULT '0.0000',
  `discount` decimal(14,4) NOT NULL DEFAULT '0.0000',
  `weight` decimal(14,4) unsigned NOT NULL DEFAULT '0.0000',
  `height` decimal(14,4) unsigned NOT NULL DEFAULT '0.0000',
  `length` decimal(14,4) unsigned NOT NULL DEFAULT '0.0000',
  `width` decimal(14,4) unsigned NOT NULL DEFAULT '0.0000',
  `total` decimal(14,4) unsigned NOT NULL DEFAULT '0.0000',
  `qty` int(10) unsigned NOT NULL,
  `note` text COLLATE utf8_unicode_ci,
  `snapshot` text COLLATE utf8_unicode_ci NOT NULL,
  `taxCategoryId` int(10) NOT NULL,
  `dateCreated` datetime NOT NULL,
  `dateUpdated` datetime NOT NULL,
  `uid` char(36) COLLATE utf8_unicode_ci NOT NULL DEFAULT '0',
  PRIMARY KEY (`id`),
  UNIQUE KEY `craf_commerc_lineitem_orderI_purchasableI_optionsSignatu_unq_idx` (`orderId`,`purchasableId`,`optionsSignature`),
  KEY `craft_commerce_lineitems_purchasableId_fk` (`purchasableId`),
  KEY `craft_commerce_lineitems_taxCategoryId_fk` (`taxCategoryId`)
) ENGINE=InnoDB AUTO_INCREMENT=39 DEFAULT CHARSET=utf8 COLLATE=utf8_unicode_ci;

--
-- Data for table `craft_commerce_lineitems`
--

INSERT INTO `craft_commerce_lineitems` (`id`, `orderId`, `purchasableId`, `options`, `optionsSignature`, `price`, `saleAmount`, `salePrice`, `tax`, `taxIncluded`, `shippingCost`, `discount`, `weight`, `height`, `length`, `width`, `total`, `qty`, `note`, `snapshot`, `taxCategoryId`, `dateCreated`, `dateUpdated`, `uid`) VALUES
 ('3', '93', '86', '{\"giftWrapped\":\"no\"}', '3e4afd673bf6ab55b4118b13d600b211', '99.0000', '0.0000', '99.0000', '0.0000', '0.0000', '0.0000', '0.0000', '0.0000', '0.0000', '0.0000', '0.0000', '99.0000', '1', NULL, '{\"id\":\"86\",\"enabled\":\"1\",\"archived\":\"0\",\"locale\":\"da\",\"localeEnabled\":\"1\",\"slug\":\"a-new-toga\",\"uri\":null,\"dateCreated\":\"2016-05-24 09:30:02\",\"dateUpdated\":\"2016-05-24 09:56:40\",\"root\":null,\"lft\":null,\"rgt\":null,\"level\":null,\"searchScore\":null,\"productId\":\"85\",\"isDefault\":\"1\",\"sku\":\"A New Toga\",\"price\":\"99.0000\",\"sortOrder\":\"1\",\"width\":\"0.0000\",\"height\":\"0.0000\",\"length\":\"0.0000\",\"weight\":\"0.0000\",\"stock\":\"0\",\"unlimitedStock\":\"1\",\"minQty\":null,\"maxQty\":null,\"onSale\":0,\"cpEditUrl\":\"#\",\"product\":{\"id\":\"85\",\"enabled\":\"1\",\"archived\":\"0\",\"locale\":\"da\",\"localeEnabled\":\"1\",\"slug\":\"elektronikforsikring\",\"uri\":\"commerce\\/products\\/elektronikforsikring\",\"dateCreated\":\"2016-05-24 09:30:02\",\"dateUpdated\":\"2016-05-24 09:56:39\",\"root\":null,\"lft\":null,\"rgt\":null,\"level\":null,\"searchScore\":null,\"typeId\":\"1\",\"taxCategoryId\":\"1\",\"promotable\":\"0\",\"freeShipping\":\"1\",\"postDate\":\"2016-05-24 09:30:00\",\"expiryDate\":null,\"defaultVariantId\":\"86\",\"defaultSku\":\"A New Toga\",\"defaultPrice\":\"99.0000\",\"defaultHeight\":\"0.0000\",\"defaultLength\":\"0.0000\",\"defaultWidth\":\"0.0000\",\"defaultWeight\":\"0.0000\",\"title\":\"Elektronikforsikring\"},\"description\":\"Elektronikforsikring\",\"purchasableId\":\"86\",\"options\":{\"giftWrapped\":\"no\"}}', '1', '2016-05-24 09:58:23', '2016-05-24 10:01:19', '960961d9-d34f-4f49-86ba-bf9266216c9b'),
 ('10', '94', '86', '[]', 'd751713988987e9331980363e24189ce', '99.0000', '0.0000', '99.0000', '0.0000', '0.0000', '0.0000', '0.0000', '0.0000', '0.0000', '0.0000', '0.0000', '99.0000', '1', NULL, '{\"id\":\"86\",\"enabled\":\"1\",\"archived\":\"0\",\"locale\":\"da\",\"localeEnabled\":\"1\",\"slug\":\"a-new-toga\",\"uri\":null,\"dateCreated\":\"2016-05-24 09:30:02\",\"dateUpdated\":\"2016-05-24 11:42:27\",\"root\":null,\"lft\":null,\"rgt\":null,\"level\":null,\"searchScore\":null,\"productId\":\"85\",\"isDefault\":\"1\",\"sku\":\"Elektronikforsikring\",\"price\":\"99.0000\",\"sortOrder\":\"1\",\"width\":\"0.0000\",\"height\":\"0.0000\",\"length\":\"0.0000\",\"weight\":\"0.0000\",\"stock\":\"0\",\"unlimitedStock\":\"1\",\"minQty\":\"1\",\"maxQty\":\"1\",\"onSale\":0,\"cpEditUrl\":\"#\",\"product\":{\"id\":\"85\",\"enabled\":\"1\",\"archived\":\"0\",\"locale\":\"da\",\"localeEnabled\":\"1\",\"slug\":\"elektronikforsikring\",\"uri\":\"commerce\\/products\\/elektronikforsikring\",\"dateCreated\":\"2016-05-24 09:30:02\",\"dateUpdated\":\"2016-05-24 11:42:27\",\"root\":null,\"lft\":null,\"rgt\":null,\"level\":null,\"searchScore\":null,\"typeId\":\"1\",\"taxCategoryId\":\"1\",\"promotable\":\"0\",\"freeShipping\":\"1\",\"postDate\":\"2016-05-24 09:30:00\",\"expiryDate\":null,\"defaultVariantId\":\"86\",\"defaultSku\":\"Elektronikforsikring\",\"defaultPrice\":\"99.0000\",\"defaultHeight\":\"0.0000\",\"defaultLength\":\"0.0000\",\"defaultWidth\":\"0.0000\",\"defaultWeight\":\"0.0000\",\"title\":\"Elektronikforsikring\"},\"description\":\"Elektronikforsikring\",\"purchasableId\":\"86\",\"options\":[]}', '1', '2016-05-24 11:52:33', '2016-05-24 12:40:59', 'e8212f05-0b23-403f-b84f-be7f6edfb466'),
 ('14', '96', '86', '[]', 'd751713988987e9331980363e24189ce', '99.0000', '0.0000', '99.0000', '0.0000', '0.0000', '0.0000', '0.0000', '0.0000', '0.0000', '0.0000', '0.0000', '99.0000', '1', NULL, '{\"id\":\"86\",\"enabled\":\"1\",\"archived\":\"0\",\"locale\":\"da\",\"localeEnabled\":\"1\",\"slug\":\"a-new-toga\",\"uri\":null,\"dateCreated\":\"2016-05-24 09:30:02\",\"dateUpdated\":\"2016-05-24 15:17:18\",\"root\":null,\"lft\":null,\"rgt\":null,\"level\":null,\"searchScore\":null,\"productId\":\"85\",\"isDefault\":\"1\",\"sku\":\"Elektronikforsikring\",\"price\":\"99.0000\",\"sortOrder\":\"1\",\"width\":\"0.0000\",\"height\":\"0.0000\",\"length\":\"0.0000\",\"weight\":\"0.0000\",\"stock\":\"0\",\"unlimitedStock\":\"1\",\"minQty\":\"1\",\"maxQty\":\"1\",\"onSale\":0,\"cpEditUrl\":\"#\",\"product\":{\"id\":\"85\",\"enabled\":\"1\",\"archived\":\"0\",\"locale\":\"da\",\"localeEnabled\":\"1\",\"slug\":\"elektronikforsikring\",\"uri\":\"commerce\\/products\\/elektronikforsikring\",\"dateCreated\":\"2016-05-24 09:30:02\",\"dateUpdated\":\"2016-05-24 15:17:18\",\"root\":null,\"lft\":null,\"rgt\":null,\"level\":null,\"searchScore\":null,\"typeId\":\"1\",\"taxCategoryId\":\"1\",\"promotable\":\"0\",\"freeShipping\":\"1\",\"postDate\":\"2016-05-24 09:30:00\",\"expiryDate\":null,\"defaultVariantId\":\"86\",\"defaultSku\":\"Elektronikforsikring\",\"defaultPrice\":\"99.0000\",\"defaultHeight\":\"0.0000\",\"defaultLength\":\"0.0000\",\"defaultWidth\":\"0.0000\",\"defaultWeight\":\"0.0000\",\"title\":\"Elektronikforsikring\"},\"description\":\"Elektronikforsikring\",\"purchasableId\":\"86\",\"options\":[]}', '1', '2016-05-24 15:17:52', '2016-05-24 20:29:52', '98c2802a-90b4-4678-b549-db6cc331c677'),
 ('15', '97', '86', '[]', 'd751713988987e9331980363e24189ce', '99.0000', '0.0000', '99.0000', '0.0000', '0.0000', '0.0000', '0.0000', '0.0000', '0.0000', '0.0000', '0.0000', '99.0000', '1', NULL, '{\"id\":\"86\",\"enabled\":\"1\",\"archived\":\"0\",\"locale\":\"da\",\"localeEnabled\":\"1\",\"slug\":\"a-new-toga\",\"uri\":null,\"dateCreated\":\"2016-05-24 09:30:02\",\"dateUpdated\":\"2016-05-24 15:17:18\",\"root\":null,\"lft\":null,\"rgt\":null,\"level\":null,\"searchScore\":null,\"productId\":\"85\",\"isDefault\":\"1\",\"sku\":\"Elektronikforsikring\",\"price\":\"99.0000\",\"sortOrder\":\"1\",\"width\":\"0.0000\",\"height\":\"0.0000\",\"length\":\"0.0000\",\"weight\":\"0.0000\",\"stock\":\"0\",\"unlimitedStock\":\"1\",\"minQty\":\"1\",\"maxQty\":\"1\",\"onSale\":0,\"cpEditUrl\":\"#\",\"product\":{\"id\":\"85\",\"enabled\":\"1\",\"archived\":\"0\",\"locale\":\"da\",\"localeEnabled\":\"1\",\"slug\":\"elektronikforsikring\",\"uri\":\"commerce\\/products\\/elektronikforsikring\",\"dateCreated\":\"2016-05-24 09:30:02\",\"dateUpdated\":\"2016-05-24 15:17:18\",\"root\":null,\"lft\":null,\"rgt\":null,\"level\":null,\"searchScore\":null,\"typeId\":\"1\",\"taxCategoryId\":\"1\",\"promotable\":\"0\",\"freeShipping\":\"1\",\"postDate\":\"2016-05-24 09:30:00\",\"expiryDate\":null,\"defaultVariantId\":\"86\",\"defaultSku\":\"Elektronikforsikring\",\"defaultPrice\":\"99.0000\",\"defaultHeight\":\"0.0000\",\"defaultLength\":\"0.0000\",\"defaultWidth\":\"0.0000\",\"defaultWeight\":\"0.0000\",\"title\":\"Elektronikforsikring\"},\"description\":\"Elektronikforsikring\",\"purchasableId\":\"86\",\"options\":[]}', '1', '2016-05-24 20:32:49', '2016-05-24 20:33:04', '96ae768b-18a8-4fcb-b584-12e670ee7532'),
 ('16', '98', '86', '[]', 'd751713988987e9331980363e24189ce', '99.0000', '0.0000', '99.0000', '0.0000', '0.0000', '0.0000', '0.0000', '0.0000', '0.0000', '0.0000', '0.0000', '99.0000', '1', NULL, '{\"id\":\"86\",\"enabled\":\"1\",\"archived\":\"0\",\"locale\":\"da\",\"localeEnabled\":\"1\",\"slug\":\"a-new-toga\",\"uri\":null,\"dateCreated\":\"2016-05-24 09:30:02\",\"dateUpdated\":\"2016-05-24 15:17:18\",\"root\":null,\"lft\":null,\"rgt\":null,\"level\":null,\"searchScore\":null,\"productId\":\"85\",\"isDefault\":\"1\",\"sku\":\"Elektronikforsikring\",\"price\":\"99.0000\",\"sortOrder\":\"1\",\"width\":\"0.0000\",\"height\":\"0.0000\",\"length\":\"0.0000\",\"weight\":\"0.0000\",\"stock\":\"0\",\"unlimitedStock\":\"1\",\"minQty\":\"1\",\"maxQty\":\"1\",\"onSale\":0,\"cpEditUrl\":\"#\",\"product\":{\"id\":\"85\",\"enabled\":\"1\",\"archived\":\"0\",\"locale\":\"da\",\"localeEnabled\":\"1\",\"slug\":\"elektronikforsikring\",\"uri\":\"commerce\\/products\\/elektronikforsikring\",\"dateCreated\":\"2016-05-24 09:30:02\",\"dateUpdated\":\"2016-05-24 15:17:18\",\"root\":null,\"lft\":null,\"rgt\":null,\"level\":null,\"searchScore\":null,\"typeId\":\"1\",\"taxCategoryId\":\"1\",\"promotable\":\"0\",\"freeShipping\":\"1\",\"postDate\":\"2016-05-24 09:30:00\",\"expiryDate\":null,\"defaultVariantId\":\"86\",\"defaultSku\":\"Elektronikforsikring\",\"defaultPrice\":\"99.0000\",\"defaultHeight\":\"0.0000\",\"defaultLength\":\"0.0000\",\"defaultWidth\":\"0.0000\",\"defaultWeight\":\"0.0000\",\"title\":\"Elektronikforsikring\"},\"description\":\"Elektronikforsikring\",\"purchasableId\":\"86\",\"options\":[]}', '1', '2016-05-24 20:49:27', '2016-05-24 20:49:43', 'c6e8e009-07b0-4594-b5cb-658a76a7ca7d'),
 ('17', '99', '86', '[]', 'd751713988987e9331980363e24189ce', '99.0000', '0.0000', '99.0000', '0.0000', '0.0000', '0.0000', '0.0000', '0.0000', '0.0000', '0.0000', '0.0000', '99.0000', '1', NULL, '{\"id\":\"86\",\"enabled\":\"1\",\"archived\":\"0\",\"locale\":\"da\",\"localeEnabled\":\"1\",\"slug\":\"a-new-toga\",\"uri\":null,\"dateCreated\":\"2016-05-24 09:30:02\",\"dateUpdated\":\"2016-05-24 15:17:18\",\"root\":null,\"lft\":null,\"rgt\":null,\"level\":null,\"searchScore\":null,\"productId\":\"85\",\"isDefault\":\"1\",\"sku\":\"Elektronikforsikring\",\"price\":\"99.0000\",\"sortOrder\":\"1\",\"width\":\"0.0000\",\"height\":\"0.0000\",\"length\":\"0.0000\",\"weight\":\"0.0000\",\"stock\":\"0\",\"unlimitedStock\":\"1\",\"minQty\":\"1\",\"maxQty\":\"1\",\"onSale\":0,\"cpEditUrl\":\"#\",\"product\":{\"id\":\"85\",\"enabled\":\"1\",\"archived\":\"0\",\"locale\":\"da\",\"localeEnabled\":\"1\",\"slug\":\"elektronikforsikring\",\"uri\":\"commerce\\/products\\/elektronikforsikring\",\"dateCreated\":\"2016-05-24 09:30:02\",\"dateUpdated\":\"2016-05-24 15:17:18\",\"root\":null,\"lft\":null,\"rgt\":null,\"level\":null,\"searchScore\":null,\"typeId\":\"1\",\"taxCategoryId\":\"1\",\"promotable\":\"0\",\"freeShipping\":\"1\",\"postDate\":\"2016-05-24 09:30:00\",\"expiryDate\":null,\"defaultVariantId\":\"86\",\"defaultSku\":\"Elektronikforsikring\",\"defaultPrice\":\"99.0000\",\"defaultHeight\":\"0.0000\",\"defaultLength\":\"0.0000\",\"defaultWidth\":\"0.0000\",\"defaultWeight\":\"0.0000\",\"title\":\"Elektronikforsikring\"},\"description\":\"Elektronikforsikring\",\"purchasableId\":\"86\",\"options\":[]}', '1', '2016-05-24 20:58:54', '2016-05-24 20:59:15', '7f907619-0690-4515-8ddc-abc7f006b9c7'),
 ('18', '100', '86', '[]', 'd751713988987e9331980363e24189ce', '99.0000', '0.0000', '99.0000', '0.0000', '0.0000', '0.0000', '0.0000', '0.0000', '0.0000', '0.0000', '0.0000', '99.0000', '1', NULL, '{\"id\":\"86\",\"enabled\":\"1\",\"archived\":\"0\",\"locale\":\"da\",\"localeEnabled\":\"1\",\"slug\":\"a-new-toga\",\"uri\":null,\"dateCreated\":\"2016-05-24 09:30:02\",\"dateUpdated\":\"2016-05-24 15:17:18\",\"root\":null,\"lft\":null,\"rgt\":null,\"level\":null,\"searchScore\":null,\"productId\":\"85\",\"isDefault\":\"1\",\"sku\":\"Elektronikforsikring\",\"price\":\"99.0000\",\"sortOrder\":\"1\",\"width\":\"0.0000\",\"height\":\"0.0000\",\"length\":\"0.0000\",\"weight\":\"0.0000\",\"stock\":\"0\",\"unlimitedStock\":\"1\",\"minQty\":\"1\",\"maxQty\":\"1\",\"onSale\":0,\"cpEditUrl\":\"#\",\"product\":{\"id\":\"85\",\"enabled\":\"1\",\"archived\":\"0\",\"locale\":\"da\",\"localeEnabled\":\"1\",\"slug\":\"elektronikforsikring\",\"uri\":\"commerce\\/products\\/elektronikforsikring\",\"dateCreated\":\"2016-05-24 09:30:02\",\"dateUpdated\":\"2016-05-24 15:17:18\",\"root\":null,\"lft\":null,\"rgt\":null,\"level\":null,\"searchScore\":null,\"typeId\":\"1\",\"taxCategoryId\":\"1\",\"promotable\":\"0\",\"freeShipping\":\"1\",\"postDate\":\"2016-05-24 09:30:00\",\"expiryDate\":null,\"defaultVariantId\":\"86\",\"defaultSku\":\"Elektronikforsikring\",\"defaultPrice\":\"99.0000\",\"defaultHeight\":\"0.0000\",\"defaultLength\":\"0.0000\",\"defaultWidth\":\"0.0000\",\"defaultWeight\":\"0.0000\",\"title\":\"Elektronikforsikring\"},\"description\":\"Elektronikforsikring\",\"purchasableId\":\"86\",\"options\":[]}', '1', '2016-05-25 12:36:48', '2016-05-25 13:59:06', 'd45cb6b2-6258-4b8e-883d-7f0d1466920b'),
 ('19', '101', '86', '[]', 'd751713988987e9331980363e24189ce', '99.0000', '0.0000', '99.0000', '0.0000', '0.0000', '0.0000', '0.0000', '0.0000', '0.0000', '0.0000', '0.0000', '99.0000', '1', NULL, '{\"id\":\"86\",\"enabled\":\"1\",\"archived\":\"0\",\"locale\":\"da\",\"localeEnabled\":\"1\",\"slug\":\"a-new-toga\",\"uri\":null,\"dateCreated\":\"2016-05-24 09:30:02\",\"dateUpdated\":\"2016-05-24 15:17:18\",\"root\":null,\"lft\":null,\"rgt\":null,\"level\":null,\"searchScore\":null,\"productId\":\"85\",\"isDefault\":\"1\",\"sku\":\"Elektronikforsikring\",\"price\":\"99.0000\",\"sortOrder\":\"1\",\"width\":\"0.0000\",\"height\":\"0.0000\",\"length\":\"0.0000\",\"weight\":\"0.0000\",\"stock\":\"0\",\"unlimitedStock\":\"1\",\"minQty\":\"1\",\"maxQty\":\"1\",\"onSale\":0,\"cpEditUrl\":\"#\",\"product\":{\"id\":\"85\",\"enabled\":\"1\",\"archived\":\"0\",\"locale\":\"da\",\"localeEnabled\":\"1\",\"slug\":\"elektronikforsikring\",\"uri\":\"commerce\\/products\\/elektronikforsikring\",\"dateCreated\":\"2016-05-24 09:30:02\",\"dateUpdated\":\"2016-05-24 15:17:18\",\"root\":null,\"lft\":null,\"rgt\":null,\"level\":null,\"searchScore\":null,\"typeId\":\"1\",\"taxCategoryId\":\"1\",\"promotable\":\"0\",\"freeShipping\":\"1\",\"postDate\":\"2016-05-24 09:30:00\",\"expiryDate\":null,\"defaultVariantId\":\"86\",\"defaultSku\":\"Elektronikforsikring\",\"defaultPrice\":\"99.0000\",\"defaultHeight\":\"0.0000\",\"defaultLength\":\"0.0000\",\"defaultWidth\":\"0.0000\",\"defaultWeight\":\"0.0000\",\"title\":\"Elektronikforsikring\"},\"description\":\"Elektronikforsikring\",\"purchasableId\":\"86\",\"options\":[]}', '1', '2016-05-25 14:03:11', '2016-05-25 14:03:26', '1aeebaa6-ea43-4d25-a59e-3b5108271a09'),
 ('20', '102', '86', '[]', 'd751713988987e9331980363e24189ce', '99.0000', '0.0000', '99.0000', '0.0000', '0.0000', '0.0000', '0.0000', '0.0000', '0.0000', '0.0000', '0.0000', '99.0000', '1', NULL, '{\"id\":\"86\",\"enabled\":\"1\",\"archived\":\"0\",\"locale\":\"da\",\"localeEnabled\":\"1\",\"slug\":\"a-new-toga\",\"uri\":null,\"dateCreated\":\"2016-05-24 09:30:02\",\"dateUpdated\":\"2016-05-24 15:17:18\",\"root\":null,\"lft\":null,\"rgt\":null,\"level\":null,\"searchScore\":null,\"productId\":\"85\",\"isDefault\":\"1\",\"sku\":\"Elektronikforsikring\",\"price\":\"99.0000\",\"sortOrder\":\"1\",\"width\":\"0.0000\",\"height\":\"0.0000\",\"length\":\"0.0000\",\"weight\":\"0.0000\",\"stock\":\"0\",\"unlimitedStock\":\"1\",\"minQty\":\"1\",\"maxQty\":\"1\",\"onSale\":0,\"cpEditUrl\":\"#\",\"product\":{\"id\":\"85\",\"enabled\":\"1\",\"archived\":\"0\",\"locale\":\"da\",\"localeEnabled\":\"1\",\"slug\":\"elektronikforsikring\",\"uri\":\"commerce\\/products\\/elektronikforsikring\",\"dateCreated\":\"2016-05-24 09:30:02\",\"dateUpdated\":\"2016-05-24 15:17:18\",\"root\":null,\"lft\":null,\"rgt\":null,\"level\":null,\"searchScore\":null,\"typeId\":\"1\",\"taxCategoryId\":\"1\",\"promotable\":\"0\",\"freeShipping\":\"1\",\"postDate\":\"2016-05-24 09:30:00\",\"expiryDate\":null,\"defaultVariantId\":\"86\",\"defaultSku\":\"Elektronikforsikring\",\"defaultPrice\":\"99.0000\",\"defaultHeight\":\"0.0000\",\"defaultLength\":\"0.0000\",\"defaultWidth\":\"0.0000\",\"defaultWeight\":\"0.0000\",\"title\":\"Elektronikforsikring\"},\"description\":\"Elektronikforsikring\",\"purchasableId\":\"86\",\"options\":[]}', '1', '2016-05-25 14:08:08', '2016-05-25 14:08:24', '28466642-4be9-4a66-8e1b-023dae4c875f'),
 ('21', '103', '86', '[]', 'd751713988987e9331980363e24189ce', '99.0000', '0.0000', '99.0000', '0.0000', '0.0000', '0.0000', '0.0000', '0.0000', '0.0000', '0.0000', '0.0000', '99.0000', '1', NULL, '{\"id\":\"86\",\"enabled\":\"1\",\"archived\":\"0\",\"locale\":\"da\",\"localeEnabled\":\"1\",\"slug\":\"a-new-toga\",\"uri\":null,\"dateCreated\":\"2016-05-24 09:30:02\",\"dateUpdated\":\"2016-05-24 15:17:18\",\"root\":null,\"lft\":null,\"rgt\":null,\"level\":null,\"searchScore\":null,\"productId\":\"85\",\"isDefault\":\"1\",\"sku\":\"Elektronikforsikring\",\"price\":\"99.0000\",\"sortOrder\":\"1\",\"width\":\"0.0000\",\"height\":\"0.0000\",\"length\":\"0.0000\",\"weight\":\"0.0000\",\"stock\":\"0\",\"unlimitedStock\":\"1\",\"minQty\":\"1\",\"maxQty\":\"1\",\"onSale\":0,\"cpEditUrl\":\"#\",\"product\":{\"id\":\"85\",\"enabled\":\"1\",\"archived\":\"0\",\"locale\":\"da\",\"localeEnabled\":\"1\",\"slug\":\"elektronikforsikring\",\"uri\":\"commerce\\/products\\/elektronikforsikring\",\"dateCreated\":\"2016-05-24 09:30:02\",\"dateUpdated\":\"2016-05-24 15:17:18\",\"root\":null,\"lft\":null,\"rgt\":null,\"level\":null,\"searchScore\":null,\"typeId\":\"1\",\"taxCategoryId\":\"1\",\"promotable\":\"0\",\"freeShipping\":\"1\",\"postDate\":\"2016-05-24 09:30:00\",\"expiryDate\":null,\"defaultVariantId\":\"86\",\"defaultSku\":\"Elektronikforsikring\",\"defaultPrice\":\"99.0000\",\"defaultHeight\":\"0.0000\",\"defaultLength\":\"0.0000\",\"defaultWidth\":\"0.0000\",\"defaultWeight\":\"0.0000\",\"title\":\"Elektronikforsikring\"},\"description\":\"Elektronikforsikring\",\"purchasableId\":\"86\",\"options\":[]}', '1', '2016-05-25 14:11:02', '2016-05-25 15:00:24', 'd5303549-e782-40f8-99ac-daf67d4aa88b'),
 ('22', '104', '86', '[]', 'd751713988987e9331980363e24189ce', '99.0000', '0.0000', '99.0000', '0.0000', '0.0000', '0.0000', '0.0000', '0.0000', '0.0000', '0.0000', '0.0000', '99.0000', '1', NULL, '{\"id\":\"86\",\"enabled\":\"1\",\"archived\":\"0\",\"locale\":\"da\",\"localeEnabled\":\"1\",\"slug\":\"a-new-toga\",\"uri\":null,\"dateCreated\":\"2016-05-24 09:30:02\",\"dateUpdated\":\"2016-05-24 15:17:18\",\"root\":null,\"lft\":null,\"rgt\":null,\"level\":null,\"searchScore\":null,\"productId\":\"85\",\"isDefault\":\"1\",\"sku\":\"Elektronikforsikring\",\"price\":\"99.0000\",\"sortOrder\":\"1\",\"width\":\"0.0000\",\"height\":\"0.0000\",\"length\":\"0.0000\",\"weight\":\"0.0000\",\"stock\":\"0\",\"unlimitedStock\":\"1\",\"minQty\":\"1\",\"maxQty\":\"1\",\"onSale\":0,\"cpEditUrl\":\"#\",\"product\":{\"id\":\"85\",\"enabled\":\"1\",\"archived\":\"0\",\"locale\":\"da\",\"localeEnabled\":\"1\",\"slug\":\"elektronikforsikring\",\"uri\":\"commerce\\/products\\/elektronikforsikring\",\"dateCreated\":\"2016-05-24 09:30:02\",\"dateUpdated\":\"2016-05-24 15:17:18\",\"root\":null,\"lft\":null,\"rgt\":null,\"level\":null,\"searchScore\":null,\"typeId\":\"1\",\"taxCategoryId\":\"1\",\"promotable\":\"0\",\"freeShipping\":\"1\",\"postDate\":\"2016-05-24 09:30:00\",\"expiryDate\":null,\"defaultVariantId\":\"86\",\"defaultSku\":\"Elektronikforsikring\",\"defaultPrice\":\"99.0000\",\"defaultHeight\":\"0.0000\",\"defaultLength\":\"0.0000\",\"defaultWidth\":\"0.0000\",\"defaultWeight\":\"0.0000\",\"title\":\"Elektronikforsikring\"},\"description\":\"Elektronikforsikring\",\"purchasableId\":\"86\",\"options\":[]}', '1', '2016-05-25 15:02:15', '2016-05-25 15:02:26', '1cde0f41-e28a-4241-9cbb-6a4b38f73f53'),
 ('23', '105', '86', '[]', 'd751713988987e9331980363e24189ce', '99.0000', '0.0000', '99.0000', '0.0000', '0.0000', '0.0000', '0.0000', '0.0000', '0.0000', '0.0000', '0.0000', '99.0000', '1', NULL, '{\"id\":\"86\",\"enabled\":\"1\",\"archived\":\"0\",\"locale\":\"da\",\"localeEnabled\":\"1\",\"slug\":\"a-new-toga\",\"uri\":null,\"dateCreated\":\"2016-05-24 09:30:02\",\"dateUpdated\":\"2016-05-24 15:17:18\",\"root\":null,\"lft\":null,\"rgt\":null,\"level\":null,\"searchScore\":null,\"productId\":\"85\",\"isDefault\":\"1\",\"sku\":\"Elektronikforsikring\",\"price\":\"99.0000\",\"sortOrder\":\"1\",\"width\":\"0.0000\",\"height\":\"0.0000\",\"length\":\"0.0000\",\"weight\":\"0.0000\",\"stock\":\"0\",\"unlimitedStock\":\"1\",\"minQty\":\"1\",\"maxQty\":\"1\",\"onSale\":0,\"cpEditUrl\":\"#\",\"product\":{\"id\":\"85\",\"enabled\":\"1\",\"archived\":\"0\",\"locale\":\"da\",\"localeEnabled\":\"1\",\"slug\":\"elektronikforsikring\",\"uri\":\"commerce\\/products\\/elektronikforsikring\",\"dateCreated\":\"2016-05-24 09:30:02\",\"dateUpdated\":\"2016-05-24 15:17:18\",\"root\":null,\"lft\":null,\"rgt\":null,\"level\":null,\"searchScore\":null,\"typeId\":\"1\",\"taxCategoryId\":\"1\",\"promotable\":\"0\",\"freeShipping\":\"1\",\"postDate\":\"2016-05-24 09:30:00\",\"expiryDate\":null,\"defaultVariantId\":\"86\",\"defaultSku\":\"Elektronikforsikring\",\"defaultPrice\":\"99.0000\",\"defaultHeight\":\"0.0000\",\"defaultLength\":\"0.0000\",\"defaultWidth\":\"0.0000\",\"defaultWeight\":\"0.0000\",\"title\":\"Elektronikforsikring\"},\"description\":\"Elektronikforsikring\",\"purchasableId\":\"86\",\"options\":[]}', '1', '2016-05-25 15:52:20', '2016-05-25 15:52:39', 'bb92542d-7c5a-44d0-83d0-5baa46259dca'),
 ('24', '106', '86', '[]', 'd751713988987e9331980363e24189ce', '99.0000', '0.0000', '99.0000', '0.0000', '0.0000', '0.0000', '0.0000', '0.0000', '0.0000', '0.0000', '0.0000', '99.0000', '1', NULL, '{\"id\":\"86\",\"enabled\":\"1\",\"archived\":\"0\",\"locale\":\"da\",\"localeEnabled\":\"1\",\"slug\":\"a-new-toga\",\"uri\":null,\"dateCreated\":\"2016-05-24 09:30:02\",\"dateUpdated\":\"2016-05-24 15:17:18\",\"root\":null,\"lft\":null,\"rgt\":null,\"level\":null,\"searchScore\":null,\"productId\":\"85\",\"isDefault\":\"1\",\"sku\":\"Elektronikforsikring\",\"price\":\"99.0000\",\"sortOrder\":\"1\",\"width\":\"0.0000\",\"height\":\"0.0000\",\"length\":\"0.0000\",\"weight\":\"0.0000\",\"stock\":\"0\",\"unlimitedStock\":\"1\",\"minQty\":\"1\",\"maxQty\":\"1\",\"onSale\":0,\"cpEditUrl\":\"#\",\"product\":{\"id\":\"85\",\"enabled\":\"1\",\"archived\":\"0\",\"locale\":\"da\",\"localeEnabled\":\"1\",\"slug\":\"elektronikforsikring\",\"uri\":\"commerce\\/products\\/elektronikforsikring\",\"dateCreated\":\"2016-05-24 09:30:02\",\"dateUpdated\":\"2016-05-24 15:17:18\",\"root\":null,\"lft\":null,\"rgt\":null,\"level\":null,\"searchScore\":null,\"typeId\":\"1\",\"taxCategoryId\":\"1\",\"promotable\":\"0\",\"freeShipping\":\"1\",\"postDate\":\"2016-05-24 09:30:00\",\"expiryDate\":null,\"defaultVariantId\":\"86\",\"defaultSku\":\"Elektronikforsikring\",\"defaultPrice\":\"99.0000\",\"defaultHeight\":\"0.0000\",\"defaultLength\":\"0.0000\",\"defaultWidth\":\"0.0000\",\"defaultWeight\":\"0.0000\",\"title\":\"Elektronikforsikring\"},\"description\":\"Elektronikforsikring\",\"purchasableId\":\"86\",\"options\":[]}', '1', '2016-05-25 15:58:08', '2016-05-25 15:58:29', '851923b2-0647-4b9a-a344-98ffec60d95a'),
 ('25', '107', '86', '[]', 'd751713988987e9331980363e24189ce', '99.0000', '0.0000', '99.0000', '0.0000', '0.0000', '0.0000', '0.0000', '0.0000', '0.0000', '0.0000', '0.0000', '99.0000', '1', NULL, '{\"id\":\"86\",\"enabled\":\"1\",\"archived\":\"0\",\"locale\":\"da\",\"localeEnabled\":\"1\",\"slug\":\"a-new-toga\",\"uri\":null,\"dateCreated\":\"2016-05-24 09:30:02\",\"dateUpdated\":\"2016-05-24 15:17:18\",\"root\":null,\"lft\":null,\"rgt\":null,\"level\":null,\"searchScore\":null,\"productId\":\"85\",\"isDefault\":\"1\",\"sku\":\"Elektronikforsikring\",\"price\":\"99.0000\",\"sortOrder\":\"1\",\"width\":\"0.0000\",\"height\":\"0.0000\",\"length\":\"0.0000\",\"weight\":\"0.0000\",\"stock\":\"0\",\"unlimitedStock\":\"1\",\"minQty\":\"1\",\"maxQty\":\"1\",\"onSale\":0,\"cpEditUrl\":\"#\",\"product\":{\"id\":\"85\",\"enabled\":\"1\",\"archived\":\"0\",\"locale\":\"da\",\"localeEnabled\":\"1\",\"slug\":\"elektronikforsikring\",\"uri\":\"commerce\\/products\\/elektronikforsikring\",\"dateCreated\":\"2016-05-24 09:30:02\",\"dateUpdated\":\"2016-05-24 15:17:18\",\"root\":null,\"lft\":null,\"rgt\":null,\"level\":null,\"searchScore\":null,\"typeId\":\"1\",\"taxCategoryId\":\"1\",\"promotable\":\"0\",\"freeShipping\":\"1\",\"postDate\":\"2016-05-24 09:30:00\",\"expiryDate\":null,\"defaultVariantId\":\"86\",\"defaultSku\":\"Elektronikforsikring\",\"defaultPrice\":\"99.0000\",\"defaultHeight\":\"0.0000\",\"defaultLength\":\"0.0000\",\"defaultWidth\":\"0.0000\",\"defaultWeight\":\"0.0000\",\"title\":\"Elektronikforsikring\"},\"description\":\"Elektronikforsikring\",\"purchasableId\":\"86\",\"options\":[]}', '1', '2016-05-25 16:09:05', '2016-05-25 16:09:22', '58e71f4d-8e59-4d91-830f-d144fb5a6d24'),
 ('26', '108', '86', '[]', 'd751713988987e9331980363e24189ce', '99.0000', '0.0000', '99.0000', '0.0000', '0.0000', '0.0000', '0.0000', '0.0000', '0.0000', '0.0000', '0.0000', '99.0000', '1', NULL, '{\"id\":\"86\",\"enabled\":\"1\",\"archived\":\"0\",\"locale\":\"da\",\"localeEnabled\":\"1\",\"slug\":\"a-new-toga\",\"uri\":null,\"dateCreated\":\"2016-05-24 09:30:02\",\"dateUpdated\":\"2016-05-24 15:17:18\",\"root\":null,\"lft\":null,\"rgt\":null,\"level\":null,\"searchScore\":null,\"productId\":\"85\",\"isDefault\":\"1\",\"sku\":\"Elektronikforsikring\",\"price\":\"99.0000\",\"sortOrder\":\"1\",\"width\":\"0.0000\",\"height\":\"0.0000\",\"length\":\"0.0000\",\"weight\":\"0.0000\",\"stock\":\"0\",\"unlimitedStock\":\"1\",\"minQty\":\"1\",\"maxQty\":\"1\",\"onSale\":0,\"cpEditUrl\":\"#\",\"product\":{\"id\":\"85\",\"enabled\":\"1\",\"archived\":\"0\",\"locale\":\"da\",\"localeEnabled\":\"1\",\"slug\":\"elektronikforsikring\",\"uri\":\"commerce\\/products\\/elektronikforsikring\",\"dateCreated\":\"2016-05-24 09:30:02\",\"dateUpdated\":\"2016-05-24 15:17:18\",\"root\":null,\"lft\":null,\"rgt\":null,\"level\":null,\"searchScore\":null,\"typeId\":\"1\",\"taxCategoryId\":\"1\",\"promotable\":\"0\",\"freeShipping\":\"1\",\"postDate\":\"2016-05-24 09:30:00\",\"expiryDate\":null,\"defaultVariantId\":\"86\",\"defaultSku\":\"Elektronikforsikring\",\"defaultPrice\":\"99.0000\",\"defaultHeight\":\"0.0000\",\"defaultLength\":\"0.0000\",\"defaultWidth\":\"0.0000\",\"defaultWeight\":\"0.0000\",\"title\":\"Elektronikforsikring\"},\"description\":\"Elektronikforsikring\",\"purchasableId\":\"86\",\"options\":[]}', '1', '2016-05-25 16:22:44', '2016-05-25 16:23:00', 'a2d9db7a-5a9a-41e4-89e8-018cddab7f05'),
 ('27', '109', '86', '[]', 'd751713988987e9331980363e24189ce', '99.0000', '0.0000', '99.0000', '0.0000', '0.0000', '0.0000', '0.0000', '0.0000', '0.0000', '0.0000', '0.0000', '99.0000', '1', NULL, '{\"id\":\"86\",\"enabled\":\"1\",\"archived\":\"0\",\"locale\":\"da\",\"localeEnabled\":\"1\",\"slug\":\"a-new-toga\",\"uri\":null,\"dateCreated\":\"2016-05-24 09:30:02\",\"dateUpdated\":\"2016-05-24 15:17:18\",\"root\":null,\"lft\":null,\"rgt\":null,\"level\":null,\"searchScore\":null,\"productId\":\"85\",\"isDefault\":\"1\",\"sku\":\"Elektronikforsikring\",\"price\":\"99.0000\",\"sortOrder\":\"1\",\"width\":\"0.0000\",\"height\":\"0.0000\",\"length\":\"0.0000\",\"weight\":\"0.0000\",\"stock\":\"0\",\"unlimitedStock\":\"1\",\"minQty\":\"1\",\"maxQty\":\"1\",\"onSale\":0,\"cpEditUrl\":\"#\",\"product\":{\"id\":\"85\",\"enabled\":\"1\",\"archived\":\"0\",\"locale\":\"da\",\"localeEnabled\":\"1\",\"slug\":\"elektronikforsikring\",\"uri\":\"commerce\\/products\\/elektronikforsikring\",\"dateCreated\":\"2016-05-24 09:30:02\",\"dateUpdated\":\"2016-05-24 15:17:18\",\"root\":null,\"lft\":null,\"rgt\":null,\"level\":null,\"searchScore\":null,\"typeId\":\"1\",\"taxCategoryId\":\"1\",\"promotable\":\"0\",\"freeShipping\":\"1\",\"postDate\":\"2016-05-24 09:30:00\",\"expiryDate\":null,\"defaultVariantId\":\"86\",\"defaultSku\":\"Elektronikforsikring\",\"defaultPrice\":\"99.0000\",\"defaultHeight\":\"0.0000\",\"defaultLength\":\"0.0000\",\"defaultWidth\":\"0.0000\",\"defaultWeight\":\"0.0000\",\"title\":\"Elektronikforsikring\"},\"description\":\"Elektronikforsikring\",\"purchasableId\":\"86\",\"options\":[]}', '1', '2016-05-25 16:30:02', '2016-05-25 16:30:21', 'fb706023-4a6e-4f22-939f-22a1528e4e83'),
 ('28', '110', '86', '[]', 'd751713988987e9331980363e24189ce', '99.0000', '0.0000', '99.0000', '0.0000', '0.0000', '0.0000', '0.0000', '0.0000', '0.0000', '0.0000', '0.0000', '99.0000', '1', NULL, '{\"id\":\"86\",\"enabled\":\"1\",\"archived\":\"0\",\"locale\":\"da\",\"localeEnabled\":\"1\",\"slug\":\"a-new-toga\",\"uri\":null,\"dateCreated\":\"2016-05-24 09:30:02\",\"dateUpdated\":\"2016-05-24 15:17:18\",\"root\":null,\"lft\":null,\"rgt\":null,\"level\":null,\"searchScore\":null,\"productId\":\"85\",\"isDefault\":\"1\",\"sku\":\"Elektronikforsikring\",\"price\":\"99.0000\",\"sortOrder\":\"1\",\"width\":\"0.0000\",\"height\":\"0.0000\",\"length\":\"0.0000\",\"weight\":\"0.0000\",\"stock\":\"0\",\"unlimitedStock\":\"1\",\"minQty\":\"1\",\"maxQty\":\"1\",\"onSale\":0,\"cpEditUrl\":\"#\",\"product\":{\"id\":\"85\",\"enabled\":\"1\",\"archived\":\"0\",\"locale\":\"da\",\"localeEnabled\":\"1\",\"slug\":\"elektronikforsikring\",\"uri\":\"commerce\\/products\\/elektronikforsikring\",\"dateCreated\":\"2016-05-24 09:30:02\",\"dateUpdated\":\"2016-05-24 15:17:18\",\"root\":null,\"lft\":null,\"rgt\":null,\"level\":null,\"searchScore\":null,\"typeId\":\"1\",\"taxCategoryId\":\"1\",\"promotable\":\"0\",\"freeShipping\":\"1\",\"postDate\":\"2016-05-24 09:30:00\",\"expiryDate\":null,\"defaultVariantId\":\"86\",\"defaultSku\":\"Elektronikforsikring\",\"defaultPrice\":\"99.0000\",\"defaultHeight\":\"0.0000\",\"defaultLength\":\"0.0000\",\"defaultWidth\":\"0.0000\",\"defaultWeight\":\"0.0000\",\"title\":\"Elektronikforsikring\"},\"description\":\"Elektronikforsikring\",\"purchasableId\":\"86\",\"options\":[]}', '1', '2016-05-25 17:32:59', '2016-05-25 17:33:29', '220d733b-dc9b-4235-b1a4-41babde640ab'),
 ('29', '111', '86', '[]', 'd751713988987e9331980363e24189ce', '99.0000', '0.0000', '99.0000', '0.0000', '0.0000', '0.0000', '0.0000', '0.0000', '0.0000', '0.0000', '0.0000', '99.0000', '1', NULL, '{\"id\":\"86\",\"enabled\":\"1\",\"archived\":\"0\",\"locale\":\"da\",\"localeEnabled\":\"1\",\"slug\":\"a-new-toga\",\"uri\":null,\"dateCreated\":\"2016-05-24 09:30:02\",\"dateUpdated\":\"2016-05-24 15:17:18\",\"root\":null,\"lft\":null,\"rgt\":null,\"level\":null,\"searchScore\":null,\"productId\":\"85\",\"isDefault\":\"1\",\"sku\":\"Elektronikforsikring\",\"price\":\"99.0000\",\"sortOrder\":\"1\",\"width\":\"0.0000\",\"height\":\"0.0000\",\"length\":\"0.0000\",\"weight\":\"0.0000\",\"stock\":\"0\",\"unlimitedStock\":\"1\",\"minQty\":\"1\",\"maxQty\":\"1\",\"onSale\":0,\"cpEditUrl\":\"#\",\"product\":{\"id\":\"85\",\"enabled\":\"1\",\"archived\":\"0\",\"locale\":\"da\",\"localeEnabled\":\"1\",\"slug\":\"elektronikforsikring\",\"uri\":\"commerce\\/products\\/elektronikforsikring\",\"dateCreated\":\"2016-05-24 09:30:02\",\"dateUpdated\":\"2016-05-24 15:17:18\",\"root\":null,\"lft\":null,\"rgt\":null,\"level\":null,\"searchScore\":null,\"typeId\":\"1\",\"taxCategoryId\":\"1\",\"promotable\":\"0\",\"freeShipping\":\"1\",\"postDate\":\"2016-05-24 09:30:00\",\"expiryDate\":null,\"defaultVariantId\":\"86\",\"defaultSku\":\"Elektronikforsikring\",\"defaultPrice\":\"99.0000\",\"defaultHeight\":\"0.0000\",\"defaultLength\":\"0.0000\",\"defaultWidth\":\"0.0000\",\"defaultWeight\":\"0.0000\",\"title\":\"Elektronikforsikring\"},\"description\":\"Elektronikforsikring\",\"purchasableId\":\"86\",\"options\":[]}', '1', '2016-05-25 17:34:54', '2016-05-25 17:35:18', '53e6d0e0-6ffc-4759-843c-c8dac6dae076'),
 ('30', '112', '86', '[]', 'd751713988987e9331980363e24189ce', '99.0000', '0.0000', '99.0000', '0.0000', '0.0000', '0.0000', '0.0000', '0.0000', '0.0000', '0.0000', '0.0000', '99.0000', '1', NULL, '{\"id\":\"86\",\"enabled\":\"1\",\"archived\":\"0\",\"locale\":\"da\",\"localeEnabled\":\"1\",\"slug\":\"a-new-toga\",\"uri\":null,\"dateCreated\":\"2016-05-24 09:30:02\",\"dateUpdated\":\"2016-05-24 15:17:18\",\"root\":null,\"lft\":null,\"rgt\":null,\"level\":null,\"searchScore\":null,\"productId\":\"85\",\"isDefault\":\"1\",\"sku\":\"Elektronikforsikring\",\"price\":\"99.0000\",\"sortOrder\":\"1\",\"width\":\"0.0000\",\"height\":\"0.0000\",\"length\":\"0.0000\",\"weight\":\"0.0000\",\"stock\":\"0\",\"unlimitedStock\":\"1\",\"minQty\":\"1\",\"maxQty\":\"1\",\"onSale\":0,\"cpEditUrl\":\"#\",\"product\":{\"id\":\"85\",\"enabled\":\"1\",\"archived\":\"0\",\"locale\":\"da\",\"localeEnabled\":\"1\",\"slug\":\"elektronikforsikring\",\"uri\":\"commerce\\/products\\/elektronikforsikring\",\"dateCreated\":\"2016-05-24 09:30:02\",\"dateUpdated\":\"2016-05-24 15:17:18\",\"root\":null,\"lft\":null,\"rgt\":null,\"level\":null,\"searchScore\":null,\"typeId\":\"1\",\"taxCategoryId\":\"1\",\"promotable\":\"0\",\"freeShipping\":\"1\",\"postDate\":\"2016-05-24 09:30:00\",\"expiryDate\":null,\"defaultVariantId\":\"86\",\"defaultSku\":\"Elektronikforsikring\",\"defaultPrice\":\"99.0000\",\"defaultHeight\":\"0.0000\",\"defaultLength\":\"0.0000\",\"defaultWidth\":\"0.0000\",\"defaultWeight\":\"0.0000\",\"title\":\"Elektronikforsikring\"},\"description\":\"Elektronikforsikring\",\"purchasableId\":\"86\",\"options\":[]}', '1', '2016-05-25 17:38:13', '2016-05-25 17:38:45', '134cd64b-4531-462b-bed4-f7ed2502624b'),
 ('31', '113', '86', '[]', 'd751713988987e9331980363e24189ce', '99.0000', '0.0000', '99.0000', '0.0000', '0.0000', '0.0000', '0.0000', '0.0000', '0.0000', '0.0000', '0.0000', '99.0000', '1', NULL, '{\"id\":\"86\",\"enabled\":\"1\",\"archived\":\"0\",\"locale\":\"da\",\"localeEnabled\":\"1\",\"slug\":\"a-new-toga\",\"uri\":null,\"dateCreated\":\"2016-05-24 09:30:02\",\"dateUpdated\":\"2016-05-24 15:17:18\",\"root\":null,\"lft\":null,\"rgt\":null,\"level\":null,\"searchScore\":null,\"productId\":\"85\",\"isDefault\":\"1\",\"sku\":\"Elektronikforsikring\",\"price\":\"99.0000\",\"sortOrder\":\"1\",\"width\":\"0.0000\",\"height\":\"0.0000\",\"length\":\"0.0000\",\"weight\":\"0.0000\",\"stock\":\"0\",\"unlimitedStock\":\"1\",\"minQty\":\"1\",\"maxQty\":\"1\",\"onSale\":0,\"cpEditUrl\":\"#\",\"product\":{\"id\":\"85\",\"enabled\":\"1\",\"archived\":\"0\",\"locale\":\"da\",\"localeEnabled\":\"1\",\"slug\":\"elektronikforsikring\",\"uri\":\"commerce\\/products\\/elektronikforsikring\",\"dateCreated\":\"2016-05-24 09:30:02\",\"dateUpdated\":\"2016-05-24 15:17:18\",\"root\":null,\"lft\":null,\"rgt\":null,\"level\":null,\"searchScore\":null,\"typeId\":\"1\",\"taxCategoryId\":\"1\",\"promotable\":\"0\",\"freeShipping\":\"1\",\"postDate\":\"2016-05-24 09:30:00\",\"expiryDate\":null,\"defaultVariantId\":\"86\",\"defaultSku\":\"Elektronikforsikring\",\"defaultPrice\":\"99.0000\",\"defaultHeight\":\"0.0000\",\"defaultLength\":\"0.0000\",\"defaultWidth\":\"0.0000\",\"defaultWeight\":\"0.0000\",\"title\":\"Elektronikforsikring\"},\"description\":\"Elektronikforsikring\",\"purchasableId\":\"86\",\"options\":[]}', '1', '2016-05-25 17:39:34', '2016-05-25 17:40:05', '64c87e67-c756-44c4-b7ea-a19a35628465'),
 ('32', '114', '86', '[]', 'd751713988987e9331980363e24189ce', '99.0000', '0.0000', '99.0000', '0.0000', '0.0000', '0.0000', '0.0000', '0.0000', '0.0000', '0.0000', '0.0000', '99.0000', '1', NULL, '{\"id\":\"86\",\"enabled\":\"1\",\"archived\":\"0\",\"locale\":\"da\",\"localeEnabled\":\"1\",\"slug\":\"a-new-toga\",\"uri\":null,\"dateCreated\":\"2016-05-24 09:30:02\",\"dateUpdated\":\"2016-05-24 15:17:18\",\"root\":null,\"lft\":null,\"rgt\":null,\"level\":null,\"searchScore\":null,\"productId\":\"85\",\"isDefault\":\"1\",\"sku\":\"Elektronikforsikring\",\"price\":\"99.0000\",\"sortOrder\":\"1\",\"width\":\"0.0000\",\"height\":\"0.0000\",\"length\":\"0.0000\",\"weight\":\"0.0000\",\"stock\":\"0\",\"unlimitedStock\":\"1\",\"minQty\":\"1\",\"maxQty\":\"1\",\"onSale\":0,\"cpEditUrl\":\"#\",\"product\":{\"id\":\"85\",\"enabled\":\"1\",\"archived\":\"0\",\"locale\":\"da\",\"localeEnabled\":\"1\",\"slug\":\"elektronikforsikring\",\"uri\":\"commerce\\/products\\/elektronikforsikring\",\"dateCreated\":\"2016-05-24 09:30:02\",\"dateUpdated\":\"2016-05-24 15:17:18\",\"root\":null,\"lft\":null,\"rgt\":null,\"level\":null,\"searchScore\":null,\"typeId\":\"1\",\"taxCategoryId\":\"1\",\"promotable\":\"0\",\"freeShipping\":\"1\",\"postDate\":\"2016-05-24 09:30:00\",\"expiryDate\":null,\"defaultVariantId\":\"86\",\"defaultSku\":\"Elektronikforsikring\",\"defaultPrice\":\"99.0000\",\"defaultHeight\":\"0.0000\",\"defaultLength\":\"0.0000\",\"defaultWidth\":\"0.0000\",\"defaultWeight\":\"0.0000\",\"title\":\"Elektronikforsikring\"},\"description\":\"Elektronikforsikring\",\"purchasableId\":\"86\",\"options\":[]}', '1', '2016-05-25 17:57:52', '2016-05-25 17:58:09', '68df3c29-579f-44f6-87bc-06bf2f487f74'),
 ('33', '115', '86', '[]', 'd751713988987e9331980363e24189ce', '99.0000', '0.0000', '99.0000', '0.0000', '0.0000', '0.0000', '0.0000', '0.0000', '0.0000', '0.0000', '0.0000', '99.0000', '1', NULL, '{\"id\":\"86\",\"enabled\":\"1\",\"archived\":\"0\",\"locale\":\"da\",\"localeEnabled\":\"1\",\"slug\":\"a-new-toga\",\"uri\":null,\"dateCreated\":\"2016-05-24 09:30:02\",\"dateUpdated\":\"2016-05-24 15:17:18\",\"root\":null,\"lft\":null,\"rgt\":null,\"level\":null,\"searchScore\":null,\"productId\":\"85\",\"isDefault\":\"1\",\"sku\":\"Elektronikforsikring\",\"price\":\"99.0000\",\"sortOrder\":\"1\",\"width\":\"0.0000\",\"height\":\"0.0000\",\"length\":\"0.0000\",\"weight\":\"0.0000\",\"stock\":\"0\",\"unlimitedStock\":\"1\",\"minQty\":\"1\",\"maxQty\":\"1\",\"onSale\":0,\"cpEditUrl\":\"#\",\"product\":{\"id\":\"85\",\"enabled\":\"1\",\"archived\":\"0\",\"locale\":\"da\",\"localeEnabled\":\"1\",\"slug\":\"elektronikforsikring\",\"uri\":\"commerce\\/products\\/elektronikforsikring\",\"dateCreated\":\"2016-05-24 09:30:02\",\"dateUpdated\":\"2016-05-24 15:17:18\",\"root\":null,\"lft\":null,\"rgt\":null,\"level\":null,\"searchScore\":null,\"typeId\":\"1\",\"taxCategoryId\":\"1\",\"promotable\":\"0\",\"freeShipping\":\"1\",\"postDate\":\"2016-05-24 09:30:00\",\"expiryDate\":null,\"defaultVariantId\":\"86\",\"defaultSku\":\"Elektronikforsikring\",\"defaultPrice\":\"99.0000\",\"defaultHeight\":\"0.0000\",\"defaultLength\":\"0.0000\",\"defaultWidth\":\"0.0000\",\"defaultWeight\":\"0.0000\",\"title\":\"Elektronikforsikring\"},\"description\":\"Elektronikforsikring\",\"purchasableId\":\"86\",\"options\":[]}', '1', '2016-05-25 18:12:50', '2016-05-25 18:13:05', '27439196-c325-440c-89e7-97772943ff56'),
 ('34', '116', '86', '[]', 'd751713988987e9331980363e24189ce', '99.0000', '0.0000', '99.0000', '0.0000', '0.0000', '0.0000', '0.0000', '0.0000', '0.0000', '0.0000', '0.0000', '99.0000', '1', NULL, '{\"id\":\"86\",\"enabled\":\"1\",\"archived\":\"0\",\"locale\":\"da\",\"localeEnabled\":\"1\",\"slug\":\"a-new-toga\",\"uri\":null,\"dateCreated\":\"2016-05-24 09:30:02\",\"dateUpdated\":\"2016-05-24 15:17:18\",\"root\":null,\"lft\":null,\"rgt\":null,\"level\":null,\"searchScore\":null,\"productId\":\"85\",\"isDefault\":\"1\",\"sku\":\"Elektronikforsikring\",\"price\":\"99.0000\",\"sortOrder\":\"1\",\"width\":\"0.0000\",\"height\":\"0.0000\",\"length\":\"0.0000\",\"weight\":\"0.0000\",\"stock\":\"0\",\"unlimitedStock\":\"1\",\"minQty\":\"1\",\"maxQty\":\"1\",\"onSale\":0,\"cpEditUrl\":\"#\",\"product\":{\"id\":\"85\",\"enabled\":\"1\",\"archived\":\"0\",\"locale\":\"da\",\"localeEnabled\":\"1\",\"slug\":\"elektronikforsikring\",\"uri\":\"commerce\\/products\\/elektronikforsikring\",\"dateCreated\":\"2016-05-24 09:30:02\",\"dateUpdated\":\"2016-05-24 15:17:18\",\"root\":null,\"lft\":null,\"rgt\":null,\"level\":null,\"searchScore\":null,\"typeId\":\"1\",\"taxCategoryId\":\"1\",\"promotable\":\"0\",\"freeShipping\":\"1\",\"postDate\":\"2016-05-24 09:30:00\",\"expiryDate\":null,\"defaultVariantId\":\"86\",\"defaultSku\":\"Elektronikforsikring\",\"defaultPrice\":\"99.0000\",\"defaultHeight\":\"0.0000\",\"defaultLength\":\"0.0000\",\"defaultWidth\":\"0.0000\",\"defaultWeight\":\"0.0000\",\"title\":\"Elektronikforsikring\"},\"description\":\"Elektronikforsikring\",\"purchasableId\":\"86\",\"options\":[]}', '1', '2016-05-25 18:28:23', '2016-05-25 18:28:39', 'b9466e86-7643-4a90-9497-68424a38ee19'),
 ('35', '117', '86', '[]', 'd751713988987e9331980363e24189ce', '99.0000', '0.0000', '99.0000', '0.0000', '0.0000', '0.0000', '0.0000', '0.0000', '0.0000', '0.0000', '0.0000', '99.0000', '1', NULL, '{\"id\":\"86\",\"enabled\":\"1\",\"archived\":\"0\",\"locale\":\"da\",\"localeEnabled\":\"1\",\"slug\":\"a-new-toga\",\"uri\":null,\"dateCreated\":\"2016-05-24 09:30:02\",\"dateUpdated\":\"2016-05-24 15:17:18\",\"root\":null,\"lft\":null,\"rgt\":null,\"level\":null,\"searchScore\":null,\"productId\":\"85\",\"isDefault\":\"1\",\"sku\":\"Elektronikforsikring\",\"price\":\"99.0000\",\"sortOrder\":\"1\",\"width\":\"0.0000\",\"height\":\"0.0000\",\"length\":\"0.0000\",\"weight\":\"0.0000\",\"stock\":\"0\",\"unlimitedStock\":\"1\",\"minQty\":\"1\",\"maxQty\":\"1\",\"onSale\":0,\"cpEditUrl\":\"#\",\"product\":{\"id\":\"85\",\"enabled\":\"1\",\"archived\":\"0\",\"locale\":\"da\",\"localeEnabled\":\"1\",\"slug\":\"elektronikforsikring\",\"uri\":\"commerce\\/products\\/elektronikforsikring\",\"dateCreated\":\"2016-05-24 09:30:02\",\"dateUpdated\":\"2016-05-24 15:17:18\",\"root\":null,\"lft\":null,\"rgt\":null,\"level\":null,\"searchScore\":null,\"typeId\":\"1\",\"taxCategoryId\":\"1\",\"promotable\":\"0\",\"freeShipping\":\"1\",\"postDate\":\"2016-05-24 09:30:00\",\"expiryDate\":null,\"defaultVariantId\":\"86\",\"defaultSku\":\"Elektronikforsikring\",\"defaultPrice\":\"99.0000\",\"defaultHeight\":\"0.0000\",\"defaultLength\":\"0.0000\",\"defaultWidth\":\"0.0000\",\"defaultWeight\":\"0.0000\",\"title\":\"Elektronikforsikring\"},\"description\":\"Elektronikforsikring\",\"purchasableId\":\"86\",\"options\":[]}', '1', '2016-05-25 18:32:39', '2016-05-25 18:32:53', '7971e3e1-cba0-4875-aec2-a8196dae506b'),
 ('36', '118', '86', '[]', 'd751713988987e9331980363e24189ce', '99.0000', '0.0000', '99.0000', '0.0000', '0.0000', '0.0000', '0.0000', '0.0000', '0.0000', '0.0000', '0.0000', '99.0000', '1', NULL, '{\"id\":\"86\",\"enabled\":\"1\",\"archived\":\"0\",\"locale\":\"da\",\"localeEnabled\":\"1\",\"slug\":\"a-new-toga\",\"uri\":null,\"dateCreated\":\"2016-05-24 09:30:02\",\"dateUpdated\":\"2016-05-24 15:17:18\",\"root\":null,\"lft\":null,\"rgt\":null,\"level\":null,\"searchScore\":null,\"productId\":\"85\",\"isDefault\":\"1\",\"sku\":\"Elektronikforsikring\",\"price\":\"99.0000\",\"sortOrder\":\"1\",\"width\":\"0.0000\",\"height\":\"0.0000\",\"length\":\"0.0000\",\"weight\":\"0.0000\",\"stock\":\"0\",\"unlimitedStock\":\"1\",\"minQty\":\"1\",\"maxQty\":\"1\",\"onSale\":0,\"cpEditUrl\":\"#\",\"product\":{\"id\":\"85\",\"enabled\":\"1\",\"archived\":\"0\",\"locale\":\"da\",\"localeEnabled\":\"1\",\"slug\":\"elektronikforsikring\",\"uri\":\"commerce\\/products\\/elektronikforsikring\",\"dateCreated\":\"2016-05-24 09:30:02\",\"dateUpdated\":\"2016-05-24 15:17:18\",\"root\":null,\"lft\":null,\"rgt\":null,\"level\":null,\"searchScore\":null,\"typeId\":\"1\",\"taxCategoryId\":\"1\",\"promotable\":\"0\",\"freeShipping\":\"1\",\"postDate\":\"2016-05-24 09:30:00\",\"expiryDate\":null,\"defaultVariantId\":\"86\",\"defaultSku\":\"Elektronikforsikring\",\"defaultPrice\":\"99.0000\",\"defaultHeight\":\"0.0000\",\"defaultLength\":\"0.0000\",\"defaultWidth\":\"0.0000\",\"defaultWeight\":\"0.0000\",\"title\":\"Elektronikforsikring\"},\"description\":\"Elektronikforsikring\",\"purchasableId\":\"86\",\"options\":[]}', '1', '2016-05-25 18:49:18', '2016-05-25 18:49:39', '237c8947-a86d-4a33-9ca3-c75d02cb5cf4'),
 ('37', '119', '86', '[]', 'd751713988987e9331980363e24189ce', '99.0000', '0.0000', '99.0000', '0.0000', '0.0000', '0.0000', '0.0000', '0.0000', '0.0000', '0.0000', '0.0000', '99.0000', '1', NULL, '{\"id\":\"86\",\"enabled\":\"1\",\"archived\":\"0\",\"locale\":\"da\",\"localeEnabled\":\"1\",\"slug\":\"a-new-toga\",\"uri\":null,\"dateCreated\":\"2016-05-24 09:30:02\",\"dateUpdated\":\"2016-05-24 15:17:18\",\"root\":null,\"lft\":null,\"rgt\":null,\"level\":null,\"searchScore\":null,\"productId\":\"85\",\"isDefault\":\"1\",\"sku\":\"Elektronikforsikring\",\"price\":\"99.0000\",\"sortOrder\":\"1\",\"width\":\"0.0000\",\"height\":\"0.0000\",\"length\":\"0.0000\",\"weight\":\"0.0000\",\"stock\":\"0\",\"unlimitedStock\":\"1\",\"minQty\":\"1\",\"maxQty\":\"1\",\"onSale\":0,\"cpEditUrl\":\"#\",\"product\":{\"id\":\"85\",\"enabled\":\"1\",\"archived\":\"0\",\"locale\":\"da\",\"localeEnabled\":\"1\",\"slug\":\"elektronikforsikring\",\"uri\":\"commerce\\/products\\/elektronikforsikring\",\"dateCreated\":\"2016-05-24 09:30:02\",\"dateUpdated\":\"2016-05-24 15:17:18\",\"root\":null,\"lft\":null,\"rgt\":null,\"level\":null,\"searchScore\":null,\"typeId\":\"1\",\"taxCategoryId\":\"1\",\"promotable\":\"0\",\"freeShipping\":\"1\",\"postDate\":\"2016-05-24 09:30:00\",\"expiryDate\":null,\"defaultVariantId\":\"86\",\"defaultSku\":\"Elektronikforsikring\",\"defaultPrice\":\"99.0000\",\"defaultHeight\":\"0.0000\",\"defaultLength\":\"0.0000\",\"defaultWidth\":\"0.0000\",\"defaultWeight\":\"0.0000\",\"title\":\"Elektronikforsikring\"},\"description\":\"Elektronikforsikring\",\"purchasableId\":\"86\",\"options\":[]}', '1', '2016-05-25 18:53:22', '2016-05-25 18:54:29', '73b2d67e-a00e-463d-8996-2d2c85016c5b'),
 ('38', '120', '86', '[]', 'd751713988987e9331980363e24189ce', '99.0000', '0.0000', '99.0000', '0.0000', '0.0000', '0.0000', '0.0000', '0.0000', '0.0000', '0.0000', '0.0000', '99.0000', '1', NULL, '{\"id\":\"86\",\"enabled\":\"1\",\"archived\":\"0\",\"locale\":\"da\",\"localeEnabled\":\"1\",\"slug\":\"a-new-toga\",\"uri\":null,\"dateCreated\":\"2016-05-24 09:30:02\",\"dateUpdated\":\"2016-05-24 15:17:18\",\"root\":null,\"lft\":null,\"rgt\":null,\"level\":null,\"searchScore\":null,\"productId\":\"85\",\"isDefault\":\"1\",\"sku\":\"Elektronikforsikring\",\"price\":\"99.0000\",\"sortOrder\":\"1\",\"width\":\"0.0000\",\"height\":\"0.0000\",\"length\":\"0.0000\",\"weight\":\"0.0000\",\"stock\":\"0\",\"unlimitedStock\":\"1\",\"minQty\":\"1\",\"maxQty\":\"1\",\"onSale\":0,\"cpEditUrl\":\"#\",\"product\":{\"id\":\"85\",\"enabled\":\"1\",\"archived\":\"0\",\"locale\":\"da\",\"localeEnabled\":\"1\",\"slug\":\"elektronikforsikring\",\"uri\":\"commerce\\/products\\/elektronikforsikring\",\"dateCreated\":\"2016-05-24 09:30:02\",\"dateUpdated\":\"2016-05-24 15:17:18\",\"root\":null,\"lft\":null,\"rgt\":null,\"level\":null,\"searchScore\":null,\"typeId\":\"1\",\"taxCategoryId\":\"1\",\"promotable\":\"0\",\"freeShipping\":\"1\",\"postDate\":\"2016-05-24 09:30:00\",\"expiryDate\":null,\"defaultVariantId\":\"86\",\"defaultSku\":\"Elektronikforsikring\",\"defaultPrice\":\"99.0000\",\"defaultHeight\":\"0.0000\",\"defaultLength\":\"0.0000\",\"defaultWidth\":\"0.0000\",\"defaultWeight\":\"0.0000\",\"title\":\"Elektronikforsikring\"},\"description\":\"Elektronikforsikring\",\"purchasableId\":\"86\",\"options\":[]}', '1', '2016-05-25 19:44:19', '2016-05-25 19:59:46', '499f90fc-6e53-4301-a993-6ad84e5b185d');



DROP TABLE IF EXISTS `craft_commerce_orderadjustments`;


--
-- Schema for table `craft_commerce_orderadjustments`
--
CREATE TABLE `craft_commerce_orderadjustments` (
  `id` int(11) NOT NULL AUTO_INCREMENT,
  `type` varchar(255) COLLATE utf8_unicode_ci NOT NULL,
  `name` varchar(255) COLLATE utf8_unicode_ci DEFAULT NULL,
  `description` varchar(255) COLLATE utf8_unicode_ci DEFAULT NULL,
  `amount` decimal(14,4) NOT NULL,
  `included` tinyint(1) unsigned NOT NULL DEFAULT '0',
  `optionsJson` text COLLATE utf8_unicode_ci NOT NULL,
  `orderId` int(10) NOT NULL,
  `dateCreated` datetime NOT NULL,
  `dateUpdated` datetime NOT NULL,
  `uid` char(36) COLLATE utf8_unicode_ci NOT NULL DEFAULT '0',
  PRIMARY KEY (`id`),
  KEY `craft_commerce_orderadjustments_orderId_idx` (`orderId`)
) ENGINE=InnoDB DEFAULT CHARSET=utf8 COLLATE=utf8_unicode_ci;

DROP TABLE IF EXISTS `craft_commerce_orderhistories`;


--
-- Schema for table `craft_commerce_orderhistories`
--
CREATE TABLE `craft_commerce_orderhistories` (
  `id` int(11) NOT NULL AUTO_INCREMENT,
  `prevStatusId` int(11) DEFAULT NULL,
  `newStatusId` int(11) DEFAULT NULL,
  `orderId` int(10) NOT NULL,
  `customerId` int(10) NOT NULL,
  `message` text COLLATE utf8_unicode_ci,
  `dateCreated` datetime NOT NULL,
  `dateUpdated` datetime NOT NULL,
  `uid` char(36) COLLATE utf8_unicode_ci NOT NULL DEFAULT '0',
  PRIMARY KEY (`id`),
  KEY `craft_commerce_orderhistories_orderId_fk` (`orderId`),
  KEY `craft_commerce_orderhistories_prevStatusId_fk` (`prevStatusId`),
  KEY `craft_commerce_orderhistories_newStatusId_fk` (`newStatusId`),
  KEY `craft_commerce_orderhistories_customerId_fk` (`customerId`)
) ENGINE=InnoDB AUTO_INCREMENT=32 DEFAULT CHARSET=utf8 COLLATE=utf8_unicode_ci;

--
-- Data for table `craft_commerce_orderhistories`
--

INSERT INTO `craft_commerce_orderhistories` (`id`, `prevStatusId`, `newStatusId`, `orderId`, `customerId`, `message`, `dateCreated`, `dateUpdated`, `uid`) VALUES
 ('1', NULL, '1', '93', '1', NULL, '2016-05-24 10:01:19', '2016-05-24 10:01:19', '184862f5-ca2a-4351-8969-9e728a280d01'),
 ('2', '1', '2', '93', '1', '', '2016-05-24 10:06:21', '2016-05-24 10:06:21', 'e8778807-dd7a-4ce9-bfb9-d6aaa994ead7'),
 ('3', NULL, '1', '94', '1', NULL, '2016-05-24 12:40:59', '2016-05-24 12:40:59', 'b075d137-8edf-4485-aa6c-2e6f078c5884'),
 ('4', NULL, '1', '96', '6', NULL, '2016-05-24 20:29:52', '2016-05-24 20:29:52', 'cce3ec8c-9f96-4c8c-8599-18d57669582a'),
 ('5', NULL, '1', '97', '1', NULL, '2016-05-24 20:33:05', '2016-05-24 20:33:05', 'ee1c847c-c05d-463f-9aca-0eff7671dfbd'),
 ('6', '1', '2', '94', '1', '', '2016-05-24 20:38:29', '2016-05-24 20:38:29', '7c080c5d-e930-4678-b0b8-ecd213c2ee59'),
 ('7', '1', '2', '96', '1', '', '2016-05-24 20:38:29', '2016-05-24 20:38:29', '2a4d14e1-d13d-484b-8e8c-82f2ebbb9567'),
 ('8', '1', '2', '97', '1', '', '2016-05-24 20:38:29', '2016-05-24 20:38:29', 'e374f5dc-a579-4505-8c61-01049b99d5d7'),
 ('9', NULL, '1', '98', '1', NULL, '2016-05-24 20:49:43', '2016-05-24 20:49:43', 'edb955d0-a27e-4207-ba6f-1ef522e9b86e'),
 ('10', NULL, '2', '99', '1', NULL, '2016-05-24 20:59:15', '2016-05-24 20:59:15', '4504822a-4ba1-48fe-8c15-11bb543e8f17'),
 ('11', NULL, '2', '100', '7', NULL, '2016-05-25 13:59:06', '2016-05-25 13:59:06', 'fc59682f-4c17-46c6-966f-4cb844600d85'),
 ('12', NULL, '2', '101', '1', NULL, '2016-05-25 14:03:26', '2016-05-25 14:03:26', '057d3052-c0db-40d0-a6e0-308ee9a3126b'),
 ('13', NULL, '2', '102', '1', NULL, '2016-05-25 14:08:24', '2016-05-25 14:08:24', '84d160f2-c6af-4bd2-85df-e3f3e720cea3'),
 ('14', NULL, '2', '103', '1', NULL, '2016-05-25 15:00:24', '2016-05-25 15:00:24', '72298252-9930-4fec-b42c-7ae677d39049'),
 ('15', NULL, '2', '104', '1', NULL, '2016-05-25 15:02:26', '2016-05-25 15:02:26', '80484f6e-048a-4c10-b53a-02ee5cb0c17a'),
 ('16', NULL, '2', '105', '1', NULL, '2016-05-25 15:52:39', '2016-05-25 15:52:39', 'bad6f6b6-d0e0-4b28-a7b1-8910e4658bca'),
 ('17', NULL, '2', '106', '1', NULL, '2016-05-25 15:58:29', '2016-05-25 15:58:29', 'ee43dc70-76c8-462f-9691-23f273dfc28a'),
 ('18', NULL, '2', '107', '1', NULL, '2016-05-25 16:09:22', '2016-05-25 16:09:22', '56369610-af88-4157-a585-0769ce5ea5d8'),
 ('19', NULL, '2', '108', '1', NULL, '2016-05-25 16:23:00', '2016-05-25 16:23:00', 'fb9913c7-1d9b-4be6-b641-d72dfcf1f9ab'),
 ('20', NULL, '2', '109', '1', NULL, '2016-05-25 16:30:21', '2016-05-25 16:30:21', '2f906539-a37c-42f9-82cd-a83ec3b4fd2a'),
 ('21', NULL, '2', '110', '8', NULL, '2016-05-25 17:33:30', '2016-05-25 17:33:30', '97fb2a6d-bfcc-45db-9496-efe6ac098441'),
 ('22', NULL, '2', '111', '9', NULL, '2016-05-25 17:35:18', '2016-05-25 17:35:18', '8cc7b574-c08c-4131-a2fd-311395e7c760'),
 ('23', NULL, '2', '112', '1', NULL, '2016-05-25 17:38:45', '2016-05-25 17:38:45', 'ddf31a9b-ea93-4e03-a516-c6245877b76d'),
 ('24', NULL, '2', '113', '1', NULL, '2016-05-25 17:40:05', '2016-05-25 17:40:05', 'ae8e39d2-eb63-45eb-b0fa-af5902cfb114'),
 ('25', NULL, '2', '114', '1', NULL, '2016-05-25 17:58:09', '2016-05-25 17:58:09', '71c9f5e7-38b9-4f5d-81cc-a81a7fc258c9'),
 ('26', NULL, '2', '115', '1', NULL, '2016-05-25 18:13:05', '2016-05-25 18:13:05', '1589b7d2-9d2a-4c64-84d7-738add442cc5'),
 ('27', NULL, '2', '116', '1', NULL, '2016-05-25 18:28:39', '2016-05-25 18:28:39', 'c68d47b0-40b3-4b84-bf8d-c3443baa6af9'),
 ('28', NULL, '2', '117', '1', NULL, '2016-05-25 18:32:53', '2016-05-25 18:32:53', 'e35ffc5c-7840-46d3-a131-489b15ce34f9'),
 ('29', NULL, '2', '118', '1', NULL, '2016-05-25 18:49:39', '2016-05-25 18:49:39', '14326e2d-deba-4126-9842-2e98f9d51774'),
 ('30', NULL, '2', '119', '11', NULL, '2016-05-25 18:54:29', '2016-05-25 18:54:29', 'b5a6e7d7-4d38-47a5-9d35-13972ebb1863'),
 ('31', NULL, '2', '120', '1', NULL, '2016-05-25 19:59:46', '2016-05-25 19:59:46', 'b439f8ed-f808-4f5e-8eeb-f36b7d53179a');



DROP TABLE IF EXISTS `craft_commerce_orders`;


--
-- Schema for table `craft_commerce_orders`
--
CREATE TABLE `craft_commerce_orders` (
  `billingAddressId` int(11) DEFAULT NULL,
  `shippingAddressId` int(11) DEFAULT NULL,
  `paymentMethodId` int(11) DEFAULT NULL,
  `customerId` int(11) DEFAULT NULL,
  `id` int(11) NOT NULL,
  `orderStatusId` int(11) DEFAULT NULL,
  `number` varchar(32) COLLATE utf8_unicode_ci DEFAULT NULL,
  `couponCode` varchar(255) COLLATE utf8_unicode_ci DEFAULT NULL,
  `itemTotal` decimal(14,4) DEFAULT '0.0000',
  `baseDiscount` decimal(14,4) DEFAULT '0.0000',
  `baseShippingCost` decimal(14,4) DEFAULT '0.0000',
  `totalPrice` decimal(14,4) DEFAULT '0.0000',
  `totalPaid` decimal(14,4) DEFAULT '0.0000',
  `email` varchar(255) COLLATE utf8_unicode_ci DEFAULT NULL,
  `isCompleted` tinyint(1) unsigned NOT NULL DEFAULT '0',
  `dateOrdered` datetime DEFAULT NULL,
  `datePaid` datetime DEFAULT NULL,
  `currency` varchar(255) COLLATE utf8_unicode_ci DEFAULT NULL,
  `lastIp` varchar(255) COLLATE utf8_unicode_ci DEFAULT NULL,
  `message` varchar(255) COLLATE utf8_unicode_ci DEFAULT NULL,
  `returnUrl` varchar(255) COLLATE utf8_unicode_ci DEFAULT NULL,
  `cancelUrl` varchar(255) COLLATE utf8_unicode_ci DEFAULT NULL,
  `shippingMethod` varchar(255) COLLATE utf8_unicode_ci DEFAULT NULL,
  `dateCreated` datetime NOT NULL,
  `dateUpdated` datetime NOT NULL,
  `uid` char(36) COLLATE utf8_unicode_ci NOT NULL DEFAULT '0',
  PRIMARY KEY (`id`),
  KEY `craft_commerce_orders_number_idx` (`number`),
  KEY `craft_commerce_orders_billingAddressId_fk` (`billingAddressId`),
  KEY `craft_commerce_orders_shippingAddressId_fk` (`shippingAddressId`),
  KEY `craft_commerce_orders_paymentMethodId_fk` (`paymentMethodId`),
  KEY `craft_commerce_orders_customerId_fk` (`customerId`),
  KEY `craft_commerce_orders_orderStatusId_fk` (`orderStatusId`)
) ENGINE=InnoDB DEFAULT CHARSET=utf8 COLLATE=utf8_unicode_ci;

--
-- Data for table `craft_commerce_orders`
--

INSERT INTO `craft_commerce_orders` (`billingAddressId`, `shippingAddressId`, `paymentMethodId`, `customerId`, `id`, `orderStatusId`, `number`, `couponCode`, `itemTotal`, `baseDiscount`, `baseShippingCost`, `totalPrice`, `totalPaid`, `email`, `isCompleted`, `dateOrdered`, `datePaid`, `currency`, `lastIp`, `message`, `returnUrl`, `cancelUrl`, `shippingMethod`, `dateCreated`, `dateUpdated`, `uid`) VALUES
 ('2', '3', '1', '1', '93', '2', 'db53f49bd3a690d81680d0bccae6e4ae', NULL, '99.0000', '0.0000', '0.0000', '99.0000', '99.0000', 'mb@18digital.dk', '1', '2016-05-24 10:01:19', '2016-05-24 10:01:19', 'DKK', NULL, '', '/commerce/customer/order?number=db53f49bd3a690d81680d0bccae6e4ae', '/commerce/checkout/payment', NULL, '2016-05-24 09:39:26', '2016-05-26 08:39:50', 'aacb12b7-9720-4e60-8454-8da01cb53e75'),
 ('13', '14', '1', '1', '94', '2', 'ef0d7098903ef7e06b4dde5729156ca8', NULL, '99.0000', '0.0000', '0.0000', '99.0000', '99.0000', 'mb@18digital.dk', '1', '2016-05-24 12:40:59', '2016-05-24 12:40:59', 'DKK', NULL, '', '/commerce/customer/order?number=ef0d7098903ef7e06b4dde5729156ca8', '/commerce/checkout/payment', NULL, '2016-05-24 10:06:52', '2016-05-26 08:39:50', 'c199a02d-4406-46a9-9386-20c94773fddb'),
 ('22', '23', '1', '1', '96', '2', '67bbad17c7feb0c226e011c3a4f5fdb6', NULL, '99.0000', '0.0000', '0.0000', '99.0000', '99.0000', 'mb@18digital.dk', '1', '2016-05-24 20:29:52', '2016-05-24 20:29:52', 'DKK', NULL, '', '/commerce/customer/order?number=67bbad17c7feb0c226e011c3a4f5fdb6', '/commerce/checkout/payment', NULL, '2016-05-24 12:57:57', '2016-05-26 08:39:50', '292bec76-4257-4a52-a579-be7a47bdf9ec'),
 ('24', '25', '1', '1', '97', '2', '9c0d4444b5058425da5055d8800b8f76', NULL, '99.0000', '0.0000', '0.0000', '99.0000', '99.0000', 'mb@18digital.dk', '1', '2016-05-24 20:33:05', '2016-05-24 20:33:04', 'DKK', NULL, '', '/commerce/customer/order?number=9c0d4444b5058425da5055d8800b8f76', '/commerce/checkout/payment', NULL, '2016-05-24 20:32:49', '2016-05-26 08:39:50', 'c1fee027-33a8-4fd5-8a60-fd871b0d7dab'),
 ('26', '27', '1', '1', '98', '1', '80221ba4c3e3bde39c44efebecc8d3e0', NULL, '99.0000', '0.0000', '0.0000', '99.0000', '99.0000', 'mb@18digital.dk', '1', '2016-05-24 20:49:43', '2016-05-24 20:49:43', 'DKK', NULL, NULL, '/commerce/customer/order?number=80221ba4c3e3bde39c44efebecc8d3e0', '/commerce/checkout/payment', NULL, '2016-05-24 20:49:27', '2016-05-26 08:39:50', '56a9376d-0702-4b40-8aac-7de3ffc27ab1'),
 ('28', '29', '1', '1', '99', '2', 'e75e5e6054c9df068f7a94c6969ad70f', NULL, '99.0000', '0.0000', '0.0000', '99.0000', '99.0000', 'mb@18digital.dk', '1', '2016-05-24 20:59:15', '2016-05-24 20:59:15', 'DKK', NULL, NULL, '/commerce/customer/order?number=e75e5e6054c9df068f7a94c6969ad70f', '/commerce/checkout/payment', NULL, '2016-05-24 20:58:54', '2016-05-26 08:39:50', '60668a6c-e47a-42ff-8775-ff834a5e29d8'),
 ('31', '32', '1', '7', '100', '2', 'aa946d6fdc8bafa46c5b89e95655f35e', NULL, '99.0000', '0.0000', '0.0000', '99.0000', '99.0000', 'martin@beuschau.dk', '1', '2016-05-25 13:59:06', '2016-05-25 13:59:06', 'DKK', NULL, NULL, '/commerce/customer/order?number=aa946d6fdc8bafa46c5b89e95655f35e', '/commerce/checkout/payment', NULL, '2016-05-25 12:36:48', '2016-05-25 13:59:06', '10aa9078-a424-4889-8b0b-81822ec1c17c'),
 ('33', '34', '1', '1', '101', '2', '3f8dbe08752d1f88a38bcdee3878565c', NULL, '99.0000', '0.0000', '0.0000', '99.0000', '99.0000', 'mb@18digital.dk', '1', '2016-05-25 14:03:26', '2016-05-25 14:03:26', 'DKK', NULL, NULL, '/commerce/customer/order?number=3f8dbe08752d1f88a38bcdee3878565c', '/commerce/checkout/payment', NULL, '2016-05-25 14:03:11', '2016-05-26 08:39:50', '3be3e315-c524-4862-9537-a9554ddf7099'),
 ('35', '36', '1', '1', '102', '2', 'e669361ab7d6798221ed398d2eddac4c', NULL, '99.0000', '0.0000', '0.0000', '99.0000', '99.0000', 'mb@18digital.dk', '1', '2016-05-25 14:08:24', '2016-05-25 14:08:24', 'DKK', NULL, NULL, '/commerce/customer/order?number=e669361ab7d6798221ed398d2eddac4c', '/commerce/checkout/payment', NULL, '2016-05-25 14:08:08', '2016-05-26 08:39:50', '422214f6-e444-464d-8ed6-7b6d7f3d9eeb'),
 ('37', '38', '1', '1', '103', '2', '752395a8d6e3007f3fdc03612bfa565d', NULL, '99.0000', '0.0000', '0.0000', '99.0000', '99.0000', 'mb@18digital.dk', '1', '2016-05-25 15:00:24', '2016-05-25 15:00:24', 'DKK', NULL, NULL, '/commerce/customer/order?number=752395a8d6e3007f3fdc03612bfa565d', '/commerce/checkout/payment', NULL, '2016-05-25 14:11:02', '2016-05-26 08:39:50', '564cd5a4-7aca-41b6-9366-2c857666bc8c'),
 ('39', '40', '1', '1', '104', '2', '8508e72ad0803fb953b8a3c1ef8eeab5', NULL, '99.0000', '0.0000', '0.0000', '99.0000', '99.0000', 'mb@18digital.dk', '1', '2016-05-25 15:02:26', '2016-05-25 15:02:26', 'DKK', NULL, NULL, '/commerce/customer/order?number=8508e72ad0803fb953b8a3c1ef8eeab5', '/commerce/checkout/payment', NULL, '2016-05-25 15:02:15', '2016-05-26 08:39:50', '57f88199-aada-43cb-8fef-c5873b8464bb'),
 ('41', '42', '1', '1', '105', '2', 'a4b7a38074b68bba7c4ae586813296bc', NULL, '99.0000', '0.0000', '0.0000', '99.0000', '99.0000', 'mb@18digital.dk', '1', '2016-05-25 15:52:39', '2016-05-25 15:52:39', 'DKK', NULL, NULL, '/commerce/customer/order?number=a4b7a38074b68bba7c4ae586813296bc', '/commerce/checkout/payment', NULL, '2016-05-25 15:52:20', '2016-05-26 08:39:50', '95a5001a-6ab3-4952-af39-49e35c5993c2'),
 ('43', '44', '1', '1', '106', '2', 'cd74ba35e29ec04f280b6a97a2f8fc4f', NULL, '99.0000', '0.0000', '0.0000', '99.0000', '99.0000', 'mb@18digital.dk', '1', '2016-05-25 15:58:29', '2016-05-25 15:58:28', 'DKK', NULL, NULL, '/commerce/customer/order?number=cd74ba35e29ec04f280b6a97a2f8fc4f', '/commerce/checkout/payment', NULL, '2016-05-25 15:58:08', '2016-05-26 08:39:50', 'c7963435-c301-4d35-8bbd-4de3d5185fd9'),
 ('45', '46', '1', '1', '107', '2', '2455a7cd76349317657882b5d717fe89', NULL, '99.0000', '0.0000', '0.0000', '99.0000', '99.0000', 'mb@18digital.dk', '1', '2016-05-25 16:09:22', '2016-05-25 16:09:22', 'DKK', NULL, NULL, '/commerce/customer/order?number=2455a7cd76349317657882b5d717fe89', '/commerce/checkout/payment', NULL, '2016-05-25 16:09:05', '2016-05-26 08:39:50', 'cd6faa8a-07f6-4de1-bf39-8ef244a51c86'),
 ('47', '48', '1', '1', '108', '2', '8ac1621443a46b036dabc38bb75ff5cf', NULL, '99.0000', '0.0000', '0.0000', '99.0000', '99.0000', 'mb@18digital.dk', '1', '2016-05-25 16:23:00', '2016-05-25 16:23:00', 'DKK', NULL, NULL, '/commerce/customer/order?number=8ac1621443a46b036dabc38bb75ff5cf', '/commerce/checkout/payment', NULL, '2016-05-25 16:22:44', '2016-05-26 08:39:50', '2873745f-a7aa-438b-9469-ce29ab52b692'),
 ('9', '9', '1', '1', '109', '2', '6b9933e203524b7bdda31af30ee89d14', NULL, '99.0000', '0.0000', '0.0000', '99.0000', '99.0000', 'mb@18digital.dk', '1', '2016-05-25 16:30:21', '2016-05-25 16:30:21', 'DKK', NULL, NULL, '/commerce/customer/order?number=6b9933e203524b7bdda31af30ee89d14', '/commerce/checkout/payment', NULL, '2016-05-25 16:30:02', '2016-05-26 08:39:50', '31d5950e-c2b8-43ee-af8e-1ae07e0d1cfc'),
 ('49', '49', '1', '1', '110', '2', '4d9d581865d2375ce231159f6a270853', NULL, '99.0000', '0.0000', '0.0000', '99.0000', '99.0000', 'mb@18digital.dk', '1', '2016-05-25 17:33:30', '2016-05-25 17:33:29', 'DKK', NULL, NULL, '/commerce/customer/order?number=4d9d581865d2375ce231159f6a270853', '/commerce/checkout/payment', NULL, '2016-05-25 17:32:59', '2016-05-26 08:39:49', '5c960f6e-994d-40ee-a1d0-ab5c8362ab2d'),
 ('50', '50', '1', '1', '111', '2', 'ac2638355d0e6285c6988ae16ab86e3b', NULL, '99.0000', '0.0000', '0.0000', '99.0000', '99.0000', 'mb@18digital.dk', '1', '2016-05-25 17:35:18', '2016-05-25 17:35:18', 'DKK', NULL, NULL, '/commerce/customer/order?number=ac2638355d0e6285c6988ae16ab86e3b', '/commerce/checkout/payment', NULL, '2016-05-25 17:34:54', '2016-05-26 08:39:49', '37f307e6-9b61-4e32-b54d-62349a38ed1c'),
 ('9', '9', '1', '1', '112', '2', '91a99c173f151b6ad63c639e9362a4fb', NULL, '99.0000', '0.0000', '0.0000', '99.0000', '99.0000', 'mb@18digital.dk', '1', '2016-05-25 17:38:45', '2016-05-25 17:38:45', 'DKK', NULL, NULL, '/commerce/customer/order?number=91a99c173f151b6ad63c639e9362a4fb', '/commerce/checkout/payment', NULL, '2016-05-25 17:38:13', '2016-05-26 08:39:49', 'b7d76eb6-0154-47ef-b1d8-5ada12f4bc8d'),
 ('9', '9', '1', '1', '113', '2', 'ee6572b9ba426339d7a27898da01f0cd', NULL, '99.0000', '0.0000', '0.0000', '99.0000', '99.0000', 'mb@18digital.dk', '1', '2016-05-25 17:40:05', '2016-05-25 17:40:05', 'DKK', NULL, NULL, '/commerce/customer/order?number=ee6572b9ba426339d7a27898da01f0cd', '/commerce/checkout/payment', NULL, '2016-05-25 17:39:34', '2016-05-26 08:39:49', 'ecf976d4-344c-495f-902b-b56bd2b70451'),
 ('51', '52', '1', '1', '114', '2', 'c6c6e671d73959a1e888bafacdf4fed0', NULL, '99.0000', '0.0000', '0.0000', '99.0000', '99.0000', 'mb@18digital.dk', '1', '2016-05-25 17:58:09', '2016-05-25 17:58:09', 'DKK', NULL, NULL, '/commerce/customer/order?number=c6c6e671d73959a1e888bafacdf4fed0', '/commerce/checkout/payment', NULL, '2016-05-25 17:57:52', '2016-05-26 08:39:49', 'dad857a0-a5ca-4b96-86ca-6932e3f63b7d'),
 ('53', '54', '1', '1', '115', '2', 'b5631b414bf38aee82ab76bbc788ea6c', NULL, '99.0000', '0.0000', '0.0000', '99.0000', '99.0000', 'mb@18digital.dk', '1', '2016-05-25 18:13:05', '2016-05-25 18:13:05', 'DKK', NULL, NULL, '/commerce/customer/order?number=b5631b414bf38aee82ab76bbc788ea6c', '/commerce/checkout/payment', NULL, '2016-05-25 18:12:50', '2016-05-26 08:39:49', '541326d9-36db-4a6c-9bf3-a47c82d9fb21'),
 ('55', '56', '1', '1', '116', '2', '1fbd1e5b92f8efdfc06b0dc79c95be3c', NULL, '99.0000', '0.0000', '0.0000', '99.0000', '99.0000', 'mb@18digital.dk', '1', '2016-05-25 18:28:39', '2016-05-25 18:28:39', 'DKK', NULL, NULL, '/commerce/customer/order?number=1fbd1e5b92f8efdfc06b0dc79c95be3c', '/commerce/checkout/payment', NULL, '2016-05-25 18:28:23', '2016-05-26 08:39:49', 'db60c4b2-c8fe-4428-ab6d-3f913871f0b2'),
 ('57', '58', '1', '1', '117', '2', '6aea9c13acabfcd5607c21d84422c01d', NULL, '99.0000', '0.0000', '0.0000', '99.0000', '99.0000', 'mb@18digital.dk', '1', '2016-05-25 18:32:53', '2016-05-25 18:32:53', 'DKK', NULL, NULL, '/commerce/customer/order?number=6aea9c13acabfcd5607c21d84422c01d', '/commerce/checkout/payment', NULL, '2016-05-25 18:32:39', '2016-05-26 08:39:49', '77e012fa-a7c7-46d8-b235-bc5b740e31b7'),
 ('59', '60', '1', '1', '118', '2', 'e7b67a96d14fa9bf187745dbd7456f4a', NULL, '99.0000', '0.0000', '0.0000', '99.0000', '99.0000', 'mb@18digital.dk', '1', '2016-05-25 18:49:39', '2016-05-25 18:49:39', 'DKK', NULL, NULL, '/commerce/customer/order?number=e7b67a96d14fa9bf187745dbd7456f4a', '/commerce/checkout/payment', NULL, '2016-05-25 18:49:18', '2016-05-26 08:39:49', '917e00df-39d5-4b15-8213-f3bde7027436'),
 ('62', '63', '1', '11', '119', '2', '07223536f71430a49b415439e348b28c', NULL, '99.0000', '0.0000', '0.0000', '99.0000', '99.0000', 'louise@beuschau.dk', '1', '2016-05-25 18:54:29', '2016-05-25 18:54:29', 'DKK', NULL, NULL, '/commerce/customer/order?number=07223536f71430a49b415439e348b28c', '/commerce/checkout/payment', NULL, '2016-05-25 18:53:22', '2016-05-25 18:54:32', '45db1ba8-e2bb-4bda-8ced-ace416803e21'),
 ('64', '65', '1', '1', '120', '2', '63a39097b0bbcc787467003e4d309f6f', NULL, '99.0000', '0.0000', '0.0000', '99.0000', '99.0000', 'mb@18digital.dk', '1', '2016-05-25 19:59:46', '2016-05-25 19:59:46', 'DKK', NULL, NULL, '/commerce/customer/order?number=63a39097b0bbcc787467003e4d309f6f', '/commerce/checkout/payment', NULL, '2016-05-25 19:44:19', '2016-05-26 08:39:49', '9ff784e5-6855-45d0-a42d-70d805b39a2e');



DROP TABLE IF EXISTS `craft_commerce_ordersettings`;


--
-- Schema for table `craft_commerce_ordersettings`
--
CREATE TABLE `craft_commerce_ordersettings` (
  `id` int(11) NOT NULL AUTO_INCREMENT,
  `fieldLayoutId` int(11) DEFAULT NULL,
  `name` varchar(255) COLLATE utf8_unicode_ci NOT NULL,
  `handle` varchar(255) COLLATE utf8_unicode_ci NOT NULL,
  `dateCreated` datetime NOT NULL,
  `dateUpdated` datetime NOT NULL,
  `uid` char(36) COLLATE utf8_unicode_ci NOT NULL DEFAULT '0',
  PRIMARY KEY (`id`),
  UNIQUE KEY `craft_commerce_ordersettings_handle_unq_idx` (`handle`),
  KEY `craft_commerce_ordersettings_fieldLayoutId_fk` (`fieldLayoutId`)
) ENGINE=InnoDB AUTO_INCREMENT=2 DEFAULT CHARSET=utf8 COLLATE=utf8_unicode_ci;

--
-- Data for table `craft_commerce_ordersettings`
--

INSERT INTO `craft_commerce_ordersettings` (`id`, `fieldLayoutId`, `name`, `handle`, `dateCreated`, `dateUpdated`, `uid`) VALUES
 ('1', '35', 'Order', 'order', '2016-05-24 09:30:02', '2016-05-24 10:04:21', '1a4ad849-ea64-4765-86c4-932ee1e8d9e8');



DROP TABLE IF EXISTS `craft_commerce_orderstatus_emails`;


--
-- Schema for table `craft_commerce_orderstatus_emails`
--
CREATE TABLE `craft_commerce_orderstatus_emails` (
  `id` int(11) NOT NULL AUTO_INCREMENT,
  `orderStatusId` int(11) NOT NULL,
  `emailId` int(11) NOT NULL,
  `dateCreated` datetime NOT NULL,
  `dateUpdated` datetime NOT NULL,
  `uid` char(36) COLLATE utf8_unicode_ci NOT NULL DEFAULT '0',
  PRIMARY KEY (`id`),
  KEY `craft_commerce_orderstatus_emails_orderStatusId_fk` (`orderStatusId`),
  KEY `craft_commerce_orderstatus_emails_emailId_fk` (`emailId`)
) ENGINE=InnoDB AUTO_INCREMENT=3 DEFAULT CHARSET=utf8 COLLATE=utf8_unicode_ci;

--
-- Data for table `craft_commerce_orderstatus_emails`
--

INSERT INTO `craft_commerce_orderstatus_emails` (`id`, `orderStatusId`, `emailId`, `dateCreated`, `dateUpdated`, `uid`) VALUES
 ('2', '2', '1', '2016-05-24 21:00:00', '2016-05-24 21:00:00', '7e30e6e7-8529-4e2f-975c-391e5a68a26b');



DROP TABLE IF EXISTS `craft_commerce_orderstatuses`;


--
-- Schema for table `craft_commerce_orderstatuses`
--
CREATE TABLE `craft_commerce_orderstatuses` (
  `id` int(11) NOT NULL AUTO_INCREMENT,
  `name` varchar(255) COLLATE utf8_unicode_ci NOT NULL,
  `handle` varchar(255) COLLATE utf8_unicode_ci NOT NULL,
  `color` enum('green','orange','red','blue','yellow','pink','purple','turquoise','light','grey','black') COLLATE utf8_unicode_ci NOT NULL DEFAULT 'green',
  `sortOrder` int(10) DEFAULT NULL,
  `default` tinyint(1) unsigned NOT NULL DEFAULT '0',
  `dateCreated` datetime NOT NULL,
  `dateUpdated` datetime NOT NULL,
  `uid` char(36) COLLATE utf8_unicode_ci NOT NULL DEFAULT '0',
  PRIMARY KEY (`id`)
) ENGINE=InnoDB AUTO_INCREMENT=3 DEFAULT CHARSET=utf8 COLLATE=utf8_unicode_ci;

--
-- Data for table `craft_commerce_orderstatuses`
--

INSERT INTO `craft_commerce_orderstatuses` (`id`, `name`, `handle`, `color`, `sortOrder`, `default`, `dateCreated`, `dateUpdated`, `uid`) VALUES
 ('1', 'Processing', 'processing', 'green', '2', '0', '2016-05-24 09:30:02', '2016-05-24 20:57:40', '1075b6f1-33db-4295-a70d-ef8042ddb808'),
 ('2', 'Shipped', 'shipped', 'blue', '1', '1', '2016-05-24 09:30:02', '2016-05-24 21:00:00', 'c13ade3d-2f6b-4fab-8979-15563ecffaf0');



DROP TABLE IF EXISTS `craft_commerce_paymentmethods`;


--
-- Schema for table `craft_commerce_paymentmethods`
--
CREATE TABLE `craft_commerce_paymentmethods` (
  `id` int(11) NOT NULL AUTO_INCREMENT,
  `class` varchar(255) COLLATE utf8_unicode_ci NOT NULL,
  `name` varchar(255) COLLATE utf8_unicode_ci NOT NULL,
  `settings` text COLLATE utf8_unicode_ci,
  `paymentType` enum('authorize','purchase') COLLATE utf8_unicode_ci NOT NULL DEFAULT 'purchase',
  `frontendEnabled` tinyint(1) unsigned NOT NULL DEFAULT '0',
  `isArchived` tinyint(1) unsigned NOT NULL DEFAULT '0',
  `dateArchived` datetime DEFAULT NULL,
  `sortOrder` int(10) DEFAULT NULL,
  `dateCreated` datetime NOT NULL,
  `dateUpdated` datetime NOT NULL,
  `uid` char(36) COLLATE utf8_unicode_ci NOT NULL DEFAULT '0',
  PRIMARY KEY (`id`),
  UNIQUE KEY `craft_commerce_paymentmethods_name_unq_idx` (`name`)
) ENGINE=InnoDB AUTO_INCREMENT=2 DEFAULT CHARSET=utf8 COLLATE=utf8_unicode_ci;

--
-- Data for table `craft_commerce_paymentmethods`
--

INSERT INTO `craft_commerce_paymentmethods` (`id`, `class`, `name`, `settings`, `paymentType`, `frontendEnabled`, `isArchived`, `dateArchived`, `sortOrder`, `dateCreated`, `dateUpdated`, `uid`) VALUES
 ('1', 'Dummy', 'Dummy', '[]', 'purchase', '1', '0', NULL, NULL, '2016-05-24 09:30:02', '2016-05-24 09:54:30', '0d5aa795-b3fb-4d20-a9cd-c4f44a2de6d6');



DROP TABLE IF EXISTS `craft_commerce_products`;


--
-- Schema for table `craft_commerce_products`
--
CREATE TABLE `craft_commerce_products` (
  `id` int(11) NOT NULL,
  `typeId` int(11) DEFAULT NULL,
  `taxCategoryId` int(11) NOT NULL,
  `postDate` datetime DEFAULT NULL,
  `expiryDate` datetime DEFAULT NULL,
  `promotable` tinyint(1) unsigned NOT NULL DEFAULT '0',
  `freeShipping` tinyint(1) unsigned NOT NULL DEFAULT '0',
  `defaultVariantId` int(10) DEFAULT NULL,
  `defaultSku` varchar(255) COLLATE utf8_unicode_ci DEFAULT NULL,
  `defaultPrice` decimal(14,4) DEFAULT NULL,
  `defaultHeight` decimal(14,4) DEFAULT NULL,
  `defaultLength` decimal(14,4) DEFAULT NULL,
  `defaultWidth` decimal(14,4) DEFAULT NULL,
  `defaultWeight` decimal(14,4) DEFAULT NULL,
  `dateCreated` datetime NOT NULL,
  `dateUpdated` datetime NOT NULL,
  `uid` char(36) COLLATE utf8_unicode_ci NOT NULL DEFAULT '0',
  PRIMARY KEY (`id`),
  KEY `craft_commerce_products_typeId_idx` (`typeId`),
  KEY `craft_commerce_products_postDate_idx` (`postDate`),
  KEY `craft_commerce_products_expiryDate_idx` (`expiryDate`),
  KEY `craft_commerce_products_taxCategoryId_fk` (`taxCategoryId`)
) ENGINE=InnoDB DEFAULT CHARSET=utf8 COLLATE=utf8_unicode_ci;

--
-- Data for table `craft_commerce_products`
--

INSERT INTO `craft_commerce_products` (`id`, `typeId`, `taxCategoryId`, `postDate`, `expiryDate`, `promotable`, `freeShipping`, `defaultVariantId`, `defaultSku`, `defaultPrice`, `defaultHeight`, `defaultLength`, `defaultWidth`, `defaultWeight`, `dateCreated`, `dateUpdated`, `uid`) VALUES
 ('85', '1', '1', '2016-05-24 09:30:00', NULL, '0', '1', '86', 'Elektronikforsikring', '99.0000', '0.0000', '0.0000', '0.0000', '0.0000', '2016-05-24 09:30:02', '2016-05-26 11:12:41', '4086a036-ff0f-4987-b8d9-436494706768');



DROP TABLE IF EXISTS `craft_commerce_producttypes`;


--
-- Schema for table `craft_commerce_producttypes`
--
CREATE TABLE `craft_commerce_producttypes` (
  `id` int(11) NOT NULL AUTO_INCREMENT,
  `fieldLayoutId` int(11) DEFAULT NULL,
  `variantFieldLayoutId` int(11) DEFAULT NULL,
  `name` varchar(255) COLLATE utf8_unicode_ci NOT NULL,
  `handle` varchar(255) COLLATE utf8_unicode_ci NOT NULL,
  `hasUrls` tinyint(1) unsigned NOT NULL DEFAULT '0',
  `hasDimensions` tinyint(1) unsigned NOT NULL DEFAULT '0',
  `hasVariants` tinyint(1) unsigned NOT NULL DEFAULT '0',
  `hasVariantTitleField` tinyint(1) unsigned NOT NULL DEFAULT '1',
  `titleFormat` varchar(255) COLLATE utf8_unicode_ci NOT NULL,
  `skuFormat` varchar(255) COLLATE utf8_unicode_ci DEFAULT NULL,
  `template` varchar(500) COLLATE utf8_unicode_ci DEFAULT NULL,
  `dateCreated` datetime NOT NULL,
  `dateUpdated` datetime NOT NULL,
  `uid` char(36) COLLATE utf8_unicode_ci NOT NULL DEFAULT '0',
  PRIMARY KEY (`id`),
  UNIQUE KEY `craft_commerce_producttypes_handle_unq_idx` (`handle`),
  KEY `craft_commerce_producttypes_fieldLayoutId_fk` (`fieldLayoutId`),
  KEY `craft_commerce_producttypes_variantFieldLayoutId_fk` (`variantFieldLayoutId`)
) ENGINE=InnoDB AUTO_INCREMENT=2 DEFAULT CHARSET=utf8 COLLATE=utf8_unicode_ci;

--
-- Data for table `craft_commerce_producttypes`
--

INSERT INTO `craft_commerce_producttypes` (`id`, `fieldLayoutId`, `variantFieldLayoutId`, `name`, `handle`, `hasUrls`, `hasDimensions`, `hasVariants`, `hasVariantTitleField`, `titleFormat`, `skuFormat`, `template`, `dateCreated`, `dateUpdated`, `uid`) VALUES
 ('1', '38', '39', 'Forsikring', 'insurrence', '1', '0', '0', '0', '{product.title}', '', 'commerce/products/_product', '2016-05-24 09:30:02', '2016-05-24 10:16:19', 'fb78fba2-78c4-47a0-94b6-8699ca5ebf42');



DROP TABLE IF EXISTS `craft_commerce_producttypes_i18n`;


--
-- Schema for table `craft_commerce_producttypes_i18n`
--
CREATE TABLE `craft_commerce_producttypes_i18n` (
  `id` int(11) NOT NULL AUTO_INCREMENT,
  `productTypeId` int(11) NOT NULL,
  `locale` char(12) COLLATE utf8_unicode_ci NOT NULL,
  `urlFormat` text COLLATE utf8_unicode_ci,
  `dateCreated` datetime NOT NULL,
  `dateUpdated` datetime NOT NULL,
  `uid` char(36) COLLATE utf8_unicode_ci NOT NULL DEFAULT '0',
  PRIMARY KEY (`id`),
  UNIQUE KEY `craft_commerce_producttypes_i18n_productTypeId_locale_unq_idx` (`productTypeId`,`locale`),
  KEY `craft_commerce_producttypes_i18n_locale_fk` (`locale`)
) ENGINE=InnoDB AUTO_INCREMENT=2 DEFAULT CHARSET=utf8 COLLATE=utf8_unicode_ci;

--
-- Data for table `craft_commerce_producttypes_i18n`
--

INSERT INTO `craft_commerce_producttypes_i18n` (`id`, `productTypeId`, `locale`, `urlFormat`, `dateCreated`, `dateUpdated`, `uid`) VALUES
 ('1', '1', 'da', 'commerce/products/{slug}', '2016-05-24 09:30:02', '2016-05-24 09:30:02', '0fe2febe-5a93-4bdc-b764-36d7cc647a97');



DROP TABLE IF EXISTS `craft_commerce_purchasables`;


--
-- Schema for table `craft_commerce_purchasables`
--
CREATE TABLE `craft_commerce_purchasables` (
  `id` int(11) NOT NULL,
  `sku` varchar(255) COLLATE utf8_unicode_ci NOT NULL,
  `price` decimal(14,4) NOT NULL,
  `dateCreated` datetime NOT NULL,
  `dateUpdated` datetime NOT NULL,
  `uid` char(36) COLLATE utf8_unicode_ci NOT NULL DEFAULT '0',
  PRIMARY KEY (`id`),
  UNIQUE KEY `craft_commerce_purchasables_sku_unq_idx` (`sku`)
) ENGINE=InnoDB DEFAULT CHARSET=utf8 COLLATE=utf8_unicode_ci;

--
-- Data for table `craft_commerce_purchasables`
--

INSERT INTO `craft_commerce_purchasables` (`id`, `sku`, `price`, `dateCreated`, `dateUpdated`, `uid`) VALUES
 ('86', 'Elektronikforsikring', '99.0000', '2016-05-24 09:30:02', '2016-05-26 11:12:41', 'fbc20184-a23c-4176-aec0-8c5351092237');



DROP TABLE IF EXISTS `craft_commerce_sale_products`;


--
-- Schema for table `craft_commerce_sale_products`
--
CREATE TABLE `craft_commerce_sale_products` (
  `id` int(11) NOT NULL AUTO_INCREMENT,
  `saleId` int(10) NOT NULL,
  `productId` int(10) NOT NULL,
  `dateCreated` datetime NOT NULL,
  `dateUpdated` datetime NOT NULL,
  `uid` char(36) COLLATE utf8_unicode_ci NOT NULL DEFAULT '0',
  PRIMARY KEY (`id`),
  UNIQUE KEY `craft_commerce_sale_products_saleId_productId_unq_idx` (`saleId`,`productId`),
  KEY `craft_commerce_sale_products_productId_fk` (`productId`)
) ENGINE=InnoDB DEFAULT CHARSET=utf8 COLLATE=utf8_unicode_ci;

DROP TABLE IF EXISTS `craft_commerce_sale_producttypes`;


--
-- Schema for table `craft_commerce_sale_producttypes`
--
CREATE TABLE `craft_commerce_sale_producttypes` (
  `id` int(11) NOT NULL AUTO_INCREMENT,
  `saleId` int(10) NOT NULL,
  `productTypeId` int(10) NOT NULL,
  `dateCreated` datetime NOT NULL,
  `dateUpdated` datetime NOT NULL,
  `uid` char(36) COLLATE utf8_unicode_ci NOT NULL DEFAULT '0',
  PRIMARY KEY (`id`),
  UNIQUE KEY `craft_commerce_sale_producttypes_saleId_productTypeId_unq_idx` (`saleId`,`productTypeId`),
  KEY `craft_commerce_sale_producttypes_productTypeId_fk` (`productTypeId`)
) ENGINE=InnoDB DEFAULT CHARSET=utf8 COLLATE=utf8_unicode_ci;

DROP TABLE IF EXISTS `craft_commerce_sale_usergroups`;


--
-- Schema for table `craft_commerce_sale_usergroups`
--
CREATE TABLE `craft_commerce_sale_usergroups` (
  `id` int(11) NOT NULL AUTO_INCREMENT,
  `saleId` int(10) NOT NULL,
  `userGroupId` int(10) NOT NULL,
  `dateCreated` datetime NOT NULL,
  `dateUpdated` datetime NOT NULL,
  `uid` char(36) COLLATE utf8_unicode_ci NOT NULL DEFAULT '0',
  PRIMARY KEY (`id`),
  UNIQUE KEY `craft_commerce_sale_usergroups_saleId_userGroupId_unq_idx` (`saleId`,`userGroupId`),
  KEY `craft_commerce_sale_usergroups_userGroupId_fk` (`userGroupId`)
) ENGINE=InnoDB DEFAULT CHARSET=utf8 COLLATE=utf8_unicode_ci;

DROP TABLE IF EXISTS `craft_commerce_sales`;


--
-- Schema for table `craft_commerce_sales`
--
CREATE TABLE `craft_commerce_sales` (
  `id` int(11) NOT NULL AUTO_INCREMENT,
  `name` varchar(255) COLLATE utf8_unicode_ci NOT NULL,
  `description` text COLLATE utf8_unicode_ci,
  `dateFrom` datetime DEFAULT NULL,
  `dateTo` datetime DEFAULT NULL,
  `discountType` enum('percent','flat') COLLATE utf8_unicode_ci NOT NULL,
  `discountAmount` decimal(14,4) NOT NULL,
  `allGroups` tinyint(1) unsigned NOT NULL DEFAULT '0',
  `allProducts` tinyint(1) unsigned NOT NULL DEFAULT '0',
  `allProductTypes` tinyint(1) unsigned NOT NULL DEFAULT '0',
  `enabled` tinyint(1) unsigned NOT NULL DEFAULT '1',
  `dateCreated` datetime NOT NULL,
  `dateUpdated` datetime NOT NULL,
  `uid` char(36) COLLATE utf8_unicode_ci NOT NULL DEFAULT '0',
  PRIMARY KEY (`id`)
) ENGINE=InnoDB DEFAULT CHARSET=utf8 COLLATE=utf8_unicode_ci;

DROP TABLE IF EXISTS `craft_commerce_shippingmethods`;


--
-- Schema for table `craft_commerce_shippingmethods`
--
CREATE TABLE `craft_commerce_shippingmethods` (
  `id` int(11) NOT NULL AUTO_INCREMENT,
  `name` varchar(255) COLLATE utf8_unicode_ci NOT NULL,
  `handle` varchar(255) COLLATE utf8_unicode_ci NOT NULL,
  `enabled` tinyint(1) unsigned NOT NULL DEFAULT '1',
  `dateCreated` datetime NOT NULL,
  `dateUpdated` datetime NOT NULL,
  `uid` char(36) COLLATE utf8_unicode_ci NOT NULL DEFAULT '0',
  PRIMARY KEY (`id`),
  UNIQUE KEY `craft_commerce_shippingmethods_name_unq_idx` (`name`)
) ENGINE=InnoDB DEFAULT CHARSET=utf8 COLLATE=utf8_unicode_ci;

DROP TABLE IF EXISTS `craft_commerce_shippingrules`;


--
-- Schema for table `craft_commerce_shippingrules`
--
CREATE TABLE `craft_commerce_shippingrules` (
  `id` int(11) NOT NULL AUTO_INCREMENT,
  `shippingZoneId` int(11) DEFAULT NULL,
  `name` varchar(255) COLLATE utf8_unicode_ci NOT NULL,
  `description` varchar(255) COLLATE utf8_unicode_ci DEFAULT NULL,
  `methodId` int(10) NOT NULL,
  `priority` int(10) NOT NULL DEFAULT '0',
  `enabled` tinyint(1) unsigned NOT NULL DEFAULT '1',
  `minQty` int(10) NOT NULL DEFAULT '0',
  `maxQty` int(10) NOT NULL DEFAULT '0',
  `minTotal` decimal(14,4) NOT NULL DEFAULT '0.0000',
  `maxTotal` decimal(14,4) NOT NULL DEFAULT '0.0000',
  `minWeight` decimal(14,4) NOT NULL DEFAULT '0.0000',
  `maxWeight` decimal(14,4) NOT NULL DEFAULT '0.0000',
  `baseRate` decimal(14,4) NOT NULL DEFAULT '0.0000',
  `perItemRate` decimal(14,4) NOT NULL DEFAULT '0.0000',
  `weightRate` decimal(14,4) NOT NULL DEFAULT '0.0000',
  `percentageRate` decimal(14,4) NOT NULL DEFAULT '0.0000',
  `minRate` decimal(14,4) NOT NULL DEFAULT '0.0000',
  `maxRate` decimal(14,4) NOT NULL DEFAULT '0.0000',
  `dateCreated` datetime NOT NULL,
  `dateUpdated` datetime NOT NULL,
  `uid` char(36) COLLATE utf8_unicode_ci NOT NULL DEFAULT '0',
  PRIMARY KEY (`id`),
  UNIQUE KEY `craft_commerce_shippingrules_name_unq_idx` (`name`),
  KEY `craft_commerce_shippingrules_methodId_idx` (`methodId`),
  KEY `craft_commerce_shippingrules_shippingZoneId_fk` (`shippingZoneId`)
) ENGINE=InnoDB DEFAULT CHARSET=utf8 COLLATE=utf8_unicode_ci;

DROP TABLE IF EXISTS `craft_commerce_shippingzone_countries`;


--
-- Schema for table `craft_commerce_shippingzone_countries`
--
CREATE TABLE `craft_commerce_shippingzone_countries` (
  `id` int(11) NOT NULL AUTO_INCREMENT,
  `shippingZoneId` int(11) NOT NULL,
  `countryId` int(11) NOT NULL,
  `dateCreated` datetime NOT NULL,
  `dateUpdated` datetime NOT NULL,
  `uid` char(36) COLLATE utf8_unicode_ci NOT NULL DEFAULT '0',
  PRIMARY KEY (`id`),
  UNIQUE KEY `craft_commerc_shippingzon_countrie_shippingZoneI_countryI_unq_id` (`shippingZoneId`,`countryId`),
  KEY `craft_commerce_shippingzone_countries_shippingZoneId_idx` (`shippingZoneId`),
  KEY `craft_commerce_shippingzone_countries_countryId_idx` (`countryId`)
) ENGINE=InnoDB DEFAULT CHARSET=utf8 COLLATE=utf8_unicode_ci;

DROP TABLE IF EXISTS `craft_commerce_shippingzone_states`;


--
-- Schema for table `craft_commerce_shippingzone_states`
--
CREATE TABLE `craft_commerce_shippingzone_states` (
  `id` int(11) NOT NULL AUTO_INCREMENT,
  `shippingZoneId` int(11) NOT NULL,
  `stateId` int(11) NOT NULL,
  `dateCreated` datetime NOT NULL,
  `dateUpdated` datetime NOT NULL,
  `uid` char(36) COLLATE utf8_unicode_ci NOT NULL DEFAULT '0',
  PRIMARY KEY (`id`),
  UNIQUE KEY `craft_commerce_shippingzone_states_shippingZoneId_stateId_unq_id` (`shippingZoneId`,`stateId`),
  KEY `craft_commerce_shippingzone_states_shippingZoneId_idx` (`shippingZoneId`),
  KEY `craft_commerce_shippingzone_states_stateId_idx` (`stateId`)
) ENGINE=InnoDB DEFAULT CHARSET=utf8 COLLATE=utf8_unicode_ci;

DROP TABLE IF EXISTS `craft_commerce_shippingzones`;


--
-- Schema for table `craft_commerce_shippingzones`
--
CREATE TABLE `craft_commerce_shippingzones` (
  `id` int(11) NOT NULL AUTO_INCREMENT,
  `name` varchar(255) COLLATE utf8_unicode_ci NOT NULL,
  `description` varchar(255) COLLATE utf8_unicode_ci DEFAULT NULL,
  `countryBased` tinyint(1) unsigned NOT NULL DEFAULT '1',
  `dateCreated` datetime NOT NULL,
  `dateUpdated` datetime NOT NULL,
  `uid` char(36) COLLATE utf8_unicode_ci NOT NULL DEFAULT '0',
  PRIMARY KEY (`id`),
  UNIQUE KEY `craft_commerce_shippingzones_name_unq_idx` (`name`)
) ENGINE=InnoDB DEFAULT CHARSET=utf8 COLLATE=utf8_unicode_ci;

DROP TABLE IF EXISTS `craft_commerce_states`;


--
-- Schema for table `craft_commerce_states`
--
CREATE TABLE `craft_commerce_states` (
  `id` int(11) NOT NULL AUTO_INCREMENT,
  `name` varchar(255) COLLATE utf8_unicode_ci NOT NULL,
  `abbreviation` varchar(255) COLLATE utf8_unicode_ci DEFAULT NULL,
  `countryId` int(10) NOT NULL,
  `dateCreated` datetime NOT NULL,
  `dateUpdated` datetime NOT NULL,
  `uid` char(36) COLLATE utf8_unicode_ci NOT NULL DEFAULT '0',
  PRIMARY KEY (`id`),
  UNIQUE KEY `craft_commerce_states_name_countryId_unq_idx` (`name`,`countryId`),
  KEY `craft_commerce_states_countryId_fk` (`countryId`)
) ENGINE=InnoDB AUTO_INCREMENT=73 DEFAULT CHARSET=utf8 COLLATE=utf8_unicode_ci;

--
-- Data for table `craft_commerce_states`
--

INSERT INTO `craft_commerce_states` (`id`, `name`, `abbreviation`, `countryId`, `dateCreated`, `dateUpdated`, `uid`) VALUES
 ('1', 'Australian Capital Territory', 'ACT', '13', '2016-05-24 09:30:02', '2016-05-24 09:30:02', 'db23463f-4984-460a-b939-f880b9cb5409'),
 ('2', 'New South Wales', 'NSW', '13', '2016-05-24 09:30:02', '2016-05-24 09:30:02', 'e04ff0d0-0a68-4a26-a9da-661eb20a7099'),
 ('3', 'Northern Territory', 'NT', '13', '2016-05-24 09:30:02', '2016-05-24 09:30:02', 'cca43d5f-80b5-4d36-b366-3130821792fc'),
 ('4', 'Queensland', 'QLD', '13', '2016-05-24 09:30:02', '2016-05-24 09:30:02', '0c121b9a-7ee5-46e3-a6f7-c39ea854f7d8'),
 ('5', 'South Australia', 'SA', '13', '2016-05-24 09:30:02', '2016-05-24 09:30:02', 'b869b909-cd70-43ee-a53b-8e83651330f4'),
 ('6', 'Tasmania', 'TAS', '13', '2016-05-24 09:30:02', '2016-05-24 09:30:02', '52a8f24b-ec88-4eb0-8df0-d3227dc97726'),
 ('7', 'Victoria', 'VIC', '13', '2016-05-24 09:30:02', '2016-05-24 09:30:02', 'c4b79271-1f42-4711-a930-9596da0d12af'),
 ('8', 'Western Australia', 'WA', '13', '2016-05-24 09:30:02', '2016-05-24 09:30:02', 'c199f12b-7ce4-4af8-b1c2-0b1951a6dde0'),
 ('9', 'Alberta', 'AB', '38', '2016-05-24 09:30:02', '2016-05-24 09:30:02', '91cea220-9611-4d47-bc90-b83aedb6f624'),
 ('10', 'British Columbia', 'BC', '38', '2016-05-24 09:30:02', '2016-05-24 09:30:02', '1d064cd0-0beb-452b-9b11-5e571df9bd40'),
 ('11', 'Manitoba', 'MB', '38', '2016-05-24 09:30:02', '2016-05-24 09:30:02', '66c8679a-646f-4484-9fc3-996f9f559a1f'),
 ('12', 'New Brunswick', 'NB', '38', '2016-05-24 09:30:02', '2016-05-24 09:30:02', '2f813dcd-a43f-4ede-9f8c-1b46fe50ed49'),
 ('13', 'Newfoundland and Labrador', 'NL', '38', '2016-05-24 09:30:02', '2016-05-24 09:30:02', '26a18653-1ce7-41e8-9bb3-b7d8b1b8f634'),
 ('14', 'Northwest Territories', 'NT', '38', '2016-05-24 09:30:02', '2016-05-24 09:30:02', 'c31c7662-7a94-467d-9611-d8bff9b32922'),
 ('15', 'Nova Scotia', 'NS', '38', '2016-05-24 09:30:02', '2016-05-24 09:30:02', 'c2432c09-278d-4e4b-8dd6-b7c0fc34127a'),
 ('16', 'Nunavut', 'NU', '38', '2016-05-24 09:30:02', '2016-05-24 09:30:02', 'b8f32f33-1658-4d15-b1bf-19bf88650ab4'),
 ('17', 'Ontario', 'ON', '38', '2016-05-24 09:30:02', '2016-05-24 09:30:02', '64702b9a-ea02-430b-bd03-dd6d35559faf'),
 ('18', 'Prince Edward Island', 'PE', '38', '2016-05-24 09:30:02', '2016-05-24 09:30:02', '0f66f47b-75a3-4b8a-8fa6-da6aa42eefcc'),
 ('19', 'Quebec', 'QC', '38', '2016-05-24 09:30:02', '2016-05-24 09:30:02', '3290e91e-66c8-4ae3-b4bd-4de9bccf0256'),
 ('20', 'Saskatchewan', 'SK', '38', '2016-05-24 09:30:02', '2016-05-24 09:30:02', 'b7557c03-b634-4765-adef-b4fbbe9157eb'),
 ('21', 'Yukon', 'YT', '38', '2016-05-24 09:30:02', '2016-05-24 09:30:02', '76f1b6a5-6166-4dc0-bf38-7e17018914d3'),
 ('22', 'Alabama', 'AL', '233', '2016-05-24 09:30:02', '2016-05-24 09:30:02', '9948f8c8-8cac-4264-8562-447a18fa9125'),
 ('23', 'Alaska', 'AK', '233', '2016-05-24 09:30:02', '2016-05-24 09:30:02', '4c94f570-f45b-4657-9250-d9294e1ea84e'),
 ('24', 'Arizona', 'AZ', '233', '2016-05-24 09:30:02', '2016-05-24 09:30:02', 'b740d8f8-a762-495f-ae15-e875cf569d45'),
 ('25', 'Arkansas', 'AR', '233', '2016-05-24 09:30:02', '2016-05-24 09:30:02', '1d1ce977-0676-4ac7-95d8-d01cb6af41a1'),
 ('26', 'California', 'CA', '233', '2016-05-24 09:30:02', '2016-05-24 09:30:02', '79d36b29-46f0-4783-8b17-7cead51b0fc6'),
 ('27', 'Colorado', 'CO', '233', '2016-05-24 09:30:02', '2016-05-24 09:30:02', '77dd6c58-b8a8-4040-ba04-7590b2670a8b'),
 ('28', 'Connecticut', 'CT', '233', '2016-05-24 09:30:02', '2016-05-24 09:30:02', 'e5fe4b39-927f-40c7-94f9-cda5d9322c90'),
 ('29', 'Delaware', 'DE', '233', '2016-05-24 09:30:02', '2016-05-24 09:30:02', '0205227a-33a0-4d1e-a884-76b86762e9cf'),
 ('30', 'District of Columbia', 'DC', '233', '2016-05-24 09:30:02', '2016-05-24 09:30:02', 'b58e042f-d6d2-45cb-8f87-49aa6f1ac819'),
 ('31', 'Florida', 'FL', '233', '2016-05-24 09:30:02', '2016-05-24 09:30:02', 'ea7311fc-9a74-47d5-b895-28808cbf590e'),
 ('32', 'Georgia', 'GA', '233', '2016-05-24 09:30:02', '2016-05-24 09:30:02', '491e7f8d-0914-4cfe-9ab2-95d0f42fdfb7'),
 ('33', 'Hawaii', 'HI', '233', '2016-05-24 09:30:02', '2016-05-24 09:30:02', '2476b2d6-836f-4c3b-a9cf-381ce83ded57'),
 ('34', 'Idaho', 'ID', '233', '2016-05-24 09:30:02', '2016-05-24 09:30:02', '45c49a67-ceb0-4042-b5be-79ff6a2e5582'),
 ('35', 'Illinois', 'IL', '233', '2016-05-24 09:30:02', '2016-05-24 09:30:02', '2235f560-c7ac-42f3-a850-9a2eeb690a45'),
 ('36', 'Indiana', 'IN', '233', '2016-05-24 09:30:02', '2016-05-24 09:30:02', '1bcca03a-b00c-4356-9526-229089b1a094'),
 ('37', 'Iowa', 'IA', '233', '2016-05-24 09:30:02', '2016-05-24 09:30:02', 'f2dd7055-dc76-4966-94d3-c3419d122ba2'),
 ('38', 'Kansas', 'KS', '233', '2016-05-24 09:30:02', '2016-05-24 09:30:02', '275696d3-88cc-43f2-a185-da346190cd8d'),
 ('39', 'Kentucky', 'KY', '233', '2016-05-24 09:30:02', '2016-05-24 09:30:02', '070d6128-1007-4bdc-b61b-a9ab3ead1730'),
 ('40', 'Louisiana', 'LA', '233', '2016-05-24 09:30:02', '2016-05-24 09:30:02', 'ff0231d4-52d2-4549-81d9-d4bc893a4ff1'),
 ('41', 'Maine', 'ME', '233', '2016-05-24 09:30:02', '2016-05-24 09:30:02', 'f823c7e0-5fac-4d8d-ad72-8529f646ef96'),
 ('42', 'Maryland', 'MD', '233', '2016-05-24 09:30:02', '2016-05-24 09:30:02', '9b9d3fad-15f2-4f2e-bfb0-d58ca0a06d26'),
 ('43', 'Massachusetts', 'MA', '233', '2016-05-24 09:30:02', '2016-05-24 09:30:02', 'c31b4b62-ef2d-42d7-b3df-a5bd4185eec6'),
 ('44', 'Michigan', 'MI', '233', '2016-05-24 09:30:02', '2016-05-24 09:30:02', 'd5feac3c-1a4e-4468-8a7f-b4a39d1bdf18'),
 ('45', 'Minnesota', 'MN', '233', '2016-05-24 09:30:02', '2016-05-24 09:30:02', 'ab6176dc-6449-4f7b-9807-aa142a4f2bbe'),
 ('46', 'Mississippi', 'MS', '233', '2016-05-24 09:30:02', '2016-05-24 09:30:02', '3eb7d4e5-c23e-4779-af53-6b180b995bb5'),
 ('47', 'Missouri', 'MO', '233', '2016-05-24 09:30:02', '2016-05-24 09:30:02', '6b001a65-d5d3-4b62-b17f-b53d3399dccd'),
 ('48', 'Montana', 'MT', '233', '2016-05-24 09:30:02', '2016-05-24 09:30:02', '3d2a385f-386a-4e81-ae86-6b6be3cdf317'),
 ('49', 'Nebraska', 'NE', '233', '2016-05-24 09:30:02', '2016-05-24 09:30:02', '674f2dbc-138e-49ef-9d47-bee2cceaea61'),
 ('50', 'Nevada', 'NV', '233', '2016-05-24 09:30:02', '2016-05-24 09:30:02', '50bf1232-bf2e-4787-b81f-006943f61f9c'),
 ('51', 'New Hampshire', 'NH', '233', '2016-05-24 09:30:02', '2016-05-24 09:30:02', 'cda64f48-3b72-4dd5-a10a-665fa0283cc3'),
 ('52', 'New Jersey', 'NJ', '233', '2016-05-24 09:30:02', '2016-05-24 09:30:02', 'd87af648-3252-4f67-ac18-43442145e0e3'),
 ('53', 'New Mexico', 'NM', '233', '2016-05-24 09:30:02', '2016-05-24 09:30:02', 'f94f94dd-e5a2-44eb-9180-fdd5f61d8040'),
 ('54', 'New York', 'NY', '233', '2016-05-24 09:30:02', '2016-05-24 09:30:02', '2df4b2da-c108-4806-b6d2-217b112d761d'),
 ('55', 'North Carolina', 'NC', '233', '2016-05-24 09:30:02', '2016-05-24 09:30:02', 'a42922e2-640f-40cd-aad1-07eb0216b883'),
 ('56', 'North Dakota', 'ND', '233', '2016-05-24 09:30:02', '2016-05-24 09:30:02', '5c68e8ac-2c1d-4a31-bc41-008306d8befb'),
 ('57', 'Ohio', 'OH', '233', '2016-05-24 09:30:02', '2016-05-24 09:30:02', '1a97ecaa-0212-429c-a9e4-1711a2a1c166'),
 ('58', 'Oklahoma', 'OK', '233', '2016-05-24 09:30:02', '2016-05-24 09:30:02', 'be042d9a-5470-4179-8a5b-8ba80e880523'),
 ('59', 'Oregon', 'OR', '233', '2016-05-24 09:30:02', '2016-05-24 09:30:02', 'e571f418-901e-4ff2-9316-1767bdd9fd89'),
 ('60', 'Pennsylvania', 'PA', '233', '2016-05-24 09:30:02', '2016-05-24 09:30:02', 'c8841aad-ee87-4928-8e4d-0d5d68307328'),
 ('61', 'Rhode Island', 'RI', '233', '2016-05-24 09:30:02', '2016-05-24 09:30:02', 'b796d766-9bfd-4655-b407-ebf333affa0a'),
 ('62', 'South Carolina', 'SC', '233', '2016-05-24 09:30:02', '2016-05-24 09:30:02', 'd6e488a4-809e-4036-a095-eff8d9ed8071'),
 ('63', 'South Dakota', 'SD', '233', '2016-05-24 09:30:02', '2016-05-24 09:30:02', 'e994f7ed-db55-42c9-be66-ba4d0811ebae'),
 ('64', 'Tennessee', 'TN', '233', '2016-05-24 09:30:02', '2016-05-24 09:30:02', 'cc073aff-cda2-42bd-bef6-e7e9cc0d9912'),
 ('65', 'Texas', 'TX', '233', '2016-05-24 09:30:02', '2016-05-24 09:30:02', '3777acee-1067-44bd-9d05-40303184dac9'),
 ('66', 'Utah', 'UT', '233', '2016-05-24 09:30:02', '2016-05-24 09:30:02', '17d86955-03ab-43fe-90cd-b27481a5368f'),
 ('67', 'Vermont', 'VT', '233', '2016-05-24 09:30:02', '2016-05-24 09:30:02', '315d031d-32a2-44a0-a59f-a874f68fbd2e'),
 ('68', 'Virginia', 'VA', '233', '2016-05-24 09:30:02', '2016-05-24 09:30:02', '61f7d9b5-a5d0-48d6-973e-d2b027490086'),
 ('69', 'Washington', 'WA', '233', '2016-05-24 09:30:02', '2016-05-24 09:30:02', 'bf186b44-9561-4a18-973b-0cd465f6ee8f'),
 ('70', 'West Virginia', 'WV', '233', '2016-05-24 09:30:02', '2016-05-24 09:30:02', '2c3f3a2b-0a95-4bd9-88f3-5a4523d38ed1'),
 ('71', 'Wisconsin', 'WI', '233', '2016-05-24 09:30:02', '2016-05-24 09:30:02', '28cec49d-a2bb-484d-9cc8-d274cb6d6e1c'),
 ('72', 'Wyoming', 'WY', '233', '2016-05-24 09:30:02', '2016-05-24 09:30:02', '6afc411c-9b81-4463-80ee-3a90351b9b3a');



DROP TABLE IF EXISTS `craft_commerce_taxcategories`;


--
-- Schema for table `craft_commerce_taxcategories`
--
CREATE TABLE `craft_commerce_taxcategories` (
  `id` int(11) NOT NULL AUTO_INCREMENT,
  `name` varchar(255) COLLATE utf8_unicode_ci NOT NULL,
  `handle` varchar(255) COLLATE utf8_unicode_ci NOT NULL,
  `description` varchar(255) COLLATE utf8_unicode_ci DEFAULT NULL,
  `default` tinyint(1) unsigned NOT NULL DEFAULT '0',
  `dateCreated` datetime NOT NULL,
  `dateUpdated` datetime NOT NULL,
  `uid` char(36) COLLATE utf8_unicode_ci NOT NULL DEFAULT '0',
  PRIMARY KEY (`id`),
  UNIQUE KEY `craft_commerce_taxcategories_handle_unq_idx` (`handle`)
) ENGINE=InnoDB AUTO_INCREMENT=2 DEFAULT CHARSET=utf8 COLLATE=utf8_unicode_ci;

--
-- Data for table `craft_commerce_taxcategories`
--

INSERT INTO `craft_commerce_taxcategories` (`id`, `name`, `handle`, `description`, `default`, `dateCreated`, `dateUpdated`, `uid`) VALUES
 ('1', 'General', 'general', NULL, '1', '2016-05-24 09:30:02', '2016-05-24 09:30:02', 'a2f515c3-fd5f-46d4-8430-06e4fc207404');



DROP TABLE IF EXISTS `craft_commerce_taxrates`;


--
-- Schema for table `craft_commerce_taxrates`
--
CREATE TABLE `craft_commerce_taxrates` (
  `id` int(11) NOT NULL AUTO_INCREMENT,
  `taxZoneId` int(11) NOT NULL,
  `taxCategoryId` int(11) NOT NULL,
  `name` varchar(255) COLLATE utf8_unicode_ci NOT NULL,
  `rate` decimal(14,4) NOT NULL,
  `include` tinyint(1) unsigned NOT NULL DEFAULT '0',
  `showInLabel` tinyint(1) unsigned NOT NULL DEFAULT '0',
  `taxable` enum('price','shipping','price_shipping') COLLATE utf8_unicode_ci NOT NULL,
  `dateCreated` datetime NOT NULL,
  `dateUpdated` datetime NOT NULL,
  `uid` char(36) COLLATE utf8_unicode_ci NOT NULL DEFAULT '0',
  PRIMARY KEY (`id`),
  KEY `craft_commerce_taxrates_taxZoneId_idx` (`taxZoneId`),
  KEY `craft_commerce_taxrates_taxCategoryId_idx` (`taxCategoryId`)
) ENGINE=InnoDB DEFAULT CHARSET=utf8 COLLATE=utf8_unicode_ci;

DROP TABLE IF EXISTS `craft_commerce_taxzone_countries`;


--
-- Schema for table `craft_commerce_taxzone_countries`
--
CREATE TABLE `craft_commerce_taxzone_countries` (
  `id` int(11) NOT NULL AUTO_INCREMENT,
  `taxZoneId` int(11) NOT NULL,
  `countryId` int(11) NOT NULL,
  `dateCreated` datetime NOT NULL,
  `dateUpdated` datetime NOT NULL,
  `uid` char(36) COLLATE utf8_unicode_ci NOT NULL DEFAULT '0',
  PRIMARY KEY (`id`),
  UNIQUE KEY `craft_commerce_taxzone_countries_taxZoneId_countryId_unq_idx` (`taxZoneId`,`countryId`),
  KEY `craft_commerce_taxzone_countries_taxZoneId_idx` (`taxZoneId`),
  KEY `craft_commerce_taxzone_countries_countryId_idx` (`countryId`)
) ENGINE=InnoDB DEFAULT CHARSET=utf8 COLLATE=utf8_unicode_ci;

DROP TABLE IF EXISTS `craft_commerce_taxzone_states`;


--
-- Schema for table `craft_commerce_taxzone_states`
--
CREATE TABLE `craft_commerce_taxzone_states` (
  `id` int(11) NOT NULL AUTO_INCREMENT,
  `taxZoneId` int(11) NOT NULL,
  `stateId` int(11) NOT NULL,
  `dateCreated` datetime NOT NULL,
  `dateUpdated` datetime NOT NULL,
  `uid` char(36) COLLATE utf8_unicode_ci NOT NULL DEFAULT '0',
  PRIMARY KEY (`id`),
  UNIQUE KEY `craft_commerce_taxzone_states_taxZoneId_stateId_unq_idx` (`taxZoneId`,`stateId`),
  KEY `craft_commerce_taxzone_states_taxZoneId_idx` (`taxZoneId`),
  KEY `craft_commerce_taxzone_states_stateId_idx` (`stateId`)
) ENGINE=InnoDB DEFAULT CHARSET=utf8 COLLATE=utf8_unicode_ci;

DROP TABLE IF EXISTS `craft_commerce_taxzones`;


--
-- Schema for table `craft_commerce_taxzones`
--
CREATE TABLE `craft_commerce_taxzones` (
  `id` int(11) NOT NULL AUTO_INCREMENT,
  `name` varchar(255) COLLATE utf8_unicode_ci NOT NULL,
  `description` varchar(255) COLLATE utf8_unicode_ci DEFAULT NULL,
  `countryBased` tinyint(1) unsigned NOT NULL DEFAULT '1',
  `default` tinyint(1) unsigned NOT NULL DEFAULT '0',
  `dateCreated` datetime NOT NULL,
  `dateUpdated` datetime NOT NULL,
  `uid` char(36) COLLATE utf8_unicode_ci NOT NULL DEFAULT '0',
  PRIMARY KEY (`id`),
  UNIQUE KEY `craft_commerce_taxzones_name_unq_idx` (`name`)
) ENGINE=InnoDB DEFAULT CHARSET=utf8 COLLATE=utf8_unicode_ci;

DROP TABLE IF EXISTS `craft_commerce_transactions`;


--
-- Schema for table `craft_commerce_transactions`
--
CREATE TABLE `craft_commerce_transactions` (
  `id` int(11) NOT NULL AUTO_INCREMENT,
  `parentId` int(11) DEFAULT NULL,
  `paymentMethodId` int(11) DEFAULT NULL,
  `userId` int(11) DEFAULT NULL,
  `hash` varchar(32) COLLATE utf8_unicode_ci DEFAULT NULL,
  `type` enum('authorize','capture','purchase','refund') COLLATE utf8_unicode_ci NOT NULL,
  `amount` decimal(17,4) DEFAULT NULL,
  `status` enum('pending','redirect','success','failed') COLLATE utf8_unicode_ci NOT NULL,
  `reference` varchar(255) COLLATE utf8_unicode_ci DEFAULT NULL,
  `message` text COLLATE utf8_unicode_ci,
  `response` text COLLATE utf8_unicode_ci,
  `orderId` int(10) NOT NULL,
  `dateCreated` datetime NOT NULL,
  `dateUpdated` datetime NOT NULL,
  `uid` char(36) COLLATE utf8_unicode_ci NOT NULL DEFAULT '0',
  PRIMARY KEY (`id`),
  KEY `craft_commerce_transactions_parentId_fk` (`parentId`),
  KEY `craft_commerce_transactions_paymentMethodId_fk` (`paymentMethodId`),
  KEY `craft_commerce_transactions_orderId_fk` (`orderId`),
  KEY `craft_commerce_transactions_userId_fk` (`userId`)
) ENGINE=InnoDB AUTO_INCREMENT=28 DEFAULT CHARSET=utf8 COLLATE=utf8_unicode_ci;

--
-- Data for table `craft_commerce_transactions`
--

INSERT INTO `craft_commerce_transactions` (`id`, `parentId`, `paymentMethodId`, `userId`, `hash`, `type`, `amount`, `status`, `reference`, `message`, `response`, `orderId`, `dateCreated`, `dateUpdated`, `uid`) VALUES
 ('1', NULL, '1', '1', 'd3512692b9529ff59101782c29a73980', 'purchase', '99.0000', 'success', '5744266f81c11', 'Success', NULL, '93', '2016-05-24 10:01:19', '2016-05-24 10:01:19', '41be7fb7-3e93-49b8-a002-6713a753ed7f'),
 ('2', NULL, '1', '1', 'bd4ce282f8160ba5b91ccd179f33b0c5', 'purchase', '99.0000', 'success', '57444bdb84294', 'Success', NULL, '94', '2016-05-24 12:40:59', '2016-05-24 12:40:59', '0a584049-b7c5-4b96-bce3-0fc19f57af8d'),
 ('3', NULL, '1', NULL, 'f5cba0ac4043eb4efc69deb07262d6eb', 'purchase', '99.0000', 'success', '5744b9c036b05', 'Success', NULL, '96', '2016-05-24 20:29:52', '2016-05-24 20:29:52', '2273b468-9b7c-4385-8369-76adb7d9ce37'),
 ('4', NULL, '1', '1', '3b260728093336cf10336d472aead6c0', 'purchase', '99.0000', 'success', '5744ba80e1897', 'Success', NULL, '97', '2016-05-24 20:33:04', '2016-05-24 20:33:04', '98c70044-98f7-4e88-ae16-2d7664d6c0d9'),
 ('5', NULL, '1', '1', '18a0b5321f6276aaa454cea9dd49c6f7', 'purchase', '99.0000', 'success', '5744be67746dc', 'Success', NULL, '98', '2016-05-24 20:49:43', '2016-05-24 20:49:43', 'bba147f6-6764-475b-b342-8f7a0f73b820'),
 ('6', NULL, '1', '1', '44e25925b70cdd96e6efebe3f1a61628', 'purchase', '99.0000', 'success', '5744c0a33be06', 'Success', NULL, '99', '2016-05-24 20:59:15', '2016-05-24 20:59:15', '6835061c-4ade-43e0-a24c-1aea9678bbb9'),
 ('7', NULL, '1', NULL, '18297304b5c4d8b99b63cdad5f22603a', 'purchase', '99.0000', 'success', '5745afaa0a0d3', 'Success', NULL, '100', '2016-05-25 13:59:06', '2016-05-25 13:59:06', 'd72d584b-a255-4255-8c62-12d2fa6207e1'),
 ('8', NULL, '1', '1', 'cad8443daa4fb2006155b5090bb7d7f9', 'purchase', '99.0000', 'success', '5745b0ae1c7d2', 'Success', NULL, '101', '2016-05-25 14:03:26', '2016-05-25 14:03:26', '6b5341f0-2aa0-48ab-b1f3-460cacffbe65'),
 ('9', NULL, '1', '1', '526039fb04aaef5d467376df661d21b1', 'purchase', '99.0000', 'success', '5745b1d83f048', 'Success', NULL, '102', '2016-05-25 14:08:24', '2016-05-25 14:08:24', '3318832f-3186-4938-85c4-eba9915b5bc1'),
 ('10', NULL, '1', '1', 'fda9e32bab4844d187d3d342bb993431', 'purchase', '99.0000', 'success', '5745be084c19a', 'Success', NULL, '103', '2016-05-25 15:00:24', '2016-05-25 15:00:24', '77a2c86c-81f4-456d-b035-e5d1e01b5c67'),
 ('11', NULL, '1', '1', 'b8f57f64d0197c9dfe2e12944afe3043', 'purchase', '99.0000', 'success', '5745be82bd60f', 'Success', NULL, '104', '2016-05-25 15:02:26', '2016-05-25 15:02:26', 'ae9e715b-17aa-4287-9674-e97926adc028'),
 ('12', NULL, '1', '1', '14871144efd4bb17c18ae06b91cab3d5', 'purchase', '99.0000', 'success', '5745ca475e598', 'Success', NULL, '105', '2016-05-25 15:52:39', '2016-05-25 15:52:39', '6c717aa5-b171-4df6-84ef-94d25d458078'),
 ('13', NULL, '1', '1', '5214ee7e7e050da9568d75f9c1d2547b', 'purchase', '99.0000', 'success', '5745cba4e81ee', 'Success', NULL, '106', '2016-05-25 15:58:28', '2016-05-25 15:58:28', '60068b69-7891-4347-a65b-bb514d8b54a7'),
 ('14', NULL, '1', '1', '0260c632518c80543818c376c24b2fab', 'purchase', '99.0000', 'success', '5745ce32ce632', 'Success', NULL, '107', '2016-05-25 16:09:22', '2016-05-25 16:09:22', 'e7b7df4f-0f31-41d4-8b15-8a8edf5d86c5'),
 ('15', NULL, '1', '1', 'f5c4bd187c3c2d0fbd5bbb306936ee35', 'purchase', '99.0000', 'success', '5745d16466e72', 'Success', NULL, '108', '2016-05-25 16:23:00', '2016-05-25 16:23:00', 'ec0a2076-db49-44c2-a6b8-c8ed23c6d5aa'),
 ('16', NULL, '1', '1', '83cba81d4967a4550d6efd055feed17a', 'purchase', '99.0000', 'success', '5745d31dce1aa', 'Success', NULL, '109', '2016-05-25 16:30:21', '2016-05-25 16:30:21', 'ff7125ad-7a4e-4438-bc57-c4ae74c32759'),
 ('17', NULL, '1', NULL, '86ce575651eeb19fbbaaefd3197bcdab', 'purchase', '99.0000', 'success', '5745e1e9e3f3f', 'Success', NULL, '110', '2016-05-25 17:33:29', '2016-05-25 17:33:29', '9c508dc4-ae59-4b79-aa1e-0072c0c2ae2e'),
 ('18', NULL, '1', NULL, '7d4328e4e2587498d3ee42f856a58e63', 'purchase', '99.0000', 'success', '5745e2566a7f8', 'Success', NULL, '111', '2016-05-25 17:35:18', '2016-05-25 17:35:18', '72c1e0c2-0821-4c2c-a9a4-752bfc9cad77'),
 ('19', NULL, '1', '1', 'eac45c035eb151ea09653e90b8e00004', 'purchase', '99.0000', 'success', '5745e3251f159', 'Success', NULL, '112', '2016-05-25 17:38:45', '2016-05-25 17:38:45', '125c2b31-b363-45e4-b184-beab631b499f'),
 ('20', NULL, '1', '1', 'a7b53c2a1c7deb55b89f73f43b6a5c3b', 'purchase', '99.0000', 'success', '5745e3754281d', 'Success', NULL, '113', '2016-05-25 17:40:05', '2016-05-25 17:40:05', '16b75db1-9682-44c2-ab0e-e6b6f5080a8d'),
 ('21', NULL, '1', '1', '038d625542bc128faa24eacb2b8b727d', 'purchase', '99.0000', 'success', '5745e7b1cd8dd', 'Success', NULL, '114', '2016-05-25 17:58:09', '2016-05-25 17:58:09', '1c8fe155-5b10-4bf4-9c4f-532735dc2bbe'),
 ('22', NULL, '1', '1', '2e22b93b92b07d80e0c66d0332d16cf6', 'purchase', '99.0000', 'success', '5745eb317fb55', 'Success', NULL, '115', '2016-05-25 18:13:05', '2016-05-25 18:13:05', '6a3cb216-e57c-4f67-ae11-2688fb42a1d7'),
 ('23', NULL, '1', '1', '99f483fa97ba0a38550d5c4d1d891c7c', 'purchase', '99.0000', 'success', '5745eed7a929c', 'Success', NULL, '116', '2016-05-25 18:28:39', '2016-05-25 18:28:39', 'd30a9016-4c8b-4405-b115-a172d11c141e'),
 ('24', NULL, '1', '1', 'c9dff237fd3aa4350ba574aa1d7f9547', 'purchase', '99.0000', 'success', '5745efd57593f', 'Success', NULL, '117', '2016-05-25 18:32:53', '2016-05-25 18:32:53', 'f3a54b0f-a0b1-4a0c-b010-959ff491b672'),
 ('25', NULL, '1', '1', '3bd3aea1770d346280f206c9e3984b20', 'purchase', '99.0000', 'success', '5745f3c3bc592', 'Success', NULL, '118', '2016-05-25 18:49:39', '2016-05-25 18:49:39', '694e4747-369a-439e-ae86-ddc69ae47491'),
 ('26', NULL, '1', NULL, 'f56d6baad3beb5948d6848f2ae2f1254', 'purchase', '99.0000', 'success', '5745f4e50963d', 'Success', NULL, '119', '2016-05-25 18:54:29', '2016-05-25 18:54:29', 'e59ba218-3512-40e6-9090-c4baf0ed7cf8'),
 ('27', NULL, '1', '1', 'f9cd6bc558fa946cbdb5656af18b15c1', 'purchase', '99.0000', 'success', '57460432d489e', 'Success', NULL, '120', '2016-05-25 19:59:46', '2016-05-25 19:59:46', 'c989795f-f613-4e59-895f-0413251eb5f0');



DROP TABLE IF EXISTS `craft_commerce_variants`;


--
-- Schema for table `craft_commerce_variants`
--
CREATE TABLE `craft_commerce_variants` (
  `productId` int(11) DEFAULT NULL,
  `id` int(11) NOT NULL,
  `sku` varchar(255) COLLATE utf8_unicode_ci NOT NULL,
  `isDefault` tinyint(1) unsigned NOT NULL DEFAULT '0',
  `price` decimal(14,4) NOT NULL,
  `sortOrder` int(10) DEFAULT NULL,
  `width` decimal(14,4) DEFAULT NULL,
  `height` decimal(14,4) DEFAULT NULL,
  `length` decimal(14,4) DEFAULT NULL,
  `weight` decimal(14,4) DEFAULT NULL,
  `stock` int(10) NOT NULL DEFAULT '0',
  `unlimitedStock` tinyint(1) unsigned NOT NULL DEFAULT '0',
  `minQty` int(10) DEFAULT NULL,
  `maxQty` int(10) DEFAULT NULL,
  `dateCreated` datetime NOT NULL,
  `dateUpdated` datetime NOT NULL,
  `uid` char(36) COLLATE utf8_unicode_ci NOT NULL DEFAULT '0',
  PRIMARY KEY (`id`),
  UNIQUE KEY `craft_commerce_variants_sku_unq_idx` (`sku`),
  KEY `craft_commerce_variants_productId_fk` (`productId`)
) ENGINE=InnoDB DEFAULT CHARSET=utf8 COLLATE=utf8_unicode_ci;

--
-- Data for table `craft_commerce_variants`
--

INSERT INTO `craft_commerce_variants` (`productId`, `id`, `sku`, `isDefault`, `price`, `sortOrder`, `width`, `height`, `length`, `weight`, `stock`, `unlimitedStock`, `minQty`, `maxQty`, `dateCreated`, `dateUpdated`, `uid`) VALUES
 ('85', '86', 'Elektronikforsikring', '1', '99.0000', '1', '0.0000', '0.0000', '0.0000', '0.0000', '0', '1', '1', '1', '2016-05-24 09:30:02', '2016-05-26 11:12:41', 'df63dfc7-ef66-4a1b-955b-e2bd709338c7');



DROP TABLE IF EXISTS `craft_content`;


--
-- Schema for table `craft_content`
--
CREATE TABLE `craft_content` (
  `id` int(11) NOT NULL AUTO_INCREMENT,
  `elementId` int(11) NOT NULL,
  `locale` char(12) COLLATE utf8_unicode_ci NOT NULL,
  `title` varchar(255) COLLATE utf8_unicode_ci DEFAULT NULL,
  `field_body` text COLLATE utf8_unicode_ci,
  `field_efFirstname` text COLLATE utf8_unicode_ci,
  `field_efLastname` text COLLATE utf8_unicode_ci,
  `field_adresse` text COLLATE utf8_unicode_ci,
  `field_postnr` text COLLATE utf8_unicode_ci,
  `field_eMail` text COLLATE utf8_unicode_ci,
  `field_bekraeftEmail` text COLLATE utf8_unicode_ci,
  `field_vejnr` text COLLATE utf8_unicode_ci,
  `field_telefonnr` text COLLATE utf8_unicode_ci,
  `field_newsletter` varchar(255) COLLATE utf8_unicode_ci DEFAULT NULL,
  `field_produktBeskrivelse` text COLLATE utf8_unicode_ci,
  `dateCreated` datetime NOT NULL,
  `dateUpdated` datetime NOT NULL,
  `uid` char(36) COLLATE utf8_unicode_ci NOT NULL DEFAULT '0',
  PRIMARY KEY (`id`),
  UNIQUE KEY `craft_content_elementId_locale_unq_idx` (`elementId`,`locale`),
  KEY `craft_content_title_idx` (`title`),
  KEY `craft_content_locale_fk` (`locale`)
) ENGINE=InnoDB AUTO_INCREMENT=41 DEFAULT CHARSET=utf8 COLLATE=utf8_unicode_ci;

--
-- Data for table `craft_content`
--

INSERT INTO `craft_content` (`id`, `elementId`, `locale`, `title`, `field_body`, `field_efFirstname`, `field_efLastname`, `field_adresse`, `field_postnr`, `field_eMail`, `field_bekraeftEmail`, `field_vejnr`, `field_telefonnr`, `field_newsletter`, `field_produktBeskrivelse`, `dateCreated`, `dateUpdated`, `uid`) VALUES
 ('1', '1', 'da', NULL, NULL, NULL, NULL, NULL, NULL, NULL, NULL, NULL, '0', NULL, NULL, '2016-03-30 12:09:18', '2016-05-25 19:30:22', '3da0659e-8ea0-41ad-8032-5fdcce92e974'),
 ('2', '2', 'da', 'Welcome to Elektronikforsikring.dev!', '<p>It’s true, this site doesn’t have a whole lot of content yet, but don’t worry. Our web developers have just installed the CMS, and they’re setting things up for the content editors this very moment. Soon Elektronikforsikring.dev will be an oasis of fresh perspectives, sharp analyses, and astute opinions that will keep you coming back again and again.</p>', NULL, NULL, NULL, NULL, NULL, NULL, NULL, '0', NULL, NULL, '2016-03-30 12:09:21', '2016-05-24 14:08:53', '40d1f240-2b72-4453-ab59-846293b4332c'),
 ('3', '3', 'da', 'We just installed Craft!', '<p>Craft is the CMS that’s powering Elektronikforsikring.dev. It’s beautiful, powerful, flexible, and easy-to-use, and it’s made by Pixel &amp; Tonic. We can’t wait to dive in and see what it’s capable of!</p><!--pagebreak--><p>This is even more captivating content, which you couldn’t see on the News index page because it was entered after a Page Break, and the News index template only likes to show the content on the first page.</p><p>Craft: a nice alternative to Word, if you’re making a website.</p>', NULL, NULL, NULL, NULL, NULL, NULL, NULL, '0', NULL, NULL, '2016-03-30 12:09:21', '2016-03-30 12:09:21', '9bb9100d-d9a8-4535-9d5e-9d8fdc1ea5ad'),
 ('4', '5', 'da', 'Orderconfirm', '<h1>Tak for din bestilling.</h1>\n\n<p>Vi har modtaget din ordre og er allerede i gang med at behandle den.</p><p>Vi har også sendt dig en bekræftelse på den indtastet e-mail. Din forsikring er gældende med det samme. Når ordren er færdigbehandlet, så sender vi den officielle police. <br /></p>\n\n<p>Med venlig hilsen</p>\n\n\n\n<p>Kundeservicechef<br />Karina Byrdal</p>', NULL, NULL, NULL, NULL, NULL, NULL, NULL, '0', NULL, NULL, '2016-05-13 10:59:37', '2016-05-17 07:44:30', '5772783c-23b4-4b2e-b51f-6027c42f06a6'),
 ('5', '85', 'da', 'Elektronikforsikring', '<p>Bestil din elektronikforsikring til kun 99 kr./md. For at sikre, at alt dit elektronik er sikret med det samme, så betaler du resten af denne måned samt næste måned. I dag er det den 13. maj og derfor betaler du for de resterende 19 dage + 99 kr. Derfor vil din første regning være på 161 kr. Der vil efterfølgende blive trukket 99 kr./md. </p>', NULL, NULL, NULL, NULL, NULL, NULL, NULL, NULL, '[\"\"]', '<p>Til markets laveste pris kan du nu forsikre alt elektronik i husstanden - uden selvrisiko. Det koster kun 99 kr./md. - det bliver ikke meget nemmere!</p>\n\n<p>For at forsikringen gælder med det samme trækker vi [paymentThisMonth] for resten af måneden.</p>', '2016-05-24 09:30:02', '2016-05-26 11:12:40', 'b75f4b43-9600-4258-a925-f0a9a3a3c685'),
 ('6', '86', 'da', 'Elektronikforsikring', NULL, NULL, NULL, NULL, NULL, NULL, NULL, NULL, NULL, '[\"\"]', NULL, '2016-05-24 09:30:02', '2016-05-26 11:12:41', 'af6c5fc9-bcaa-492b-b0fb-c01fb73f28cf'),
 ('13', '93', 'da', NULL, NULL, NULL, NULL, NULL, NULL, '', NULL, NULL, NULL, '[\"\"]', NULL, '2016-05-24 09:39:26', '2016-05-26 08:39:50', '91e9aa3f-6ce9-49d0-badf-b9fbc135c088'),
 ('14', '94', 'da', NULL, NULL, NULL, NULL, NULL, NULL, NULL, NULL, NULL, NULL, '[\"\"]', NULL, '2016-05-24 10:06:52', '2016-05-26 08:39:50', '569d298a-4088-4c3a-8dac-ca2b55ab6dc6'),
 ('15', '95', 'da', 'Folder', NULL, NULL, NULL, NULL, NULL, NULL, NULL, NULL, NULL, '[\"\"]', NULL, '2016-05-24 10:34:44', '2016-05-24 10:34:51', '17804350-0bec-4b74-ae34-f78f4ee0569f'),
 ('16', '96', 'da', NULL, NULL, NULL, NULL, NULL, NULL, NULL, NULL, NULL, NULL, '[\"\"]', NULL, '2016-05-24 12:57:57', '2016-05-26 08:39:50', '4e4bd40b-a414-47c6-8e62-f0a85bc3c750'),
 ('17', '97', 'da', NULL, NULL, NULL, NULL, NULL, NULL, 'mb@18digital.dk', NULL, NULL, NULL, '[\"\"]', NULL, '2016-05-24 20:32:49', '2016-05-26 08:39:50', '24c3c545-97eb-4db9-add8-de8518100ca6'),
 ('18', '98', 'da', NULL, NULL, NULL, NULL, NULL, NULL, NULL, NULL, NULL, NULL, '[\"\"]', NULL, '2016-05-24 20:49:27', '2016-05-26 08:39:50', '5e10a410-4d92-466a-ac94-cc58cc42c706'),
 ('19', '99', 'da', NULL, NULL, NULL, NULL, NULL, NULL, NULL, NULL, NULL, NULL, '[\"\"]', NULL, '2016-05-24 20:58:54', '2016-05-26 08:39:50', '0e5b17ee-fd78-4066-bcdf-df24b1806cc3'),
 ('20', '100', 'da', NULL, NULL, NULL, NULL, NULL, NULL, NULL, NULL, NULL, NULL, '[\"\"]', NULL, '2016-05-25 12:36:48', '2016-05-25 13:59:06', '59b07ad5-9e63-4ad4-a0eb-4d45c4cecbb9'),
 ('21', '101', 'da', NULL, NULL, NULL, NULL, NULL, NULL, NULL, NULL, NULL, NULL, '[\"\"]', NULL, '2016-05-25 14:03:11', '2016-05-26 08:39:50', 'b3a4bb8d-9308-4b91-80d8-e7ea7c28a3a4'),
 ('22', '102', 'da', NULL, NULL, NULL, NULL, NULL, NULL, NULL, NULL, NULL, NULL, '[\"\"]', NULL, '2016-05-25 14:08:08', '2016-05-26 08:39:50', 'bb56e8bd-47d2-4efa-8783-d4c777c37f1d'),
 ('23', '103', 'da', NULL, NULL, NULL, NULL, NULL, NULL, NULL, NULL, NULL, NULL, '[\"\"]', NULL, '2016-05-25 14:11:02', '2016-05-26 08:39:50', '070639b8-0c86-49db-b9f3-dfc82967bcd1'),
 ('24', '104', 'da', NULL, NULL, NULL, NULL, NULL, NULL, NULL, NULL, NULL, NULL, '[\"\"]', NULL, '2016-05-25 15:02:15', '2016-05-26 08:39:50', 'aeb6fa49-6ee5-40e6-ad9e-1048cee5fae0'),
 ('25', '105', 'da', NULL, NULL, NULL, NULL, NULL, NULL, 'martin@beuschau.dk', NULL, NULL, NULL, '[\"\"]', NULL, '2016-05-25 15:52:20', '2016-05-26 08:39:50', '1bc32f69-42a3-486c-a440-6de67fe923e4'),
 ('26', '106', 'da', NULL, NULL, NULL, NULL, NULL, NULL, NULL, NULL, NULL, NULL, '[\"\"]', NULL, '2016-05-25 15:58:08', '2016-05-26 08:39:50', 'b692f8a0-5956-4ac7-88b5-df94ae32d8f2'),
 ('27', '107', 'da', NULL, NULL, NULL, NULL, NULL, NULL, NULL, NULL, NULL, NULL, '[\"\"]', NULL, '2016-05-25 16:09:05', '2016-05-26 08:39:50', '994f4a5d-2e7a-4240-bff7-3a0b1147a08e'),
 ('28', '108', 'da', NULL, NULL, NULL, NULL, NULL, NULL, NULL, NULL, NULL, NULL, '[\"\"]', NULL, '2016-05-25 16:22:44', '2016-05-26 08:39:50', '9c62d811-b91c-4c65-ac47-2852a196dca6'),
 ('29', '109', 'da', NULL, NULL, NULL, NULL, NULL, NULL, NULL, NULL, NULL, NULL, '[\"\"]', NULL, '2016-05-25 16:30:02', '2016-05-26 08:39:50', '26ee523d-eaff-4242-983e-b0c63b00ce99'),
 ('30', '110', 'da', NULL, NULL, NULL, NULL, NULL, NULL, NULL, NULL, NULL, NULL, '[\"\"]', NULL, '2016-05-25 17:32:59', '2016-05-26 08:39:49', '0a6e11e5-b86b-45eb-bb19-ce3864c9babe'),
 ('31', '111', 'da', NULL, NULL, NULL, NULL, NULL, NULL, NULL, NULL, NULL, NULL, '[\"\"]', NULL, '2016-05-25 17:34:54', '2016-05-26 08:39:49', '374bbdd6-64f4-4999-b0db-a45990fb389b'),
 ('32', '112', 'da', NULL, NULL, NULL, NULL, NULL, NULL, NULL, NULL, NULL, NULL, '[\"\"]', NULL, '2016-05-25 17:38:13', '2016-05-26 08:39:49', '64aa051e-2d39-4d4c-b0a6-51c894fa8c74'),
 ('33', '113', 'da', NULL, NULL, NULL, NULL, NULL, NULL, NULL, NULL, NULL, NULL, '[\"\"]', NULL, '2016-05-25 17:39:34', '2016-05-26 08:39:49', '39a05434-5e56-497c-93cd-16e19df621ba'),
 ('34', '114', 'da', NULL, NULL, NULL, NULL, NULL, NULL, NULL, NULL, NULL, NULL, '[\"\"]', NULL, '2016-05-25 17:57:52', '2016-05-26 08:39:49', '4e8b67f8-e7fd-4fd7-a769-cdc63c32cb55'),
 ('35', '115', 'da', NULL, NULL, NULL, NULL, NULL, NULL, NULL, NULL, NULL, NULL, '[\"\"]', NULL, '2016-05-25 18:12:50', '2016-05-26 08:39:49', '60ca8e7c-d736-49db-9548-373fa77c4efa'),
 ('36', '116', 'da', NULL, NULL, NULL, NULL, NULL, NULL, NULL, NULL, NULL, NULL, '[\"\"]', NULL, '2016-05-25 18:28:23', '2016-05-26 08:39:49', '4cb5635b-dd09-4b3a-ac56-0f88d23036f9'),
 ('37', '117', 'da', NULL, NULL, NULL, NULL, NULL, NULL, NULL, NULL, NULL, NULL, '[\"\"]', NULL, '2016-05-25 18:32:39', '2016-05-26 08:39:49', '5031bb19-1f18-4fa0-bff3-b89ecb2b1d7c'),
 ('38', '118', 'da', NULL, NULL, NULL, NULL, NULL, NULL, NULL, NULL, NULL, NULL, '[\"\"]', NULL, '2016-05-25 18:49:18', '2016-05-26 08:39:49', '8784b277-c45b-4df3-a06f-0b9163bf11c2'),
 ('39', '119', 'da', NULL, NULL, NULL, NULL, NULL, NULL, NULL, NULL, NULL, NULL, '[\"\"]', NULL, '2016-05-25 18:53:22', '2016-05-25 18:54:32', '626bbeb7-4fb8-48c9-be9b-c7eba217974c'),
 ('40', '120', 'da', NULL, NULL, NULL, NULL, NULL, NULL, NULL, NULL, NULL, NULL, '[\"\"]', NULL, '2016-05-25 19:44:19', '2016-05-26 08:39:49', 'da2f4d53-5746-44aa-a991-8b907e453290');



DROP TABLE IF EXISTS `craft_deprecationerrors`;


--
-- Schema for table `craft_deprecationerrors`
--
CREATE TABLE `craft_deprecationerrors` (
  `id` int(11) NOT NULL AUTO_INCREMENT,
  `key` varchar(255) COLLATE utf8_unicode_ci NOT NULL,
  `fingerprint` varchar(255) COLLATE utf8_unicode_ci NOT NULL,
  `lastOccurrence` datetime NOT NULL,
  `file` varchar(255) COLLATE utf8_unicode_ci NOT NULL,
  `line` smallint(6) unsigned NOT NULL,
  `class` varchar(255) COLLATE utf8_unicode_ci DEFAULT NULL,
  `method` varchar(255) COLLATE utf8_unicode_ci DEFAULT NULL,
  `template` varchar(255) COLLATE utf8_unicode_ci DEFAULT NULL,
  `templateLine` smallint(6) unsigned DEFAULT NULL,
  `message` varchar(255) COLLATE utf8_unicode_ci DEFAULT NULL,
  `traces` text COLLATE utf8_unicode_ci,
  `dateCreated` datetime NOT NULL,
  `dateUpdated` datetime NOT NULL,
  `uid` char(36) COLLATE utf8_unicode_ci NOT NULL DEFAULT '0',
  PRIMARY KEY (`id`),
  UNIQUE KEY `craft_deprecationerrors_key_fingerprint_unq_idx` (`key`,`fingerprint`)
) ENGINE=InnoDB DEFAULT CHARSET=utf8 COLLATE=utf8_unicode_ci;

DROP TABLE IF EXISTS `craft_elementindexsettings`;


--
-- Schema for table `craft_elementindexsettings`
--
CREATE TABLE `craft_elementindexsettings` (
  `id` int(11) NOT NULL AUTO_INCREMENT,
  `type` varchar(150) COLLATE utf8_unicode_ci NOT NULL,
  `settings` text COLLATE utf8_unicode_ci,
  `dateCreated` datetime NOT NULL,
  `dateUpdated` datetime NOT NULL,
  `uid` char(36) COLLATE utf8_unicode_ci NOT NULL DEFAULT '0',
  PRIMARY KEY (`id`),
  UNIQUE KEY `craft_elementindexsettings_type_unq_idx` (`type`)
) ENGINE=InnoDB AUTO_INCREMENT=2 DEFAULT CHARSET=utf8 COLLATE=utf8_unicode_ci;

--
-- Data for table `craft_elementindexsettings`
--

INSERT INTO `craft_elementindexsettings` (`id`, `type`, `settings`, `dateCreated`, `dateUpdated`, `uid`) VALUES
 ('1', 'FormBuilder2', '{\"sources\":{\"formId:1\":{\"tableAttributes\":{\"1\":\"title\",\"2\":\"dateCreated\",\"3\":\"submission\",\"4\":\"files\"}}}}', '2016-05-15 15:40:37', '2016-05-15 15:40:37', '536779ba-7db6-4e96-81a2-603b45d4f640');



DROP TABLE IF EXISTS `craft_elements`;


--
-- Schema for table `craft_elements`
--
CREATE TABLE `craft_elements` (
  `id` int(11) NOT NULL AUTO_INCREMENT,
  `type` varchar(150) COLLATE utf8_unicode_ci NOT NULL,
  `enabled` tinyint(1) unsigned NOT NULL DEFAULT '1',
  `archived` tinyint(1) unsigned NOT NULL DEFAULT '0',
  `dateCreated` datetime NOT NULL,
  `dateUpdated` datetime NOT NULL,
  `uid` char(36) COLLATE utf8_unicode_ci NOT NULL DEFAULT '0',
  PRIMARY KEY (`id`),
  KEY `craft_elements_type_idx` (`type`),
  KEY `craft_elements_enabled_idx` (`enabled`),
  KEY `craft_elements_archived_dateCreated_idx` (`archived`,`dateCreated`)
) ENGINE=InnoDB AUTO_INCREMENT=121 DEFAULT CHARSET=utf8 COLLATE=utf8_unicode_ci;

--
-- Data for table `craft_elements`
--

INSERT INTO `craft_elements` (`id`, `type`, `enabled`, `archived`, `dateCreated`, `dateUpdated`, `uid`) VALUES
 ('1', 'User', '1', '0', '2016-03-30 12:09:18', '2016-05-25 19:30:22', '1e8f7173-b716-414f-833a-31290eabe60d'),
 ('2', 'Entry', '1', '0', '2016-03-30 12:09:21', '2016-05-24 14:08:53', 'c5ae30c9-b188-4c2c-9c8c-f334aeab8efe'),
 ('3', 'Entry', '1', '0', '2016-03-30 12:09:21', '2016-03-30 12:09:21', '38bfd717-e43f-4125-879e-3e96e7dead8d'),
 ('5', 'Entry', '1', '0', '2016-05-13 10:59:37', '2016-05-17 07:44:30', '6690914f-a66c-4f77-ac29-5bdc3ef26043'),
 ('85', 'Commerce_Product', '1', '0', '2016-05-24 09:30:02', '2016-05-26 11:12:40', 'ef0f37d2-d22a-4f02-a5fc-84cbd6768093'),
 ('86', 'Commerce_Variant', '1', '0', '2016-05-24 09:30:02', '2016-05-26 11:12:41', '2ba8adb8-7467-4d8e-b757-583eba25c1ec'),
 ('93', 'Commerce_Order', '1', '0', '2016-05-24 09:39:26', '2016-05-26 08:39:50', '4a98a707-726e-4917-a242-f9b162004534'),
 ('94', 'Commerce_Order', '1', '0', '2016-05-24 10:06:52', '2016-05-26 08:39:50', '670bd490-6cf9-4f43-a10b-3c8934a4536b'),
 ('95', 'Asset', '1', '0', '2016-05-24 10:34:44', '2016-05-24 10:34:51', '0b1b6f99-29da-4b63-b563-c52fd7c0c70b'),
 ('96', 'Commerce_Order', '1', '0', '2016-05-24 12:57:57', '2016-05-26 08:39:50', '74630cf4-9caa-4ad2-9ad7-cfa30e02ca55'),
 ('97', 'Commerce_Order', '1', '0', '2016-05-24 20:32:49', '2016-05-26 08:39:50', '99a1b7f7-dc53-4b4e-874d-c22850bf6c62'),
 ('98', 'Commerce_Order', '1', '0', '2016-05-24 20:49:27', '2016-05-26 08:39:50', 'b371f208-072f-4ad5-b0fc-2167a263f3cf'),
 ('99', 'Commerce_Order', '1', '0', '2016-05-24 20:58:54', '2016-05-26 08:39:50', 'ace6c33f-f8cc-4855-b092-98916c1b9eba'),
 ('100', 'Commerce_Order', '1', '0', '2016-05-25 12:36:48', '2016-05-25 13:59:06', 'f9e879f2-66de-4325-a768-66881004fa14'),
 ('101', 'Commerce_Order', '1', '0', '2016-05-25 14:03:11', '2016-05-26 08:39:50', 'f7f05cd3-d44a-4918-ac6e-81cc3c590d0b'),
 ('102', 'Commerce_Order', '1', '0', '2016-05-25 14:08:08', '2016-05-26 08:39:50', '824cd72e-fd61-4b8d-9bff-8e6134b890dd'),
 ('103', 'Commerce_Order', '1', '0', '2016-05-25 14:11:02', '2016-05-26 08:39:50', '238e96bb-e9f8-4ea3-a936-2d1183011d72'),
 ('104', 'Commerce_Order', '1', '0', '2016-05-25 15:02:15', '2016-05-26 08:39:50', '4adeec41-5865-49df-824c-9da8c8c96551'),
 ('105', 'Commerce_Order', '1', '0', '2016-05-25 15:52:20', '2016-05-26 08:39:50', '55b605da-fa54-4a9d-b0c5-c335e8dba1d4'),
 ('106', 'Commerce_Order', '1', '0', '2016-05-25 15:58:08', '2016-05-26 08:39:50', '9a16a3b9-55b3-4afa-b545-4ad3a903ba13'),
 ('107', 'Commerce_Order', '1', '0', '2016-05-25 16:09:05', '2016-05-26 08:39:50', '3f72f419-4fc8-45e0-bd0f-7578cffff2f0'),
 ('108', 'Commerce_Order', '1', '0', '2016-05-25 16:22:44', '2016-05-26 08:39:50', 'b25da713-1d74-497e-bac2-5fb4a6d7a9e5'),
 ('109', 'Commerce_Order', '1', '0', '2016-05-25 16:30:02', '2016-05-26 08:39:50', '610e2dec-2deb-485b-ac64-f7899723b12c'),
 ('110', 'Commerce_Order', '1', '0', '2016-05-25 17:32:59', '2016-05-26 08:39:49', '13682cf1-82c2-4464-b5e6-10b1b3112e5b'),
 ('111', 'Commerce_Order', '1', '0', '2016-05-25 17:34:54', '2016-05-26 08:39:49', '207518f8-c322-41aa-a5a6-ccccfb4fa1cc'),
 ('112', 'Commerce_Order', '1', '0', '2016-05-25 17:38:13', '2016-05-26 08:39:49', '58d2561a-40fd-4508-a5a3-10db44561224'),
 ('113', 'Commerce_Order', '1', '0', '2016-05-25 17:39:34', '2016-05-26 08:39:49', 'c4d6cbfe-0db0-4733-bdbd-9f8e224b64da'),
 ('114', 'Commerce_Order', '1', '0', '2016-05-25 17:57:52', '2016-05-26 08:39:49', '42a883c1-2765-458a-8a66-a0857773417d'),
 ('115', 'Commerce_Order', '1', '0', '2016-05-25 18:12:50', '2016-05-26 08:39:49', '44bc56d6-d958-4095-ae38-9399c885457f'),
 ('116', 'Commerce_Order', '1', '0', '2016-05-25 18:28:23', '2016-05-26 08:39:49', '557ee3bb-61c4-46b5-860f-966026392491'),
 ('117', 'Commerce_Order', '1', '0', '2016-05-25 18:32:39', '2016-05-26 08:39:49', 'c6717c16-e61c-4304-8880-58541b7fe041'),
 ('118', 'Commerce_Order', '1', '0', '2016-05-25 18:49:18', '2016-05-26 08:39:49', 'ff17e023-44cc-47da-9944-99b8a3d7d669'),
 ('119', 'Commerce_Order', '1', '0', '2016-05-25 18:53:22', '2016-05-25 18:54:32', 'a2005bc0-7b0a-453c-8072-6152637beac8'),
 ('120', 'Commerce_Order', '1', '0', '2016-05-25 19:44:19', '2016-05-26 08:39:49', '6b5ed81b-bd54-4c2e-8a68-89359bea0683');



DROP TABLE IF EXISTS `craft_elements_i18n`;


--
-- Schema for table `craft_elements_i18n`
--
CREATE TABLE `craft_elements_i18n` (
  `id` int(11) NOT NULL AUTO_INCREMENT,
  `elementId` int(11) NOT NULL,
  `locale` char(12) COLLATE utf8_unicode_ci NOT NULL,
  `slug` varchar(255) COLLATE utf8_unicode_ci DEFAULT NULL,
  `uri` varchar(255) COLLATE utf8_unicode_ci DEFAULT NULL,
  `enabled` tinyint(1) unsigned NOT NULL DEFAULT '1',
  `dateCreated` datetime NOT NULL,
  `dateUpdated` datetime NOT NULL,
  `uid` char(36) COLLATE utf8_unicode_ci NOT NULL DEFAULT '0',
  PRIMARY KEY (`id`),
  UNIQUE KEY `craft_elements_i18n_elementId_locale_unq_idx` (`elementId`,`locale`),
  UNIQUE KEY `craft_elements_i18n_uri_locale_unq_idx` (`uri`,`locale`),
  KEY `craft_elements_i18n_slug_locale_idx` (`slug`,`locale`),
  KEY `craft_elements_i18n_enabled_idx` (`enabled`),
  KEY `craft_elements_i18n_locale_fk` (`locale`)
) ENGINE=InnoDB AUTO_INCREMENT=121 DEFAULT CHARSET=utf8 COLLATE=utf8_unicode_ci;

--
-- Data for table `craft_elements_i18n`
--

INSERT INTO `craft_elements_i18n` (`id`, `elementId`, `locale`, `slug`, `uri`, `enabled`, `dateCreated`, `dateUpdated`, `uid`) VALUES
 ('1', '1', 'da', '', NULL, '1', '2016-03-30 12:09:18', '2016-05-25 19:30:22', '52cb5e60-4c0f-49b3-afcb-ea16a1bd8891'),
 ('2', '2', 'da', 'homepage', '__home__', '1', '2016-03-30 12:09:21', '2016-05-24 14:08:53', '92cd5f06-3025-4503-bda7-1acfdc05f221'),
 ('3', '3', 'da', 'we-just-installed-craft', 'news/2016/we-just-installed-craft', '1', '2016-03-30 12:09:21', '2016-03-30 12:09:21', '159d1e96-ac83-4f05-968e-a131a73c71d8'),
 ('5', '5', 'da', 'orderconfirm', 'orderconfirm', '1', '2016-05-13 10:59:37', '2016-05-17 07:44:30', 'b1d74cd7-6bb6-41c4-a672-d2faa9e4aba0'),
 ('85', '85', 'da', 'elektronikforsikring', 'commerce/products/elektronikforsikring', '1', '2016-05-24 09:30:02', '2016-05-26 11:12:41', 'a22a69eb-4cc8-4ea1-8d6a-ec3bfb26a75b'),
 ('86', '86', 'da', 'a-new-toga', NULL, '1', '2016-05-24 09:30:02', '2016-05-26 11:12:41', 'd06c1b9c-a657-4f85-9f6b-f49f3d38efe1'),
 ('93', '93', 'da', '', NULL, '1', '2016-05-24 09:39:26', '2016-05-26 08:39:50', '024cca8a-3f3a-4ee0-be3e-ab4e00dc346d'),
 ('94', '94', 'da', '', NULL, '1', '2016-05-24 10:06:52', '2016-05-26 08:39:50', '30a3f1c8-9c8d-4066-8770-ef092b08eee7'),
 ('95', '95', 'da', 'folder', NULL, '1', '2016-05-24 10:34:44', '2016-05-24 10:34:51', '773acea1-9d28-4886-9ec8-6beace80ccf4'),
 ('96', '96', 'da', '', NULL, '1', '2016-05-24 12:57:57', '2016-05-26 08:39:50', '20e11ccc-7358-4584-81a9-62488b0ffd58'),
 ('97', '97', 'da', '', NULL, '1', '2016-05-24 20:32:49', '2016-05-26 08:39:50', '5db57d9b-f8f8-48a6-a103-fef4dde97e91'),
 ('98', '98', 'da', '', NULL, '1', '2016-05-24 20:49:27', '2016-05-26 08:39:50', '33212745-38b2-445b-9cd7-a8a72415eabb'),
 ('99', '99', 'da', '', NULL, '1', '2016-05-24 20:58:54', '2016-05-26 08:39:50', 'a71f190f-714e-4f1f-a1fb-e7564dd5228c'),
 ('100', '100', 'da', '', NULL, '1', '2016-05-25 12:36:48', '2016-05-25 13:59:06', '6de66459-91f9-44d7-a7d2-a939a585b12a'),
 ('101', '101', 'da', '', NULL, '1', '2016-05-25 14:03:11', '2016-05-26 08:39:50', 'f5e46826-ee79-45c0-832c-b8c3c1ba12d9'),
 ('102', '102', 'da', '', NULL, '1', '2016-05-25 14:08:08', '2016-05-26 08:39:50', '4b48fbeb-a66a-4875-9b5d-b82a41158d00'),
 ('103', '103', 'da', '', NULL, '1', '2016-05-25 14:11:02', '2016-05-26 08:39:50', 'cfd51ae0-ba58-44b9-9894-30134e4c5412'),
 ('104', '104', 'da', '', NULL, '1', '2016-05-25 15:02:15', '2016-05-26 08:39:50', '729ba04c-4bce-495f-9186-d6fcc4e59dac'),
 ('105', '105', 'da', '', NULL, '1', '2016-05-25 15:52:20', '2016-05-26 08:39:50', 'cf68c2c3-db85-4e8f-a553-7a38cfd9b6ec'),
 ('106', '106', 'da', '', NULL, '1', '2016-05-25 15:58:08', '2016-05-26 08:39:50', '9c07de9c-498f-4aa2-8e56-c110764aab8f'),
 ('107', '107', 'da', '', NULL, '1', '2016-05-25 16:09:05', '2016-05-26 08:39:50', 'f179c10a-d643-4428-80b9-f15af00b95ae'),
 ('108', '108', 'da', '', NULL, '1', '2016-05-25 16:22:44', '2016-05-26 08:39:50', '376c24c1-acd7-48a8-b308-94384290b005'),
 ('109', '109', 'da', '', NULL, '1', '2016-05-25 16:30:02', '2016-05-26 08:39:50', '045cc209-b34d-4166-8112-deb2fa2bbc5a'),
 ('110', '110', 'da', '', NULL, '1', '2016-05-25 17:32:59', '2016-05-26 08:39:49', '35ef8cec-16ef-4107-ba9e-63d7845d64d5'),
 ('111', '111', 'da', '', NULL, '1', '2016-05-25 17:34:54', '2016-05-26 08:39:49', '76c74cb7-f07e-41f7-b7e2-1f52472e9077'),
 ('112', '112', 'da', '', NULL, '1', '2016-05-25 17:38:13', '2016-05-26 08:39:49', '4097aa16-fa26-4e70-a250-fb1c1d1bf56f'),
 ('113', '113', 'da', '', NULL, '1', '2016-05-25 17:39:34', '2016-05-26 08:39:49', '4e80b35c-49b0-4b16-8500-662bef8e897f'),
 ('114', '114', 'da', '', NULL, '1', '2016-05-25 17:57:52', '2016-05-26 08:39:49', '1ef57a64-f4e6-43ff-96f4-41dccec014e2'),
 ('115', '115', 'da', '', NULL, '1', '2016-05-25 18:12:50', '2016-05-26 08:39:49', 'ff9617e3-50b9-4a24-a77b-5dea03c3e12f'),
 ('116', '116', 'da', '', NULL, '1', '2016-05-25 18:28:23', '2016-05-26 08:39:49', 'b5f13ed0-07a7-4a87-963f-225b97532015'),
 ('117', '117', 'da', '', NULL, '1', '2016-05-25 18:32:39', '2016-05-26 08:39:49', '24fa7418-2f01-4ae7-8743-5bc227a20bd1'),
 ('118', '118', 'da', '', NULL, '1', '2016-05-25 18:49:18', '2016-05-26 08:39:49', 'ea484b30-709a-4c6e-8064-f6279bf0356e'),
 ('119', '119', 'da', '', NULL, '1', '2016-05-25 18:53:22', '2016-05-25 18:54:32', '8f27de3d-41ee-4c91-99c3-9d5c2644fc9e'),
 ('120', '120', 'da', '', NULL, '1', '2016-05-25 19:44:19', '2016-05-26 08:39:49', '5d308d75-4ff6-4aba-a17e-f90b256707eb');



DROP TABLE IF EXISTS `craft_emailmessages`;


--
-- Schema for table `craft_emailmessages`
--
CREATE TABLE `craft_emailmessages` (
  `id` int(11) NOT NULL AUTO_INCREMENT,
  `key` char(150) COLLATE utf8_unicode_ci NOT NULL,
  `locale` char(12) COLLATE utf8_unicode_ci NOT NULL,
  `subject` varchar(1000) COLLATE utf8_unicode_ci NOT NULL,
  `body` text COLLATE utf8_unicode_ci NOT NULL,
  `dateCreated` datetime NOT NULL,
  `dateUpdated` datetime NOT NULL,
  `uid` char(36) COLLATE utf8_unicode_ci NOT NULL DEFAULT '0',
  PRIMARY KEY (`id`),
  UNIQUE KEY `craft_emailmessages_key_locale_unq_idx` (`key`,`locale`),
  KEY `craft_emailmessages_locale_fk` (`locale`)
) ENGINE=InnoDB DEFAULT CHARSET=utf8 COLLATE=utf8_unicode_ci;

DROP TABLE IF EXISTS `craft_entries`;


--
-- Schema for table `craft_entries`
--
CREATE TABLE `craft_entries` (
  `id` int(11) NOT NULL,
  `sectionId` int(11) NOT NULL,
  `typeId` int(11) DEFAULT NULL,
  `authorId` int(11) DEFAULT NULL,
  `postDate` datetime DEFAULT NULL,
  `expiryDate` datetime DEFAULT NULL,
  `dateCreated` datetime NOT NULL,
  `dateUpdated` datetime NOT NULL,
  `uid` char(36) COLLATE utf8_unicode_ci NOT NULL DEFAULT '0',
  PRIMARY KEY (`id`),
  KEY `craft_entries_sectionId_idx` (`sectionId`),
  KEY `craft_entries_typeId_idx` (`typeId`),
  KEY `craft_entries_postDate_idx` (`postDate`),
  KEY `craft_entries_expiryDate_idx` (`expiryDate`),
  KEY `craft_entries_authorId_fk` (`authorId`)
) ENGINE=InnoDB DEFAULT CHARSET=utf8 COLLATE=utf8_unicode_ci;

--
-- Data for table `craft_entries`
--

INSERT INTO `craft_entries` (`id`, `sectionId`, `typeId`, `authorId`, `postDate`, `expiryDate`, `dateCreated`, `dateUpdated`, `uid`) VALUES
 ('2', '1', '1', NULL, '2016-05-24 14:08:53', NULL, '2016-03-30 12:09:21', '2016-05-24 14:08:53', 'b39bf3f1-d7e3-4cba-9530-5b3f445c9abb'),
 ('3', '2', '2', '1', '2016-03-30 12:09:21', NULL, '2016-03-30 12:09:21', '2016-03-30 12:09:21', '31075cde-987b-47c2-b93d-5416d8148ed1'),
 ('5', '3', '3', NULL, '2016-05-13 11:06:41', NULL, '2016-05-13 10:59:37', '2016-05-17 07:44:30', '215d66f1-d558-458c-a2db-8f4ffb75ec05');



DROP TABLE IF EXISTS `craft_entrydrafts`;


--
-- Schema for table `craft_entrydrafts`
--
CREATE TABLE `craft_entrydrafts` (
  `id` int(11) NOT NULL AUTO_INCREMENT,
  `entryId` int(11) NOT NULL,
  `sectionId` int(11) NOT NULL,
  `creatorId` int(11) NOT NULL,
  `locale` char(12) COLLATE utf8_unicode_ci NOT NULL,
  `name` varchar(255) COLLATE utf8_unicode_ci NOT NULL,
  `notes` tinytext COLLATE utf8_unicode_ci,
  `data` mediumtext COLLATE utf8_unicode_ci NOT NULL,
  `dateCreated` datetime NOT NULL,
  `dateUpdated` datetime NOT NULL,
  `uid` char(36) COLLATE utf8_unicode_ci NOT NULL DEFAULT '0',
  PRIMARY KEY (`id`),
  KEY `craft_entrydrafts_entryId_locale_idx` (`entryId`,`locale`),
  KEY `craft_entrydrafts_sectionId_fk` (`sectionId`),
  KEY `craft_entrydrafts_creatorId_fk` (`creatorId`),
  KEY `craft_entrydrafts_locale_fk` (`locale`)
) ENGINE=InnoDB DEFAULT CHARSET=utf8 COLLATE=utf8_unicode_ci;

DROP TABLE IF EXISTS `craft_entrytypes`;


--
-- Schema for table `craft_entrytypes`
--
CREATE TABLE `craft_entrytypes` (
  `id` int(11) NOT NULL AUTO_INCREMENT,
  `sectionId` int(11) NOT NULL,
  `fieldLayoutId` int(11) DEFAULT NULL,
  `name` varchar(255) COLLATE utf8_unicode_ci NOT NULL,
  `handle` varchar(255) COLLATE utf8_unicode_ci NOT NULL,
  `hasTitleField` tinyint(1) unsigned NOT NULL DEFAULT '1',
  `titleLabel` varchar(255) COLLATE utf8_unicode_ci DEFAULT 'Title',
  `titleFormat` varchar(255) COLLATE utf8_unicode_ci DEFAULT NULL,
  `sortOrder` smallint(6) unsigned DEFAULT NULL,
  `dateCreated` datetime NOT NULL,
  `dateUpdated` datetime NOT NULL,
  `uid` char(36) COLLATE utf8_unicode_ci NOT NULL DEFAULT '0',
  PRIMARY KEY (`id`),
  UNIQUE KEY `craft_entrytypes_name_sectionId_unq_idx` (`name`,`sectionId`),
  UNIQUE KEY `craft_entrytypes_handle_sectionId_unq_idx` (`handle`,`sectionId`),
  KEY `craft_entrytypes_sectionId_fk` (`sectionId`),
  KEY `craft_entrytypes_fieldLayoutId_fk` (`fieldLayoutId`)
) ENGINE=InnoDB AUTO_INCREMENT=4 DEFAULT CHARSET=utf8 COLLATE=utf8_unicode_ci;

--
-- Data for table `craft_entrytypes`
--

INSERT INTO `craft_entrytypes` (`id`, `sectionId`, `fieldLayoutId`, `name`, `handle`, `hasTitleField`, `titleLabel`, `titleFormat`, `sortOrder`, `dateCreated`, `dateUpdated`, `uid`) VALUES
 ('1', '1', '3', 'Homepage', 'homepage', '1', 'Title', NULL, NULL, '2016-03-30 12:09:20', '2016-03-30 12:09:21', '0b6cfafb-298a-4a9d-9dfe-e84c98befe82'),
 ('2', '2', '5', 'News', 'news', '1', 'Tittel', NULL, NULL, '2016-03-30 12:09:21', '2016-03-30 12:09:21', '8b19bc7f-b6f3-403c-aed3-3e1131d8caf1'),
 ('3', '3', '20', 'Orderconfirm', 'orderconfirm', '0', NULL, '{section.name|raw}', NULL, '2016-05-13 10:59:36', '2016-05-17 07:33:35', 'b0054917-a02f-4b2b-95d2-0b499241e2ca');



DROP TABLE IF EXISTS `craft_entryversions`;


--
-- Schema for table `craft_entryversions`
--
CREATE TABLE `craft_entryversions` (
  `id` int(11) NOT NULL AUTO_INCREMENT,
  `entryId` int(11) NOT NULL,
  `sectionId` int(11) NOT NULL,
  `creatorId` int(11) DEFAULT NULL,
  `locale` char(12) COLLATE utf8_unicode_ci NOT NULL,
  `num` smallint(6) unsigned NOT NULL,
  `notes` tinytext COLLATE utf8_unicode_ci,
  `data` mediumtext COLLATE utf8_unicode_ci NOT NULL,
  `dateCreated` datetime NOT NULL,
  `dateUpdated` datetime NOT NULL,
  `uid` char(36) COLLATE utf8_unicode_ci NOT NULL DEFAULT '0',
  PRIMARY KEY (`id`),
  KEY `craft_entryversions_entryId_locale_idx` (`entryId`,`locale`),
  KEY `craft_entryversions_sectionId_fk` (`sectionId`),
  KEY `craft_entryversions_creatorId_fk` (`creatorId`),
  KEY `craft_entryversions_locale_fk` (`locale`)
) ENGINE=InnoDB AUTO_INCREMENT=9 DEFAULT CHARSET=utf8 COLLATE=utf8_unicode_ci;

--
-- Data for table `craft_entryversions`
--

INSERT INTO `craft_entryversions` (`id`, `entryId`, `sectionId`, `creatorId`, `locale`, `num`, `notes`, `data`, `dateCreated`, `dateUpdated`, `uid`) VALUES
 ('1', '2', '1', '1', 'da', '1', NULL, '{\"typeId\":\"1\",\"authorId\":null,\"title\":\"Homepage\",\"slug\":\"homepage\",\"postDate\":1459339760,\"expiryDate\":null,\"enabled\":1,\"parentId\":null,\"fields\":[]}', '2016-03-30 12:09:21', '2016-03-30 12:09:21', '7d4f20b0-9e9e-4920-988f-c80222d4c0f5'),
 ('2', '2', '1', '1', 'da', '2', NULL, '{\"typeId\":null,\"authorId\":null,\"title\":\"Welcome to Elektronikforsikring.dev!\",\"slug\":\"homepage\",\"postDate\":1459339760,\"expiryDate\":null,\"enabled\":\"1\",\"parentId\":null,\"fields\":{\"1\":\"<p>It\\u2019s true, this site doesn\\u2019t have a whole lot of content yet, but don\\u2019t worry. Our web developers have just installed the CMS, and they\\u2019re setting things up for the content editors this very moment. Soon Elektronikforsikring.dev will be an oasis of fresh perspectives, sharp analyses, and astute opinions that will keep you coming back again and again.<\\/p>\"}}', '2016-03-30 12:09:21', '2016-03-30 12:09:21', '9cdcfdb2-0fda-46d7-aa81-09dc7c4a0cf0'),
 ('3', '3', '2', '1', 'da', '1', NULL, '{\"typeId\":\"2\",\"authorId\":\"1\",\"title\":\"We just installed Craft!\",\"slug\":\"we-just-installed-craft\",\"postDate\":1459339761,\"expiryDate\":null,\"enabled\":1,\"parentId\":null,\"fields\":[]}', '2016-03-30 12:09:21', '2016-03-30 12:09:21', '7ddd36f0-d5d5-4558-a324-eb357f9b6e1b'),
 ('4', '5', '3', '1', 'da', '1', NULL, '{\"typeId\":\"3\",\"authorId\":null,\"title\":\"Orderconfirm\",\"slug\":\"orderconfirm\",\"postDate\":1463137176,\"expiryDate\":null,\"enabled\":1,\"parentId\":null,\"fields\":[]}', '2016-05-13 10:59:37', '2016-05-13 10:59:37', '0ddeed76-5abe-4e44-b482-32fab699e979'),
 ('5', '5', '3', '1', 'da', '2', '', '{\"typeId\":\"3\",\"authorId\":null,\"title\":\"Orderconfirm\",\"slug\":\"orderconfirm\",\"postDate\":1463137601,\"expiryDate\":null,\"enabled\":1,\"parentId\":null,\"fields\":[]}', '2016-05-13 11:09:48', '2016-05-13 11:09:48', 'f7044ac6-7687-456d-a14e-a28a48b5babb'),
 ('6', '5', '3', '1', 'da', '3', '', '{\"typeId\":\"3\",\"authorId\":null,\"title\":\"Orderconfirm\",\"slug\":\"orderconfirm\",\"postDate\":1463137601,\"expiryDate\":null,\"enabled\":1,\"parentId\":null,\"fields\":{\"1\":\"<p>Tak for din bestilling. Vi har modtaget din ordrer og er allerede i gang med at behandle den. Vi har ogs\\u00e5 sendt dig en bekr\\u00e6ftelse p\\u00e5 den indtastet&nbsp;e-mail. Din forsikring er g\\u00e6ldende med det samme. N\\u00e5r ordren er f\\u00e6rdigbehandlet, s\\u00e5 sender vi den officielle police.&nbsp;<\\/p><p>Med venlig hilsen<\\/p><p>Kundeservicechef<br>Karina Byrdal<\\/p>\",\"2\":\"\"}}', '2016-05-17 07:37:10', '2016-05-17 07:37:10', '4d4cc8ed-fe4b-4b53-b666-6db77a227c2b'),
 ('7', '5', '3', '1', 'da', '4', '', '{\"typeId\":\"3\",\"authorId\":null,\"title\":\"Orderconfirm\",\"slug\":\"orderconfirm\",\"postDate\":1463137601,\"expiryDate\":null,\"enabled\":1,\"parentId\":null,\"fields\":{\"1\":\"<h1>Tak for din bestilling.<\\/h1><p>Vi har modtaget din ordrer og er allerede i gang med at behandle den. Vi har ogs\\u00e5 sendt dig en bekr\\u00e6ftelse p\\u00e5 den indtastet&nbsp;e-mail. Din forsikring er g\\u00e6ldende med det samme. N\\u00e5r ordren er f\\u00e6rdigbehandlet, s\\u00e5 sender vi den officielle police.&nbsp;<br><\\/p>\\r\\n\\r\\n<p>Med venlig hilsen<\\/p>\\r\\n\\r\\n<p>Kundeservicechef<br>Karina Byrdal<\\/p>\",\"2\":\"\"}}', '2016-05-17 07:37:58', '2016-05-17 07:37:58', 'cbe4774b-439f-4c9d-beeb-f3cf589f28c5'),
 ('8', '5', '3', '1', 'da', '5', '', '{\"typeId\":\"3\",\"authorId\":null,\"title\":\"Orderconfirm\",\"slug\":\"orderconfirm\",\"postDate\":1463137601,\"expiryDate\":null,\"enabled\":1,\"parentId\":null,\"fields\":{\"1\":\"<h1>Tak for din bestilling.<\\/h1>\\r\\n\\r\\n<p>Vi har modtaget din ordre og er allerede i gang med at behandle den.<\\/p><p>Vi har ogs\\u00e5 sendt dig en bekr\\u00e6ftelse p\\u00e5 den indtastet&nbsp;e-mail. Din forsikring er g\\u00e6ldende med det samme. N\\u00e5r ordren er f\\u00e6rdigbehandlet, s\\u00e5 sender vi den officielle police.&nbsp;<br><\\/p>\\r\\n\\r\\n<p>Med venlig hilsen<\\/p>\\r\\n\\r\\n\\r\\n\\r\\n<p>Kundeservicechef<br>Karina Byrdal<\\/p>\",\"2\":\"\"}}', '2016-05-17 07:44:30', '2016-05-17 07:44:30', '8910f1ba-af71-4098-8813-cee757267d8a');



DROP TABLE IF EXISTS `craft_fieldgroups`;


--
-- Schema for table `craft_fieldgroups`
--
CREATE TABLE `craft_fieldgroups` (
  `id` int(11) NOT NULL AUTO_INCREMENT,
  `name` varchar(255) COLLATE utf8_unicode_ci NOT NULL,
  `dateCreated` datetime NOT NULL,
  `dateUpdated` datetime NOT NULL,
  `uid` char(36) COLLATE utf8_unicode_ci NOT NULL DEFAULT '0',
  PRIMARY KEY (`id`),
  UNIQUE KEY `craft_fieldgroups_name_unq_idx` (`name`)
) ENGINE=InnoDB AUTO_INCREMENT=4 DEFAULT CHARSET=utf8 COLLATE=utf8_unicode_ci;

--
-- Data for table `craft_fieldgroups`
--

INSERT INTO `craft_fieldgroups` (`id`, `name`, `dateCreated`, `dateUpdated`, `uid`) VALUES
 ('1', 'Default', '2016-03-30 12:09:20', '2016-03-30 12:09:20', '3be9515e-0b4e-466c-8d68-49bc42f58972'),
 ('2', 'Bestil Elektronikforsikring', '2016-05-13 10:40:15', '2016-05-13 10:40:15', '66781a89-077b-425a-b83a-cd534b2b0b04'),
 ('3', 'Produkter', '2016-05-24 10:13:30', '2016-05-24 10:13:30', 'a602221d-65dd-496a-8c61-9c075e0460fb');



DROP TABLE IF EXISTS `craft_fieldlayoutfields`;


--
-- Schema for table `craft_fieldlayoutfields`
--
CREATE TABLE `craft_fieldlayoutfields` (
  `id` int(11) NOT NULL AUTO_INCREMENT,
  `layoutId` int(11) NOT NULL,
  `tabId` int(11) NOT NULL,
  `fieldId` int(11) NOT NULL,
  `required` tinyint(1) unsigned NOT NULL DEFAULT '0',
  `sortOrder` smallint(6) unsigned DEFAULT NULL,
  `dateCreated` datetime NOT NULL,
  `dateUpdated` datetime NOT NULL,
  `uid` char(36) COLLATE utf8_unicode_ci NOT NULL DEFAULT '0',
  PRIMARY KEY (`id`),
  UNIQUE KEY `craft_fieldlayoutfields_layoutId_fieldId_unq_idx` (`layoutId`,`fieldId`),
  KEY `craft_fieldlayoutfields_sortOrder_idx` (`sortOrder`),
  KEY `craft_fieldlayoutfields_tabId_fk` (`tabId`),
  KEY `craft_fieldlayoutfields_fieldId_fk` (`fieldId`)
) ENGINE=InnoDB AUTO_INCREMENT=127 DEFAULT CHARSET=utf8 COLLATE=utf8_unicode_ci;

--
-- Data for table `craft_fieldlayoutfields`
--

INSERT INTO `craft_fieldlayoutfields` (`id`, `layoutId`, `tabId`, `fieldId`, `required`, `sortOrder`, `dateCreated`, `dateUpdated`, `uid`) VALUES
 ('1', '3', '1', '1', '1', '1', '2016-03-30 12:09:21', '2016-03-30 12:09:21', 'dac4e7e1-60c5-43e6-af77-9c219df11aea'),
 ('2', '5', '2', '1', '1', '1', '2016-03-30 12:09:21', '2016-03-30 12:09:21', '438372f1-1949-4ee9-8252-4f65291c9c34'),
 ('3', '5', '2', '2', '0', '2', '2016-03-30 12:09:21', '2016-03-30 12:09:21', '7ed6d147-6ca6-4999-97d1-2b92c7672a4f'),
 ('77', '20', '18', '1', '0', '1', '2016-05-17 07:33:35', '2016-05-17 07:33:35', '158204ca-5398-4d90-ba3f-1f789db3569b'),
 ('78', '20', '18', '2', '0', '2', '2016-05-17 07:33:35', '2016-05-17 07:33:35', 'a03d7a8a-3f55-43db-97ce-315f13cc99d7'),
 ('115', '25', '23', '4', '1', '1', '2016-05-23 10:54:28', '2016-05-23 10:54:28', '327eaafd-242f-4e36-a127-66b19ad0e6dc'),
 ('116', '25', '23', '5', '1', '2', '2016-05-23 10:54:28', '2016-05-23 10:54:28', '687f05d7-521b-47fd-b30f-80b21a797069'),
 ('117', '25', '23', '7', '1', '3', '2016-05-23 10:54:28', '2016-05-23 10:54:28', '6461068d-65a1-4c15-a120-7025f7080a15'),
 ('118', '25', '23', '6', '1', '4', '2016-05-23 10:54:28', '2016-05-23 10:54:28', '80d0f26e-ec20-4889-b883-9208d7535316'),
 ('119', '25', '23', '11', '1', '5', '2016-05-23 10:54:28', '2016-05-23 10:54:28', '02143e29-8ccf-4932-9e76-51ba57a419a2'),
 ('120', '25', '23', '12', '1', '6', '2016-05-23 10:54:28', '2016-05-23 10:54:28', '69f466b8-4371-485b-8f48-ec521ac35652'),
 ('121', '25', '23', '9', '1', '7', '2016-05-23 10:54:28', '2016-05-23 10:54:28', '8b13ec43-885b-4f57-9072-871be9fd44bf'),
 ('122', '25', '23', '10', '1', '8', '2016-05-23 10:54:28', '2016-05-23 10:54:28', '2b77cd56-3f6e-47c5-83da-4014db380cae'),
 ('123', '35', '24', '9', '0', '1', '2016-05-24 10:04:21', '2016-05-24 10:04:21', '039d7b3a-2c31-4567-98f2-5f55f1a8cebd'),
 ('125', '38', '26', '15', '0', '1', '2016-05-24 10:16:19', '2016-05-24 10:16:19', '50096422-70c5-44db-b2b4-a42551c6cde8'),
 ('126', '38', '26', '14', '0', '2', '2016-05-24 10:16:19', '2016-05-24 10:16:19', '46e1dfad-f28f-4970-969f-bc18679ee023');



DROP TABLE IF EXISTS `craft_fieldlayouts`;


--
-- Schema for table `craft_fieldlayouts`
--
CREATE TABLE `craft_fieldlayouts` (
  `id` int(11) NOT NULL AUTO_INCREMENT,
  `type` varchar(150) COLLATE utf8_unicode_ci NOT NULL,
  `dateCreated` datetime NOT NULL,
  `dateUpdated` datetime NOT NULL,
  `uid` char(36) COLLATE utf8_unicode_ci NOT NULL DEFAULT '0',
  PRIMARY KEY (`id`),
  KEY `craft_fieldlayouts_type_idx` (`type`)
) ENGINE=InnoDB AUTO_INCREMENT=40 DEFAULT CHARSET=utf8 COLLATE=utf8_unicode_ci;

--
-- Data for table `craft_fieldlayouts`
--

INSERT INTO `craft_fieldlayouts` (`id`, `type`, `dateCreated`, `dateUpdated`, `uid`) VALUES
 ('1', 'Tag', '2016-03-30 12:09:20', '2016-03-30 12:09:20', 'f5e4dfd6-ff41-4602-9eab-8baf8ebeba9e'),
 ('3', 'Entry', '2016-03-30 12:09:21', '2016-03-30 12:09:21', '32a68e16-57d3-457b-96b4-5c055c2c19a4'),
 ('5', 'Entry', '2016-03-30 12:09:21', '2016-03-30 12:09:21', 'd31954c9-04f9-4de5-9db0-b21447efaf7f'),
 ('20', 'Entry', '2016-05-17 07:33:35', '2016-05-17 07:33:35', 'ef56a9c4-0f85-4894-ad72-3775b177653f'),
 ('25', 'Asset', '2016-05-23 10:54:28', '2016-05-23 10:54:28', '2631e6f2-04c4-4711-a05f-0636c88cf989'),
 ('27', 'Commerce_Product', '2016-05-24 09:30:02', '2016-05-24 09:30:02', 'fa2f623c-3545-4c71-92d7-e38fea3905b8'),
 ('28', 'Commerce_Variant', '2016-05-24 09:30:02', '2016-05-24 09:30:02', 'c508812a-cc7e-469c-8370-47b13c2cc81e'),
 ('35', 'Commerce_Order', '2016-05-24 10:04:21', '2016-05-24 10:04:21', 'd6594a9e-072d-4bda-8d97-e95621254009'),
 ('38', 'Commerce_Product', '2016-05-24 10:16:19', '2016-05-24 10:16:19', '63ed0eba-ea66-45fc-90ee-61cd371c332f'),
 ('39', 'Commerce_Variant', '2016-05-24 10:16:19', '2016-05-24 10:16:19', 'ac4afbf8-81ab-4f4e-b620-c55958abff95');



DROP TABLE IF EXISTS `craft_fieldlayouttabs`;


--
-- Schema for table `craft_fieldlayouttabs`
--
CREATE TABLE `craft_fieldlayouttabs` (
  `id` int(11) NOT NULL AUTO_INCREMENT,
  `layoutId` int(11) NOT NULL,
  `name` varchar(255) COLLATE utf8_unicode_ci NOT NULL,
  `sortOrder` smallint(6) unsigned DEFAULT NULL,
  `dateCreated` datetime NOT NULL,
  `dateUpdated` datetime NOT NULL,
  `uid` char(36) COLLATE utf8_unicode_ci NOT NULL DEFAULT '0',
  PRIMARY KEY (`id`),
  KEY `craft_fieldlayouttabs_sortOrder_idx` (`sortOrder`),
  KEY `craft_fieldlayouttabs_layoutId_fk` (`layoutId`)
) ENGINE=InnoDB AUTO_INCREMENT=27 DEFAULT CHARSET=utf8 COLLATE=utf8_unicode_ci;

--
-- Data for table `craft_fieldlayouttabs`
--

INSERT INTO `craft_fieldlayouttabs` (`id`, `layoutId`, `name`, `sortOrder`, `dateCreated`, `dateUpdated`, `uid`) VALUES
 ('1', '3', 'Content', '1', '2016-03-30 12:09:21', '2016-03-30 12:09:21', '33861d95-136c-4961-b6ad-008584692d7a'),
 ('2', '5', 'Content', '1', '2016-03-30 12:09:21', '2016-03-30 12:09:21', 'f198721c-227f-45a3-8f11-a57514c6d47d'),
 ('18', '20', 'Default', '1', '2016-05-17 07:33:35', '2016-05-17 07:33:35', '6a754037-5be0-4c92-8c7e-739766a19f34'),
 ('23', '25', 'Bestil Elektronikforsikring', '1', '2016-05-23 10:54:28', '2016-05-23 10:54:28', '75409b92-eeb7-4eba-b76f-2c55231c5a27'),
 ('24', '35', 'Tab 1', '1', '2016-05-24 10:04:21', '2016-05-24 10:04:21', 'f1cdc2d7-96af-41f8-a563-dbd918f866f8'),
 ('26', '38', 'Tab 1', '1', '2016-05-24 10:16:19', '2016-05-24 10:16:19', 'c58c5540-82a6-4fb3-866b-7dc3cfa8a02e');



DROP TABLE IF EXISTS `craft_fields`;


--
-- Schema for table `craft_fields`
--
CREATE TABLE `craft_fields` (
  `id` int(11) NOT NULL AUTO_INCREMENT,
  `groupId` int(11) DEFAULT NULL,
  `name` varchar(255) COLLATE utf8_unicode_ci NOT NULL,
  `handle` varchar(58) COLLATE utf8_unicode_ci NOT NULL,
  `context` varchar(255) COLLATE utf8_unicode_ci NOT NULL DEFAULT 'global',
  `instructions` text COLLATE utf8_unicode_ci,
  `translatable` tinyint(1) unsigned NOT NULL DEFAULT '0',
  `type` varchar(150) COLLATE utf8_unicode_ci NOT NULL,
  `settings` text COLLATE utf8_unicode_ci,
  `dateCreated` datetime NOT NULL,
  `dateUpdated` datetime NOT NULL,
  `uid` char(36) COLLATE utf8_unicode_ci NOT NULL DEFAULT '0',
  PRIMARY KEY (`id`),
  UNIQUE KEY `craft_fields_handle_context_unq_idx` (`handle`,`context`),
  KEY `craft_fields_context_idx` (`context`),
  KEY `craft_fields_groupId_fk` (`groupId`)
) ENGINE=InnoDB AUTO_INCREMENT=16 DEFAULT CHARSET=utf8 COLLATE=utf8_unicode_ci;

--
-- Data for table `craft_fields`
--

INSERT INTO `craft_fields` (`id`, `groupId`, `name`, `handle`, `context`, `instructions`, `translatable`, `type`, `settings`, `dateCreated`, `dateUpdated`, `uid`) VALUES
 ('1', '1', 'Body', 'body', 'global', NULL, '1', 'RichText', '{\"configFile\":\"Standard.json\",\"columnType\":\"text\"}', '2016-03-30 12:09:20', '2016-03-30 12:09:20', 'e37b855d-82cd-45f3-9be1-ab5898017711'),
 ('2', '1', 'Tags', 'tags', 'global', NULL, '0', 'Tags', '{\"source\":\"taggroup:1\"}', '2016-03-30 12:09:20', '2016-03-30 12:09:20', '5a25bbef-24c5-40d6-928a-d051f07ec43e'),
 ('4', '2', 'Fornavn', 'efFirstname', 'global', '', '0', 'PlainText', '{\"placeholder\":\"Fornavn\",\"maxLength\":\"\",\"multiline\":\"\",\"initialRows\":\"4\"}', '2016-05-13 10:42:03', '2016-05-23 09:32:42', 'e44398e5-c1f8-4b10-b0b0-b2c80599f5b8'),
 ('5', '2', 'Efternavn', 'efLastname', 'global', '', '0', 'PlainText', '{\"placeholder\":\"Efternavn\",\"maxLength\":\"\",\"multiline\":\"\",\"initialRows\":\"4\"}', '2016-05-13 10:42:09', '2016-05-13 16:51:31', '9f78d0ac-e824-4277-a34b-73081fe3b0bd'),
 ('6', '2', 'Vejnavn', 'adresse', 'global', '', '0', 'PlainText', '{\"placeholder\":\"Adresse\",\"maxLength\":\"\",\"multiline\":\"\",\"initialRows\":\"4\"}', '2016-05-13 15:33:42', '2016-05-13 15:55:33', 'e92f6282-0dba-4d0b-9ee9-6e2aa2da5265'),
 ('7', '2', 'Postnr. By', 'postnr', 'global', '', '0', 'PlainText', '{\"placeholder\":\"Postnr.\",\"maxLength\":\"\",\"multiline\":\"\",\"initialRows\":\"4\"}', '2016-05-13 15:34:16', '2016-05-23 09:36:01', 'ec41e2f3-8473-4bb3-bcb0-d8341698e993'),
 ('9', '2', 'E-mail', 'eMail', 'global', '', '0', 'PlainText', '{\"placeholder\":\"E-mail\",\"maxLength\":\"\",\"multiline\":\"\",\"initialRows\":\"4\"}', '2016-05-13 15:34:39', '2016-05-13 16:51:08', '8c3778c2-3b1b-4a79-a757-19eacfa5f2fd'),
 ('10', '2', 'Bekræft Email', 'bekraeftEmail', 'global', '', '0', 'PlainText', '{\"placeholder\":\"Bekr\\u00e6ft E-mail\",\"maxLength\":\"\",\"multiline\":\"\",\"initialRows\":\"4\"}', '2016-05-13 16:44:41', '2016-05-13 16:44:41', '974876b2-b827-436f-941b-7a82f8cfdb48'),
 ('11', '2', 'Nr. ', 'vejnr', 'global', '', '0', 'PlainText', '{\"placeholder\":\"Nr.\",\"maxLength\":\"\",\"multiline\":\"\",\"initialRows\":\"4\"}', '2016-05-13 16:46:07', '2016-05-13 16:51:40', '44086d00-316a-40e4-a004-73bc0b0098a8'),
 ('12', '2', 'Telefonnr.', 'telefonnr', 'global', '', '0', 'PlainText', '{\"placeholder\":\"Telefonnr.\",\"maxLength\":\"\",\"multiline\":\"\",\"initialRows\":\"4\"}', '2016-05-13 16:46:47', '2016-05-13 18:05:10', 'b4ef4de8-d1c9-4c44-86c9-9933840f0029'),
 ('13', '2', 'Newsletter', 'newsletter', 'global', '', '0', 'Checkboxes', '{\"options\":[{\"label\":\"\",\"value\":\"\",\"default\":\"1\"}]}', '2016-05-13 18:27:59', '2016-05-13 18:27:59', '87efa69e-9a0c-4267-a67a-816bbde4bdab'),
 ('14', '3', 'Produkt Billede', 'produktBillede', 'global', '', '0', 'Assets', '{\"useSingleFolder\":\"1\",\"defaultUploadLocationSubpath\":\"\",\"singleUploadLocationSubpath\":\"images\\/commerce\\/products\",\"restrictFiles\":\"1\",\"allowedKinds\":[\"image\"],\"limit\":\"\",\"viewMode\":\"list\",\"selectionLabel\":\"\"}', '2016-05-24 10:15:03', '2016-05-24 10:20:37', '102e7318-8f27-424a-806e-e31c82394585'),
 ('15', '3', 'Produkt Beskrivelse', 'produktBeskrivelse', 'global', '', '0', 'RichText', '{\"configFile\":\"\",\"availableAssetSources\":\"*\",\"availableTransforms\":\"*\",\"cleanupHtml\":\"1\",\"purifyHtml\":\"1\",\"columnType\":\"text\"}', '2016-05-24 10:15:23', '2016-05-24 10:15:23', 'f65438b3-1707-4fba-bb45-1c2cf041b1fb');



DROP TABLE IF EXISTS `craft_globalsets`;


--
-- Schema for table `craft_globalsets`
--
CREATE TABLE `craft_globalsets` (
  `id` int(11) NOT NULL,
  `name` varchar(255) COLLATE utf8_unicode_ci NOT NULL,
  `handle` varchar(255) COLLATE utf8_unicode_ci NOT NULL,
  `fieldLayoutId` int(10) DEFAULT NULL,
  `dateCreated` datetime NOT NULL,
  `dateUpdated` datetime NOT NULL,
  `uid` char(36) COLLATE utf8_unicode_ci NOT NULL DEFAULT '0',
  PRIMARY KEY (`id`),
  UNIQUE KEY `craft_globalsets_name_unq_idx` (`name`),
  UNIQUE KEY `craft_globalsets_handle_unq_idx` (`handle`),
  KEY `craft_globalsets_fieldLayoutId_fk` (`fieldLayoutId`)
) ENGINE=InnoDB DEFAULT CHARSET=utf8 COLLATE=utf8_unicode_ci;

DROP TABLE IF EXISTS `craft_info`;


--
-- Schema for table `craft_info`
--
CREATE TABLE `craft_info` (
  `id` int(11) NOT NULL AUTO_INCREMENT,
  `version` varchar(15) COLLATE utf8_unicode_ci NOT NULL,
  `build` int(11) unsigned NOT NULL,
  `schemaVersion` varchar(15) COLLATE utf8_unicode_ci NOT NULL,
  `releaseDate` datetime NOT NULL,
  `edition` tinyint(1) unsigned NOT NULL DEFAULT '0',
  `siteName` varchar(100) COLLATE utf8_unicode_ci NOT NULL,
  `siteUrl` varchar(255) COLLATE utf8_unicode_ci NOT NULL,
  `timezone` varchar(30) COLLATE utf8_unicode_ci DEFAULT NULL,
  `on` tinyint(1) unsigned NOT NULL DEFAULT '0',
  `maintenance` tinyint(1) unsigned NOT NULL DEFAULT '0',
  `track` varchar(40) COLLATE utf8_unicode_ci NOT NULL,
  `dateCreated` datetime NOT NULL,
  `dateUpdated` datetime NOT NULL,
  `uid` char(36) COLLATE utf8_unicode_ci NOT NULL DEFAULT '0',
  PRIMARY KEY (`id`)
) ENGINE=InnoDB AUTO_INCREMENT=2 DEFAULT CHARSET=utf8 COLLATE=utf8_unicode_ci;

--
-- Data for table `craft_info`
--

INSERT INTO `craft_info` (`id`, `version`, `build`, `schemaVersion`, `releaseDate`, `edition`, `siteName`, `siteUrl`, `timezone`, `on`, `maintenance`, `track`, `dateCreated`, `dateUpdated`, `uid`) VALUES
 ('1', '2.6', '2788', '2.6.5', '2016-05-20 00:37:05', '2', 'Elektronikforsikring', 'http://elektronikforsikring.dev', 'Europe/Copenhagen', '1', '1', 'stable', '2016-03-30 12:09:16', '2016-05-26 11:15:19', '81bf3a99-8d20-4d54-8cfa-38f415fb221b');



DROP TABLE IF EXISTS `craft_locales`;


--
-- Schema for table `craft_locales`
--
CREATE TABLE `craft_locales` (
  `locale` char(12) COLLATE utf8_unicode_ci NOT NULL,
  `sortOrder` smallint(6) unsigned DEFAULT NULL,
  `dateCreated` datetime NOT NULL,
  `dateUpdated` datetime NOT NULL,
  `uid` char(36) COLLATE utf8_unicode_ci NOT NULL DEFAULT '0',
  PRIMARY KEY (`locale`),
  KEY `craft_locales_sortOrder_idx` (`sortOrder`)
) ENGINE=InnoDB DEFAULT CHARSET=utf8 COLLATE=utf8_unicode_ci;

--
-- Data for table `craft_locales`
--

INSERT INTO `craft_locales` (`locale`, `sortOrder`, `dateCreated`, `dateUpdated`, `uid`) VALUES
 ('da', '1', '2016-03-30 12:09:16', '2016-03-30 12:09:16', 'bbc1a0a5-9dea-4f6c-8e9d-a80f8c02b7ad');



DROP TABLE IF EXISTS `craft_matrixblocks`;


--
-- Schema for table `craft_matrixblocks`
--
CREATE TABLE `craft_matrixblocks` (
  `id` int(11) NOT NULL,
  `ownerId` int(11) NOT NULL,
  `fieldId` int(11) NOT NULL,
  `typeId` int(11) DEFAULT NULL,
  `sortOrder` smallint(6) unsigned DEFAULT NULL,
  `ownerLocale` char(12) COLLATE utf8_unicode_ci DEFAULT NULL,
  `dateCreated` datetime NOT NULL,
  `dateUpdated` datetime NOT NULL,
  `uid` char(36) COLLATE utf8_unicode_ci NOT NULL DEFAULT '0',
  PRIMARY KEY (`id`),
  KEY `craft_matrixblocks_ownerId_idx` (`ownerId`),
  KEY `craft_matrixblocks_fieldId_idx` (`fieldId`),
  KEY `craft_matrixblocks_typeId_idx` (`typeId`),
  KEY `craft_matrixblocks_sortOrder_idx` (`sortOrder`),
  KEY `craft_matrixblocks_ownerLocale_fk` (`ownerLocale`)
) ENGINE=InnoDB DEFAULT CHARSET=utf8 COLLATE=utf8_unicode_ci;

DROP TABLE IF EXISTS `craft_matrixblocktypes`;


--
-- Schema for table `craft_matrixblocktypes`
--
CREATE TABLE `craft_matrixblocktypes` (
  `id` int(11) NOT NULL AUTO_INCREMENT,
  `fieldId` int(11) NOT NULL,
  `fieldLayoutId` int(11) DEFAULT NULL,
  `name` varchar(255) COLLATE utf8_unicode_ci NOT NULL,
  `handle` varchar(255) COLLATE utf8_unicode_ci NOT NULL,
  `sortOrder` smallint(6) unsigned DEFAULT NULL,
  `dateCreated` datetime NOT NULL,
  `dateUpdated` datetime NOT NULL,
  `uid` char(36) COLLATE utf8_unicode_ci NOT NULL DEFAULT '0',
  PRIMARY KEY (`id`),
  UNIQUE KEY `craft_matrixblocktypes_name_fieldId_unq_idx` (`name`,`fieldId`),
  UNIQUE KEY `craft_matrixblocktypes_handle_fieldId_unq_idx` (`handle`,`fieldId`),
  KEY `craft_matrixblocktypes_fieldId_fk` (`fieldId`),
  KEY `craft_matrixblocktypes_fieldLayoutId_fk` (`fieldLayoutId`)
) ENGINE=InnoDB DEFAULT CHARSET=utf8 COLLATE=utf8_unicode_ci;

DROP TABLE IF EXISTS `craft_migrations`;


--
-- Schema for table `craft_migrations`
--
CREATE TABLE `craft_migrations` (
  `id` int(11) NOT NULL AUTO_INCREMENT,
  `pluginId` int(11) DEFAULT NULL,
  `version` varchar(255) COLLATE utf8_unicode_ci NOT NULL,
  `applyTime` datetime NOT NULL,
  `dateCreated` datetime NOT NULL,
  `dateUpdated` datetime NOT NULL,
  `uid` char(36) COLLATE utf8_unicode_ci NOT NULL DEFAULT '0',
  PRIMARY KEY (`id`),
  UNIQUE KEY `craft_migrations_version_unq_idx` (`version`),
  KEY `craft_migrations_pluginId_fk` (`pluginId`)
) ENGINE=InnoDB AUTO_INCREMENT=66 DEFAULT CHARSET=utf8 COLLATE=utf8_unicode_ci;

--
-- Data for table `craft_migrations`
--

INSERT INTO `craft_migrations` (`id`, `pluginId`, `version`, `applyTime`, `dateCreated`, `dateUpdated`, `uid`) VALUES
 ('1', NULL, 'm000000_000000_base', '2016-03-30 12:09:16', '2016-03-30 12:09:16', '2016-03-30 12:09:16', '0228d344-d478-476e-8496-629697702f32'),
 ('2', NULL, 'm140730_000001_add_filename_and_format_to_transformindex', '2016-03-30 12:09:16', '2016-03-30 12:09:16', '2016-03-30 12:09:16', 'bcc52f68-730f-4020-b577-115eed6533a9'),
 ('3', NULL, 'm140815_000001_add_format_to_transforms', '2016-03-30 12:09:16', '2016-03-30 12:09:16', '2016-03-30 12:09:16', 'd843b2ec-86b9-4871-bb30-9d85a1b65e9b'),
 ('4', NULL, 'm140822_000001_allow_more_than_128_items_per_field', '2016-03-30 12:09:16', '2016-03-30 12:09:16', '2016-03-30 12:09:16', '8c3e62a0-adb0-4f0a-9e6c-746671ae4a96'),
 ('5', NULL, 'm140829_000001_single_title_formats', '2016-03-30 12:09:16', '2016-03-30 12:09:16', '2016-03-30 12:09:16', '652a31c8-9ec0-427e-ab3a-ab59927cb9fb'),
 ('6', NULL, 'm140831_000001_extended_cache_keys', '2016-03-30 12:09:16', '2016-03-30 12:09:16', '2016-03-30 12:09:16', 'c1b8b01b-0eda-454a-8cda-45273b486b2c'),
 ('7', NULL, 'm140922_000001_delete_orphaned_matrix_blocks', '2016-03-30 12:09:16', '2016-03-30 12:09:16', '2016-03-30 12:09:16', '4c264e5c-dc00-41d6-b596-1c774c9145b2'),
 ('8', NULL, 'm141008_000001_elements_index_tune', '2016-03-30 12:09:16', '2016-03-30 12:09:16', '2016-03-30 12:09:16', '49cabe83-53c4-40c0-be39-6e92eb53ac2f'),
 ('9', NULL, 'm141009_000001_assets_source_handle', '2016-03-30 12:09:16', '2016-03-30 12:09:16', '2016-03-30 12:09:16', '17e02227-1a56-4cc5-ab8c-86c07f5e2a45'),
 ('10', NULL, 'm141024_000001_field_layout_tabs', '2016-03-30 12:09:16', '2016-03-30 12:09:16', '2016-03-30 12:09:16', '8634f901-240d-417d-b8ce-4df56d753267'),
 ('11', NULL, 'm141030_000000_plugin_schema_versions', '2016-03-30 12:09:16', '2016-03-30 12:09:16', '2016-03-30 12:09:16', '490052dd-9a9a-48ac-9d8d-5b63e620330f'),
 ('12', NULL, 'm141030_000001_drop_structure_move_permission', '2016-03-30 12:09:16', '2016-03-30 12:09:16', '2016-03-30 12:09:16', 'aef8b875-e865-4978-abd2-e65d53049b32'),
 ('13', NULL, 'm141103_000001_tag_titles', '2016-03-30 12:09:16', '2016-03-30 12:09:16', '2016-03-30 12:09:16', '164b246b-f0a2-4e09-9e39-8fde8ecdd55a'),
 ('14', NULL, 'm141109_000001_user_status_shuffle', '2016-03-30 12:09:16', '2016-03-30 12:09:16', '2016-03-30 12:09:16', '264a1628-eb24-4b6f-93f8-78f88042bdf3'),
 ('15', NULL, 'm141126_000001_user_week_start_day', '2016-03-30 12:09:16', '2016-03-30 12:09:16', '2016-03-30 12:09:16', '7cdf2484-5d75-447e-ade9-6d0c53460c5a'),
 ('16', NULL, 'm150210_000001_adjust_user_photo_size', '2016-03-30 12:09:16', '2016-03-30 12:09:16', '2016-03-30 12:09:16', '4232d2ab-1260-4cb3-99d5-04687b2b816d'),
 ('17', NULL, 'm150724_000001_adjust_quality_settings', '2016-03-30 12:09:16', '2016-03-30 12:09:16', '2016-03-30 12:09:16', 'fef43a78-efd6-4cd0-97e9-ba26f6cc9687'),
 ('18', NULL, 'm150827_000000_element_index_settings', '2016-03-30 12:09:16', '2016-03-30 12:09:16', '2016-03-30 12:09:16', '31da243e-b2d1-4bdb-9346-b4b727005f1a'),
 ('19', NULL, 'm150918_000001_add_colspan_to_widgets', '2016-03-30 12:09:16', '2016-03-30 12:09:16', '2016-03-30 12:09:16', '5e3beee0-a369-4474-a38a-7be40976d944'),
 ('20', NULL, 'm151007_000000_clear_asset_caches', '2016-03-30 12:09:16', '2016-03-30 12:09:16', '2016-03-30 12:09:16', '3917b2dd-8012-41f7-acf2-8c63ccbb36e4'),
 ('21', NULL, 'm151109_000000_text_url_formats', '2016-03-30 12:09:16', '2016-03-30 12:09:16', '2016-03-30 12:09:16', '50830962-c4b0-4b28-86ff-82ed727643a6'),
 ('22', NULL, 'm151110_000000_move_logo', '2016-03-30 12:09:16', '2016-03-30 12:09:16', '2016-03-30 12:09:16', 'fafd1527-c16f-4eb5-9458-cc991ad52c5b'),
 ('23', NULL, 'm151117_000000_adjust_image_widthheight', '2016-03-30 12:09:16', '2016-03-30 12:09:16', '2016-03-30 12:09:16', '79348cd5-828e-4fe1-a8f8-f567d8d1cf85'),
 ('24', NULL, 'm151127_000000_clear_license_key_status', '2016-03-30 12:09:16', '2016-03-30 12:09:16', '2016-03-30 12:09:16', '48d8f812-6783-4537-bcd5-872a69a62e2f'),
 ('25', NULL, 'm151127_000000_plugin_license_keys', '2016-03-30 12:09:16', '2016-03-30 12:09:16', '2016-03-30 12:09:16', '581d47ba-eb91-47db-9582-f099f41438c7'),
 ('26', NULL, 'm151130_000000_update_pt_widget_feeds', '2016-03-30 12:09:16', '2016-03-30 12:09:16', '2016-03-30 12:09:16', 'a79e12ae-0629-4205-8799-589178459068'),
 ('27', NULL, 'm160114_000000_asset_sources_public_url_default_true', '2016-03-30 12:09:16', '2016-03-30 12:09:16', '2016-03-30 12:09:16', '934241ac-70a7-468f-8db8-3d391b164bdc'),
 ('28', NULL, 'm160223_000000_sortorder_to_smallint', '2016-03-30 12:09:16', '2016-03-30 12:09:16', '2016-03-30 12:09:16', '2d76a811-641a-423b-9828-4fe3b63eee5a'),
 ('29', NULL, 'm160229_000000_set_default_entry_statuses', '2016-03-30 12:09:16', '2016-03-30 12:09:16', '2016-03-30 12:09:16', '8559b907-c4da-4743-9b50-ce0db79ae509'),
 ('30', NULL, 'm160304_000000_client_permissions', '2016-03-30 12:09:16', '2016-03-30 12:09:16', '2016-03-30 12:09:16', '5a94379b-b83f-4413-8fc5-67290a3032c5'),
 ('31', NULL, 'm160322_000000_asset_filesize', '2016-03-30 12:09:16', '2016-03-30 12:09:16', '2016-03-30 12:09:16', 'fc619e9d-9307-45de-a329-bcb08fc65fd6'),
 ('32', NULL, 'm160503_000000_orphaned_fieldlayouts', '2016-05-13 10:14:12', '2016-05-13 10:14:12', '2016-05-13 10:14:12', '85d47eec-ef3e-46e2-9f32-18206b4114b4'),
 ('33', NULL, 'm160510_000000_tasksettings', '2016-05-23 09:16:53', '2016-05-23 09:16:53', '2016-05-23 09:16:53', '6ec4dc63-fe52-4305-960b-1407b81bee6e'),
 ('34', '3', 'm150916_010101_Commerce_Rename', '2016-05-24 09:30:00', '2016-05-24 09:30:00', '2016-05-24 09:30:00', '1baa0a76-e4f6-4834-8c52-55b6c5365c6a'),
 ('35', '3', 'm150917_010101_Commerce_DropEmailTypeColumn', '2016-05-24 09:30:00', '2016-05-24 09:30:00', '2016-05-24 09:30:00', 'c26869d6-ba1c-4d82-a730-c6877e9b0cdd'),
 ('36', '3', 'm150917_010102_Commerce_RenameCodeToHandletaxCatColumn', '2016-05-24 09:30:00', '2016-05-24 09:30:00', '2016-05-24 09:30:00', 'e98bb022-e638-449a-975f-c9e039b6d945'),
 ('37', '3', 'm150918_010101_Commerce_AddProductTypeLocales', '2016-05-24 09:30:00', '2016-05-24 09:30:00', '2016-05-24 09:30:00', '68d2a6aa-6f7a-4e69-ba31-dcddd53d22c5'),
 ('38', '3', 'm150918_010102_Commerce_RemoveNonLocaleBasedUrlFormat', '2016-05-24 09:30:00', '2016-05-24 09:30:00', '2016-05-24 09:30:00', 'e1168b8d-6b4b-442b-915a-8ef41a03c299'),
 ('39', '3', 'm150919_010101_Commerce_AddHasDimensionsToProductType', '2016-05-24 09:30:00', '2016-05-24 09:30:00', '2016-05-24 09:30:00', '48186792-5356-464a-abac-b35fbe6cd62a'),
 ('40', '3', 'm151004_142113_commerce_PaymentMethods_name_unique', '2016-05-24 09:30:00', '2016-05-24 09:30:00', '2016-05-24 09:30:00', '8e943b99-a463-4d40-8973-a81ff52e99c8'),
 ('41', '3', 'm151018_010101_Commerce_DiscountCodeNull', '2016-05-24 09:30:00', '2016-05-24 09:30:00', '2016-05-24 09:30:00', '53726f20-6ab5-4212-bf57-45c093c94ae2'),
 ('42', '3', 'm151025_010101_Commerce_AddHandleToShippingMethod', '2016-05-24 09:30:00', '2016-05-24 09:30:00', '2016-05-24 09:30:00', '0e400d8e-88cb-4333-88cb-90bfa2d5570f'),
 ('43', '3', 'm151027_010101_Commerce_NewVariantUI', '2016-05-24 09:30:00', '2016-05-24 09:30:00', '2016-05-24 09:30:00', '394f5326-9c96-499f-9697-6a18b40c97f9'),
 ('44', '3', 'm151027_010102_Commerce_ProductDateNames', '2016-05-24 09:30:00', '2016-05-24 09:30:00', '2016-05-24 09:30:00', 'e446cd93-e061-47bd-8da7-d983c1719454'),
 ('45', '3', 'm151102_010101_Commerce_PaymentTypeInMethodNotSettings', '2016-05-24 09:30:00', '2016-05-24 09:30:00', '2016-05-24 09:30:00', '2d2aaa96-0454-4501-b810-b0ecd257b30d'),
 ('46', '3', 'm151103_010101_Commerce_DefaultVariant', '2016-05-24 09:30:00', '2016-05-24 09:30:00', '2016-05-24 09:30:00', 'a9185556-6d8c-4f98-b1ce-b01a3de7d8b5'),
 ('47', '3', 'm151109_010101_Commerce_AddCompanyNumberToAddress', '2016-05-24 09:30:00', '2016-05-24 09:30:00', '2016-05-24 09:30:00', '87f96bb5-3b0f-46a9-8b2e-189d632aa660'),
 ('48', '3', 'm151109_010102_Commerce_AddOptionsToLineItems', '2016-05-24 09:30:00', '2016-05-24 09:30:00', '2016-05-24 09:30:00', '6093b120-ad7b-4bc4-afe6-3c84e88dcac1'),
 ('49', '3', 'm151110_010101_Commerce_RenameCompanyToAddress', '2016-05-24 09:30:00', '2016-05-24 09:30:00', '2016-05-24 09:30:00', 'e1067475-51ac-4b7b-88dc-980686811c32'),
 ('50', '3', 'm151111_010101_Commerce_ShowVariantTitleField', '2016-05-24 09:30:00', '2016-05-24 09:30:00', '2016-05-24 09:30:00', '1e334d60-3ca2-4ec0-a9e7-fa0ec32c1112'),
 ('51', '3', 'm151112_010101_Commerce_AutoSkuFormat', '2016-05-24 09:30:00', '2016-05-24 09:30:00', '2016-05-24 09:30:00', '05f57213-da46-441a-967a-fc013ffac76d'),
 ('52', '3', 'm151117_010101_Commerce_TaxIncluded', '2016-05-24 09:30:00', '2016-05-24 09:30:00', '2016-05-24 09:30:00', 'eb3ca031-1028-454f-8ce0-9f8666842c72'),
 ('53', '3', 'm151124_010101_Commerce_AddressManagement', '2016-05-24 09:30:00', '2016-05-24 09:30:00', '2016-05-24 09:30:00', '980f951c-bd15-406f-9515-d9b8e2c663ce'),
 ('54', '3', 'm151127_010101_Commerce_TaxRateTaxableOptions', '2016-05-24 09:30:00', '2016-05-24 09:30:00', '2016-05-24 09:30:00', '9d2cbf00-5eb2-49b6-b917-e6e94e69fc5c'),
 ('55', '3', 'm151210_010101_Commerce_FixMissingLineItemDimensionData', '2016-05-24 09:30:00', '2016-05-24 09:30:00', '2016-05-24 09:30:00', 'd1b67b9d-72e7-4b74-81aa-4b778c2151f2'),
 ('56', '3', 'm160215_010101_Commerce_ConsistentDecimalType', '2016-05-24 09:30:00', '2016-05-24 09:30:00', '2016-05-24 09:30:00', '8c1fa72f-a16a-4611-8347-31b0b0eb002f'),
 ('57', '3', 'm160226_010101_Commerce_OrderStatusSortOrder', '2016-05-24 09:30:00', '2016-05-24 09:30:00', '2016-05-24 09:30:00', 'e4070dec-d962-44a8-bbbb-94e5dd92de15'),
 ('58', '3', 'm160226_010102_Commerce_isCompleted', '2016-05-24 09:30:00', '2016-05-24 09:30:00', '2016-05-24 09:30:00', 'c2be7827-05a0-4e1b-b9d2-da5c38140769'),
 ('59', '3', 'm160227_010101_Commerce_OrderAdjustmentIncludedFlag', '2016-05-24 09:30:00', '2016-05-24 09:30:00', '2016-05-24 09:30:00', 'e975e019-2fbc-4980-bc2a-4771f56316c1'),
 ('60', '3', 'm160229_010101_Commerce_ShippingZone', '2016-05-24 09:30:00', '2016-05-24 09:30:00', '2016-05-24 09:30:00', '282b098a-d6a3-471f-8758-2b67026fddaf'),
 ('61', '3', 'm160229_010104_Commerce_SoftDeleteAndReorderPaymentMethod', '2016-05-24 09:30:00', '2016-05-24 09:30:00', '2016-05-24 09:30:00', '0204e0e4-6580-4df6-9370-0357b583a0ab'),
 ('62', '3', 'm160401_010101_Commerce_KeepAllTransactions', '2016-05-24 09:30:00', '2016-05-24 09:30:00', '2016-05-24 09:30:00', '9d0d43a3-9fd1-482e-9989-5b0fe5740df4'),
 ('63', '3', 'm160405_010101_Commerce_FixDefaultVariantId', '2016-05-24 09:30:00', '2016-05-24 09:30:00', '2016-05-24 09:30:00', '59125958-053c-40c3-b430-27e81ab85af3'),
 ('64', '3', 'm160406_010101_Commerce_RemoveUnusedAuthorId', '2016-05-24 09:30:00', '2016-05-24 09:30:00', '2016-05-24 09:30:00', 'abf84b37-1e50-41ca-9cdd-af4ecc7cb95f'),
 ('65', '3', 'm160425_010101_Commerce_DeleteCountriesAndStates', '2016-05-24 09:30:00', '2016-05-24 09:30:00', '2016-05-24 09:30:00', 'fd06cfff-ab45-44f9-bca8-34f88e8201d6');



DROP TABLE IF EXISTS `craft_plugins`;


--
-- Schema for table `craft_plugins`
--
CREATE TABLE `craft_plugins` (
  `id` int(11) NOT NULL AUTO_INCREMENT,
  `class` varchar(150) COLLATE utf8_unicode_ci NOT NULL,
  `version` varchar(15) COLLATE utf8_unicode_ci NOT NULL,
  `schemaVersion` varchar(15) COLLATE utf8_unicode_ci DEFAULT NULL,
  `licenseKey` char(24) COLLATE utf8_unicode_ci DEFAULT NULL,
  `licenseKeyStatus` enum('valid','invalid','mismatched','unknown') COLLATE utf8_unicode_ci NOT NULL DEFAULT 'unknown',
  `enabled` tinyint(1) unsigned NOT NULL DEFAULT '0',
  `settings` text COLLATE utf8_unicode_ci,
  `installDate` datetime NOT NULL,
  `dateCreated` datetime NOT NULL,
  `dateUpdated` datetime NOT NULL,
  `uid` char(36) COLLATE utf8_unicode_ci NOT NULL DEFAULT '0',
  PRIMARY KEY (`id`)
) ENGINE=InnoDB AUTO_INCREMENT=8 DEFAULT CHARSET=utf8 COLLATE=utf8_unicode_ci;

--
-- Data for table `craft_plugins`
--

INSERT INTO `craft_plugins` (`id`, `class`, `version`, `schemaVersion`, `licenseKey`, `licenseKeyStatus`, `enabled`, `settings`, `installDate`, `dateCreated`, `dateUpdated`, `uid`) VALUES
 ('2', 'MailchimpSubscribe', '1.0.3', NULL, NULL, 'unknown', '1', '{\"mcsubApikey\":\"d7b0cff88bfe86246de862fdd0917079-us12\",\"mcsubListId\":\"248653\",\"mcsubDoubleOptIn\":\"1\"}', '2016-05-24 09:18:58', '2016-05-24 09:18:58', '2016-05-26 11:15:16', '6d64728d-5438-4d39-b302-8322299ea53d'),
 ('3', 'Commerce', '1.1.1210', '1.0.12', NULL, 'unknown', '1', '{\"defaultCurrency\":\"DKK\",\"weightUnits\":\"g\",\"dimensionUnits\":\"mm\",\"emailSenderAddress\":\"\",\"emailSenderName\":\"\",\"orderPdfPath\":\"commerce\\/_pdf\\/order\"}', '2016-05-24 09:30:00', '2016-05-24 09:30:00', '2016-05-26 11:15:16', 'd006d3d7-be55-486b-a07b-c4e01be5a1f3'),
 ('4', 'd18ital', '', NULL, NULL, 'unknown', '1', NULL, '2016-05-25 20:31:57', '2016-05-25 20:31:57', '2016-05-25 20:31:57', '0fc95446-28d4-4216-b366-ed30ea2f9385'),
 ('5', 'WordItUp', '1.0.0', NULL, NULL, 'unknown', '1', NULL, '2016-05-25 20:35:50', '2016-05-25 20:35:50', '2016-05-25 20:35:50', '9a743042-3310-4b92-a4db-f6251e5ac161'),
 ('7', 'Digital18', '1.0.0', NULL, NULL, 'unknown', '1', NULL, '2016-05-26 10:46:46', '2016-05-26 10:46:46', '2016-05-26 11:15:16', 'b2927c9e-46e9-44a6-8645-cffc49ccf002');



DROP TABLE IF EXISTS `craft_rackspaceaccess`;


--
-- Schema for table `craft_rackspaceaccess`
--
CREATE TABLE `craft_rackspaceaccess` (
  `id` int(11) NOT NULL AUTO_INCREMENT,
  `connectionKey` varchar(255) COLLATE utf8_unicode_ci NOT NULL,
  `token` varchar(255) COLLATE utf8_unicode_ci NOT NULL,
  `storageUrl` varchar(255) COLLATE utf8_unicode_ci NOT NULL,
  `cdnUrl` varchar(255) COLLATE utf8_unicode_ci NOT NULL,
  `dateCreated` datetime NOT NULL,
  `dateUpdated` datetime NOT NULL,
  `uid` char(36) COLLATE utf8_unicode_ci NOT NULL DEFAULT '0',
  PRIMARY KEY (`id`),
  UNIQUE KEY `craft_rackspaceaccess_connectionKey_unq_idx` (`connectionKey`)
) ENGINE=InnoDB DEFAULT CHARSET=utf8 COLLATE=utf8_unicode_ci;

DROP TABLE IF EXISTS `craft_relations`;


--
-- Schema for table `craft_relations`
--
CREATE TABLE `craft_relations` (
  `id` int(11) NOT NULL AUTO_INCREMENT,
  `fieldId` int(11) NOT NULL,
  `sourceId` int(11) NOT NULL,
  `sourceLocale` char(12) COLLATE utf8_unicode_ci DEFAULT NULL,
  `targetId` int(11) NOT NULL,
  `sortOrder` smallint(6) DEFAULT NULL,
  `dateCreated` datetime NOT NULL,
  `dateUpdated` datetime NOT NULL,
  `uid` char(36) COLLATE utf8_unicode_ci NOT NULL DEFAULT '0',
  PRIMARY KEY (`id`),
  UNIQUE KEY `craft_relations_fieldId_sourceId_sourceLocale_targetId_unq_idx` (`fieldId`,`sourceId`,`sourceLocale`,`targetId`),
  KEY `craft_relations_sourceId_fk` (`sourceId`),
  KEY `craft_relations_sourceLocale_fk` (`sourceLocale`),
  KEY `craft_relations_targetId_fk` (`targetId`)
) ENGINE=InnoDB AUTO_INCREMENT=9 DEFAULT CHARSET=utf8 COLLATE=utf8_unicode_ci;

--
-- Data for table `craft_relations`
--

INSERT INTO `craft_relations` (`id`, `fieldId`, `sourceId`, `sourceLocale`, `targetId`, `sortOrder`, `dateCreated`, `dateUpdated`, `uid`) VALUES
 ('8', '14', '85', NULL, '95', '1', '2016-05-26 11:12:41', '2016-05-26 11:12:41', 'b826729a-512e-4f76-8d55-867e62be2b2e');



DROP TABLE IF EXISTS `craft_routes`;


--
-- Schema for table `craft_routes`
--
CREATE TABLE `craft_routes` (
  `id` int(11) NOT NULL AUTO_INCREMENT,
  `locale` char(12) COLLATE utf8_unicode_ci DEFAULT NULL,
  `urlParts` varchar(255) COLLATE utf8_unicode_ci NOT NULL,
  `urlPattern` varchar(255) COLLATE utf8_unicode_ci NOT NULL,
  `template` varchar(255) COLLATE utf8_unicode_ci NOT NULL,
  `sortOrder` smallint(6) unsigned DEFAULT NULL,
  `dateCreated` datetime NOT NULL,
  `dateUpdated` datetime NOT NULL,
  `uid` char(36) COLLATE utf8_unicode_ci NOT NULL DEFAULT '0',
  PRIMARY KEY (`id`),
  UNIQUE KEY `craft_routes_urlPattern_unq_idx` (`urlPattern`),
  KEY `craft_routes_locale_idx` (`locale`)
) ENGINE=InnoDB DEFAULT CHARSET=utf8 COLLATE=utf8_unicode_ci;

DROP TABLE IF EXISTS `craft_searchindex`;


--
-- Schema for table `craft_searchindex`
--
CREATE TABLE `craft_searchindex` (
  `elementId` int(11) NOT NULL,
  `attribute` varchar(25) COLLATE utf8_unicode_ci NOT NULL,
  `fieldId` int(11) NOT NULL,
  `locale` char(12) COLLATE utf8_unicode_ci NOT NULL,
  `keywords` text COLLATE utf8_unicode_ci NOT NULL,
  PRIMARY KEY (`elementId`,`attribute`,`fieldId`,`locale`),
  FULLTEXT KEY `craft_searchindex_keywords_idx` (`keywords`)
) ENGINE=MyISAM DEFAULT CHARSET=utf8 COLLATE=utf8_unicode_ci;

--
-- Data for table `craft_searchindex`
--

INSERT INTO `craft_searchindex` (`elementId`, `attribute`, `fieldId`, `locale`, `keywords`) VALUES
 ('1', 'username', '0', 'da', ' admin '),
 ('1', 'firstname', '0', 'da', ' martin '),
 ('1', 'lastname', '0', 'da', ' beuschau '),
 ('1', 'fullname', '0', 'da', ' martin beuschau '),
 ('1', 'email', '0', 'da', ' mb 18digital dk '),
 ('1', 'slug', '0', 'da', ''),
 ('2', 'slug', '0', 'da', ' homepage '),
 ('2', 'title', '0', 'da', ' welcome to elektronikforsikring dev '),
 ('2', 'field', '1', 'da', ' it s true this site doesn t have a whole lot of content yet but don t worry our web developers have just installed the cms and they re setting things up for the content editors this very moment soon elektronikforsikring dev will be an oasis of fresh perspectives sharp analyses and astute opinions that will keep you coming back again and again '),
 ('3', 'field', '1', 'da', ' craft is the cms that s powering elektronikforsikring dev it s beautiful powerful flexible and easy to use and it s made by pixel tonic we can t wait to dive in and see what it s capable of this is even more captivating content which you couldn t see on the news index page because it was entered after a page break and the news index template only likes to show the content on the first page craft a nice alternative to word if you re making a website '),
 ('3', 'field', '2', 'da', ''),
 ('3', 'slug', '0', 'da', ''),
 ('3', 'title', '0', 'da', ' we just installed craft '),
 ('5', 'slug', '0', 'da', ' orderconfirm '),
 ('5', 'title', '0', 'da', ' orderconfirm '),
 ('29', 'slug', '0', 'da', ''),
 ('30', 'slug', '0', 'da', ''),
 ('31', 'slug', '0', 'da', ''),
 ('32', 'slug', '0', 'da', ''),
 ('33', 'slug', '0', 'da', ''),
 ('34', 'slug', '0', 'da', ''),
 ('35', 'slug', '0', 'da', ''),
 ('36', 'slug', '0', 'da', ''),
 ('37', 'slug', '0', 'da', ''),
 ('38', 'slug', '0', 'da', ''),
 ('39', 'slug', '0', 'da', ''),
 ('40', 'slug', '0', 'da', ''),
 ('41', 'slug', '0', 'da', ''),
 ('42', 'slug', '0', 'da', ''),
 ('43', 'slug', '0', 'da', ''),
 ('44', 'slug', '0', 'da', ''),
 ('45', 'slug', '0', 'da', ''),
 ('46', 'slug', '0', 'da', ''),
 ('47', 'slug', '0', 'da', ''),
 ('48', 'slug', '0', 'da', ''),
 ('49', 'slug', '0', 'da', ''),
 ('50', 'slug', '0', 'da', ''),
 ('51', 'slug', '0', 'da', ''),
 ('52', 'slug', '0', 'da', ''),
 ('53', 'slug', '0', 'da', ''),
 ('54', 'slug', '0', 'da', ''),
 ('55', 'slug', '0', 'da', ''),
 ('56', 'slug', '0', 'da', ''),
 ('57', 'slug', '0', 'da', ''),
 ('58', 'slug', '0', 'da', ''),
 ('120', 'slug', '0', 'da', ''),
 ('5', 'field', '1', 'da', ' tak for din bestilling vi har modtaget din ordre og er allerede i gang med at behandle den vi har ogsa sendt dig en bekraeftelse pa den indtastet e mail din forsikring er gaeldende med det samme nar ordren er faerdigbehandlet sa sender vi den officielle police med venlig hilsen kundeservicechefkarina byrdal '),
 ('5', 'field', '2', 'da', ''),
 ('120', 'email', '0', 'da', ' mb 18digital dk '),
 ('120', 'number', '0', 'da', ' 63a39097b0bbcc787467003e4d309f6f '),
 ('120', 'field', '9', 'da', ''),
 ('85', 'title', '0', 'da', ' elektronikforsikring '),
 ('85', 'defaultsku', '0', 'da', ' elektronikforsikring '),
 ('85', 'slug', '0', 'da', ' elektronikforsikring '),
 ('86', 'sku', '0', 'da', ' elektronikforsikring '),
 ('86', 'price', '0', 'da', ' 99 '),
 ('86', 'width', '0', 'da', ' 0 '),
 ('86', 'height', '0', 'da', ' 0 '),
 ('86', 'length', '0', 'da', ' 0 '),
 ('86', 'weight', '0', 'da', ' 0 '),
 ('86', 'stock', '0', 'da', ' 0 '),
 ('86', 'unlimitedstock', '0', 'da', ' 1 '),
 ('86', 'minqty', '0', 'da', ' 1 '),
 ('86', 'maxqty', '0', 'da', ' 1 '),
 ('86', 'slug', '0', 'da', ' a new toga '),
 ('86', 'title', '0', 'da', ' elektronikforsikring '),
 ('97', 'number', '0', 'da', ' 9c0d4444b5058425da5055d8800b8f76 '),
 ('97', 'field', '9', 'da', ' mb 18digital dk '),
 ('85', 'field', '15', 'da', ' til markets laveste pris kan du nu forsikre alt elektronik i husstanden uden selvrisiko det koster kun 99 kr md det bliver ikke meget nemmere for at forsikringen gaelder med det samme traekker vi paymentthismonth for resten af maneden '),
 ('85', 'field', '14', 'da', ' folder '),
 ('85', 'field', '1', 'da', ' bestil din elektronikforsikring til kun 99 kr md for at sikre at alt dit elektronik er sikret med det samme sa betaler du resten af denne maned samt naeste maned i dag er det den 13 maj og derfor betaler du for de resterende 19 dage 99 kr derfor vil din forste regning vaere pa 161 kr der vil efterfolgende blive trukket 99 kr md '),
 ('93', 'field', '9', 'da', ''),
 ('94', 'field', '9', 'da', ''),
 ('94', 'number', '0', 'da', ' ef0d7098903ef7e06b4dde5729156ca8 '),
 ('94', 'slug', '0', 'da', ''),
 ('94', 'email', '0', 'da', ' mb 18digital dk '),
 ('93', 'number', '0', 'da', ' db53f49bd3a690d81680d0bccae6e4ae '),
 ('93', 'email', '0', 'da', ' mb 18digital dk '),
 ('93', 'slug', '0', 'da', ''),
 ('95', 'filename', '0', 'da', ' folder svg '),
 ('95', 'extension', '0', 'da', ' svg '),
 ('95', 'kind', '0', 'da', ' image '),
 ('95', 'slug', '0', 'da', ' folder '),
 ('95', 'title', '0', 'da', ' folder '),
 ('96', 'field', '9', 'da', ''),
 ('96', 'number', '0', 'da', ' 67bbad17c7feb0c226e011c3a4f5fdb6 '),
 ('96', 'email', '0', 'da', ' mb 18digital dk '),
 ('96', 'slug', '0', 'da', ''),
 ('97', 'email', '0', 'da', ' mb 18digital dk '),
 ('97', 'slug', '0', 'da', ''),
 ('98', 'field', '9', 'da', ''),
 ('98', 'number', '0', 'da', ' 80221ba4c3e3bde39c44efebecc8d3e0 '),
 ('98', 'email', '0', 'da', ' mb 18digital dk '),
 ('98', 'slug', '0', 'da', ''),
 ('99', 'field', '9', 'da', ''),
 ('99', 'number', '0', 'da', ' e75e5e6054c9df068f7a94c6969ad70f '),
 ('99', 'email', '0', 'da', ' mb 18digital dk '),
 ('99', 'slug', '0', 'da', ''),
 ('100', 'field', '9', 'da', ''),
 ('100', 'number', '0', 'da', ' aa946d6fdc8bafa46c5b89e95655f35e ');
INSERT INTO `craft_searchindex` (`elementId`, `attribute`, `fieldId`, `locale`, `keywords`) VALUES
 ('100', 'email', '0', 'da', ' martin beuschau dk '),
 ('100', 'slug', '0', 'da', ''),
 ('101', 'field', '9', 'da', ''),
 ('101', 'number', '0', 'da', ' 3f8dbe08752d1f88a38bcdee3878565c '),
 ('101', 'email', '0', 'da', ' mb 18digital dk '),
 ('101', 'slug', '0', 'da', ''),
 ('102', 'field', '9', 'da', ''),
 ('102', 'number', '0', 'da', ' e669361ab7d6798221ed398d2eddac4c '),
 ('102', 'email', '0', 'da', ' mb 18digital dk '),
 ('102', 'slug', '0', 'da', ''),
 ('103', 'field', '9', 'da', ''),
 ('103', 'number', '0', 'da', ' 752395a8d6e3007f3fdc03612bfa565d '),
 ('103', 'email', '0', 'da', ' mb 18digital dk '),
 ('103', 'slug', '0', 'da', ''),
 ('104', 'field', '9', 'da', ''),
 ('104', 'number', '0', 'da', ' 8508e72ad0803fb953b8a3c1ef8eeab5 '),
 ('104', 'email', '0', 'da', ' mb 18digital dk '),
 ('104', 'slug', '0', 'da', ''),
 ('105', 'field', '9', 'da', ' martin beuschau dk '),
 ('105', 'number', '0', 'da', ' a4b7a38074b68bba7c4ae586813296bc '),
 ('105', 'email', '0', 'da', ' mb 18digital dk '),
 ('105', 'slug', '0', 'da', ''),
 ('106', 'field', '9', 'da', ''),
 ('106', 'number', '0', 'da', ' cd74ba35e29ec04f280b6a97a2f8fc4f '),
 ('106', 'email', '0', 'da', ' mb 18digital dk '),
 ('106', 'slug', '0', 'da', ''),
 ('107', 'field', '9', 'da', ''),
 ('107', 'number', '0', 'da', ' 2455a7cd76349317657882b5d717fe89 '),
 ('107', 'email', '0', 'da', ' mb 18digital dk '),
 ('107', 'slug', '0', 'da', ''),
 ('108', 'field', '9', 'da', ''),
 ('108', 'number', '0', 'da', ' 8ac1621443a46b036dabc38bb75ff5cf '),
 ('108', 'email', '0', 'da', ' mb 18digital dk '),
 ('108', 'slug', '0', 'da', ''),
 ('109', 'field', '9', 'da', ''),
 ('109', 'number', '0', 'da', ' 6b9933e203524b7bdda31af30ee89d14 '),
 ('109', 'email', '0', 'da', ' mb 18digital dk '),
 ('109', 'slug', '0', 'da', ''),
 ('110', 'field', '9', 'da', ''),
 ('110', 'number', '0', 'da', ' 4d9d581865d2375ce231159f6a270853 '),
 ('110', 'email', '0', 'da', ' mb 18digital dk '),
 ('110', 'slug', '0', 'da', ''),
 ('111', 'field', '9', 'da', ''),
 ('111', 'number', '0', 'da', ' ac2638355d0e6285c6988ae16ab86e3b '),
 ('111', 'email', '0', 'da', ' mb 18digital dk '),
 ('111', 'slug', '0', 'da', ''),
 ('112', 'field', '9', 'da', ''),
 ('112', 'number', '0', 'da', ' 91a99c173f151b6ad63c639e9362a4fb '),
 ('112', 'email', '0', 'da', ' mb 18digital dk '),
 ('112', 'slug', '0', 'da', ''),
 ('113', 'field', '9', 'da', ''),
 ('113', 'number', '0', 'da', ' ee6572b9ba426339d7a27898da01f0cd '),
 ('113', 'email', '0', 'da', ' mb 18digital dk '),
 ('113', 'slug', '0', 'da', ''),
 ('114', 'field', '9', 'da', ''),
 ('114', 'number', '0', 'da', ' c6c6e671d73959a1e888bafacdf4fed0 '),
 ('114', 'email', '0', 'da', ' mb 18digital dk '),
 ('114', 'slug', '0', 'da', ''),
 ('115', 'field', '9', 'da', ''),
 ('115', 'number', '0', 'da', ' b5631b414bf38aee82ab76bbc788ea6c '),
 ('115', 'email', '0', 'da', ' mb 18digital dk '),
 ('115', 'slug', '0', 'da', ''),
 ('116', 'field', '9', 'da', ''),
 ('116', 'number', '0', 'da', ' 1fbd1e5b92f8efdfc06b0dc79c95be3c '),
 ('116', 'email', '0', 'da', ' mb 18digital dk '),
 ('116', 'slug', '0', 'da', ''),
 ('117', 'field', '9', 'da', ''),
 ('117', 'number', '0', 'da', ' 6aea9c13acabfcd5607c21d84422c01d '),
 ('117', 'email', '0', 'da', ' mb 18digital dk '),
 ('117', 'slug', '0', 'da', ''),
 ('118', 'field', '9', 'da', ''),
 ('118', 'number', '0', 'da', ' e7b67a96d14fa9bf187745dbd7456f4a '),
 ('118', 'email', '0', 'da', ' mb 18digital dk '),
 ('118', 'slug', '0', 'da', ''),
 ('119', 'field', '9', 'da', ''),
 ('119', 'number', '0', 'da', ' 07223536f71430a49b415439e348b28c '),
 ('119', 'email', '0', 'da', ' louise beuschau dk '),
 ('119', 'slug', '0', 'da', '');



DROP TABLE IF EXISTS `craft_sections`;


--
-- Schema for table `craft_sections`
--
CREATE TABLE `craft_sections` (
  `id` int(11) NOT NULL AUTO_INCREMENT,
  `structureId` int(11) DEFAULT NULL,
  `name` varchar(255) COLLATE utf8_unicode_ci NOT NULL,
  `handle` varchar(255) COLLATE utf8_unicode_ci NOT NULL,
  `type` enum('single','channel','structure') COLLATE utf8_unicode_ci NOT NULL DEFAULT 'channel',
  `hasUrls` tinyint(1) unsigned NOT NULL DEFAULT '1',
  `template` varchar(500) COLLATE utf8_unicode_ci DEFAULT NULL,
  `enableVersioning` tinyint(1) unsigned NOT NULL DEFAULT '0',
  `dateCreated` datetime NOT NULL,
  `dateUpdated` datetime NOT NULL,
  `uid` char(36) COLLATE utf8_unicode_ci NOT NULL DEFAULT '0',
  PRIMARY KEY (`id`),
  UNIQUE KEY `craft_sections_name_unq_idx` (`name`),
  UNIQUE KEY `craft_sections_handle_unq_idx` (`handle`),
  KEY `craft_sections_structureId_fk` (`structureId`)
) ENGINE=InnoDB AUTO_INCREMENT=4 DEFAULT CHARSET=utf8 COLLATE=utf8_unicode_ci;

--
-- Data for table `craft_sections`
--

INSERT INTO `craft_sections` (`id`, `structureId`, `name`, `handle`, `type`, `hasUrls`, `template`, `enableVersioning`, `dateCreated`, `dateUpdated`, `uid`) VALUES
 ('1', NULL, 'Homepage', 'homepage', 'single', '1', 'commerce/products/', '1', '2016-03-30 12:09:20', '2016-05-24 14:08:53', '5247b1e2-ed75-44e0-8933-3fc0fbfc4a6c'),
 ('2', NULL, 'News', 'news', 'channel', '1', 'news/_entry', '1', '2016-03-30 12:09:21', '2016-03-30 12:09:21', '3bea8851-3477-4c62-bad6-80fe1f5f19b6'),
 ('3', NULL, 'Orderconfirm', 'orderconfirm', 'single', '1', 'orderconfirm', '1', '2016-05-13 10:59:36', '2016-05-13 11:06:41', '91d2db13-daf7-4d72-9f56-4a5378754a67');



DROP TABLE IF EXISTS `craft_sections_i18n`;


--
-- Schema for table `craft_sections_i18n`
--
CREATE TABLE `craft_sections_i18n` (
  `id` int(11) NOT NULL AUTO_INCREMENT,
  `sectionId` int(11) NOT NULL,
  `locale` char(12) COLLATE utf8_unicode_ci NOT NULL,
  `enabledByDefault` tinyint(1) unsigned NOT NULL DEFAULT '1',
  `urlFormat` text COLLATE utf8_unicode_ci,
  `nestedUrlFormat` text COLLATE utf8_unicode_ci,
  `dateCreated` datetime NOT NULL,
  `dateUpdated` datetime NOT NULL,
  `uid` char(36) COLLATE utf8_unicode_ci NOT NULL DEFAULT '0',
  PRIMARY KEY (`id`),
  UNIQUE KEY `craft_sections_i18n_sectionId_locale_unq_idx` (`sectionId`,`locale`),
  KEY `craft_sections_i18n_locale_fk` (`locale`)
) ENGINE=InnoDB AUTO_INCREMENT=4 DEFAULT CHARSET=utf8 COLLATE=utf8_unicode_ci;

--
-- Data for table `craft_sections_i18n`
--

INSERT INTO `craft_sections_i18n` (`id`, `sectionId`, `locale`, `enabledByDefault`, `urlFormat`, `nestedUrlFormat`, `dateCreated`, `dateUpdated`, `uid`) VALUES
 ('1', '1', 'da', '1', '__home__', NULL, '2016-03-30 12:09:20', '2016-03-30 12:09:20', '959f6de6-8274-4e77-b08b-1960de85164e'),
 ('2', '2', 'da', '1', 'news/{postDate.year}/{slug}', NULL, '2016-03-30 12:09:21', '2016-03-30 12:09:21', '45a41e1d-1ede-4d88-90e8-ccb2b587816c'),
 ('3', '3', 'da', '1', 'orderconfirm', NULL, '2016-05-13 10:59:36', '2016-05-13 10:59:36', 'fa402f16-9efb-4929-9442-9c990a8b7117');



DROP TABLE IF EXISTS `craft_sessions`;


--
-- Schema for table `craft_sessions`
--
CREATE TABLE `craft_sessions` (
  `id` int(11) NOT NULL AUTO_INCREMENT,
  `userId` int(11) NOT NULL,
  `token` char(100) COLLATE utf8_unicode_ci NOT NULL,
  `dateCreated` datetime NOT NULL,
  `dateUpdated` datetime NOT NULL,
  `uid` char(36) COLLATE utf8_unicode_ci NOT NULL DEFAULT '0',
  PRIMARY KEY (`id`),
  KEY `craft_sessions_uid_idx` (`uid`),
  KEY `craft_sessions_token_idx` (`token`),
  KEY `craft_sessions_dateUpdated_idx` (`dateUpdated`),
  KEY `craft_sessions_userId_fk` (`userId`)
) ENGINE=InnoDB AUTO_INCREMENT=29 DEFAULT CHARSET=utf8 COLLATE=utf8_unicode_ci;

DROP TABLE IF EXISTS `craft_shunnedmessages`;


--
-- Schema for table `craft_shunnedmessages`
--
CREATE TABLE `craft_shunnedmessages` (
  `id` int(11) NOT NULL AUTO_INCREMENT,
  `userId` int(11) NOT NULL,
  `message` varchar(255) COLLATE utf8_unicode_ci NOT NULL,
  `expiryDate` datetime DEFAULT NULL,
  `dateCreated` datetime NOT NULL,
  `dateUpdated` datetime NOT NULL,
  `uid` char(36) COLLATE utf8_unicode_ci NOT NULL DEFAULT '0',
  PRIMARY KEY (`id`),
  UNIQUE KEY `craft_shunnedmessages_userId_message_unq_idx` (`userId`,`message`)
) ENGINE=InnoDB DEFAULT CHARSET=utf8 COLLATE=utf8_unicode_ci;

DROP TABLE IF EXISTS `craft_structureelements`;


--
-- Schema for table `craft_structureelements`
--
CREATE TABLE `craft_structureelements` (
  `id` int(11) NOT NULL AUTO_INCREMENT,
  `structureId` int(11) NOT NULL,
  `elementId` int(11) DEFAULT NULL,
  `root` int(11) unsigned DEFAULT NULL,
  `lft` int(11) unsigned NOT NULL,
  `rgt` int(11) unsigned NOT NULL,
  `level` smallint(6) unsigned NOT NULL,
  `dateCreated` datetime NOT NULL,
  `dateUpdated` datetime NOT NULL,
  `uid` char(36) COLLATE utf8_unicode_ci NOT NULL DEFAULT '0',
  PRIMARY KEY (`id`),
  UNIQUE KEY `craft_structureelements_structureId_elementId_unq_idx` (`structureId`,`elementId`),
  KEY `craft_structureelements_root_idx` (`root`),
  KEY `craft_structureelements_lft_idx` (`lft`),
  KEY `craft_structureelements_rgt_idx` (`rgt`),
  KEY `craft_structureelements_level_idx` (`level`),
  KEY `craft_structureelements_elementId_fk` (`elementId`)
) ENGINE=InnoDB DEFAULT CHARSET=utf8 COLLATE=utf8_unicode_ci;

DROP TABLE IF EXISTS `craft_structures`;


--
-- Schema for table `craft_structures`
--
CREATE TABLE `craft_structures` (
  `id` int(11) NOT NULL AUTO_INCREMENT,
  `maxLevels` smallint(6) unsigned DEFAULT NULL,
  `dateCreated` datetime NOT NULL,
  `dateUpdated` datetime NOT NULL,
  `uid` char(36) COLLATE utf8_unicode_ci NOT NULL DEFAULT '0',
  PRIMARY KEY (`id`)
) ENGINE=InnoDB DEFAULT CHARSET=utf8 COLLATE=utf8_unicode_ci;

DROP TABLE IF EXISTS `craft_systemsettings`;


--
-- Schema for table `craft_systemsettings`
--
CREATE TABLE `craft_systemsettings` (
  `id` int(11) NOT NULL AUTO_INCREMENT,
  `category` varchar(15) COLLATE utf8_unicode_ci NOT NULL,
  `settings` text COLLATE utf8_unicode_ci,
  `dateCreated` datetime NOT NULL,
  `dateUpdated` datetime NOT NULL,
  `uid` char(36) COLLATE utf8_unicode_ci NOT NULL DEFAULT '0',
  PRIMARY KEY (`id`),
  UNIQUE KEY `craft_systemsettings_category_unq_idx` (`category`)
) ENGINE=InnoDB AUTO_INCREMENT=2 DEFAULT CHARSET=utf8 COLLATE=utf8_unicode_ci;

--
-- Data for table `craft_systemsettings`
--

INSERT INTO `craft_systemsettings` (`id`, `category`, `settings`, `dateCreated`, `dateUpdated`, `uid`) VALUES
 ('1', 'email', '{\"template\":\"commerce\\/_emails\\/orderRecieved\",\"protocol\":\"smtp\",\"emailAddress\":\"mb@18digital.dk\",\"senderName\":\"Elektronikforsikring\",\"smtpAuth\":1,\"username\":\"postmaster@sandbox7c738fa97ce847a6adc79c9ed9161f72.mailgun.org\",\"password\":\"6f7cc2ef1761044157529c0e01b7a17f\",\"smtpSecureTransportType\":\"tls\",\"port\":\"587\",\"host\":\"smtp.mailgun.org\",\"timeout\":\"30\"}', '2016-03-30 12:09:20', '2016-05-24 20:48:07', 'c4501d47-9c7e-4d31-af37-b2d3a8a9e783');



DROP TABLE IF EXISTS `craft_taggroups`;


--
-- Schema for table `craft_taggroups`
--
CREATE TABLE `craft_taggroups` (
  `id` int(11) NOT NULL AUTO_INCREMENT,
  `name` varchar(255) COLLATE utf8_unicode_ci NOT NULL,
  `handle` varchar(255) COLLATE utf8_unicode_ci NOT NULL,
  `fieldLayoutId` int(10) DEFAULT NULL,
  `dateCreated` datetime NOT NULL,
  `dateUpdated` datetime NOT NULL,
  `uid` char(36) COLLATE utf8_unicode_ci NOT NULL DEFAULT '0',
  PRIMARY KEY (`id`),
  UNIQUE KEY `craft_taggroups_name_unq_idx` (`name`),
  UNIQUE KEY `craft_taggroups_handle_unq_idx` (`handle`),
  KEY `craft_taggroups_fieldLayoutId_fk` (`fieldLayoutId`)
) ENGINE=InnoDB AUTO_INCREMENT=2 DEFAULT CHARSET=utf8 COLLATE=utf8_unicode_ci;

--
-- Data for table `craft_taggroups`
--

INSERT INTO `craft_taggroups` (`id`, `name`, `handle`, `fieldLayoutId`, `dateCreated`, `dateUpdated`, `uid`) VALUES
 ('1', 'Default', 'default', '1', '2016-03-30 12:09:20', '2016-03-30 12:09:20', '6fc039ae-2b7e-46ec-8c12-0722097dbbfa');



DROP TABLE IF EXISTS `craft_tags`;


--
-- Schema for table `craft_tags`
--
CREATE TABLE `craft_tags` (
  `id` int(11) NOT NULL,
  `groupId` int(11) NOT NULL,
  `dateCreated` datetime NOT NULL,
  `dateUpdated` datetime NOT NULL,
  `uid` char(36) COLLATE utf8_unicode_ci NOT NULL DEFAULT '0',
  PRIMARY KEY (`id`),
  KEY `craft_tags_groupId_fk` (`groupId`)
) ENGINE=InnoDB DEFAULT CHARSET=utf8 COLLATE=utf8_unicode_ci;

DROP TABLE IF EXISTS `craft_tasks`;


--
-- Schema for table `craft_tasks`
--
CREATE TABLE `craft_tasks` (
  `id` int(11) NOT NULL AUTO_INCREMENT,
  `root` int(11) unsigned DEFAULT NULL,
  `lft` int(11) unsigned NOT NULL,
  `rgt` int(11) unsigned NOT NULL,
  `level` smallint(6) unsigned NOT NULL,
  `currentStep` int(11) unsigned DEFAULT NULL,
  `totalSteps` int(11) unsigned DEFAULT NULL,
  `status` enum('pending','error','running') COLLATE utf8_unicode_ci DEFAULT NULL,
  `type` varchar(150) COLLATE utf8_unicode_ci NOT NULL,
  `description` varchar(255) COLLATE utf8_unicode_ci DEFAULT NULL,
  `settings` mediumtext COLLATE utf8_unicode_ci,
  `dateCreated` datetime NOT NULL,
  `dateUpdated` datetime NOT NULL,
  `uid` char(36) COLLATE utf8_unicode_ci NOT NULL DEFAULT '0',
  PRIMARY KEY (`id`),
  KEY `craft_tasks_root_idx` (`root`),
  KEY `craft_tasks_lft_idx` (`lft`),
  KEY `craft_tasks_rgt_idx` (`rgt`),
  KEY `craft_tasks_level_idx` (`level`)
) ENGINE=InnoDB AUTO_INCREMENT=162 DEFAULT CHARSET=utf8 COLLATE=utf8_unicode_ci;

DROP TABLE IF EXISTS `craft_templatecachecriteria`;


--
-- Schema for table `craft_templatecachecriteria`
--
CREATE TABLE `craft_templatecachecriteria` (
  `id` int(11) NOT NULL AUTO_INCREMENT,
  `cacheId` int(11) NOT NULL,
  `type` varchar(150) COLLATE utf8_unicode_ci NOT NULL,
  `criteria` text COLLATE utf8_unicode_ci NOT NULL,
  PRIMARY KEY (`id`),
  KEY `craft_templatecachecriteria_cacheId_fk` (`cacheId`),
  KEY `craft_templatecachecriteria_type_idx` (`type`)
) ENGINE=InnoDB DEFAULT CHARSET=utf8 COLLATE=utf8_unicode_ci;

DROP TABLE IF EXISTS `craft_templatecacheelements`;


--
-- Schema for table `craft_templatecacheelements`
--
CREATE TABLE `craft_templatecacheelements` (
  `cacheId` int(11) NOT NULL,
  `elementId` int(11) NOT NULL,
  KEY `craft_templatecacheelements_cacheId_fk` (`cacheId`),
  KEY `craft_templatecacheelements_elementId_fk` (`elementId`)
) ENGINE=InnoDB DEFAULT CHARSET=utf8 COLLATE=utf8_unicode_ci;

DROP TABLE IF EXISTS `craft_templatecaches`;


--
-- Schema for table `craft_templatecaches`
--
CREATE TABLE `craft_templatecaches` (
  `id` int(11) NOT NULL AUTO_INCREMENT,
  `cacheKey` varchar(255) COLLATE utf8_unicode_ci NOT NULL,
  `locale` char(12) COLLATE utf8_unicode_ci NOT NULL,
  `path` varchar(255) COLLATE utf8_unicode_ci DEFAULT NULL,
  `expiryDate` datetime NOT NULL,
  `body` mediumtext COLLATE utf8_unicode_ci NOT NULL,
  PRIMARY KEY (`id`),
  KEY `craft_templatecaches_expiryDate_cacheKey_locale_path_idx` (`expiryDate`,`cacheKey`,`locale`,`path`),
  KEY `craft_templatecaches_locale_fk` (`locale`)
) ENGINE=InnoDB DEFAULT CHARSET=utf8 COLLATE=utf8_unicode_ci;

DROP TABLE IF EXISTS `craft_tokens`;


--
-- Schema for table `craft_tokens`
--
CREATE TABLE `craft_tokens` (
  `id` int(11) NOT NULL AUTO_INCREMENT,
  `token` char(32) COLLATE utf8_unicode_ci NOT NULL,
  `route` text COLLATE utf8_unicode_ci,
  `usageLimit` tinyint(3) unsigned DEFAULT NULL,
  `usageCount` tinyint(3) unsigned DEFAULT NULL,
  `expiryDate` datetime NOT NULL,
  `dateCreated` datetime NOT NULL,
  `dateUpdated` datetime NOT NULL,
  `uid` char(36) COLLATE utf8_unicode_ci NOT NULL DEFAULT '0',
  PRIMARY KEY (`id`),
  UNIQUE KEY `craft_tokens_token_unq_idx` (`token`),
  KEY `craft_tokens_expiryDate_idx` (`expiryDate`)
) ENGINE=InnoDB DEFAULT CHARSET=utf8 COLLATE=utf8_unicode_ci;

DROP TABLE IF EXISTS `craft_usergroups`;


--
-- Schema for table `craft_usergroups`
--
CREATE TABLE `craft_usergroups` (
  `id` int(11) NOT NULL AUTO_INCREMENT,
  `name` varchar(255) COLLATE utf8_unicode_ci NOT NULL,
  `handle` varchar(255) COLLATE utf8_unicode_ci NOT NULL,
  `dateCreated` datetime NOT NULL,
  `dateUpdated` datetime NOT NULL,
  `uid` char(36) COLLATE utf8_unicode_ci NOT NULL DEFAULT '0',
  PRIMARY KEY (`id`)
) ENGINE=InnoDB DEFAULT CHARSET=utf8 COLLATE=utf8_unicode_ci;

DROP TABLE IF EXISTS `craft_usergroups_users`;


--
-- Schema for table `craft_usergroups_users`
--
CREATE TABLE `craft_usergroups_users` (
  `id` int(11) NOT NULL AUTO_INCREMENT,
  `groupId` int(11) NOT NULL,
  `userId` int(11) NOT NULL,
  `dateCreated` datetime NOT NULL,
  `dateUpdated` datetime NOT NULL,
  `uid` char(36) COLLATE utf8_unicode_ci NOT NULL DEFAULT '0',
  PRIMARY KEY (`id`),
  UNIQUE KEY `craft_usergroups_users_groupId_userId_unq_idx` (`groupId`,`userId`),
  KEY `craft_usergroups_users_userId_fk` (`userId`)
) ENGINE=InnoDB DEFAULT CHARSET=utf8 COLLATE=utf8_unicode_ci;

DROP TABLE IF EXISTS `craft_userpermissions`;


--
-- Schema for table `craft_userpermissions`
--
CREATE TABLE `craft_userpermissions` (
  `id` int(11) NOT NULL AUTO_INCREMENT,
  `name` varchar(255) COLLATE utf8_unicode_ci NOT NULL,
  `dateCreated` datetime NOT NULL,
  `dateUpdated` datetime NOT NULL,
  `uid` char(36) COLLATE utf8_unicode_ci NOT NULL DEFAULT '0',
  PRIMARY KEY (`id`),
  UNIQUE KEY `craft_userpermissions_name_unq_idx` (`name`)
) ENGINE=InnoDB DEFAULT CHARSET=utf8 COLLATE=utf8_unicode_ci;

DROP TABLE IF EXISTS `craft_userpermissions_usergroups`;


--
-- Schema for table `craft_userpermissions_usergroups`
--
CREATE TABLE `craft_userpermissions_usergroups` (
  `id` int(11) NOT NULL AUTO_INCREMENT,
  `permissionId` int(11) NOT NULL,
  `groupId` int(11) NOT NULL,
  `dateCreated` datetime NOT NULL,
  `dateUpdated` datetime NOT NULL,
  `uid` char(36) COLLATE utf8_unicode_ci NOT NULL DEFAULT '0',
  PRIMARY KEY (`id`),
  UNIQUE KEY `craft_userpermissions_usergroups_permissionId_groupId_unq_idx` (`permissionId`,`groupId`),
  KEY `craft_userpermissions_usergroups_groupId_fk` (`groupId`)
) ENGINE=InnoDB DEFAULT CHARSET=utf8 COLLATE=utf8_unicode_ci;

DROP TABLE IF EXISTS `craft_userpermissions_users`;


--
-- Schema for table `craft_userpermissions_users`
--
CREATE TABLE `craft_userpermissions_users` (
  `id` int(11) NOT NULL AUTO_INCREMENT,
  `permissionId` int(11) NOT NULL,
  `userId` int(11) NOT NULL,
  `dateCreated` datetime NOT NULL,
  `dateUpdated` datetime NOT NULL,
  `uid` char(36) COLLATE utf8_unicode_ci NOT NULL DEFAULT '0',
  PRIMARY KEY (`id`),
  UNIQUE KEY `craft_userpermissions_users_permissionId_userId_unq_idx` (`permissionId`,`userId`),
  KEY `craft_userpermissions_users_userId_fk` (`userId`)
) ENGINE=InnoDB DEFAULT CHARSET=utf8 COLLATE=utf8_unicode_ci;

DROP TABLE IF EXISTS `craft_users`;


--
-- Schema for table `craft_users`
--
CREATE TABLE `craft_users` (
  `id` int(11) NOT NULL,
  `username` varchar(100) COLLATE utf8_unicode_ci NOT NULL,
  `photo` varchar(100) COLLATE utf8_unicode_ci DEFAULT NULL,
  `firstName` varchar(100) COLLATE utf8_unicode_ci DEFAULT NULL,
  `lastName` varchar(100) COLLATE utf8_unicode_ci DEFAULT NULL,
  `email` varchar(255) COLLATE utf8_unicode_ci NOT NULL,
  `password` char(255) COLLATE utf8_unicode_ci DEFAULT NULL,
  `preferredLocale` char(12) COLLATE utf8_unicode_ci DEFAULT NULL,
  `weekStartDay` tinyint(1) unsigned NOT NULL DEFAULT '0',
  `admin` tinyint(1) unsigned NOT NULL DEFAULT '0',
  `client` tinyint(1) unsigned NOT NULL DEFAULT '0',
  `locked` tinyint(1) unsigned NOT NULL DEFAULT '0',
  `suspended` tinyint(1) unsigned NOT NULL DEFAULT '0',
  `pending` tinyint(1) unsigned NOT NULL DEFAULT '0',
  `archived` tinyint(1) unsigned NOT NULL DEFAULT '0',
  `lastLoginDate` datetime DEFAULT NULL,
  `lastLoginAttemptIPAddress` varchar(45) COLLATE utf8_unicode_ci DEFAULT NULL,
  `invalidLoginWindowStart` datetime DEFAULT NULL,
  `invalidLoginCount` tinyint(4) unsigned DEFAULT NULL,
  `lastInvalidLoginDate` datetime DEFAULT NULL,
  `lockoutDate` datetime DEFAULT NULL,
  `verificationCode` char(100) COLLATE utf8_unicode_ci DEFAULT NULL,
  `verificationCodeIssuedDate` datetime DEFAULT NULL,
  `unverifiedEmail` varchar(255) COLLATE utf8_unicode_ci DEFAULT NULL,
  `passwordResetRequired` tinyint(1) unsigned NOT NULL DEFAULT '0',
  `lastPasswordChangeDate` datetime DEFAULT NULL,
  `dateCreated` datetime NOT NULL,
  `dateUpdated` datetime NOT NULL,
  `uid` char(36) COLLATE utf8_unicode_ci NOT NULL DEFAULT '0',
  PRIMARY KEY (`id`),
  UNIQUE KEY `craft_users_username_unq_idx` (`username`),
  UNIQUE KEY `craft_users_email_unq_idx` (`email`),
  KEY `craft_users_verificationCode_idx` (`verificationCode`),
  KEY `craft_users_uid_idx` (`uid`),
  KEY `craft_users_preferredLocale_fk` (`preferredLocale`)
) ENGINE=InnoDB DEFAULT CHARSET=utf8 COLLATE=utf8_unicode_ci;

--
-- Data for table `craft_users`
--

INSERT INTO `craft_users` (`id`, `username`, `photo`, `firstName`, `lastName`, `email`, `password`, `preferredLocale`, `weekStartDay`, `admin`, `client`, `locked`, `suspended`, `pending`, `archived`, `lastLoginDate`, `lastLoginAttemptIPAddress`, `invalidLoginWindowStart`, `invalidLoginCount`, `lastInvalidLoginDate`, `lockoutDate`, `verificationCode`, `verificationCodeIssuedDate`, `unverifiedEmail`, `passwordResetRequired`, `lastPasswordChangeDate`, `dateCreated`, `dateUpdated`, `uid`) VALUES
 ('1', 'admin', 'martin.jpg', 'Martin', 'Beuschau', 'mb@18digital.dk', '$2y$13$ggWJ4k0EXE/fDl9AoQnd1.oXMpdZchIoWbsK/vf4N.3lkBHpf31xG', NULL, '1', '1', '0', '0', '0', '0', '0', '2016-05-26 08:39:49', '127.0.0.1', NULL, NULL, NULL, NULL, NULL, NULL, NULL, '0', '2016-03-30 12:09:18', '2016-03-30 12:09:18', '2016-05-26 08:39:49', '102edccd-8918-49f6-8382-907dc3c5725a');



DROP TABLE IF EXISTS `craft_widgets`;


--
-- Schema for table `craft_widgets`
--
CREATE TABLE `craft_widgets` (
  `id` int(11) NOT NULL AUTO_INCREMENT,
  `userId` int(11) NOT NULL,
  `type` varchar(150) COLLATE utf8_unicode_ci NOT NULL,
  `sortOrder` smallint(6) unsigned DEFAULT NULL,
  `colspan` tinyint(4) unsigned DEFAULT NULL,
  `settings` text COLLATE utf8_unicode_ci,
  `enabled` tinyint(1) unsigned NOT NULL DEFAULT '1',
  `dateCreated` datetime NOT NULL,
  `dateUpdated` datetime NOT NULL,
  `uid` char(36) COLLATE utf8_unicode_ci NOT NULL DEFAULT '0',
  PRIMARY KEY (`id`),
  KEY `craft_widgets_userId_fk` (`userId`)
) ENGINE=InnoDB AUTO_INCREMENT=7 DEFAULT CHARSET=utf8 COLLATE=utf8_unicode_ci;

--
-- Data for table `craft_widgets`
--

INSERT INTO `craft_widgets` (`id`, `userId`, `type`, `sortOrder`, `colspan`, `settings`, `enabled`, `dateCreated`, `dateUpdated`, `uid`) VALUES
 ('1', '1', 'RecentEntries', '1', '2', NULL, '0', '2016-03-30 12:09:23', '2016-05-25 19:07:42', '26132cb2-11f7-4eb8-a63c-5c326f843e51'),
 ('2', '1', 'GetHelp', '2', NULL, NULL, '0', '2016-03-30 12:09:23', '2016-05-25 19:07:49', '63b4016f-e47f-4d5d-8fbf-865634097b7b'),
 ('3', '1', 'Updates', '3', NULL, NULL, '0', '2016-03-30 12:09:23', '2016-05-25 19:08:22', 'a6d5044c-6d22-4938-b4b6-9c476e7ca987'),
 ('4', '1', 'Feed', '4', NULL, '{\"url\":\"https:\\/\\/craftcms.com\\/news.rss\",\"title\":\"Craft News\"}', '0', '2016-03-30 12:09:23', '2016-05-25 19:08:18', '7415fb61-0c4e-44c0-a5c9-fee4d9310bd7'),
 ('5', '1', 'Commerce_Orders', '5', NULL, '{\"orderStatusId\":\"2\",\"limit\":\"10\"}', '1', '2016-05-25 19:08:31', '2016-05-25 19:08:31', 'b9f1fa4c-5b28-4341-94bc-48eab22495e2'),
 ('6', '1', 'Commerce_Revenue', '6', NULL, '{\"dateRange\":\"d7\"}', '1', '2016-05-25 19:08:41', '2016-05-25 19:08:50', '0f8e5695-0bf0-46f2-afa3-5c42dd3ce6f8');


--
-- Constraints for tables
--


--
-- Constraints for table `craft_assetfiles`
--
ALTER TABLE `craft_assetfiles`
	ADD CONSTRAINT `craft_assetfiles_folderId_fk` FOREIGN KEY (`folderId`) REFERENCES `craft_assetfolders` (`id`) ON DELETE CASCADE,
	ADD CONSTRAINT `craft_assetfiles_id_fk` FOREIGN KEY (`id`) REFERENCES `craft_elements` (`id`) ON DELETE CASCADE,
	ADD CONSTRAINT `craft_assetfiles_sourceId_fk` FOREIGN KEY (`sourceId`) REFERENCES `craft_assetsources` (`id`) ON DELETE CASCADE;

--
-- Constraints for table `craft_assetfolders`
--
ALTER TABLE `craft_assetfolders`
	ADD CONSTRAINT `craft_assetfolders_parentId_fk` FOREIGN KEY (`parentId`) REFERENCES `craft_assetfolders` (`id`) ON DELETE CASCADE,
	ADD CONSTRAINT `craft_assetfolders_sourceId_fk` FOREIGN KEY (`sourceId`) REFERENCES `craft_assetsources` (`id`) ON DELETE CASCADE;

--
-- Constraints for table `craft_assetindexdata`
--
ALTER TABLE `craft_assetindexdata`
	ADD CONSTRAINT `craft_assetindexdata_sourceId_fk` FOREIGN KEY (`sourceId`) REFERENCES `craft_assetsources` (`id`) ON DELETE CASCADE;

--
-- Constraints for table `craft_assetsources`
--
ALTER TABLE `craft_assetsources`
	ADD CONSTRAINT `craft_assetsources_fieldLayoutId_fk` FOREIGN KEY (`fieldLayoutId`) REFERENCES `craft_fieldlayouts` (`id`) ON DELETE SET NULL;

--
-- Constraints for table `craft_categories`
--
ALTER TABLE `craft_categories`
	ADD CONSTRAINT `craft_categories_groupId_fk` FOREIGN KEY (`groupId`) REFERENCES `craft_categorygroups` (`id`) ON DELETE CASCADE,
	ADD CONSTRAINT `craft_categories_id_fk` FOREIGN KEY (`id`) REFERENCES `craft_elements` (`id`) ON DELETE CASCADE;

--
-- Constraints for table `craft_categorygroups`
--
ALTER TABLE `craft_categorygroups`
	ADD CONSTRAINT `craft_categorygroups_fieldLayoutId_fk` FOREIGN KEY (`fieldLayoutId`) REFERENCES `craft_fieldlayouts` (`id`) ON DELETE SET NULL,
	ADD CONSTRAINT `craft_categorygroups_structureId_fk` FOREIGN KEY (`structureId`) REFERENCES `craft_structures` (`id`) ON DELETE CASCADE;

--
-- Constraints for table `craft_categorygroups_i18n`
--
ALTER TABLE `craft_categorygroups_i18n`
	ADD CONSTRAINT `craft_categorygroups_i18n_groupId_fk` FOREIGN KEY (`groupId`) REFERENCES `craft_categorygroups` (`id`) ON DELETE CASCADE,
	ADD CONSTRAINT `craft_categorygroups_i18n_locale_fk` FOREIGN KEY (`locale`) REFERENCES `craft_locales` (`locale`) ON DELETE CASCADE ON UPDATE CASCADE;

--
-- Constraints for table `craft_commerce_addresses`
--
ALTER TABLE `craft_commerce_addresses`
	ADD CONSTRAINT `craft_commerce_addresses_countryId_fk` FOREIGN KEY (`countryId`) REFERENCES `craft_commerce_countries` (`id`) ON DELETE SET NULL,
	ADD CONSTRAINT `craft_commerce_addresses_stateId_fk` FOREIGN KEY (`stateId`) REFERENCES `craft_commerce_states` (`id`) ON DELETE SET NULL;

--
-- Constraints for table `craft_commerce_customer_discountuses`
--
ALTER TABLE `craft_commerce_customer_discountuses`
	ADD CONSTRAINT `craft_commerce_customer_discountuses_customerId_fk` FOREIGN KEY (`customerId`) REFERENCES `craft_commerce_customers` (`id`) ON DELETE CASCADE ON UPDATE CASCADE,
	ADD CONSTRAINT `craft_commerce_customer_discountuses_discountId_fk` FOREIGN KEY (`discountId`) REFERENCES `craft_commerce_discounts` (`id`) ON DELETE CASCADE ON UPDATE CASCADE;

--
-- Constraints for table `craft_commerce_customers`
--
ALTER TABLE `craft_commerce_customers`
	ADD CONSTRAINT `craft_commerce_customers_userId_fk` FOREIGN KEY (`userId`) REFERENCES `craft_users` (`id`) ON DELETE SET NULL;

--
-- Constraints for table `craft_commerce_customers_addresses`
--
ALTER TABLE `craft_commerce_customers_addresses`
	ADD CONSTRAINT `craft_commerce_customers_addresses_addressId_fk` FOREIGN KEY (`addressId`) REFERENCES `craft_commerce_addresses` (`id`) ON DELETE CASCADE ON UPDATE CASCADE,
	ADD CONSTRAINT `craft_commerce_customers_addresses_customerId_fk` FOREIGN KEY (`customerId`) REFERENCES `craft_commerce_customers` (`id`) ON DELETE CASCADE ON UPDATE CASCADE;

--
-- Constraints for table `craft_commerce_discount_products`
--
ALTER TABLE `craft_commerce_discount_products`
	ADD CONSTRAINT `craft_commerce_discount_products_discountId_fk` FOREIGN KEY (`discountId`) REFERENCES `craft_commerce_discounts` (`id`) ON DELETE CASCADE ON UPDATE CASCADE,
	ADD CONSTRAINT `craft_commerce_discount_products_productId_fk` FOREIGN KEY (`productId`) REFERENCES `craft_commerce_products` (`id`) ON DELETE CASCADE ON UPDATE CASCADE;

--
-- Constraints for table `craft_commerce_discount_producttypes`
--
ALTER TABLE `craft_commerce_discount_producttypes`
	ADD CONSTRAINT `craft_commerce_discount_producttypes_discountId_fk` FOREIGN KEY (`discountId`) REFERENCES `craft_commerce_discounts` (`id`) ON DELETE CASCADE ON UPDATE CASCADE,
	ADD CONSTRAINT `craft_commerce_discount_producttypes_productTypeId_fk` FOREIGN KEY (`productTypeId`) REFERENCES `craft_commerce_producttypes` (`id`) ON DELETE CASCADE ON UPDATE CASCADE;

--
-- Constraints for table `craft_commerce_discount_usergroups`
--
ALTER TABLE `craft_commerce_discount_usergroups`
	ADD CONSTRAINT `craft_commerce_discount_usergroups_discountId_fk` FOREIGN KEY (`discountId`) REFERENCES `craft_commerce_discounts` (`id`) ON DELETE CASCADE ON UPDATE CASCADE,
	ADD CONSTRAINT `craft_commerce_discount_usergroups_userGroupId_fk` FOREIGN KEY (`userGroupId`) REFERENCES `craft_usergroups` (`id`) ON DELETE CASCADE ON UPDATE CASCADE;

--
-- Constraints for table `craft_commerce_lineitems`
--
ALTER TABLE `craft_commerce_lineitems`
	ADD CONSTRAINT `craft_commerce_lineitems_orderId_fk` FOREIGN KEY (`orderId`) REFERENCES `craft_commerce_orders` (`id`) ON DELETE CASCADE,
	ADD CONSTRAINT `craft_commerce_lineitems_purchasableId_fk` FOREIGN KEY (`purchasableId`) REFERENCES `craft_elements` (`id`) ON DELETE SET NULL ON UPDATE CASCADE,
	ADD CONSTRAINT `craft_commerce_lineitems_taxCategoryId_fk` FOREIGN KEY (`taxCategoryId`) REFERENCES `craft_commerce_taxcategories` (`id`) ON UPDATE CASCADE;

--
-- Constraints for table `craft_commerce_orderadjustments`
--
ALTER TABLE `craft_commerce_orderadjustments`
	ADD CONSTRAINT `craft_commerce_orderadjustments_orderId_fk` FOREIGN KEY (`orderId`) REFERENCES `craft_commerce_orders` (`id`) ON DELETE CASCADE;

--
-- Constraints for table `craft_commerce_orderhistories`
--
ALTER TABLE `craft_commerce_orderhistories`
	ADD CONSTRAINT `craft_commerce_orderhistories_customerId_fk` FOREIGN KEY (`customerId`) REFERENCES `craft_commerce_customers` (`id`) ON DELETE CASCADE ON UPDATE CASCADE,
	ADD CONSTRAINT `craft_commerce_orderhistories_newStatusId_fk` FOREIGN KEY (`newStatusId`) REFERENCES `craft_commerce_orderstatuses` (`id`) ON UPDATE CASCADE,
	ADD CONSTRAINT `craft_commerce_orderhistories_orderId_fk` FOREIGN KEY (`orderId`) REFERENCES `craft_commerce_orders` (`id`) ON DELETE CASCADE ON UPDATE CASCADE,
	ADD CONSTRAINT `craft_commerce_orderhistories_prevStatusId_fk` FOREIGN KEY (`prevStatusId`) REFERENCES `craft_commerce_orderstatuses` (`id`) ON UPDATE CASCADE;

--
-- Constraints for table `craft_commerce_orders`
--
ALTER TABLE `craft_commerce_orders`
	ADD CONSTRAINT `craft_commerce_orders_billingAddressId_fk` FOREIGN KEY (`billingAddressId`) REFERENCES `craft_commerce_addresses` (`id`) ON DELETE SET NULL,
	ADD CONSTRAINT `craft_commerce_orders_customerId_fk` FOREIGN KEY (`customerId`) REFERENCES `craft_commerce_customers` (`id`) ON DELETE SET NULL,
	ADD CONSTRAINT `craft_commerce_orders_id_fk` FOREIGN KEY (`id`) REFERENCES `craft_elements` (`id`) ON DELETE CASCADE,
	ADD CONSTRAINT `craft_commerce_orders_orderStatusId_fk` FOREIGN KEY (`orderStatusId`) REFERENCES `craft_commerce_orderstatuses` (`id`) ON UPDATE CASCADE,
	ADD CONSTRAINT `craft_commerce_orders_paymentMethodId_fk` FOREIGN KEY (`paymentMethodId`) REFERENCES `craft_commerce_paymentmethods` (`id`) ON DELETE SET NULL,
	ADD CONSTRAINT `craft_commerce_orders_shippingAddressId_fk` FOREIGN KEY (`shippingAddressId`) REFERENCES `craft_commerce_addresses` (`id`) ON DELETE SET NULL;

--
-- Constraints for table `craft_commerce_ordersettings`
--
ALTER TABLE `craft_commerce_ordersettings`
	ADD CONSTRAINT `craft_commerce_ordersettings_fieldLayoutId_fk` FOREIGN KEY (`fieldLayoutId`) REFERENCES `craft_fieldlayouts` (`id`) ON DELETE SET NULL;

--
-- Constraints for table `craft_commerce_orderstatus_emails`
--
ALTER TABLE `craft_commerce_orderstatus_emails`
	ADD CONSTRAINT `craft_commerce_orderstatus_emails_emailId_fk` FOREIGN KEY (`emailId`) REFERENCES `craft_commerce_emails` (`id`) ON DELETE CASCADE ON UPDATE CASCADE,
	ADD CONSTRAINT `craft_commerce_orderstatus_emails_orderStatusId_fk` FOREIGN KEY (`orderStatusId`) REFERENCES `craft_commerce_orderstatuses` (`id`) ON DELETE CASCADE ON UPDATE CASCADE;

--
-- Constraints for table `craft_commerce_products`
--
ALTER TABLE `craft_commerce_products`
	ADD CONSTRAINT `craft_commerce_products_id_fk` FOREIGN KEY (`id`) REFERENCES `craft_elements` (`id`) ON DELETE CASCADE,
	ADD CONSTRAINT `craft_commerce_products_taxCategoryId_fk` FOREIGN KEY (`taxCategoryId`) REFERENCES `craft_commerce_taxcategories` (`id`),
	ADD CONSTRAINT `craft_commerce_products_typeId_fk` FOREIGN KEY (`typeId`) REFERENCES `craft_commerce_producttypes` (`id`) ON DELETE CASCADE;

--
-- Constraints for table `craft_commerce_producttypes`
--
ALTER TABLE `craft_commerce_producttypes`
	ADD CONSTRAINT `craft_commerce_producttypes_fieldLayoutId_fk` FOREIGN KEY (`fieldLayoutId`) REFERENCES `craft_fieldlayouts` (`id`) ON DELETE SET NULL,
	ADD CONSTRAINT `craft_commerce_producttypes_variantFieldLayoutId_fk` FOREIGN KEY (`variantFieldLayoutId`) REFERENCES `craft_fieldlayouts` (`id`) ON DELETE SET NULL;

--
-- Constraints for table `craft_commerce_producttypes_i18n`
--
ALTER TABLE `craft_commerce_producttypes_i18n`
	ADD CONSTRAINT `craft_commerce_producttypes_i18n_locale_fk` FOREIGN KEY (`locale`) REFERENCES `craft_locales` (`locale`) ON DELETE CASCADE ON UPDATE CASCADE,
	ADD CONSTRAINT `craft_commerce_producttypes_i18n_productTypeId_fk` FOREIGN KEY (`productTypeId`) REFERENCES `craft_commerce_producttypes` (`id`) ON DELETE CASCADE;

--
-- Constraints for table `craft_commerce_purchasables`
--
ALTER TABLE `craft_commerce_purchasables`
	ADD CONSTRAINT `craft_commerce_purchasables_id_fk` FOREIGN KEY (`id`) REFERENCES `craft_elements` (`id`) ON DELETE CASCADE;

--
-- Constraints for table `craft_commerce_sale_products`
--
ALTER TABLE `craft_commerce_sale_products`
	ADD CONSTRAINT `craft_commerce_sale_products_productId_fk` FOREIGN KEY (`productId`) REFERENCES `craft_commerce_products` (`id`) ON DELETE CASCADE ON UPDATE CASCADE,
	ADD CONSTRAINT `craft_commerce_sale_products_saleId_fk` FOREIGN KEY (`saleId`) REFERENCES `craft_commerce_sales` (`id`) ON DELETE CASCADE ON UPDATE CASCADE;

--
-- Constraints for table `craft_commerce_sale_producttypes`
--
ALTER TABLE `craft_commerce_sale_producttypes`
	ADD CONSTRAINT `craft_commerce_sale_producttypes_productTypeId_fk` FOREIGN KEY (`productTypeId`) REFERENCES `craft_commerce_producttypes` (`id`) ON DELETE CASCADE ON UPDATE CASCADE,
	ADD CONSTRAINT `craft_commerce_sale_producttypes_saleId_fk` FOREIGN KEY (`saleId`) REFERENCES `craft_commerce_sales` (`id`) ON DELETE CASCADE ON UPDATE CASCADE;

--
-- Constraints for table `craft_commerce_sale_usergroups`
--
ALTER TABLE `craft_commerce_sale_usergroups`
	ADD CONSTRAINT `craft_commerce_sale_usergroups_saleId_fk` FOREIGN KEY (`saleId`) REFERENCES `craft_commerce_sales` (`id`) ON DELETE CASCADE ON UPDATE CASCADE,
	ADD CONSTRAINT `craft_commerce_sale_usergroups_userGroupId_fk` FOREIGN KEY (`userGroupId`) REFERENCES `craft_usergroups` (`id`) ON DELETE CASCADE ON UPDATE CASCADE;

--
-- Constraints for table `craft_commerce_shippingrules`
--
ALTER TABLE `craft_commerce_shippingrules`
	ADD CONSTRAINT `craft_commerce_shippingrules_methodId_fk` FOREIGN KEY (`methodId`) REFERENCES `craft_commerce_shippingmethods` (`id`),
	ADD CONSTRAINT `craft_commerce_shippingrules_shippingZoneId_fk` FOREIGN KEY (`shippingZoneId`) REFERENCES `craft_commerce_shippingzones` (`id`) ON DELETE SET NULL;

--
-- Constraints for table `craft_commerce_shippingzone_countries`
--
ALTER TABLE `craft_commerce_shippingzone_countries`
	ADD CONSTRAINT `craft_commerce_shippingzone_countries_countryId_fk` FOREIGN KEY (`countryId`) REFERENCES `craft_commerce_countries` (`id`) ON DELETE CASCADE ON UPDATE CASCADE,
	ADD CONSTRAINT `craft_commerce_shippingzone_countries_shippingZoneId_fk` FOREIGN KEY (`shippingZoneId`) REFERENCES `craft_commerce_shippingzones` (`id`) ON DELETE CASCADE ON UPDATE CASCADE;

--
-- Constraints for table `craft_commerce_shippingzone_states`
--
ALTER TABLE `craft_commerce_shippingzone_states`
	ADD CONSTRAINT `craft_commerce_shippingzone_states_shippingZoneId_fk` FOREIGN KEY (`shippingZoneId`) REFERENCES `craft_commerce_shippingzones` (`id`) ON DELETE CASCADE ON UPDATE CASCADE,
	ADD CONSTRAINT `craft_commerce_shippingzone_states_stateId_fk` FOREIGN KEY (`stateId`) REFERENCES `craft_commerce_states` (`id`) ON DELETE CASCADE ON UPDATE CASCADE;

--
-- Constraints for table `craft_commerce_states`
--
ALTER TABLE `craft_commerce_states`
	ADD CONSTRAINT `craft_commerce_states_countryId_fk` FOREIGN KEY (`countryId`) REFERENCES `craft_commerce_countries` (`id`) ON DELETE CASCADE ON UPDATE CASCADE;

--
-- Constraints for table `craft_commerce_taxrates`
--
ALTER TABLE `craft_commerce_taxrates`
	ADD CONSTRAINT `craft_commerce_taxrates_taxCategoryId_fk` FOREIGN KEY (`taxCategoryId`) REFERENCES `craft_commerce_taxcategories` (`id`) ON UPDATE CASCADE,
	ADD CONSTRAINT `craft_commerce_taxrates_taxZoneId_fk` FOREIGN KEY (`taxZoneId`) REFERENCES `craft_commerce_taxzones` (`id`) ON UPDATE CASCADE;

--
-- Constraints for table `craft_commerce_taxzone_countries`
--
ALTER TABLE `craft_commerce_taxzone_countries`
	ADD CONSTRAINT `craft_commerce_taxzone_countries_countryId_fk` FOREIGN KEY (`countryId`) REFERENCES `craft_commerce_countries` (`id`) ON DELETE CASCADE ON UPDATE CASCADE,
	ADD CONSTRAINT `craft_commerce_taxzone_countries_taxZoneId_fk` FOREIGN KEY (`taxZoneId`) REFERENCES `craft_commerce_taxzones` (`id`) ON DELETE CASCADE ON UPDATE CASCADE;

--
-- Constraints for table `craft_commerce_taxzone_states`
--
ALTER TABLE `craft_commerce_taxzone_states`
	ADD CONSTRAINT `craft_commerce_taxzone_states_stateId_fk` FOREIGN KEY (`stateId`) REFERENCES `craft_commerce_states` (`id`) ON DELETE CASCADE ON UPDATE CASCADE,
	ADD CONSTRAINT `craft_commerce_taxzone_states_taxZoneId_fk` FOREIGN KEY (`taxZoneId`) REFERENCES `craft_commerce_taxzones` (`id`) ON DELETE CASCADE ON UPDATE CASCADE;

--
-- Constraints for table `craft_commerce_transactions`
--
ALTER TABLE `craft_commerce_transactions`
	ADD CONSTRAINT `craft_commerce_transactions_orderId_fk` FOREIGN KEY (`orderId`) REFERENCES `craft_commerce_orders` (`id`) ON DELETE CASCADE,
	ADD CONSTRAINT `craft_commerce_transactions_parentId_fk` FOREIGN KEY (`parentId`) REFERENCES `craft_commerce_transactions` (`id`) ON DELETE CASCADE ON UPDATE CASCADE,
	ADD CONSTRAINT `craft_commerce_transactions_paymentMethodId_fk` FOREIGN KEY (`paymentMethodId`) REFERENCES `craft_commerce_paymentmethods` (`id`) ON UPDATE CASCADE,
	ADD CONSTRAINT `craft_commerce_transactions_userId_fk` FOREIGN KEY (`userId`) REFERENCES `craft_users` (`id`) ON DELETE SET NULL;

--
-- Constraints for table `craft_commerce_variants`
--
ALTER TABLE `craft_commerce_variants`
	ADD CONSTRAINT `craft_commerce_variants_id_fk` FOREIGN KEY (`id`) REFERENCES `craft_elements` (`id`) ON DELETE CASCADE,
	ADD CONSTRAINT `craft_commerce_variants_productId_fk` FOREIGN KEY (`productId`) REFERENCES `craft_commerce_products` (`id`) ON DELETE SET NULL ON UPDATE CASCADE;

--
-- Constraints for table `craft_content`
--
ALTER TABLE `craft_content`
	ADD CONSTRAINT `craft_content_elementId_fk` FOREIGN KEY (`elementId`) REFERENCES `craft_elements` (`id`) ON DELETE CASCADE,
	ADD CONSTRAINT `craft_content_locale_fk` FOREIGN KEY (`locale`) REFERENCES `craft_locales` (`locale`) ON DELETE CASCADE ON UPDATE CASCADE;

--
-- Constraints for table `craft_elements_i18n`
--
ALTER TABLE `craft_elements_i18n`
	ADD CONSTRAINT `craft_elements_i18n_elementId_fk` FOREIGN KEY (`elementId`) REFERENCES `craft_elements` (`id`) ON DELETE CASCADE,
	ADD CONSTRAINT `craft_elements_i18n_locale_fk` FOREIGN KEY (`locale`) REFERENCES `craft_locales` (`locale`) ON DELETE CASCADE ON UPDATE CASCADE;

--
-- Constraints for table `craft_emailmessages`
--
ALTER TABLE `craft_emailmessages`
	ADD CONSTRAINT `craft_emailmessages_locale_fk` FOREIGN KEY (`locale`) REFERENCES `craft_locales` (`locale`) ON DELETE CASCADE ON UPDATE CASCADE;

--
-- Constraints for table `craft_entries`
--
ALTER TABLE `craft_entries`
	ADD CONSTRAINT `craft_entries_authorId_fk` FOREIGN KEY (`authorId`) REFERENCES `craft_users` (`id`) ON DELETE CASCADE,
	ADD CONSTRAINT `craft_entries_id_fk` FOREIGN KEY (`id`) REFERENCES `craft_elements` (`id`) ON DELETE CASCADE,
	ADD CONSTRAINT `craft_entries_sectionId_fk` FOREIGN KEY (`sectionId`) REFERENCES `craft_sections` (`id`) ON DELETE CASCADE,
	ADD CONSTRAINT `craft_entries_typeId_fk` FOREIGN KEY (`typeId`) REFERENCES `craft_entrytypes` (`id`) ON DELETE CASCADE;

--
-- Constraints for table `craft_entrydrafts`
--
ALTER TABLE `craft_entrydrafts`
	ADD CONSTRAINT `craft_entrydrafts_creatorId_fk` FOREIGN KEY (`creatorId`) REFERENCES `craft_users` (`id`) ON DELETE CASCADE,
	ADD CONSTRAINT `craft_entrydrafts_entryId_fk` FOREIGN KEY (`entryId`) REFERENCES `craft_entries` (`id`) ON DELETE CASCADE,
	ADD CONSTRAINT `craft_entrydrafts_locale_fk` FOREIGN KEY (`locale`) REFERENCES `craft_locales` (`locale`) ON DELETE CASCADE ON UPDATE CASCADE,
	ADD CONSTRAINT `craft_entrydrafts_sectionId_fk` FOREIGN KEY (`sectionId`) REFERENCES `craft_sections` (`id`) ON DELETE CASCADE;

--
-- Constraints for table `craft_entrytypes`
--
ALTER TABLE `craft_entrytypes`
	ADD CONSTRAINT `craft_entrytypes_fieldLayoutId_fk` FOREIGN KEY (`fieldLayoutId`) REFERENCES `craft_fieldlayouts` (`id`) ON DELETE SET NULL,
	ADD CONSTRAINT `craft_entrytypes_sectionId_fk` FOREIGN KEY (`sectionId`) REFERENCES `craft_sections` (`id`) ON DELETE CASCADE;

--
-- Constraints for table `craft_entryversions`
--
ALTER TABLE `craft_entryversions`
	ADD CONSTRAINT `craft_entryversions_creatorId_fk` FOREIGN KEY (`creatorId`) REFERENCES `craft_users` (`id`) ON DELETE SET NULL,
	ADD CONSTRAINT `craft_entryversions_entryId_fk` FOREIGN KEY (`entryId`) REFERENCES `craft_entries` (`id`) ON DELETE CASCADE,
	ADD CONSTRAINT `craft_entryversions_locale_fk` FOREIGN KEY (`locale`) REFERENCES `craft_locales` (`locale`) ON DELETE CASCADE ON UPDATE CASCADE,
	ADD CONSTRAINT `craft_entryversions_sectionId_fk` FOREIGN KEY (`sectionId`) REFERENCES `craft_sections` (`id`) ON DELETE CASCADE;

--
-- Constraints for table `craft_fieldlayoutfields`
--
ALTER TABLE `craft_fieldlayoutfields`
	ADD CONSTRAINT `craft_fieldlayoutfields_fieldId_fk` FOREIGN KEY (`fieldId`) REFERENCES `craft_fields` (`id`) ON DELETE CASCADE,
	ADD CONSTRAINT `craft_fieldlayoutfields_layoutId_fk` FOREIGN KEY (`layoutId`) REFERENCES `craft_fieldlayouts` (`id`) ON DELETE CASCADE,
	ADD CONSTRAINT `craft_fieldlayoutfields_tabId_fk` FOREIGN KEY (`tabId`) REFERENCES `craft_fieldlayouttabs` (`id`) ON DELETE CASCADE;

--
-- Constraints for table `craft_fieldlayouttabs`
--
ALTER TABLE `craft_fieldlayouttabs`
	ADD CONSTRAINT `craft_fieldlayouttabs_layoutId_fk` FOREIGN KEY (`layoutId`) REFERENCES `craft_fieldlayouts` (`id`) ON DELETE CASCADE;

--
-- Constraints for table `craft_fields`
--
ALTER TABLE `craft_fields`
	ADD CONSTRAINT `craft_fields_groupId_fk` FOREIGN KEY (`groupId`) REFERENCES `craft_fieldgroups` (`id`) ON DELETE CASCADE;

--
-- Constraints for table `craft_globalsets`
--
ALTER TABLE `craft_globalsets`
	ADD CONSTRAINT `craft_globalsets_fieldLayoutId_fk` FOREIGN KEY (`fieldLayoutId`) REFERENCES `craft_fieldlayouts` (`id`) ON DELETE SET NULL,
	ADD CONSTRAINT `craft_globalsets_id_fk` FOREIGN KEY (`id`) REFERENCES `craft_elements` (`id`) ON DELETE CASCADE;

--
-- Constraints for table `craft_matrixblocks`
--
ALTER TABLE `craft_matrixblocks`
	ADD CONSTRAINT `craft_matrixblocks_fieldId_fk` FOREIGN KEY (`fieldId`) REFERENCES `craft_fields` (`id`) ON DELETE CASCADE,
	ADD CONSTRAINT `craft_matrixblocks_id_fk` FOREIGN KEY (`id`) REFERENCES `craft_elements` (`id`) ON DELETE CASCADE,
	ADD CONSTRAINT `craft_matrixblocks_ownerId_fk` FOREIGN KEY (`ownerId`) REFERENCES `craft_elements` (`id`) ON DELETE CASCADE,
	ADD CONSTRAINT `craft_matrixblocks_ownerLocale_fk` FOREIGN KEY (`ownerLocale`) REFERENCES `craft_locales` (`locale`) ON DELETE CASCADE ON UPDATE CASCADE,
	ADD CONSTRAINT `craft_matrixblocks_typeId_fk` FOREIGN KEY (`typeId`) REFERENCES `craft_matrixblocktypes` (`id`) ON DELETE CASCADE;

--
-- Constraints for table `craft_matrixblocktypes`
--
ALTER TABLE `craft_matrixblocktypes`
	ADD CONSTRAINT `craft_matrixblocktypes_fieldId_fk` FOREIGN KEY (`fieldId`) REFERENCES `craft_fields` (`id`) ON DELETE CASCADE,
	ADD CONSTRAINT `craft_matrixblocktypes_fieldLayoutId_fk` FOREIGN KEY (`fieldLayoutId`) REFERENCES `craft_fieldlayouts` (`id`) ON DELETE SET NULL;

--
-- Constraints for table `craft_migrations`
--
ALTER TABLE `craft_migrations`
	ADD CONSTRAINT `craft_migrations_pluginId_fk` FOREIGN KEY (`pluginId`) REFERENCES `craft_plugins` (`id`) ON DELETE CASCADE;

--
-- Constraints for table `craft_relations`
--
ALTER TABLE `craft_relations`
	ADD CONSTRAINT `craft_relations_fieldId_fk` FOREIGN KEY (`fieldId`) REFERENCES `craft_fields` (`id`) ON DELETE CASCADE,
	ADD CONSTRAINT `craft_relations_sourceId_fk` FOREIGN KEY (`sourceId`) REFERENCES `craft_elements` (`id`) ON DELETE CASCADE,
	ADD CONSTRAINT `craft_relations_sourceLocale_fk` FOREIGN KEY (`sourceLocale`) REFERENCES `craft_locales` (`locale`) ON DELETE CASCADE ON UPDATE CASCADE,
	ADD CONSTRAINT `craft_relations_targetId_fk` FOREIGN KEY (`targetId`) REFERENCES `craft_elements` (`id`) ON DELETE CASCADE;

--
-- Constraints for table `craft_routes`
--
ALTER TABLE `craft_routes`
	ADD CONSTRAINT `craft_routes_locale_fk` FOREIGN KEY (`locale`) REFERENCES `craft_locales` (`locale`) ON DELETE CASCADE ON UPDATE CASCADE;

--
-- Constraints for table `craft_sections`
--
ALTER TABLE `craft_sections`
	ADD CONSTRAINT `craft_sections_structureId_fk` FOREIGN KEY (`structureId`) REFERENCES `craft_structures` (`id`) ON DELETE SET NULL;

--
-- Constraints for table `craft_sections_i18n`
--
ALTER TABLE `craft_sections_i18n`
	ADD CONSTRAINT `craft_sections_i18n_locale_fk` FOREIGN KEY (`locale`) REFERENCES `craft_locales` (`locale`) ON DELETE CASCADE ON UPDATE CASCADE,
	ADD CONSTRAINT `craft_sections_i18n_sectionId_fk` FOREIGN KEY (`sectionId`) REFERENCES `craft_sections` (`id`) ON DELETE CASCADE;

--
-- Constraints for table `craft_sessions`
--
ALTER TABLE `craft_sessions`
	ADD CONSTRAINT `craft_sessions_userId_fk` FOREIGN KEY (`userId`) REFERENCES `craft_users` (`id`) ON DELETE CASCADE;

--
-- Constraints for table `craft_shunnedmessages`
--
ALTER TABLE `craft_shunnedmessages`
	ADD CONSTRAINT `craft_shunnedmessages_userId_fk` FOREIGN KEY (`userId`) REFERENCES `craft_users` (`id`) ON DELETE CASCADE;

--
-- Constraints for table `craft_structureelements`
--
ALTER TABLE `craft_structureelements`
	ADD CONSTRAINT `craft_structureelements_elementId_fk` FOREIGN KEY (`elementId`) REFERENCES `craft_elements` (`id`) ON DELETE CASCADE,
	ADD CONSTRAINT `craft_structureelements_structureId_fk` FOREIGN KEY (`structureId`) REFERENCES `craft_structures` (`id`) ON DELETE CASCADE;

--
-- Constraints for table `craft_taggroups`
--
ALTER TABLE `craft_taggroups`
	ADD CONSTRAINT `craft_taggroups_fieldLayoutId_fk` FOREIGN KEY (`fieldLayoutId`) REFERENCES `craft_fieldlayouts` (`id`) ON DELETE SET NULL;

--
-- Constraints for table `craft_tags`
--
ALTER TABLE `craft_tags`
	ADD CONSTRAINT `craft_tags_groupId_fk` FOREIGN KEY (`groupId`) REFERENCES `craft_taggroups` (`id`) ON DELETE CASCADE,
	ADD CONSTRAINT `craft_tags_id_fk` FOREIGN KEY (`id`) REFERENCES `craft_elements` (`id`) ON DELETE CASCADE;

--
-- Constraints for table `craft_templatecachecriteria`
--
ALTER TABLE `craft_templatecachecriteria`
	ADD CONSTRAINT `craft_templatecachecriteria_cacheId_fk` FOREIGN KEY (`cacheId`) REFERENCES `craft_templatecaches` (`id`) ON DELETE CASCADE;

--
-- Constraints for table `craft_templatecacheelements`
--
ALTER TABLE `craft_templatecacheelements`
	ADD CONSTRAINT `craft_templatecacheelements_cacheId_fk` FOREIGN KEY (`cacheId`) REFERENCES `craft_templatecaches` (`id`) ON DELETE CASCADE,
	ADD CONSTRAINT `craft_templatecacheelements_elementId_fk` FOREIGN KEY (`elementId`) REFERENCES `craft_elements` (`id`) ON DELETE CASCADE;

--
-- Constraints for table `craft_templatecaches`
--
ALTER TABLE `craft_templatecaches`
	ADD CONSTRAINT `craft_templatecaches_locale_fk` FOREIGN KEY (`locale`) REFERENCES `craft_locales` (`locale`) ON DELETE CASCADE ON UPDATE CASCADE;

--
-- Constraints for table `craft_usergroups_users`
--
ALTER TABLE `craft_usergroups_users`
	ADD CONSTRAINT `craft_usergroups_users_groupId_fk` FOREIGN KEY (`groupId`) REFERENCES `craft_usergroups` (`id`) ON DELETE CASCADE,
	ADD CONSTRAINT `craft_usergroups_users_userId_fk` FOREIGN KEY (`userId`) REFERENCES `craft_users` (`id`) ON DELETE CASCADE;

--
-- Constraints for table `craft_userpermissions_usergroups`
--
ALTER TABLE `craft_userpermissions_usergroups`
	ADD CONSTRAINT `craft_userpermissions_usergroups_groupId_fk` FOREIGN KEY (`groupId`) REFERENCES `craft_usergroups` (`id`) ON DELETE CASCADE,
	ADD CONSTRAINT `craft_userpermissions_usergroups_permissionId_fk` FOREIGN KEY (`permissionId`) REFERENCES `craft_userpermissions` (`id`) ON DELETE CASCADE;

--
-- Constraints for table `craft_userpermissions_users`
--
ALTER TABLE `craft_userpermissions_users`
	ADD CONSTRAINT `craft_userpermissions_users_permissionId_fk` FOREIGN KEY (`permissionId`) REFERENCES `craft_userpermissions` (`id`) ON DELETE CASCADE,
	ADD CONSTRAINT `craft_userpermissions_users_userId_fk` FOREIGN KEY (`userId`) REFERENCES `craft_users` (`id`) ON DELETE CASCADE;

--
-- Constraints for table `craft_users`
--
ALTER TABLE `craft_users`
	ADD CONSTRAINT `craft_users_id_fk` FOREIGN KEY (`id`) REFERENCES `craft_elements` (`id`) ON DELETE CASCADE,
	ADD CONSTRAINT `craft_users_preferredLocale_fk` FOREIGN KEY (`preferredLocale`) REFERENCES `craft_locales` (`locale`) ON DELETE SET NULL ON UPDATE CASCADE;

--
-- Constraints for table `craft_widgets`
--
ALTER TABLE `craft_widgets`
	ADD CONSTRAINT `craft_widgets_userId_fk` FOREIGN KEY (`userId`) REFERENCES `craft_users` (`id`) ON DELETE CASCADE;

SET FOREIGN_KEY_CHECKS = 1;
